"id";"data_inversa";"dia_semana";"horario";"uf";"br";"km";"municipio";"causa_acidente";"tipo_acidente";"classificacao_acidente";"fase_dia";"sentido_via";"condicao_metereologica";"tipo_pista";"tracado_via";"uso_solo";"pessoas";"mortos";"feridos_leves";"feridos_graves";"ilesos";"ignorados";"feridos";"veiculos";"latitude";"longitude";"regional";"delegacia";"uop"
745865;2026-01-15;"quinta-feira";"19:48:00";"MT";364;346,7;"SANTO ANTONIO DO LEVERGER";"Demais falhas mecânicas ou elétricas";"Incêndio";"Sem Vítimas";"Plena Noite";"Crescente";"Céu Claro";"Dupla";"Declive;Reta";"Não";2;0;0;0;1;2;0;3;-15,796034;-55,5546;"SPRF-MT";"DEL05-MT";"UOP02-DEL05-MT"
745869;2026-01-15;"quinta-feira";"17:35:00";"PE";101;120;"IPOJUCA";"Demais falhas mecânicas ou elétricas";"Incêndio";"Sem Vítimas";"Anoitecer";"Crescente";"Céu Claro";"Dupla";"Reta";"Não";2;0;0;0;1;1;0;2;-8,353343;-35,181614;"SPRF-PE";"DEL01-PE";"UOP03-DEL01-PE"
745875;2026-01-15;"quinta-feira";"22:00:00";"RS";116;530;"PELOTAS";"Acessar a via sem observar a presença dos outros veículos";"Colisão transversal";"Com Vítimas Feridas";"Plena Noite";"Crescente";"Céu Claro";"Simples";"Reta";"Não";3;0;1;0;1;1;1;3;-31,7570526;-52,3095953;"SPRF-RS";"DEL07-RS";"UOP01-DEL07-RS"
745877;2026-01-15;"quinta-feira";"19:30:00";"MG";50;189,7;"UBERABA";"Afundamento ou ondulação no pavimento";"Colisão com objeto";"Com Vítimas Feridas";"Plena Noite";"Crescente";"Céu Claro";"Dupla";"Declive;Reta";"Não";3;0;2;0;0;1;2;2;-19,850051;-47,873887;"SPRF-MG";"DEL13-MG";"UOP01-DEL13-MG"
745878;2026-01-15;"quinta-feira";"20:00:00";"SP";116;297;"ITAPECERICA DA SERRA";"Reação tardia ou ineficiente do condutor";"Colisão traseira";"Com Vítimas Feridas";"Plena Noite";"Decrescente";"Chuva";"Dupla";"Viaduto;Curva";"Não";5;0;1;0;3;4;1;8;-23,77870753;-46,91578078;"SPRF-SP";"DEL04-SP";"UOP01-DEL04-SP"
745879;2026-01-15;"quinta-feira";"21:41:00";"SC";470;62,6;"INDAIAL";"Condutor Dormindo";"Colisão frontal";"Com Vítimas Feridas";"Plena Noite";"Decrescente";"Nublado";"Simples";"Curva;Em Obras";"Não";2;0;0;1;1;0;1;2;-26,87423;-49,18932;"SPRF-SC";"DEL04-SC";"UOP01-DEL04-SC"
745880;2026-01-15;"quinta-feira";"22:40:00";"PR";116;129,2;"FAZENDA RIO GRANDE";"Manobra de mudança de faixa";"Colisão traseira";"Com Vítimas Feridas";"Plena Noite";"Decrescente";"Nublado";"Dupla";"Reta";"Sim";2;0;1;0;0;1;1;2;-25,666826;-49,3143206;"SPRF-PR";"DEL01-PR";"UOP03-DEL01-PR"
745881;2026-01-15;"quinta-feira";"20:46:00";"PE";407;41;"AFRANIO";"Condutor Dormindo";"Saída de leito carroçável";"Com Vítimas Feridas";"Plena Noite";"Decrescente";"Céu Claro";"Simples";"Reta";"Não";1;0;1;0;0;0;1;1;-8,74514509;-40,90173483;"SPRF-PE";"DEL06-PE";"UOP02-DEL06-PE"
745883;2026-01-15;"quinta-feira";"19:30:00";"MG";262;610,2;"IBIA";"Reação tardia ou ineficiente do condutor";"Colisão traseira";"Com Vítimas Feridas";"Plena Noite";"Decrescente";"Céu Claro";"Múltipla";"Reta";"Não";3;0;1;0;1;3;1;5;-19,5868;-46,38534;"SPRF-MG";"DEL08-MG";"UOP02-DEL08-MG"
745889;2026-01-15;"quinta-feira";"23:08:00";"MT";163;1057;"GUARANTA DO NORTE";"Ultrapassagem Indevida";"Colisão lateral sentido oposto";"Com Vítimas Fatais";"Plena Noite";"Crescente";"Céu Claro";"Simples";"Declive;Reta";"Não";2;1;0;0;0;1;0;2;-10,020332;-54,90893;"SPRF-MT";"DEL06-MT";"UOP03-DEL06-MT"
745894;2026-01-16;"sexta-feira";"02:30:00";"SC";470;232,9;"SAO CRISTOVAO DO SUL";"Acessar a via sem observar a presença dos outros veículos";"Colisão transversal";"Com Vítimas Feridas";"Plena Noite";"Decrescente";"Céu Claro";"Simples";"Reta";"Não";2;0;0;1;1;0;1;2;-27,3019753;-50,4209036;"SPRF-SC";"DEL05-SC";"UOP03-DEL05-SC"
745896;2026-01-16;"sexta-feira";"04:05:00";"SP";116;227,5;"GUARULHOS";"Frear bruscamente";"Colisão traseira";"Com Vítimas Feridas";"Plena Noite";"Decrescente";"Vento";"Múltipla";"Reta";"Sim";4;0;1;0;2;1;1;3;-23,49993818;-46,56162644;"SPRF-SP";"DEL01-SP";"UOP01-DEL01-SP"
745897;2026-01-16;"sexta-feira";"01:53:00";"TO";242;317;"PEIXE";"Reação tardia ou ineficiente do condutor";"Saída de leito carroçável";"Com Vítimas Feridas";"Plena Noite";"Crescente";"Nublado";"Simples";"Reta";"Não";2;0;1;0;0;1;1;2;-11,997603;-48,613212;"SPRF-TO";"DEL01-TO";"UOP02-DEL01-TO"
745899;2026-01-16;"sexta-feira";"03:40:00";"MT";163;871;"SINOP";"Demais falhas mecânicas ou elétricas";"Incêndio";"Sem Vítimas";"Plena Noite";"Crescente";"Nublado";"Simples";"Reta";"Não";2;0;0;0;1;3;0;4;-11,551;-55,4;"SPRF-MT";"DEL06-MT";"UOP02-DEL06-MT"
745902;2026-01-16;"sexta-feira";"05:40:00";"RS";392;76;"PELOTAS";"Demais falhas mecânicas ou elétricas";"Incêndio";"Sem Vítimas";"Amanhecer";"Decrescente";"Céu Claro";"Simples";"Reta";"Não";2;0;0;0;1;2;0;3;-31,70253252;-52,41523236;"SPRF-RS";"DEL07-RS";"UOP01-DEL07-RS"
745908;2026-01-15;"quinta-feira";"18:00:00";"PR";277;174;"PALMEIRA";"Pista Escorregadia";"Saída de leito carroçável";"Com Vítimas Feridas";"Anoitecer";"Decrescente";"Garoa/Chuvisco";"Dupla";"Curva";"Não";2;0;0;1;0;1;1;2;-25,437202;-49,977697;"SPRF-PR";"DEL03-PR";"UOP03-DEL03-PR"
745916;2026-01-16;"sexta-feira";"07:35:00";"BA";242;833;"BARREIRAS";"Demais falhas mecânicas ou elétricas";"Eventos atípicos";"Com Vítimas Feridas";"Pleno dia";"Crescente";"Sol";"Simples";"Reta";"Não";2;0;1;0;0;1;1;2;-12,13247;-45,1034;"SPRF-BA";"DEL10-BA";"UOP01-DEL10-BA"
745920;2026-01-16;"sexta-feira";"07:30:00";"SP";153;76,9;"BADY BASSITT";"Reação tardia ou ineficiente do condutor";"Colisão traseira";"Com Vítimas Feridas";"Pleno dia";"Crescente";"Céu Claro";"Dupla";"Reta";"Sim";6;0;1;0;4;2;1;5;-20,901278;-49,450544;"SPRF-SP";"DEL09-SP";"UOP01-DEL09-SP"
745936;2026-01-16;"sexta-feira";"08:55:00";"MG";356;268,4;"MURIAE";"Transitar no Acostamento";"Colisão lateral mesmo sentido";"Com Vítimas Feridas";"Pleno dia";"Crescente";"Céu Claro";"Simples";"Reta";"Sim";2;0;1;0;1;0;1;2;-21,12774843;-42,34531112;"SPRF-MG";"DEL07-MG";"UOP02-DEL07-MG"
745938;2026-01-08;"quinta-feira";"23:57:00";"SC";101;194;"BIGUACU";"Reação tardia ou ineficiente do condutor";"Colisão com objeto";"Com Vítimas Feridas";"Plena Noite";"Decrescente";"Céu Claro";"Dupla";"Curva";"Não";2;0;0;1;1;0;1;2;-27,50171195;-48,65297053;"SPRF-SC";"DEL01-SC";"UOP01-DEL01-SC"
745939;2026-01-16;"sexta-feira";"08:30:00";"BA";135;170;"BARREIRAS";"Demais falhas mecânicas ou elétricas";"Colisão lateral mesmo sentido";"Sem Vítimas";"Pleno dia";"Decrescente";"Sol";"Simples";"Reta";"Não";2;0;0;0;2;0;0;2;-12,09543;-44,97528;"SPRF-BA";"DEL10-BA";"UOP01-DEL10-BA"
745941;2026-01-16;"sexta-feira";"08:45:00";"PR";277;219;"TEIXEIRA SOARES";"Reação tardia ou ineficiente do condutor";"Tombamento";"Com Vítimas Feridas";"Pleno dia";"Decrescente";"Céu Claro";"Simples";"Aclive;Curva";"Não";3;0;1;0;1;1;1;2;-25,463074;-50,381578;"SPRF-PR";"DEL08-PR";"UOP02-DEL08-PR"
745943;2026-01-16;"sexta-feira";"08:30:00";"MT";163;855;"SINOP";"Transitar na contramão";"Colisão lateral sentido oposto";"Com Vítimas Feridas";"Pleno dia";"Crescente";"Céu Claro";"Simples";"Reta";"Não";4;0;0;1;1;4;1;6;-11,70628291;-55,45495033;"SPRF-MT";"DEL06-MT";"UOP02-DEL06-MT"
745945;2026-01-16;"sexta-feira";"07:07:00";"MS";267;26,8;"BATAGUASSU";"Acessar a via sem observar a presença dos outros veículos";"Colisão transversal";"Com Vítimas Feridas";"Pleno dia";"Decrescente";"Céu Claro";"Simples";"Aclive";"Não";5;0;1;0;3;1;1;3;-21,723;-52,394;"SPRF-MS";"DEL02-MS";"UOP04-DEL02-MS"
745949;2026-01-16;"sexta-feira";"10:00:00";"SC";280;264,5;"IRINEOPOLIS";"Afundamento ou ondulação no pavimento";"Colisão frontal";"Com Vítimas Feridas";"Pleno dia";"Crescente";"Céu Claro";"Simples";"Declive;Reta";"Não";7;0;3;2;1;1;5;3;-26,26264819;-50,68248644;"SPRF-SC";"DEL06-SC";"UOP04-DEL06-SC"
745952;2026-01-15;"quinta-feira";"02:00:00";"MG";262;34,2;"MANHUACU";"Ausência de reação do condutor";"Colisão com objeto";"Sem Vítimas";"Plena Noite";"Crescente";"Céu Claro";"Simples";"Declive;Reta";"Não";1;0;0;0;1;0;0;1;-20,25926563;-42,01674105;"SPRF-MG";"DEL06-MG";"UOP03-DEL06-MG"
745953;2026-01-16;"sexta-feira";"10:40:00";"MG";381;351;"JOAO MONLEVADE";"Acesso irregular";"Colisão lateral mesmo sentido";"Com Vítimas Feridas";"Pleno dia";"Decrescente";"Céu Claro";"Simples";"Reta";"Não";2;0;1;0;1;0;1;2;-19,8499906;-43,1510488;"SPRF-MG";"DEL03-MG";"UOP01-DEL03-MG"
745954;2026-01-16;"sexta-feira";"09:50:00";"TO";153;574;"SANTA RITA DO TOCANTINS";"Manobra de mudança de faixa";"Colisão lateral sentido oposto";"Com Vítimas Feridas";"Pleno dia";"Decrescente";"Céu Claro";"Simples";"Reta";"Sim";4;0;1;0;2;1;1;3;-10,862807;-48,905663;"SPRF-TO";"DEL01-TO";"UOP01-DEL01-TO"
745957;2026-01-16;"sexta-feira";"10:50:00";"RS";116;249;"SAO LEOPOLDO";"Manobra de mudança de faixa";"Colisão lateral mesmo sentido";"Com Vítimas Feridas";"Pleno dia";"Crescente";"Céu Claro";"Dupla";"Reta";"Sim";3;0;3;0;0;0;3;2;-29,77353639;-51,11550903;"SPRF-RS";"DEL01-RS";"UOP02-DEL01-RS"
745962;2026-01-16;"sexta-feira";"10:30:00";"PR";369;162,8;"CAMBE";"Ausência de reação do condutor";"Tombamento";"Com Vítimas Feridas";"Pleno dia";"Crescente";"Nublado";"Dupla";"Em Obras;Reta";"Sim";1;0;1;0;0;0;1;1;-23,29559459;-51,27216339;"SPRF-PR";"DEL07-PR";"UOP01-DEL07-PR"
745965;2026-01-16;"sexta-feira";"10:14:00";"PR";277;610,9;"SANTA TEREZA DO OESTE";"Manobra de mudança de faixa";"Colisão frontal";"Com Vítimas Fatais";"Pleno dia";"Crescente";"Céu Claro";"Simples";"Reta";"Sim";6;1;1;3;0;1;4;3;-25,045047;-53,608487;"SPRF-PR";"DEL05-PR";"UOP02-DEL05-PR"
745971;2026-01-16;"sexta-feira";"12:15:00";"SP";116;71;"APARECIDA";"Demais falhas mecânicas ou elétricas";"Colisão lateral mesmo sentido";"Com Vítimas Feridas";"Pleno dia";"Crescente";"Céu Claro";"Dupla";"Reta";"Sim";4;0;1;0;2;1;1;3;-22,85804445;-45,23318696;"SPRF-SP";"DEL08-SP";"UOP01-DEL08-SP"
745980;2026-01-16;"sexta-feira";"12:25:00";"PE";101;137,9;"RIBEIRAO";"Reação tardia ou ineficiente do condutor";"Colisão lateral mesmo sentido";"Com Vítimas Feridas";"Pleno dia";"Decrescente";"Nublado";"Dupla";"Curva;Aclive";"Não";3;0;1;0;1;1;1;3;-8,41945;-35,31656;"SPRF-PE";"DEL01-PE";"UOP03-DEL01-PE"
745984;2026-01-16;"sexta-feira";"08:43:00";"RO";435;27;"VILHENA";"Ultrapassagem Indevida";"Colisão frontal";"Com Vítimas Feridas";"Pleno dia";"Crescente";"Chuva";"Simples";"Reta";"Não";4;0;3;0;1;0;3;2;-12,790132;-60,35831;"SPRF-RO";"DEL04-RO";"UOP02-DEL04-RO"
745985;2026-01-16;"sexta-feira";"10:40:00";"BA";110;1;"PAULO AFONSO";"Reação tardia ou ineficiente do condutor";"Colisão com objeto";"Sem Vítimas";"Pleno dia";"Crescente";"Céu Claro";"Simples";"Reta";"Sim";1;0;0;0;1;0;0;1;-9,43111;-38,201848;"SPRF-BA";"DEL07-BA";"UOP01-DEL07-BA"
745988;2026-01-16;"sexta-feira";"13:50:00";"PB";230;82;"BAYEUX";"Condutor deixou de manter distância do veículo da frente";"Engavetamento";"Com Vítimas Feridas";"Pleno dia";"Crescente";"Céu Claro";"Dupla";"Reta";"Não";9;0;1;0;8;0;1;4;-7,1279417;-34,939545;"SPRF-PB";"DEL01-PB";"UOP02-DEL01-PB"
745996;2026-01-16;"sexta-feira";"14:00:00";"PB";230;150;"CAMPINA GRANDE";"Transitar na contramão";"Saída de leito carroçável";"Com Vítimas Feridas";"Pleno dia";"Decrescente";"Chuva";"Simples";"Viaduto;Reta";"Sim";3;0;1;0;1;1;1;3;-7,25946783;-35,87837487;"SPRF-PB";"DEL02-PB";"UOP01-DEL02-PB"
746001;2026-01-08;"quinta-feira";"16:00:00";"PR";116;52;"CAMPINA GRANDE DO SUL";"Velocidade Incompatível";"Colisão lateral mesmo sentido";"Com Vítimas Feridas";"Pleno dia";"Crescente";"Chuva";"Dupla";"Curva";"Não";4;0;1;0;2;1;1;3;-25,24097046;-48,90402214;"SPRF-PR";"DEL01-PR";"UOP02-DEL01-PR"
746003;2026-01-16;"sexta-feira";"14:45:00";"ES";101;145;"LINHARES";"Acessar a via sem observar a presença dos outros veículos";"Colisão transversal";"Com Vítimas Feridas";"Pleno dia";"Decrescente";"Céu Claro";"Simples";"Reta";"Sim";2;0;1;0;1;0;1;2;-19,365552;-40,064825;"SPRF-ES";"DEL04-ES";"UOP01-DEL04-ES"
746008;2026-01-16;"sexta-feira";"15:45:00";"SP";116;216;"GUARULHOS";"Reação tardia ou ineficiente do condutor";"Colisão traseira";"Sem Vítimas";"Pleno dia";"Decrescente";"Nublado";"Múltipla";"Reta";"Sim";2;0;0;0;2;0;0;2;-23,453491;-46,469585;"SPRF-SP";"DEL01-SP";"UOP01-DEL01-SP"
746010;2026-01-16;"sexta-feira";"14:03:00";"MT";364;347;"SANTO ANTONIO DO LEVERGER";"Demais falhas mecânicas ou elétricas";"Colisão traseira";"Sem Vítimas";"Pleno dia";"Crescente";"Chuva";"Dupla";"Curva";"Não";3;0;0;0;2;1;0;2;-15,79608;-55,55469;"SPRF-MT";"DEL05-MT";"UOP02-DEL05-MT"
746017;2026-01-16;"sexta-feira";"05:00:00";"BA";324;550;"AMELIA RODRIGUES";"Demais falhas na via";"Saída de leito carroçável";"Sem Vítimas";"Amanhecer";"Crescente";"Céu Claro";"Dupla";"Aclive";"Não";1;0;0;0;1;0;0;1;-12,448047;-38,7134732;"SPRF-BA";"DEL11-BA";"UOP02-DEL11-BA"
746018;2026-01-16;"sexta-feira";"16:50:00";"PE";101;76,2;"RECIFE";"Acessar a via sem observar a presença dos outros veículos";"Colisão lateral mesmo sentido";"Com Vítimas Feridas";"Pleno dia";"Decrescente";"Céu Claro";"Dupla";"Reta";"Sim";3;0;0;1;1;1;1;3;-8,11988;-34,9428;"SPRF-PE";"DEL01-PE";"UOP01-DEL01-PE"
746021;2026-01-16;"sexta-feira";"13:45:00";"RN";304;172;"ANGICOS";"Pista esburacada";"Colisão frontal";"Com Vítimas Feridas";"Pleno dia";"Crescente";"Céu Claro";"Simples";"Reta";"Não";5;0;3;0;1;2;3;4;-5,687133;-36,409132;"SPRF-RN";"DEL01-RN";"UOP03-DEL01-RN"
746031;2026-01-16;"sexta-feira";"18:19:00";"PE";428;185,2;"PETROLINA";"Condutor deixou de manter distância do veículo da frente";"Colisão lateral mesmo sentido";"Sem Vítimas";"Plena Noite";"Decrescente";"Céu Claro";"Múltipla";"Retorno Regulamentado;Reta";"Sim";3;0;0;0;2;1;0;3;-9,3479521;-40,4746208;"SPRF-PE";"DEL06-PE";"UOP01-DEL06-PE"
746035;2026-01-16;"sexta-feira";"18:25:00";"PE";423;61;"LAJEDO";"Acessar a via sem observar a presença dos outros veículos";"Colisão transversal";"Com Vítimas Feridas";"Plena Noite";"Crescente";"Céu Claro";"Simples";"Reta";"Sim";3;0;0;1;1;1;1;3;-8,658623;-36,331487;"SPRF-PE";"DEL03-PE";"UOP01-DEL03-PE"
746038;2026-01-16;"sexta-feira";"18:50:00";"BA";407;145;"SENHOR DO BONFIM";"Transitar na contramão";"Colisão frontal";"Com Vítimas Feridas";"Plena Noite";"Crescente";"Céu Claro";"Simples";"Reta";"Não";5;0;2;2;1;0;4;2;-10,61846;-40,13205;"SPRF-BA";"DEL04-BA";"UOP01-DEL04-BA"
746040;2026-01-16;"sexta-feira";"16:20:00";"PE";232;246,3;"ARCOVERDE";"Acessar a via sem observar a presença dos outros veículos";"Colisão transversal";"Sem Vítimas";"Anoitecer";"Decrescente";"Sol";"Simples";"Declive;Interseção de Vias";"Não";2;0;0;0;2;0;0;2;-8,42111411;-37,01996684;"SPRF-PE";"DEL04-PE";"UOP02-DEL04-PE"
746042;2026-01-16;"sexta-feira";"19:10:00";"PR";376;619,3;"SAO JOSE DOS PINHAIS";"Ausência de reação do condutor";"Colisão frontal";"Com Vítimas Feridas";"Anoitecer";"Crescente";"Ignorado";"Dupla";"Reta;Interseção de Vias";"Sim";4;0;0;1;3;0;1;2;-25,611435;-49,171592;"SPRF-PR";"DEL01-PR";"UOP04-DEL01-PR"
746049;2026-01-16;"sexta-feira";"17:30:00";"MG";365;323;"JOAO PINHEIRO";"Acessar a via sem observar a presença dos outros veículos";"Colisão transversal";"Com Vítimas Feridas";"Anoitecer";"Decrescente";"Céu Claro";"Simples";"Interseção de Vias";"Não";2;0;1;0;1;0;1;2;-18,27765486;-45,89809924;"SPRF-MG";"DEL10-MG";"UOP02-DEL010-MG"
746050;2026-01-16;"sexta-feira";"19:30:00";"ES";101;346,9;"GUARAPARI";"Manobra de mudança de faixa";"Colisão traseira";"Com Vítimas Feridas";"Plena Noite";"Crescente";"Nublado";"Dupla";"Curva";"Não";3;0;1;0;1;1;1;3;-20,654046;-40,624735;"SPRF-ES";"DEL03-ES";"UOP01-DEL03-ES"
746051;2026-01-16;"sexta-feira";"17:21:00";"MT";70;517;"VARZEA GRANDE";"Transitar no Acostamento";"Colisão lateral mesmo sentido";"Com Vítimas Feridas";"Plena Noite";"Crescente";"Céu Claro";"Simples";"Reta";"Não";2;0;1;0;1;0;1;2;-15,699505;-56,164507;"SPRF-MT";"DEL01-MT";"UOP02-DEL01-MT"
746054;2026-01-16;"sexta-feira";"19:00:00";"MG";50;203;"DELTA";"Ausência de reação do condutor";"Colisão traseira";"Com Vítimas Feridas";"Plena Noite";"Decrescente";"Nublado";"Dupla";"Aclive";"Não";2;0;1;0;1;0;1;2;-19,95918;-47,79929;"SPRF-MG";"DEL13-MG";"UOP01-DEL13-MG"
746059;2026-01-16;"sexta-feira";"11:10:00";"PR";153;343,3;"IRATI";"Ausência de reação do condutor";"Saída de leito carroçável";"Com Vítimas Fatais";"Pleno dia";"Crescente";"Céu Claro";"Simples";"Reta";"Não";1;1;0;0;0;0;0;1;-25,561034;-50,678015;"SPRF-PR";"DEL08-PR";"UOP02-DEL08-PR"
746065;2026-01-16;"sexta-feira";"18:05:00";"RO";364;420,5;"JARU";"Transitar na contramão";"Colisão frontal";"Com Vítimas Feridas";"Pleno dia";"Decrescente";"Céu Claro";"Simples";"Interseção de Vias;Reta";"Não";3;0;0;1;2;0;1;2;-10,46825688;-62,45041287;"SPRF-RO";"DEL03-RO";"UOP02-DEL03-RO"
746068;2026-01-16;"sexta-feira";"17:30:00";"MG";40;243,9;"SAO GONCALO DO ABAETE";"Demais falhas mecânicas ou elétricas";"Incêndio";"Sem Vítimas";"Anoitecer";"Decrescente";"Céu Claro";"Simples";"Aclive;Curva";"Não";2;0;0;0;1;1;0;2;-18,09745028;-45,47206892;"SPRF-MG";"DEL14-MG";"UOP02-DEL14-MG"
746080;2026-01-16;"sexta-feira";"17:40:00";"GO";153;164;"CAMPINORTE";"Reação tardia ou ineficiente do condutor";"Colisão traseira";"Sem Vítimas";"Pleno dia";"Decrescente";"Céu Claro";"Simples";"Declive";"Não";4;0;0;0;3;4;0;7;-14,21703369;-49,13134861;"SPRF-GO";"DEL07-GO";"UOP02-DEL07-GO"
746096;2026-01-16;"sexta-feira";"19:50:00";"CE";304;100;"ARACATI";"Manobra de mudança de faixa";"Colisão frontal";"Com Vítimas Feridas";"Plena Noite";"Crescente";"Céu Claro";"Simples";"Reta";"Não";3;0;1;1;1;0;2;2;-4,57949887;-37,71635872;"SPRF-CE";"DEL03-CE";"UOP02-DEL03-CE"
746099;2026-01-17;"sábado";"00:05:00";"PR";369;508,2;"CASCAVEL";"Velocidade Incompatível";"Saída de leito carroçável";"Com Vítimas Feridas";"Plena Noite";"Decrescente";"Ignorado";"Dupla";"Curva";"Sim";3;0;1;0;1;2;1;3;-24,96539002;-53,40374705;"SPRF-PR";"DEL04-PR";"UOP01-DEL04-PR"
746102;2026-01-17;"sábado";"02:05:00";"BA";101;875;"TEIXEIRA DE FREITAS";"Ausência de reação do condutor";"Tombamento";"Com Vítimas Feridas";"Plena Noite";"Decrescente";"Céu Claro";"Simples";"Reta;Rotatória";"Sim";4;0;0;2;1;1;2;3;-17,526305;-39,708424;"SPRF-BA";"DEL09-BA";"UOP02-DEL09-BA"
746104;2026-01-17;"sábado";"02:00:00";"PR";116;55;"CAMPINA GRANDE DO SUL";"Neblina";"Colisão traseira";"Com Vítimas Feridas";"Plena Noite";"Decrescente";"Nevoeiro/Neblina";"Dupla";"Aclive";"Não";3;0;1;0;1;3;1;5;-25,2745211;-48,9223706;"SPRF-PR";"DEL01-PR";"UOP02-DEL01-PR"
746108;2026-01-17;"sábado";"02:50:00";"MG";364;34;"FRUTAL";"Ingestão de álcool pelo condutor";"Colisão frontal";"Com Vítimas Feridas";"Plena Noite";"Decrescente";"Nublado";"Simples";"Reta";"Não";2;0;1;0;1;0;1;2;-19,9947964;-48,9554251;"SPRF-MG";"DEL13-MG";"UOP02-DEL13-MG"
746109;2026-01-17;"sábado";"03:15:00";"RJ";116;203;"SEROPEDICA";"Condutor Dormindo";"Tombamento";"Com Vítimas Feridas";"Plena Noite";"Decrescente";"Céu Claro";"Simples";"Reta";"Não";2;0;1;1;0;0;2;1;-22,72631548;-43,67800141;"SPRF-RJ";"DEL06-RJ";"UOP02-DEL06-RJ"
746112;2026-01-17;"sábado";"03:00:00";"AL";101;153,9;"JEQUIA DA PRAIA";"Reação tardia ou ineficiente do condutor";"Colisão transversal";"Com Vítimas Fatais";"Plena Noite";"Crescente";"Céu Claro";"Dupla";"Reta";"Não";2;1;0;0;0;1;0;2;-9,889628;-36,169532;"SPRF-AL";"DEL02-AL";"UOP02-DEL02-AL"
746115;2026-01-17;"sábado";"04:20:00";"SE";235;54,3;"ITABAIANA";"Ingestão de álcool pelo condutor";"Colisão transversal";"Com Vítimas Fatais";"Amanhecer";"Decrescente";"Céu Claro";"Simples";"Reta;Interseção de Vias";"Sim";2;1;0;0;1;0;0;2;-10,671105;-37,444895;"SPRF-SE";"DEL01-SE";"UOP02-DEL01-SE"
746125;2026-01-17;"sábado";"05:20:00";"PI";343;210;"CAPITAO DE CAMPOS";"Transitar no Acostamento";"Tombamento";"Com Vítimas Feridas";"Amanhecer";"Crescente";"Céu Claro";"Simples";"Reta";"Não";1;0;1;0;0;0;1;1;-4,4439705;-41,91919327;"SPRF-PI";"DEL02-PI";"UOP01-DEL02-PI"
746126;2026-01-17;"sábado";"06:20:00";"PB";230;13;"CABEDELO";"Retorno proibido";"Colisão lateral mesmo sentido";"Com Vítimas Feridas";"Pleno dia";"Decrescente";"Nublado";"Dupla";"Em Obras;Desvio Temporário";"Sim";2;0;1;0;0;1;1;2;-7,082288;-34,848795;"SPRF-PB";"DEL01-PB";"UOP01-DEL01-PB"
746129;2026-01-17;"sábado";"07:00:00";"TO";153;320;"GUARAI";"Ultrapassagem Indevida";"Colisão lateral mesmo sentido";"Sem Vítimas";"Pleno dia";"Crescente";"Céu Claro";"Simples";"Declive;Reta";"Não";8;0;0;0;7;1;0;3;-8,716175;-48,506122;"SPRF-TO";"DEL02-TO";"UOP02-DEL02-TO"
746142;2026-01-17;"sábado";"07:00:00";"MS";163;485,9;"CAMPO GRANDE";"Transitar na contramão";"Colisão lateral sentido oposto";"Sem Vítimas";"Pleno dia";"Decrescente";"Céu Claro";"Simples";"Aclive;Reta";"Sim";3;0;0;0;1;2;0;3;-20,43377913;-54,5437181;"SPRF-MS";"DEL01-MS";"UOP02-DEL01-MS"
746146;2026-01-17;"sábado";"09:15:00";"MG";381;419;"CAETE";"Velocidade Incompatível";"Colisão lateral mesmo sentido";"Com Vítimas Fatais";"Pleno dia";"Decrescente";"Céu Claro";"Dupla";"Viaduto;Reta";"Sim";4;1;0;1;2;0;1;3;-19,783649;-43,666443;"SPRF-MG";"DEL01-MG";"UOP01-DEL01-MG"
746147;2026-01-17;"sábado";"09:30:00";"GO";153;501;"GOIANIA";"Ausência de reação do condutor";"Colisão traseira";"Com Vítimas Feridas";"Pleno dia";"Crescente";"Céu Claro";"Dupla";"Reta";"Sim";3;0;1;0;1;1;1;3;-16,71611051;-49,23625946;"SPRF-GO";"DEL01-GO";"UOP01-DEL01-GO"
746149;2026-01-17;"sábado";"08:00:00";"RO";364;529,6;"ARIQUEMES";"Ingestão de álcool pelo condutor";"Saída de leito carroçável";"Com Vítimas Feridas";"Pleno dia";"Crescente";"Céu Claro";"Simples";"Reta";"Não";2;0;0;1;0;2;1;3;-9,801567;-63,085087;"SPRF-RO";"DEL03-RO";"UOP01-DEL03-RO"
746153;2026-01-17;"sábado";"09:40:00";"PE";101;72,8;"RECIFE";"Manobra de mudança de faixa";"Colisão lateral mesmo sentido";"Sem Vítimas";"Pleno dia";"Decrescente";"Céu Claro";"Dupla";"Curva;Aclive";"Sim";3;0;0;0;2;3;0;5;-8,0918;-34,94727;"SPRF-PE";"DEL01-PE";"UOP01-DEL01-PE"
746155;2026-01-17;"sábado";"08:25:00";"PR";376;50,4;"LOANDA";"Condutor Dormindo";"Colisão frontal";"Com Vítimas Feridas";"Pleno dia";"Crescente";"Céu Claro";"Simples";"Reta";"Não";3;0;0;1;1;2;1;4;-22,887575;-52,930851;"SPRF-PR";"DEL09-PR";"UOP02-DEL09-PR"
746156;2026-01-17;"sábado";"09:30:00";"BA";324;603;"SIMOES FILHO";"Pista Escorregadia";"Saída de leito carroçável";"Sem Vítimas";"Pleno dia";"Decrescente";"Chuva";"Dupla";"Reta";"Sim";1;0;0;0;1;0;0;1;-12,78265931;-38,41390228;"SPRF-BA";"DEL01-BA";"UOP01-DEL01-BA"
746157;2026-01-17;"sábado";"06:30:00";"BA";110;291;"INHAMBUPE";"Velocidade Incompatível";"Saída de leito carroçável";"Com Vítimas Fatais";"Pleno dia";"Decrescente";"Céu Claro";"Simples";"Curva;Declive";"Não";2;1;0;0;0;1;0;2;-11,76095979;-38,32912581;"SPRF-BA";"DEL01-BA";"UOP04-DEL01-BA"