"id";"data_inversa";"dia_semana";"horario";"uf";"br";"km";"municipio";"causa_acidente";"tipo_acidente";"classificacao_acidente";"fase_dia";"sentido_via";"condicao_metereologica";"tipo_pista";"tracado_via";"uso_solo";"pessoas";"mortos";"feridos_leves";"feridos_graves";"ilesos";"ignorados";"feridos";"veiculos";"latitude";"longitude";"regional";"delegacia";"uop"
749962;2026-02-04;"quarta-feira";"07:20:00";"SC";282;45,7;"AGUAS MORNAS";"Transitar na contramão";"Colisão lateral sentido oposto";"Com Vítimas Feridas";"Pleno dia";"Crescente";"Céu Claro";"Simples";"Aclive;Curva";"Não";6;0;1;2;2;1;3;4;-27,719679;-48,92305;"SPRF-SC";"DEL01-SC";"UOP03-DEL01-SC"
749963;2026-02-03;"terça-feira";"23:00:00";"MT";163;867;"SINOP";"Transitar na contramão";"Colisão frontal";"Com Vítimas Feridas";"Pleno dia";"Decrescente";"Céu Claro";"Simples";"Reta";"Não";5;0;3;0;0;2;3;3;-11,59338689;-55,42473793;"SPRF-MT";"DEL06-MT";"UOP02-DEL06-MT"
749970;2026-02-04;"quarta-feira";"09:00:00";"RJ";393;285;"VOLTA REDONDA";"Ausência de reação do condutor";"Queda de ocupante de veículo";"Com Vítimas Feridas";"Pleno dia";"Crescente";"Céu Claro";"Dupla";"Interseção de Vias";"Sim";2;0;1;0;1;0;1;2;-22,5065219;-44,07732993;"SPRF-RJ";"DEL05-RJ";"UOP04-DEL05-RJ"
749971;2026-02-04;"quarta-feira";"07:30:00";"MT";364;333;"SANTO ANTONIO DO LEVERGER";"Reação tardia ou ineficiente do condutor";"Colisão traseira";"Com Vítimas Feridas";"Amanhecer";"Decrescente";"Nublado";"Dupla";"Reta;Aclive";"Não";3;0;0;1;1;2;1;4;-15,828396;-55,458259;"SPRF-MT";"DEL05-MT";"UOP02-DEL05-MT"
749973;2026-02-04;"quarta-feira";"09:35:00";"ES";101;255;"SERRA";"Condutor desrespeitou a iluminação vermelha do semáforo";"Colisão transversal";"Com Vítimas Feridas";"Pleno dia";"Crescente";"Céu Claro";"Simples";"Reta";"Sim";3;0;1;0;1;1;1;3;-20,11723727;-40,31480134;"SPRF-ES";"DEL02-ES";"UOP01-DEL02-ES"
749976;2026-02-04;"quarta-feira";"10:00:00";"RJ";116;189;"NOVA IGUACU";"Reação tardia ou ineficiente do condutor";"Colisão lateral mesmo sentido";"Com Vítimas Fatais";"Pleno dia";"Decrescente";"Céu Claro";"Dupla";"Reta";"Sim";4;1;0;0;2;1;0;4;-22,73853632;-43,49389672;"SPRF-RJ";"DEL06-RJ";"UOP01-DEL06-RJ"
749977;2026-02-04;"quarta-feira";"07:56:00";"RO";319;135;"PORTO VELHO";"Reação tardia ou ineficiente do condutor";"Eventos atípicos";"Sem Vítimas";"Pleno dia";"Crescente";"Sol";"Simples";"Retorno Regulamentado";"Não";3;0;0;0;1;4;0;5;-8,7402571;-63,93384969;"SPRF-RO";"DEL01-RO";"UOP01-DEL01-RO"
749981;2026-02-04;"quarta-feira";"09:30:00";"SC";470;166,9;"CURITIBANOS";"Reação tardia ou ineficiente do condutor";"Saída de leito carroçável";"Com Vítimas Feridas";"Pleno dia";"Decrescente";"Céu Claro";"Múltipla";"Curva";"Não";2;0;1;0;0;1;1;2;-27,3119683;-50,74706;"SPRF-SC";"DEL04-SC";"UOP02-DEL04-SC"
749982;2026-02-04;"quarta-feira";"10:52:00";"PR";277;727,1;"FOZ DO IGUACU";"Reação tardia ou ineficiente do condutor";"Colisão traseira";"Com Vítimas Feridas";"Pleno dia";"Crescente";"Sol";"Dupla";"Reta";"Sim";3;0;1;0;1;1;1;3;-25,51084141;-54,55451882;"SPRF-PR";"DEL05-PR";"UOP03-DEL05-PR"
749983;2026-01-19;"segunda-feira";"00:23:00";"ES";101;146,8;"LINHARES";"Condutor desrespeitou a iluminação vermelha do semáforo";"Colisão transversal";"Com Vítimas Fatais";"Plena Noite";"Decrescente";"Céu Claro";"Dupla";"Interseção de Vias";"Sim";4;1;0;0;0;3;0;4;-19,37548839;-40,06601265;"SPRF-ES";"DEL04-ES";"UOP01-DEL04-ES"
749985;2026-02-04;"quarta-feira";"08:00:00";"AC";364;126;"RIO BRANCO";"Reação tardia ou ineficiente do condutor";"Colisão lateral mesmo sentido";"Com Vítimas Feridas";"Pleno dia";"Decrescente";"Céu Claro";"Simples";"Reta";"Não";2;0;1;0;1;0;1;2;-10,0196617;-67,81419743;"SPRF-AC";"DEL01-AC";"UOP01-DEL01-AC"
749989;2026-02-04;"quarta-feira";"07:00:00";"GO";50;195,3;"CAMPO ALEGRE DE GOIAS";"Condutor Dormindo";"Tombamento";"Com Vítimas Feridas";"Pleno dia";"Decrescente";"Nublado";"Dupla";"Reta";"Não";1;0;1;0;0;0;1;1;-17,5327447;-47,830877;"SPRF-GO";"DEL06-GO";"UOP01-DEL06-GO"
749990;2026-02-04;"quarta-feira";"07:00:00";"SC";282;174;"BOCAINA DO SUL";"Demais falhas mecânicas ou elétricas";"Incêndio";"Sem Vítimas";"Pleno dia";"Crescente";"Céu Claro";"Simples";"Reta;Declive";"Não";2;0;0;0;1;1;0;2;-27,742872;-49,883722;"SPRF-SC";"DEL05-SC";"UOP01-DEL05-SC"
749995;2026-02-04;"quarta-feira";"01:00:00";"PI";135;595;"CORRENTE";"Demais falhas mecânicas ou elétricas";"Incêndio";"Sem Vítimas";"Plena Noite";"Decrescente";"Ignorado";"Simples";"Curva";"Não";2;0;0;0;1;1;0;2;-10,483113;-45,185927;"SPRF-PI";"DEL03-PI";"UOP02-DEL03-PI"
749999;2026-02-04;"quarta-feira";"12:40:00";"BA";116;864;"VITORIA DA CONQUISTA";"Transitar na contramão";"Colisão frontal";"Com Vítimas Fatais";"Pleno dia";"Decrescente";"Céu Claro";"Simples";"Reta";"Não";4;2;0;0;1;2;0;4;-15,16586;-41,06032;"SPRF-BA";"DEL08-BA";"UOP01-DEL08-BA"
750001;2026-02-04;"quarta-feira";"12:17:00";"SC";480;128,3;"CHAPECO";"Velocidade Incompatível";"Saída de leito carroçável";"Com Vítimas Feridas";"Pleno dia";"Crescente";"Céu Claro";"Múltipla";"Reta";"Sim";4;0;1;0;1;3;1;5;-27,0346017;-52,6339815;"SPRF-SC";"DEL07-SC";"UOP01-DEL07-SC"
750007;2026-02-04;"quarta-feira";"14:00:00";"SC";101;243,2;"PALHOCA";"Manobra de mudança de faixa";"Colisão traseira";"Com Vítimas Feridas";"Pleno dia";"Decrescente";"Céu Claro";"Múltipla";"Reta";"Sim";2;0;1;0;1;0;1;2;-27,88545;-48,64762;"SPRF-SC";"DEL01-SC";"UOP02-DEL01-SC"
750018;2026-02-04;"quarta-feira";"11:00:00";"BA";116;652;"JEQUIE";"Mal súbito do condutor";"Tombamento";"Sem Vítimas";"Pleno dia";"Crescente";"Céu Claro";"Simples";"Reta";"Não";2;0;0;0;1;2;0;3;-13,68228781;-40,09536302;"SPRF-BA";"DEL03-BA";"UOP01-DEL03-BA"
750019;2026-02-04;"quarta-feira";"12:40:00";"MS";267;516,6;"JARDIM";"Acessar a via sem observar a presença dos outros veículos";"Colisão transversal";"Com Vítimas Feridas";"Pleno dia";"Crescente";"Céu Claro";"Simples";"Reta;Interseção de Vias";"Não";4;0;1;0;3;0;1;2;-21,49643925;-56,45393372;"SPRF-MS";"DEL05-MS";"UOP01-DEL05-MS"
750023;2026-02-04;"quarta-feira";"14:40:00";"GO";153;584,5;"PROFESSOR JAMIL";"Ausência de reação do condutor";"Colisão lateral mesmo sentido";"Com Vítimas Feridas";"Pleno dia";"Decrescente";"Sol";"Dupla";"Reta";"Não";3;0;1;0;1;2;1;4;-17,402915;-49,223675;"SPRF-GO";"DEL03-GO";"UOP01-DEL03-GO"
750024;2026-02-04;"quarta-feira";"14:15:00";"SP";381;40;"ATIBAIA";"Demais falhas mecânicas ou elétricas";"Eventos atípicos";"Com Vítimas Feridas";"Pleno dia";"Crescente";"Nublado";"Dupla";"Reta";"Sim";3;0;1;0;1;1;1;3;-23,126;-46,576;"SPRF-SP";"DEL03-SP";"UOP01-DEL03-SP"
750026;2026-02-04;"quarta-feira";"14:10:00";"GO";153;333,6;"JARAGUA";"Reação tardia ou ineficiente do condutor";"Colisão transversal";"Com Vítimas Feridas";"Pleno dia";"Decrescente";"Céu Claro";"Simples";"Reta;Interseção de Vias";"Não";2;0;1;0;1;0;1;2;-15,561027;-49,422555;"SPRF-GO";"DEL02-GO";"UOP02-DEL02-GO"
750027;2026-02-04;"quarta-feira";"14:15:00";"MT";163;827;"SINOP";"Ausência de reação do condutor";"Saída de leito carroçável";"Com Vítimas Feridas";"Pleno dia";"Decrescente";"Céu Claro";"Dupla";"Retorno Regulamentado";"Sim";1;0;1;0;0;0;1;1;-11,929263;-55,51283;"SPRF-MT";"DEL06-MT";"UOP02-DEL06-MT"
750028;2026-02-04;"quarta-feira";"15:30:00";"ES";101;367,8;"ANCHIETA";"Reação tardia ou ineficiente do condutor";"Colisão traseira";"Com Vítimas Feridas";"Pleno dia";"Crescente";"Céu Claro";"Simples";"Reta";"Não";4;0;1;0;2;1;1;3;-20,751128;-40,76005;"SPRF-ES";"DEL03-ES";"UOP01-DEL03-ES"
750033;2026-02-04;"quarta-feira";"12:50:00";"SC";101;253;"PAULO LOPES";"Pedestre andava na pista";"Atropelamento de Pedestre";"Com Vítimas Feridas";"Pleno dia";"Decrescente";"Céu Claro";"Dupla";"Reta";"Sim";2;0;0;1;1;0;1;2;-27,963044;-48,679527;"SPRF-SC";"DEL02-SC";"UOP03-DEL02-SC"
750034;2026-02-04;"quarta-feira";"13:00:00";"MT";163;1111;"GUARANTA DO NORTE";"Velocidade Incompatível";"Tombamento";"Com Vítimas Feridas";"Pleno dia";"Decrescente";"Céu Claro";"Simples";"Curva;Declive";"Não";2;0;0;1;0;2;1;3;-9,75964037;-54,89571818;"SPRF-MT";"DEL06-MT";"UOP03-DEL06-MT"
750036;2026-02-04;"quarta-feira";"13:30:00";"MA";10;254;"IMPERATRIZ";"Condutor desrespeitou a iluminação vermelha do semáforo";"Colisão lateral sentido oposto";"Com Vítimas Feridas";"Pleno dia";"Crescente";"Céu Claro";"Simples";"Reta";"Sim";4;0;1;0;2;1;1;3;-5,50945;-47,47164;"SPRF-MA";"DEL04-MA";"UOP01-DEL04-MA"
750047;2026-02-04;"quarta-feira";"17:30:00";"RS";386;362,4;"ESTRELA";"Ausência de reação do condutor";"Colisão traseira";"Com Vítimas Feridas";"Pleno dia";"Crescente";"Sol";"Dupla";"Curva";"Não";3;0;0;1;1;1;1;3;-29,5593101;-51,88583136;"SPRF-RS";"DEL04-RS";"UOP01-DEL04-RS"
750049;2026-02-04;"quarta-feira";"15:16:00";"MS";463;33;"PONTA PORA";"Ausência de reação do condutor";"Tombamento";"Com Vítimas Feridas";"Pleno dia";"Decrescente";"Céu Claro";"Simples";"Reta;Rotatória";"Não";2;0;1;0;0;1;1;2;-22,30217341;-55,10166866;"SPRF-MS";"DEL04-MS";"UOP03-DEL04-MS"
750060;2026-01-06;"terça-feira";"07:30:00";"PB";412;35;"SAO JOAO DO CARIRI";"Ausência de reação do condutor";"Colisão traseira";"Com Vítimas Fatais";"Pleno dia";"Crescente";"Céu Claro";"Simples";"Reta";"Não";3;1;0;1;0;1;1;2;-7,315185;-36,362035;"SPRF-PB";"DEL02-PB";"UOP02-DEL02-PB"
750061;2026-02-04;"quarta-feira";"15:10:00";"RJ";393;274;"BARRA DO PIRAI";"Demais falhas mecânicas ou elétricas";"Saída de leito carroçável";"Com Vítimas Feridas";"Pleno dia";"Crescente";"Céu Claro";"Simples";"Curva;Aclive";"Não";5;0;3;1;0;1;4;2;-22,47456098;-43,99567064;"SPRF-RJ";"DEL05-RJ";"UOP04-DEL05-RJ"
750062;2026-02-04;"quarta-feira";"14:00:00";"BA";420;244;"MUTUIPE";"Manobra de mudança de faixa";"Colisão lateral mesmo sentido";"Com Vítimas Feridas";"Pleno dia";"Crescente";"Céu Claro";"Simples";"Declive";"Não";3;0;3;0;0;0;3;2;-13,22090705;-39,48481947;"SPRF-BA";"DEL11-BA";"UOP01-DEL11-BA"
750066;2026-02-04;"quarta-feira";"18:15:00";"RS";386;440;"CANOAS";"Acessar a via sem observar a presença dos outros veículos";"Colisão lateral mesmo sentido";"Com Vítimas Feridas";"Anoitecer";"Decrescente";"Céu Claro";"Dupla";"Reta";"Não";5;0;4;0;1;0;4;3;-29,87998752;-51,24012558;"SPRF-RS";"DEL01-RS";"UOP01-DEL01-RS"
750072;2026-02-04;"quarta-feira";"17:30:00";"RJ";40;2;"COMENDADOR LEVY GASPARIAN";"Reação tardia ou ineficiente do condutor";"Tombamento";"Com Vítimas Feridas";"Pleno dia";"Decrescente";"Céu Claro";"Dupla";"Curva";"Não";1;0;1;0;0;0;1;1;-22,00805537;-43,24801031;"SPRF-RJ";"DEL05-RJ";"UOP02-DEL05-RJ"
750077;2026-02-04;"quarta-feira";"18:50:00";"SP";116;64,9;"GUARATINGUETA";"Frear bruscamente";"Colisão traseira";"Com Vítimas Feridas";"Plena Noite";"Crescente";"Garoa/Chuvisco";"Dupla";"Aclive;Curva";"Não";5;0;1;0;3;1;1;4;-22,82311579;-45,19233738;"SPRF-SP";"DEL08-SP";"UOP01-DEL08-SP"
750091;2026-02-04;"quarta-feira";"19:10:00";"SP";116;85,7;"PINDAMONHANGABA";"Ausência de reação do condutor";"Colisão traseira";"Com Vítimas Feridas";"Plena Noite";"Decrescente";"Garoa/Chuvisco";"Dupla";"Reta";"Não";4;0;1;0;2;1;1;3;-22,92391645;-45,34862784;"SPRF-SP";"DEL08-SP";"UOP01-DEL08-SP"
750094;2026-02-04;"quarta-feira";"14:30:00";"BA";242;222,5;"ITABERABA";"Demais falhas mecânicas ou elétricas";"Incêndio";"Sem Vítimas";"Pleno dia";"Crescente";"Céu Claro";"Simples";"Reta";"Não";2;0;0;0;1;1;0;2;-12,52040061;-40,27875423;"SPRF-BA";"DEL06-BA";"UOP02-DEL06-BA"
750097;2026-02-04;"quarta-feira";"19:08:00";"RO";364;202;"PIMENTA BUENO";"Reação tardia ou ineficiente do condutor";"Colisão lateral mesmo sentido";"Sem Vítimas";"Plena Noite";"Crescente";"Céu Claro";"Dupla";"Aclive;Reta";"Sim";3;0;0;0;1;3;0;4;-11,633798;-61,202295;"SPRF-RO";"DEL02-RO";"UOP02-DEL02-RO"
750099;2026-02-04;"quarta-feira";"20:00:00";"SC";480;127,5;"CHAPECO";"Desrespeitar a preferência no cruzamento";"Colisão frontal";"Com Vítimas Feridas";"Plena Noite";"Decrescente";"Céu Claro";"Simples";"Aclive;Reta";"Não";2;0;0;1;1;0;1;2;-27,03948493;-52,63458475;"SPRF-SC";"DEL07-SC";"UOP01-DEL07-SC"
750101;2026-02-04;"quarta-feira";"16:25:00";"RO";364;312,1;"PRESIDENTE MEDICI";"Reação tardia ou ineficiente do condutor";"Colisão traseira";"Com Vítimas Feridas";"Pleno dia";"Decrescente";"Sol";"Simples";"Reta";"Não";4;0;2;0;2;0;2;3;-11,13406308;-61,90122589;"SPRF-RO";"DEL02-RO";"UOP01-DEL02-RO"
750103;2026-02-04;"quarta-feira";"19:00:00";"RJ";116;86;"TERESOPOLIS";"Mal súbito do condutor";"Saída de leito carroçável";"Com Vítimas Feridas";"Plena Noite";"Decrescente";"Nublado";"Simples";"Reta";"Não";2;0;1;0;0;1;1;2;-22,427205;-42,952477;"SPRF-RJ";"DEL04-RJ";"UOP01-DEL04-RJ"
750111;2026-02-04;"quarta-feira";"23:30:00";"MG";262;549,9;"CORREGO DANTA";"Velocidade Incompatível";"Tombamento";"Com Vítimas Feridas";"Plena Noite";"Decrescente";"Chuva";"Simples";"Curva;Declive";"Não";2;0;1;0;0;2;1;3;-19,74126;-45,94348;"SPRF-MG";"DEL08-MG";"UOP02-DEL08-MG"
750115;2026-02-04;"quarta-feira";"23:00:00";"MG";262;120;"RIO CASCA";"Afundamento ou ondulação no pavimento";"Queda de ocupante de veículo";"Com Vítimas Feridas";"Plena Noite";"Decrescente";"Chuva";"Simples";"Curva";"Sim";2;0;0;1;1;0;1;2;-20,21806629;-42,65147924;"SPRF-MG";"DEL03-MG";"UOP03-DEL03-MG"
750123;2026-02-04;"quarta-feira";"23:50:00";"PR";277;29,9;"MORRETES";"Ausência de reação do condutor";"Colisão traseira";"Com Vítimas Fatais";"Plena Noite";"Crescente";"Nublado";"Dupla";"Reta";"Não";3;1;0;0;1;3;0;5;-25,55107066;-48,79736273;"SPRF-PR";"DEL01-PR";"UOP05-DEL01-PR"
750128;2026-02-05;"quinta-feira";"01:27:00";"SP";116;279,8;"EMBU DAS ARTES";"Manobra de mudança de faixa";"Colisão lateral mesmo sentido";"Sem Vítimas";"Plena Noite";"Crescente";"Garoa/Chuvisco";"Dupla";"Reta";"Não";3;0;0;0;2;1;0;3;-23,64415687;-46,83987444;"SPRF-SP";"DEL04-SP";"UOP01-DEL04-SP"
750129;2026-02-05;"quinta-feira";"00:32:00";"MG";116;506,8;"UBAPORANGA";"Ausência de reação do condutor";"Colisão traseira";"Com Vítimas Feridas";"Plena Noite";"Decrescente";"Chuva";"Simples";"Reta";"Não";2;0;0;1;0;1;1;2;-19,620517;-42,10815;"SPRF-MG";"DEL06-MG";"UOP02-DEL06-MG"
750130;2026-02-05;"quinta-feira";"02:30:00";"MG";40;320;"TRES MARIAS";"Pista esburacada";"Colisão lateral sentido oposto";"Com Vítimas Feridas";"Plena Noite";"Crescente";"Chuva";"Simples";"Aclive";"Não";2;0;1;0;0;1;1;2;-18,520874;-45,07474;"SPRF-MG";"DEL14-MG";"UOP02-DEL14-MG"
750135;2026-02-05;"quinta-feira";"06:30:00";"MG";381;925;"ITAPEVA";"Velocidade Incompatível";"Saída de leito carroçável";"Com Vítimas Feridas";"Pleno dia";"Crescente";"Céu Claro";"Dupla";"Curva";"Não";2;0;1;0;0;1;1;2;-22,77174971;-46,20574951;"SPRF-MG";"DEL16-MG";"UOP03-DEL16-MG"
750136;2026-02-05;"quinta-feira";"05:40:00";"PR";277;134;"BALSA NOVA";"Acessar a via sem observar a presença dos outros veículos";"Colisão traseira";"Com Vítimas Feridas";"Amanhecer";"Decrescente";"Nublado";"Dupla";"Aclive;Reta";"Não";19;0;16;0;1;3;16;5;-25,47021991;-49,72498451;"SPRF-PR";"DEL03-PR";"UOP03-DEL03-PR"
750143;2026-02-04;"quarta-feira";"12:38:00";"MT";364;465;"VARZEA GRANDE";"Ausência de reação do condutor";"Capotamento";"Com Vítimas Feridas";"Pleno dia";"Decrescente";"Céu Claro";"Simples";"Reta";"Não";2;0;1;0;0;2;1;3;-15,438528;-56,33575;"SPRF-MT";"DEL01-MT";"UOP02-DEL01-MT"
750146;2026-02-05;"quinta-feira";"05:30:00";"PR";277;145,7;"BALSA NOVA";"Ausência de reação do condutor";"Colisão traseira";"Com Vítimas Feridas";"Amanhecer";"Crescente";"Nublado";"Dupla";"Curva";"Não";6;0;3;0;2;3;3;5;-25,47560109;-49,7197408;"SPRF-PR";"DEL03-PR";"UOP03-DEL03-PR"
750148;2026-02-05;"quinta-feira";"07:00:00";"SP";116;145;"SAO JOSE DOS CAMPOS";"Condutor deixou de manter distância do veículo da frente";"Colisão traseira";"Com Vítimas Feridas";"Pleno dia";"Decrescente";"Céu Claro";"Múltipla";"Reta;Aclive";"Sim";2;0;1;0;0;1;1;2;-23,18904797;-45,85856438;"SPRF-SP";"DEL02-SP";"UOP01-DEL02-SP"
750151;2026-02-05;"quinta-feira";"04:16:00";"PA";163;618;"TRAIRAO";"Transitar na contramão";"Colisão lateral sentido oposto";"Com Vítimas Feridas";"Plena Noite";"Crescente";"Céu Claro";"Simples";"Curva";"Não";4;0;1;0;1;6;1;8;-4,73383239;-56,04915619;"SPRF-PA";"DEL05-PA";"UOP03-DEL05-PA"
750153;2026-02-05;"quinta-feira";"06:00:00";"MG";365;283,5;"JOAO PINHEIRO";"Transitar na contramão";"Colisão lateral sentido oposto";"Com Vítimas Feridas";"Plena Noite";"Crescente";"Nevoeiro/Neblina";"Simples";"Reta";"Não";7;0;1;1;5;0;2;3;-18,031983;-45,641692;"SPRF-MG";"DEL10-MG";"UOP02-DEL010-MG"
750155;2026-02-04;"quarta-feira";"19:40:00";"AC";317;5;"PORTO ACRE";"Transitar na contramão";"Colisão lateral sentido oposto";"Sem Vítimas";"Anoitecer";"Decrescente";"Céu Claro";"Simples";"Reta";"Não";2;0;0;0;2;0;0;2;-9,62863;-67,33678;"SPRF-AC";"DEL01-AC";"UOP01-DEL01-AC"
750157;2026-02-05;"quinta-feira";"05:40:00";"BA";101;145;"TEODORO SAMPAIO";"Curva acentuada";"Capotamento";"Com Vítimas Feridas";"Amanhecer";"Decrescente";"Céu Claro";"Simples";"Curva";"Não";2;0;1;0;0;1;1;2;-12,27023127;-38,67324829;"SPRF-BA";"DEL01-BA";"UOP04-DEL01-BA"
750160;2026-02-05;"quinta-feira";"01:00:00";"MA";222;312;"IGARAPE DO MEIO";"Reação tardia ou ineficiente do condutor";"Colisão traseira";"Com Vítimas Feridas";"Plena Noite";"Crescente";"Nublado";"Simples";"Reta";"Não";2;0;0;1;0;1;1;2;-3,59151475;-45,0170356;"SPRF-MA";"DEL02-MA";"UOP01-DEL02-MA"
750162;2026-02-05;"quinta-feira";"03:00:00";"PB";101;23,2;"RIO TINTO";"Condutor Dormindo";"Saída de leito carroçável";"Sem Vítimas";"Plena Noite";"Crescente";"Céu Claro";"Dupla";"Reta";"Não";2;0;0;0;1;1;0;2;-6,692375;-35,115644;"SPRF-PB";"DEL01-PB";"UOP03-DEL01-PB"
750164;2026-02-05;"quinta-feira";"07:40:00";"RS";290;642;"URUGUAIANA";"Ausência de reação do condutor";"Colisão lateral sentido oposto";"Com Vítimas Feridas";"Pleno dia";"Crescente";"Céu Claro";"Simples";"Curva";"Não";6;0;2;0;3;1;2;3;-30,01886812;-56,4024353;"SPRF-RS";"DEL13-RS";"UOP02-DEL13-RS"
750168;2026-02-05;"quinta-feira";"07:00:00";"BA";324;576;"SAO SEBASTIAO DO PASSE";"Demais falhas na via";"Colisão lateral mesmo sentido";"Sem Vítimas";"Pleno dia";"Decrescente";"Céu Claro";"Múltipla";"Reta";"Não";2;0;0;0;2;0;0;2;-12,57756404;-38,53874803;"SPRF-BA";"DEL01-BA";"UOP01-DEL01-BA"
750169;2026-02-05;"quinta-feira";"06:00:00";"MT";163;827,2;"SINOP";"Ausência de reação do condutor";"Engavetamento";"Com Vítimas Feridas";"Amanhecer";"Decrescente";"Céu Claro";"Dupla";"Reta;Retorno Regulamentado";"Sim";5;0;2;1;1;1;3;4;-11,9287761;-55,5121798;"SPRF-MT";"DEL06-MT";"UOP02-DEL06-MT"
750173;2026-01-24;"sábado";"22:00:00";"RJ";116;169;"RIO DE JANEIRO";"Deficiência do Sistema de Iluminação/Sinalização";"Colisão lateral mesmo sentido";"Com Vítimas Feridas";"Plena Noite";"Crescente";"Chuva";"Múltipla";"Viaduto;Em Obras;Interseção de Vias";"Sim";2;0;1;0;1;0;1;2;-22,8190237;-43,3183172;"SPRF-RJ";"DEL06-RJ";"UOP01-DEL06-RJ"
750182;2026-02-05;"quinta-feira";"10:30:00";"RS";290;85;"PORTO ALEGRE";"Mal súbito do condutor";"Colisão lateral mesmo sentido";"Com Vítimas Feridas";"Pleno dia";"Decrescente";"Céu Claro";"Dupla";"Reta";"Não";5;0;2;0;1;2;2;4;-29,96586986;-51,10132311;"SPRF-RS";"DEL01-RS";"UOP01-DEL01-RS"
750187;2026-02-05;"quinta-feira";"06:30:00";"PR";373;410,8;"CANDOI";"Transitar na contramão";"Colisão frontal";"Com Vítimas Fatais";"Amanhecer";"Crescente";"Céu Claro";"Simples";"Reta";"Não";6;1;0;4;1;0;4;3;-25,632534;-52,098998;"SPRF-PR";"DEL08-PR";"UOP01-DEL08-PR"
750189;2026-02-05;"quinta-feira";"11:00:00";"CE";116;41;"HORIZONTE";"Acessar a via sem observar a presença dos outros veículos";"Colisão traseira";"Com Vítimas Feridas";"Pleno dia";"Crescente";"Chuva";"Múltipla";"Reta";"Não";4;0;1;1;2;0;2;2;-4,105222;-38,497813;"SPRF-CE";"DEL01-CE";"UOP02-DEL01-CE"
750193;2026-02-05;"quinta-feira";"09:55:00";"PE";232;37;"VITORIA DE SANTO ANTAO";"Manobra de mudança de faixa";"Colisão lateral mesmo sentido";"Com Vítimas Feridas";"Pleno dia";"Crescente";"Céu Claro";"Dupla";"Reta";"Sim";3;0;1;0;1;1;1;3;-8,1143;-35,216;"SPRF-PE";"DEL02-PE";"UOP02-DEL02PE"
750196;2026-02-05;"quinta-feira";"01:30:00";"PE";232;410;"SERRA TALHADA";"Condutor Dormindo";"Saída de leito carroçável";"Sem Vítimas";"Plena Noite";"Crescente";"Céu Claro";"Simples";"Curva";"Sim";4;0;0;0;1;4;0;4;-7,98211949;-38,29574481;"SPRF-PE";"DEL04-PE";"UOP01-DEL04-PE"
750202;2026-01-16;"sexta-feira";"12:30:00";"PR";277;30;"MORRETES";"Acessar a via sem observar a presença dos outros veículos";"Colisão lateral mesmo sentido";"Com Vítimas Feridas";"Pleno dia";"Crescente";"Ignorado";"Dupla";"Reta;Viaduto";"Não";3;0;1;0;1;2;1;4;-25,551578;-48,798115;"SPRF-PR";"DEL01-PR";"UOP05-DEL01-PR"
750203;2026-02-05;"quinta-feira";"10:30:00";"MA";135;6,8;"SAO LUIS";"Manobra de mudança de faixa";"Tombamento";"Com Vítimas Fatais";"Pleno dia";"Decrescente";"Céu Claro";"Dupla";"Reta;Aclive";"Sim";3;1;0;0;0;2;0;3;-2,635084;-44,267538;"SPRF-MA";"DEL01-MA";"UOP01-DEL01-MA"
750210;2026-02-05;"quinta-feira";"10:50:00";"PE";101;44;"IGARASSU";"Manobra de mudança de faixa";"Colisão lateral mesmo sentido";"Com Vítimas Feridas";"Pleno dia";"Decrescente";"Céu Claro";"Múltipla";"Reta";"Não";3;0;1;0;1;1;1;3;-7,8594491;-34,9325977;"SPRF-PE";"DEL01-PE";"UOP02-DEL01-PE"
750211;2026-02-05;"quinta-feira";"13:30:00";"RJ";116;244;"PIRAI";"Condutor Dormindo";"Colisão traseira";"Com Vítimas Feridas";"Pleno dia";"Decrescente";"Chuva";"Dupla";"Reta";"Não";2;0;0;1;1;0;1;2;-22,6222121;-43,92338786;"SPRF-RJ";"DEL07-RJ";"UOP01-DEL07-RJ"
750218;2026-02-05;"quinta-feira";"11:53:00";"MT";364;347,6;"SANTO ANTONIO DO LEVERGER";"Problema com o freio";"Saída de leito carroçável";"Sem Vítimas";"Pleno dia";"Crescente";"Céu Claro";"Simples";"Reta;Declive;Em Obras";"Não";1;0;0;0;1;0;0;1;-15,7958077;-55,56305599;"SPRF-MT";"DEL05-MT";"UOP02-DEL05-MT"
750221;2026-01-16;"sexta-feira";"13:41:00";"MT";364;252;"JUSCIMEIRA";"Condutor deixou de manter distância do veículo da frente";"Colisão traseira";"Com Vítimas Feridas";"Pleno dia";"Decrescente";"Céu Claro";"Dupla";"Aclive;Reta";"Não";2;0;0;1;0;1;1;2;-16,10381;-54,86357;"SPRF-MT";"DEL02-MT";"UOP01-DEL02-MT"
750225;2026-02-05;"quinta-feira";"14:28:00";"TO";153;491;"PARAISO DO TOCANTINS";"Reação tardia ou ineficiente do condutor";"Saída de leito carroçável";"Sem Vítimas";"Pleno dia";"Crescente";"Céu Claro";"Simples";"Curva;Declive";"Não";3;0;0;0;2;1;0;2;-10,130522;-48,8879306;"SPRF-TO";"DEL01-TO";"UOP01-DEL01-TO"
750233;2026-02-05;"quinta-feira";"15:30:00";"MG";40;792,5;"JUIZ DE FORA";"Demais falhas mecânicas ou elétricas";"Colisão lateral mesmo sentido";"Com Vítimas Feridas";"Pleno dia";"Crescente";"Nublado";"Dupla";"Reta;Declive";"Não";3;0;1;0;2;0;1;2;-21,76954574;-43,43766077;"SPRF-MG";"DEL05-MG";"UOP01-DEL05-MG"