"id";"data_inversa";"dia_semana";"horario";"uf";"br";"km";"municipio";"causa_acidente";"tipo_acidente";"classificacao_acidente";"fase_dia";"sentido_via";"condicao_metereologica";"tipo_pista";"tracado_via";"uso_solo";"pessoas";"mortos";"feridos_leves";"feridos_graves";"ilesos";"ignorados";"feridos";"veiculos";"latitude";"longitude";"regional";"delegacia";"uop"
750888;2026-02-07;"sábado";"05:30:00";"MT";163;506,9;"ROSARIO OESTE";"Ausência de reação do condutor";"Colisão transversal";"Com Vítimas Feridas";"Amanhecer";"Decrescente";"Chuva";"Simples";"Ponte;Reta";"Não";3;0;1;0;1;5;1;7;-15,13682073;-56,52233005;"SPRF-MT";"DEL01-MT";"UOP01-DEL01-MT"
750890;2026-02-08;"domingo";"09:00:00";"RN";304;131,5;"ITAJA";"Velocidade Incompatível";"Colisão frontal";"Com Vítimas Feridas";"Pleno dia";"Crescente";"Nublado";"Simples";"Reta";"Não";2;0;1;0;1;0;1;2;-5,65958;-36,75733;"SPRF-RN";"DEL04-RN";"UOP01-DEL04-RN"
750901;2026-02-08;"domingo";"09:50:00";"MT";364;204;"RONDONOPOLIS";"Mal súbito do condutor";"Saída de leito carroçável";"Com Vítimas Feridas";"Pleno dia";"Crescente";"Céu Claro";"Dupla";"Reta";"Sim";4;0;1;0;2;1;1;3;-16,43784825;-54,68167306;"SPRF-MT";"DEL02-MT";"UOP01-DEL02-MT"
750902;2026-02-08;"domingo";"11:20:00";"ES";101;246;"SERRA";"Manobra de mudança de faixa";"Colisão traseira";"Com Vítimas Feridas";"Pleno dia";"Crescente";"Céu Claro";"Simples";"Curva";"Não";6;0;1;0;3;2;1;4;-20,06612107;-40,37564546;"SPRF-ES";"DEL02-ES";"UOP01-DEL02-ES"
750903;2026-02-08;"domingo";"08:20:00";"MG";381;698,1;"LAVRAS";"Demais falhas mecânicas ou elétricas";"Derramamento de carga";"Sem Vítimas";"Pleno dia";"Decrescente";"Nublado";"Dupla";"Reta";"Não";2;0;0;0;1;1;0;2;-21,30545015;-45,15667105;"SPRF-MG";"DEL04-MG";"UOP02-DEL04-MG"
750919;2026-02-08;"domingo";"12:33:00";"MS";163;446;"CAMPO GRANDE";"Reação tardia ou ineficiente do condutor";"Tombamento";"Com Vítimas Feridas";"Pleno dia";"Decrescente";"Céu Claro";"Simples";"Reta;Aclive";"Não";3;0;2;0;0;1;2;2;-20,75874;-54,53123;"SPRF-MS";"DEL01-MS";"UOP01-DEL01-MS"
750922;2026-02-08;"domingo";"11:45:00";"RS";285;208;"LAGOA VERMELHA";"Acessar a via sem observar a presença dos outros veículos";"Colisão transversal";"Com Vítimas Feridas";"Pleno dia";"Decrescente";"Sol";"Simples";"Interseção de Vias";"Não";3;0;1;1;1;0;2;2;-28,224041;-51,610494;"SPRF-RS";"DEL08-RS";"UOP05-DEL08-RS"
750925;2026-02-08;"domingo";"12:45:00";"BA";116;658,6;"JEQUIE";"Condutor deixou de manter distância do veículo da frente";"Colisão traseira";"Com Vítimas Feridas";"Pleno dia";"Crescente";"Céu Claro";"Simples";"Curva";"Não";3;0;1;1;1;0;2;2;-13,736434;-40,099715;"SPRF-BA";"DEL03-BA";"UOP01-DEL03-BA"
750931;2026-02-08;"domingo";"11:50:00";"PR";277;398;"CANDOI";"Transitar na contramão";"Colisão frontal";"Com Vítimas Fatais";"Pleno dia";"Crescente";"Nublado";"Simples";"Aclive;Reta";"Não";6;3;0;1;1;1;1;4;-25,447796;-51,907935;"SPRF-PR";"DEL08-PR";"UOP01-DEL08-PR"
750940;2026-02-08;"domingo";"14:00:00";"RO";364;248,9;"CACOAL";"Ultrapassagem Indevida";"Colisão frontal";"Com Vítimas Feridas";"Pleno dia";"Crescente";"Céu Claro";"Simples";"Reta;Aclive";"Não";7;0;3;0;1;10;3;12;-11,438201;-61,550483;"SPRF-RO";"DEL02-RO";"UOP02-DEL02-RO"
750942;2026-02-08;"domingo";"14:50:00";"ES";262;103;"VENDA NOVA DO IMIGRANTE";"Carga excessiva e/ou mal acondicionada";"Tombamento";"Com Vítimas Feridas";"Pleno dia";"Crescente";"Sol";"Simples";"Rotatória";"Sim";2;0;2;0;0;0;2;1;-20,33217584;-41,1298735;"SPRF-ES";"DEL01-ES";"UOP02-DEL01-ES"
750946;2026-02-08;"domingo";"16:40:00";"BA";324;615;"SALVADOR";"Reação tardia ou ineficiente do condutor";"Colisão lateral mesmo sentido";"Sem Vítimas";"Pleno dia";"Crescente";"Céu Claro";"Dupla";"Aclive;Reta";"Não";5;0;0;0;5;0;0;2;-12,8850604;-38,435684;"SPRF-BA";"DEL01-BA";"UOP01-DEL01-BA"
750951;2026-02-08;"domingo";"15:00:00";"MG";365;370;"PATOS DE MINAS";"Chuva";"Colisão com objeto";"Com Vítimas Feridas";"Pleno dia";"Crescente";"Chuva";"Simples";"Reta";"Não";3;0;0;2;0;1;2;2;-18,54;-46,196;"SPRF-MG";"DEL10-MG";"UOP01-DEL10-MG"
750958;2026-02-08;"domingo";"17:20:00";"MG";354;763;"ITAMONTE";"Velocidade Incompatível";"Colisão frontal";"Com Vítimas Feridas";"Pleno dia";"Decrescente";"Garoa/Chuvisco";"Simples";"Curva;Declive";"Não";4;0;1;1;1;2;2;4;-22,33761;-44,825966;"SPRF-MG";"DEL17-MG";"UOP01-DEL17-MG"
750961;2026-02-08;"domingo";"16:40:00";"GO";153;662,9;"GOIATUBA";"Objeto estático sobre o leito carroçável";"Colisão com objeto";"Com Vítimas Feridas";"Pleno dia";"Decrescente";"Chuva";"Dupla";"Reta;Declive";"Não";2;0;1;0;0;1;1;2;-18,071875;-49,269688;"SPRF-GO";"DEL03-GO";"UOP02-DEL03-GO"
750977;2026-02-08;"domingo";"10:30:00";"PR";376;546;"BALSA NOVA";"Ingestão de álcool pelo condutor";"Saída de leito carroçável";"Sem Vítimas";"Pleno dia";"Decrescente";"Nublado";"Dupla";"Curva";"Não";2;0;0;0;1;2;0;3;-25,44426099;-49,74329822;"SPRF-PR";"DEL03-PR";"UOP03-DEL03-PR"
750987;2026-02-08;"domingo";"18:10:00";"PA";163;655;"ITAITUBA";"Reação tardia ou ineficiente do condutor";"Tombamento";"Com Vítimas Feridas";"Anoitecer";"Crescente";"Céu Claro";"Dupla";"Curva";"Não";2;0;0;1;0;2;1;3;-4,48695;-55,86638;"SPRF-PA";"DEL05-PA";"UOP02-DEL05-PA"
750990;2026-02-08;"domingo";"16:00:00";"BA";101;237;"CONCEICAO DO ALMEIDA";"Manobra de mudança de faixa";"Colisão frontal";"Com Vítimas Feridas";"Pleno dia";"Decrescente";"Sol";"Simples";"Reta;Declive";"Não";2;0;1;0;1;0;1;2;-12,7851;-39,189025;"SPRF-BA";"DEL11-BA";"UOP01-DEL11-BA"
750991;2026-02-08;"domingo";"18:00:00";"PR";376;370;"ORTIGUEIRA";"Pista Escorregadia";"Colisão transversal";"Com Vítimas Feridas";"Anoitecer";"Crescente";"Chuva";"Dupla";"Reta";"Não";11;0;2;0;8;1;2;4;-24,36275;-50,80965;"SPRF-PR";"DEL07-PR";"UOP02-DEL07-PR"
751002;2026-02-08;"domingo";"18:15:00";"MT";70;287;"PRIMAVERA DO LESTE";"Transitar na contramão";"Colisão lateral sentido oposto";"Com Vítimas Feridas";"Plena Noite";"Decrescente";"Chuva";"Simples";"Reta";"Não";3;0;1;0;2;0;1;2;-15,57548137;-54,34949398;"SPRF-MT";"DEL05-MT";"UOP01-DEL05-MT"
751003;2026-02-08;"domingo";"16:30:00";"SP";116;381;"MIRACATU";"Manobra de mudança de faixa";"Colisão lateral mesmo sentido";"Sem Vítimas";"Pleno dia";"Crescente";"Céu Claro";"Dupla";"Curva";"Não";3;0;0;0;2;1;0;3;-24,24067904;-47,36276716;"SPRF-SP";"DEL04-SP";"UOP02-DEL04-SP"
751012;2026-02-08;"domingo";"20:00:00";"GO";364;113;"CACHOEIRA ALTA";"Acumulo de água sobre o pavimento";"Colisão frontal";"Com Vítimas Feridas";"Plena Noite";"Crescente";"Chuva";"Simples";"Reta;Ponte;Em Obras";"Sim";7;0;1;6;0;0;7;3;-18,30128496;-51,14682823;"SPRF-GO";"DEL05-GO";"UOP02-DEL05-GO"
751017;2026-02-08;"domingo";"18:00:00";"MT";163;686;"LUCAS DO RIO VERDE";"Ingestão de álcool pelo condutor";"Saída de leito carroçável";"Sem Vítimas";"Plena Noite";"Decrescente";"Garoa/Chuvisco";"Simples";"Curva";"Sim";2;0;0;0;1;2;0;3;-13,08359313;-55,94076946;"SPRF-MT";"DEL06-MT";"UOP01-DEL06-MT"
751018;2026-02-08;"domingo";"18:40:00";"MG";251;350;"PADRE CARVALHO";"Problema com o freio";"Saída de leito carroçável";"Com Vítimas Feridas";"Plena Noite";"Decrescente";"Céu Claro";"Simples";"Reta";"Não";2;0;1;0;0;1;1;2;-16,264605;-42,52596;"SPRF-MG";"DEL12-MG";"UOP02-DEL12-MG"
751021;2026-02-08;"domingo";"20:00:00";"PR";277;171;"PALMEIRA";"Pedestre andava na pista";"Atropelamento de Pedestre";"Com Vítimas Fatais";"Plena Noite";"Crescente";"Garoa/Chuvisco";"Dupla";"Reta";"Não";3;1;0;0;1;1;0;3;-25,447058;-49,954722;"SPRF-PR";"DEL03-PR";"UOP03-DEL03-PR"
751036;2026-02-08;"domingo";"17:00:00";"MT";174;560;"COMODORO";"Ausência de reação do condutor";"Colisão traseira";"Com Vítimas Feridas";"Pleno dia";"Decrescente";"Céu Claro";"Simples";"Reta";"Não";3;0;0;1;1;3;1;5;-13,03719995;-59,9094227;"SPRF-MT";"DEL04-MT";"UOP02-DEL04-MT"
751038;2026-02-08;"domingo";"21:30:00";"RJ";393;279;"BARRA DO PIRAI";"Ingestão de álcool pelo condutor";"Colisão frontal";"Sem Vítimas";"Plena Noite";"Decrescente";"Chuva";"Simples";"Reta";"Sim";3;0;0;0;1;2;0;3;-22,48064102;-44,03820223;"SPRF-RJ";"DEL05-RJ";"UOP04-DEL05-RJ"
751040;2026-02-08;"domingo";"20:30:00";"BA";116;458,8;"SANTO ESTEVAO";"Condutor Dormindo";"Colisão traseira";"Com Vítimas Feridas";"Plena Noite";"Crescente";"Nublado";"Dupla";"Aclive";"Sim";5;0;3;1;0;1;4;2;-12,44411994;-39,2371254;"SPRF-BA";"DEL02-BA";"UOP01-DEL02-BA"
751046;2026-02-08;"domingo";"06:25:00";"MT";70;608;"ROSARIO OESTE";"Manobra de mudança de faixa";"Colisão lateral mesmo sentido";"Com Vítimas Feridas";"Pleno dia";"Decrescente";"Céu Claro";"Simples";"Reta";"Não";11;0;1;0;9;3;1;5;-15;-56;"SPRF-MT";"DEL03-MT";"UOP02-DEL03-MT"
751048;2026-02-08;"domingo";"22:00:00";"BA";116;548;"MILAGRES";"Pedestre andava na pista";"Atropelamento de Pedestre";"Com Vítimas Feridas";"Plena Noite";"Decrescente";"Chuva";"Simples";"Reta;Declive";"Não";2;0;0;1;1;0;1;2;-12,89205088;-39,85942841;"SPRF-BA";"DEL03-BA";"UOP02-DEL03-BA"
751061;2026-02-08;"domingo";"22:00:00";"PR";277;160;"PALMEIRA";"Reação tardia ou ineficiente do condutor";"Saída de leito carroçável";"Com Vítimas Feridas";"Plena Noite";"Crescente";"Garoa/Chuvisco";"Dupla";"Reta";"Não";3;0;1;1;0;2;2;3;-25,4457899;-49,95815724;"SPRF-PR";"DEL03-PR";"UOP03-DEL03-PR"
751063;2026-02-08;"domingo";"14:30:00";"BA";116;644;"JAGUAQUARA";"Reação tardia ou ineficiente do condutor";"Colisão traseira";"Com Vítimas Fatais";"Pleno dia";"Crescente";"Céu Claro";"Simples";"Curva";"Não";5;1;0;0;3;4;0;7;-13,610227;-40,090804;"SPRF-BA";"DEL03-BA";"UOP01-DEL03-BA"
751076;2026-02-09;"segunda-feira";"03:40:00";"ES";262;18,7;"VIANA";"Suicídio (presumido)";"Atropelamento de Pedestre";"Com Vítimas Feridas";"Plena Noite";"Crescente";"Céu Claro";"Simples";"Curva";"Sim";2;0;0;1;1;0;1;2;-20,393074;-40,48737;"SPRF-ES";"DEL01-ES";"UOP01-DEL01-ES"
751077;2026-02-09;"segunda-feira";"03:30:00";"ES";101;330,4;"GUARAPARI";"Pedestre andava na pista";"Atropelamento de Pedestre";"Com Vítimas Fatais";"Plena Noite";"Crescente";"Céu Claro";"Dupla";"Curva";"Não";8;1;0;2;4;1;2;5;-20,5968;-40,5029;"SPRF-ES";"DEL03-ES";"UOP01-DEL03-ES"
751080;2026-02-08;"domingo";"21:05:00";"RS";386;33,9;"FREDERICO WESTPHALEN";"Condutor deixou de manter distância do veículo da frente";"Colisão traseira";"Sem Vítimas";"Plena Noite";"Crescente";"Céu Claro";"Simples";"Reta";"Sim";2;0;0;0;2;0;0;2;-27,35939971;-53,38876963;"SPRF-RS";"DEL08-RS";"UOP02-DEL08-RS"
751087;2026-02-09;"segunda-feira";"04:15:00";"MG";116;706;"MURIAE";"Transitar na contramão";"Colisão frontal";"Com Vítimas Fatais";"Plena Noite";"Crescente";"Garoa/Chuvisco";"Simples";"Reta";"Não";4;2;0;0;1;1;0;3;-21,1506694;-42,382714;"SPRF-MG";"DEL07-MG";"UOP02-DEL07-MG"
751093;2026-02-09;"segunda-feira";"05:30:00";"MS";262;527,6;"AQUIDAUANA";"Manobra de mudança de faixa";"Colisão frontal";"Com Vítimas Fatais";"Pleno dia";"Crescente";"Céu Claro";"Simples";"Reta";"Não";3;1;0;0;1;3;0;5;-20,360197;-56,124551;"SPRF-MS";"DEL03-MS";"UOP01-DEL03-MS"
751099;2026-02-08;"domingo";"19:28:00";"RJ";40;92;"PETROPOLIS";"Problema com o freio";"Saída de leito carroçável";"Com Vítimas Feridas";"Plena Noite";"Crescente";"Chuva";"Dupla";"Curva;Declive";"Não";2;0;0;1;0;1;1;2;-22,552672;-43,25129;"SPRF-RJ";"DEL01-RJ";"UOP01-DEL01-RJ"
751101;2026-02-09;"segunda-feira";"01:00:00";"BA";116;615;"JAGUAQUARA";"Transitar na contramão";"Colisão frontal";"Sem Vítimas";"Plena Noite";"Crescente";"Céu Claro";"Simples";"Reta";"Não";2;0;0;0;1;1;0;2;-13,48565594;-40,04472348;"SPRF-BA";"DEL03-BA";"UOP02-DEL03-BA"
751112;2026-01-29;"quinta-feira";"06:10:00";"SC";282;38,5;"AGUAS MORNAS";"Ingestão de álcool pelo condutor";"Colisão lateral sentido oposto";"Sem Vítimas";"Pleno dia";"Decrescente";"Céu Claro";"Simples";"Reta;Declive";"Sim";5;0;0;0;4;1;0;5;-27,71543524;-48,86848998;"SPRF-SC";"DEL01-SC";"UOP03-DEL01-SC"
751119;2026-01-15;"quinta-feira";"17:50:00";"BA";116;418;"FEIRA DE SANTANA";"Ultrapassagem Indevida";"Colisão transversal";"Com Vítimas Feridas";"Anoitecer";"Crescente";"Ignorado";"Simples";"Reta;Aclive";"Sim";2;0;1;0;1;0;1;2;-12,19863962;-38,96545798;"SPRF-BA";"DEL02-BA";"UOP01-DEL02-BA"
751132;2026-02-09;"segunda-feira";"05:20:00";"MG";40;300;"TRES MARIAS";"Redutor de velocidade em desacordo";"Colisão com objeto";"Sem Vítimas";"Amanhecer";"Decrescente";"Chuva";"Simples";"Declive";"Não";2;0;0;0;1;2;0;3;-18,3528714;-45,0933283;"SPRF-MG";"DEL14-MG";"UOP02-DEL14-MG"
751135;2026-02-09;"segunda-feira";"07:50:00";"RO";364;550;"RIO CRESPO";"Ultrapassagem Indevida";"Colisão lateral sentido oposto";"Com Vítimas Feridas";"Pleno dia";"Crescente";"Nublado";"Simples";"Curva";"Não";3;0;1;0;2;0;1;2;-9,650288;-63,0755943;"SPRF-RO";"DEL03-RO";"UOP01-DEL03-RO"
751140;2026-02-09;"segunda-feira";"08:47:00";"ES";101;144,1;"LINHARES";"Condutor desrespeitou a iluminação vermelha do semáforo";"Colisão transversal";"Com Vítimas Feridas";"Pleno dia";"Crescente";"Céu Claro";"Simples";"Reta";"Sim";4;0;1;0;3;0;1;2;-19,352728;-40,063802;"SPRF-ES";"DEL04-ES";"UOP01-DEL04-ES"
751143;2026-02-09;"segunda-feira";"10:15:00";"MG";153;111;"PRATA";"Condutor deixou de manter distância do veículo da frente";"Colisão lateral mesmo sentido";"Com Vítimas Feridas";"Pleno dia";"Crescente";"Garoa/Chuvisco";"Simples";"Reta;Declive";"Sim";5;0;2;0;1;2;2;3;-19,322752;-48,906317;"SPRF-MG";"DEL15-MG";"UOP03-DEL15-MG"
751144;2026-02-09;"segunda-feira";"08:30:00";"MT";70;357;"CAMPO VERDE";"Chuva";"Tombamento";"Sem Vítimas";"Pleno dia";"Crescente";"Chuva";"Simples";"Curva";"Não";1;0;0;0;0;1;0;1;-15,46741255;-54,94460106;"SPRF-MT";"DEL05-MT";"UOP02-DEL05-MT"
751155;2026-02-09;"segunda-feira";"05:10:00";"GO";153;541,5;"HIDROLANDIA";"Ausência de sinalização";"Colisão com objeto";"Com Vítimas Feridas";"Plena Noite";"Decrescente";"Céu Claro";"Dupla";"Reta";"Não";2;0;1;0;1;0;1;2;-17,059283;-49,225736;"SPRF-GO";"DEL01-GO";"UOP03-DEL01-GO"
751156;2026-02-09;"segunda-feira";"10:30:00";"PA";230;117;"MARABA";"Ausência de reação do condutor";"Colisão traseira";"Sem Vítimas";"Pleno dia";"Crescente";"Sol";"Dupla";"Retorno Regulamentado";"Sim";2;0;0;0;2;0;0;2;-5,35238906;-49,09687042;"SPRF-PA";"DEL03-PA";"UOP01-DEL03-PA"
751158;2026-02-09;"segunda-feira";"12:00:00";"MG";40;273;"TRES MARIAS";"Reação tardia ou ineficiente do condutor";"Colisão traseira";"Sem Vítimas";"Pleno dia";"Crescente";"Céu Claro";"Simples";"Aclive;Reta";"Não";2;0;0;0;2;0;0;2;-18,193216;-45,243858;"SPRF-MG";"DEL14-MG";"UOP02-DEL14-MG"
751161;2026-02-09;"segunda-feira";"10:20:00";"MS";60;346;"CAMPO GRANDE";"Conversão proibida";"Colisão transversal";"Com Vítimas Fatais";"Pleno dia";"Crescente";"Céu Claro";"Dupla";"Reta";"Não";2;1;0;0;1;0;0;2;-20,41244;-54,71539;"SPRF-MS";"DEL01-MS";"UOP03-DEL01-MS"
751164;2026-02-09;"segunda-feira";"06:25:00";"MG";381;425;"SABARA";"Chuva";"Colisão lateral sentido oposto";"Com Vítimas Feridas";"Amanhecer";"Crescente";"Chuva";"Simples";"Curva";"Não";3;0;1;0;1;1;1;3;-19,78696533;-43,70068498;"SPRF-MG";"DEL01-MG";"UOP01-DEL01-MG"
751166;2026-02-09;"segunda-feira";"10:54:00";"AC";364;128;"RIO BRANCO";"Transitar no Acostamento";"Colisão lateral mesmo sentido";"Sem Vítimas";"Pleno dia";"Decrescente";"Céu Claro";"Simples";"Curva";"Sim";3;0;0;0;2;1;0;3;-10,027578;-67,822222;"SPRF-AC";"DEL01-AC";"UOP01-DEL01-AC"
751171;2026-02-09;"segunda-feira";"11:30:00";"MG";365;389;"PATOS DE MINAS";"Acumulo de água sobre o pavimento";"Tombamento";"Com Vítimas Feridas";"Pleno dia";"Decrescente";"Chuva";"Simples";"Curva;Declive";"Não";1;0;1;0;0;0;1;1;-18,63412823;-46,35882211;"SPRF-MG";"DEL10-MG";"UOP01-DEL10-MG"
751173;2026-02-09;"segunda-feira";"13:15:00";"ES";101;282,3;"CARIACICA";"Frear bruscamente";"Colisão lateral mesmo sentido";"Com Vítimas Feridas";"Pleno dia";"Decrescente";"Nublado";"Múltipla";"Reta";"Não";5;0;2;0;2;1;2;4;-20,2281773;-40,3675795;"SPRF-ES";"DEL01-ES";"UOP01-DEL01-ES"
751174;2026-02-09;"segunda-feira";"13:00:00";"SP";116;86;"PINDAMONHANGABA";"Ausência de reação do condutor";"Colisão com objeto";"Com Vítimas Feridas";"Pleno dia";"Crescente";"Chuva";"Dupla";"Reta";"Não";1;0;0;1;0;0;1;1;-22,930406;-45,361746;"SPRF-SP";"DEL08-SP";"UOP01-DEL08-SP"
751175;2026-02-09;"segunda-feira";"12:35:00";"TO";153;332;"GUARAI";"Ausência de reação do condutor";"Colisão com objeto";"Sem Vítimas";"Pleno dia";"Crescente";"Sol";"Simples";"Reta";"Sim";1;0;0;0;1;0;0;1;-8,821168;-48,512318;"SPRF-TO";"DEL02-TO";"UOP02-DEL02-TO"
751179;2026-02-09;"segunda-feira";"13:26:00";"RN";110;48;"MOSSORO";"Reação tardia ou ineficiente do condutor";"Colisão traseira";"Sem Vítimas";"Pleno dia";"Decrescente";"Nublado";"Dupla";"Reta";"Sim";2;0;0;0;2;0;0;2;-5,223028;-37,325395;"SPRF-RN";"DEL04-RN";"UOP01-DEL04-RN"
751181;2026-02-09;"segunda-feira";"12:30:00";"RO";364;694;"CANDEIAS DO JAMARI";"Carga excessiva e/ou mal acondicionada";"Colisão lateral sentido oposto";"Sem Vítimas";"Pleno dia";"Crescente";"Céu Claro";"Simples";"Curva";"Não";3;0;0;0;2;4;0;6;-8,79849052;-63,71593952;"SPRF-RO";"DEL01-RO";"UOP01-DEL01-RO"
751182;2026-02-09;"segunda-feira";"08:35:00";"RS";285;50,1;"BOM JESUS";"Ausência de reação do condutor";"Colisão com objeto";"Com Vítimas Feridas";"Pleno dia";"Crescente";"Céu Claro";"Simples";"Curva;Aclive";"Não";2;0;1;0;1;0;1;1;-28,66692;-50,32251;"SPRF-RS";"DEL05-RS";"UOP03-DEL05-RS"
751186;2026-02-09;"segunda-feira";"12:00:00";"PR";376;150,5;"PRESIDENTE CASTELO BRANCO";"Reação tardia ou ineficiente do condutor";"Saída de leito carroçável";"Com Vítimas Feridas";"Pleno dia";"Decrescente";"Céu Claro";"Dupla";"Curva;Declive";"Não";2;0;1;0;0;3;1;4;-23,298802;-52,115023;"SPRF-PR";"DEL09-PR";"UOP02-DEL09-PR"
751187;2026-02-09;"segunda-feira";"11:00:00";"RJ";116;297;"BARRA MANSA";"Pista Escorregadia";"Tombamento";"Sem Vítimas";"Pleno dia";"Crescente";"Chuva";"Simples";"Curva";"Não";1;0;0;0;1;0;0;1;-22,45185829;-44,30066966;"SPRF-RJ";"DEL07-RJ";"UOP02-DEL07-RJ"
751188;2026-02-09;"segunda-feira";"14:40:00";"MG";381;484;"BETIM";"Reação tardia ou ineficiente do condutor";"Colisão lateral mesmo sentido";"Com Vítimas Feridas";"Pleno dia";"Crescente";"Nublado";"Dupla";"Reta";"Sim";2;0;0;1;0;1;1;2;-19,9567649;-44,09392154;"SPRF-MG";"DEL01-MG";"UOP03-DEL01-MG"
751197;2026-02-09;"segunda-feira";"14:00:00";"MG";40;564,9;"NOVA LIMA";"Mal súbito do condutor";"Colisão lateral mesmo sentido";"Sem Vítimas";"Pleno dia";"Decrescente";"Nublado";"Simples";"Reta";"Não";3;0;0;0;2;1;0;3;-20,1592;-43,9644;"SPRF-MG";"DEL01-MG";"UOP02-DEL01-MG"
751198;2026-01-28;"quarta-feira";"11:56:00";"RO";364;72;"VILHENA";"Ultrapassagem Indevida";"Colisão lateral mesmo sentido";"Com Vítimas Feridas";"Pleno dia";"Crescente";"Sol";"Simples";"Curva";"Não";5;0;0;1;3;2;1;4;-12,46444016;-60,49995214;"SPRF-RO";"DEL04-RO";"UOP01-DEL04-RO"
751199;2026-02-09;"segunda-feira";"13:24:00";"MT";70;4;"BARRA DO GARCAS";"Manobra de mudança de faixa";"Colisão com objeto";"Com Vítimas Feridas";"Pleno dia";"Decrescente";"Nublado";"Dupla";"Aclive";"Sim";3;0;2;0;0;1;2;2;-15,87818994;-52,29164019;"SPRF-MT";"DEL07-MT";"UOP01-DEL07-MT"
751208;2026-02-09;"segunda-feira";"13:49:00";"GO";153;520;"HIDROLANDIA";"Acessar a via sem observar a presença dos outros veículos";"Colisão lateral mesmo sentido";"Com Vítimas Feridas";"Pleno dia";"Decrescente";"Céu Claro";"Dupla";"Reta;Declive";"Não";2;0;2;0;0;0;2;2;-16,87533904;-49,25120473;"SPRF-GO";"DEL01-GO";"UOP03-DEL01-GO"
751209;2026-02-09;"segunda-feira";"15:30:00";"ES";101;14;"PEDRO CANARIO";"Reação tardia ou ineficiente do condutor";"Tombamento";"Com Vítimas Feridas";"Pleno dia";"Crescente";"Céu Claro";"Simples";"Curva;Declive";"Não";2;0;1;0;0;2;1;3;-18,23102717;-39,95364754;"SPRF-ES";"DEL04-ES";"UOP02-DEL04-ES"
751211;2026-02-08;"domingo";"11:00:00";"GO";158;112;"PIRANHAS";"Transitar no Acostamento";"Colisão com objeto";"Com Vítimas Feridas";"Pleno dia";"Decrescente";"Chuva";"Simples";"Curva;Declive";"Não";3;0;2;0;0;4;2;6;-16,5592017;-51,75315857;"SPRF-GO";"DEL04-GO";"UOP02-DEL04-GO"
751212;2026-02-09;"segunda-feira";"14:48:00";"RO";364;214,5;"PIMENTA BUENO";"Ausência de reação do condutor";"Colisão traseira";"Com Vítimas Feridas";"Pleno dia";"Decrescente";"Chuva";"Simples";"Reta;Em Obras";"Não";4;0;1;0;2;1;1;3;-11,563105;-61,285353;"SPRF-RO";"DEL02-RO";"UOP02-DEL02-RO"
751227;2026-02-09;"segunda-feira";"15:00:00";"PR";376;484;"PONTA GROSSA";"Reação tardia ou ineficiente do condutor";"Tombamento";"Com Vítimas Feridas";"Pleno dia";"Crescente";"Céu Claro";"Dupla";"Reta";"Sim";4;0;1;0;1;2;1;4;-25,09435103;-50,19670194;"SPRF-PR";"DEL03-PR";"UOP04-DEL03-PR"
751233;2026-02-09;"segunda-feira";"16:22:00";"MG";40;513,2;"RIBEIRAO DAS NEVES";"Condutor usando celular";"Colisão traseira";"Com Vítimas Fatais";"Pleno dia";"Decrescente";"Nublado";"Dupla";"Reta;Aclive";"Sim";4;1;0;0;1;2;0;3;-19,79772;-44,10671;"SPRF-MG";"DEL01-MG";"UOP02-DEL01-MG"
751234;2026-02-09;"segunda-feira";"16:30:00";"SC";470;114;"IBIRAMA";"Condutor Dormindo";"Colisão frontal";"Com Vítimas Feridas";"Pleno dia";"Decrescente";"Céu Claro";"Simples";"Curva";"Não";9;0;1;3;4;2;4;7;-27,08171884;-49,50291093;"SPRF-SC";"DEL04-SC";"UOP02-DEL04-SC"
751240;2026-02-09;"segunda-feira";"13:30:00";"PR";153;125,6;"IBAITI";"Curva acentuada";"Tombamento";"Com Vítimas Feridas";"Pleno dia";"Decrescente";"Nublado";"Simples";"Curva";"Não";2;0;0;1;0;1;1;2;-23,96820433;-50,23564752;"SPRF-PR";"DEL07-PR";"UOP04-DEL07-PR"
751243;2026-02-09;"segunda-feira";"16:10:00";"RJ";40;121;"DUQUE DE CAXIAS";"Manobra de mudança de faixa";"Colisão traseira";"Com Vítimas Feridas";"Pleno dia";"Decrescente";"Chuva";"Múltipla";"Reta";"Sim";3;0;1;0;1;1;1;3;-22,79475038;-43,2878684;"SPRF-RJ";"DEL01-RJ";"UOP02-DEL01-RJ"
751245;2026-02-09;"segunda-feira";"16:40:00";"RJ";40;109;"DUQUE DE CAXIAS";"Reação tardia ou ineficiente do condutor";"Atropelamento de Pedestre";"Com Vítimas Feridas";"Pleno dia";"Crescente";"Chuva";"Dupla";"Reta";"Sim";2;0;0;1;1;0;1;2;-22,67834531;-43,28644071;"SPRF-RJ";"DEL01-RJ";"UOP02-DEL01-RJ"
751246;2026-02-09;"segunda-feira";"16:30:00";"MG";381;781,6;"CAMPANHA";"Ultrapassagem Indevida";"Colisão lateral mesmo sentido";"Sem Vítimas";"Pleno dia";"Crescente";"Chuva";"Dupla";"Reta";"Não";3;0;0;0;2;1;0;3;-21,8308632;-45,4979942;"SPRF-MG";"DEL16-MG";"UOP02-DEL16-MG"
751251;2026-02-09;"segunda-feira";"18:00:00";"RJ";116;173;"SAO JOAO DE MERITI";"Manobra de mudança de faixa";"Colisão lateral mesmo sentido";"Sem Vítimas";"Plena Noite";"Crescente";"Chuva";"Dupla";"Interseção de Vias";"Sim";2;0;0;0;2;0;0;2;-22,79741758;-43,35852798;"SPRF-RJ";"DEL06-RJ";"UOP01-DEL06-RJ"