"id";"data_inversa";"dia_semana";"horario";"uf";"br";"km";"municipio";"causa_acidente";"tipo_acidente";"classificacao_acidente";"fase_dia";"sentido_via";"condicao_metereologica";"tipo_pista";"tracado_via";"uso_solo";"pessoas";"mortos";"feridos_leves";"feridos_graves";"ilesos";"ignorados";"feridos";"veiculos";"latitude";"longitude";"regional";"delegacia";"uop"
753323;2026-02-19;"quinta-feira";"08:35:00";"PE";232;45;"VITORIA DE SANTO ANTAO";"Demais falhas mecânicas ou elétricas";"Saída de leito carroçável";"Com Vítimas Feridas";"Pleno dia";"Crescente";"Céu Claro";"Dupla";"Reta";"Não";1;0;1;0;0;0;1;1;-8,128093;-35,281692;"SPRF-PE";"DEL02-PE";"UOP02-DEL02PE"
753328;2026-02-19;"quinta-feira";"12:30:00";"MG";262;779;"UBERABA";"Demais falhas mecânicas ou elétricas";"Incêndio";"Sem Vítimas";"Pleno dia";"Decrescente";"Céu Claro";"Simples";"Reta";"Não";2;0;0;0;1;1;0;2;-19,7613019;-47,8457403;"SPRF-MG";"DEL13-MG";"UOP01-DEL13-MG"
753332;2026-02-19;"quinta-feira";"12:50:00";"SP";116;158,7;"JACAREI";"Reação tardia ou ineficiente do condutor";"Colisão lateral mesmo sentido";"Com Vítimas Feridas";"Pleno dia";"Decrescente";"Sol";"Dupla";"Reta";"Sim";3;0;1;0;1;1;1;3;-23,26230006;-45,954304992;"SPRF-SP";"DEL02-SP";"UOP01-DEL02-SP"
753335;2026-02-19;"quinta-feira";"13:05:00";"PR";277;1;"PARANAGUA";"Ausência de reação do condutor";"Colisão lateral mesmo sentido";"Com Vítimas Feridas";"Pleno dia";"Crescente";"Céu Claro";"Simples";"Reta";"Sim";3;0;1;0;1;1;1;3;-25,50582996;-48,52572888;"SPRF-PR";"DEL01-PR";"UOP05-DEL01-PR"
753340;2026-02-19;"quinta-feira";"11:00:00";"PI";316;52,9;"MONSENHOR GIL";"Transitar na contramão";"Colisão lateral sentido oposto";"Com Vítimas Feridas";"Pleno dia";"Decrescente";"Sol";"Simples";"Curva;Aclive";"Não";6;0;3;0;2;2;3;6;-5,51958;-42,640322;"SPRF-PI";"DEL01-PI";"UOP02-DEL01-PI"
753342;2026-01-14;"quarta-feira";"17:14:00";"PR";376;183;"SARANDI";"Manobra de mudança de faixa";"Colisão lateral mesmo sentido";"Com Vítimas Feridas";"Pleno dia";"Decrescente";"Ignorado";"Dupla";"Reta";"Sim";2;0;1;0;1;0;1;2;-23,43608729;-51,88014356;"SPRF-PR";"DEL09-PR";"UOP01-DEL09-PR"
753347;2026-02-19;"quinta-feira";"14:40:00";"SC";101;274,8;"IMBITUBA";"Condutor deixou de manter distância do veículo da frente";"Colisão traseira";"Com Vítimas Fatais";"Pleno dia";"Decrescente";"Nublado";"Múltipla";"Reta";"Sim";2;1;0;0;1;0;0;2;-28,147561;-48,6918008;"SPRF-SC";"DEL02-SC";"UOP03-DEL02-SC"
753349;2026-02-19;"quinta-feira";"15:25:00";"SC";470;85,4;"RODEIO";"Manobra de mudança de faixa";"Colisão frontal";"Com Vítimas Fatais";"Pleno dia";"Crescente";"Céu Claro";"Simples";"Reta";"Não";6;1;1;1;1;2;2;4;-26,9526021;-49,3536507;"SPRF-SC";"DEL04-SC";"UOP01-DEL04-SC"
753350;2026-02-19;"quinta-feira";"15:30:00";"TO";153;700;"CARIRI DO TOCANTINS";"Frear bruscamente";"Colisão traseira";"Com Vítimas Feridas";"Pleno dia";"Crescente";"Nublado";"Simples";"Reta";"Não";3;0;1;0;1;6;1;8;-11,9474183;-49,1930417;"SPRF-TO";"DEL01-TO";"UOP02-DEL01-TO"
753351;2026-02-11;"quarta-feira";"20:40:00";"PR";277;498,3;"GUARANIACU";"Desrespeitar a preferência no cruzamento";"Colisão transversal";"Com Vítimas Feridas";"Plena Noite";"Decrescente";"Céu Claro";"Simples";"Curva;Declive";"Não";3;0;1;0;1;3;1;5;-25,183554;-52,666649;"SPRF-PR";"DEL04-PR";"UOP04-DEL04-PR"
753353;2026-02-19;"quinta-feira";"14:10:00";"MT";163;780;"SORRISO";"Ausência de reação do condutor";"Colisão traseira";"Sem Vítimas";"Pleno dia";"Decrescente";"Céu Claro";"Dupla";"Reta;Declive";"Não";3;0;0;0;3;0;0;2;-12,33551594;-55,59017658;"SPRF-MT";"DEL06-MT";"UOP02-DEL06-MT"
753357;2026-02-19;"quinta-feira";"13:10:00";"PR";277;715;"SANTA TEREZINHA DE ITAIPU";"Reação tardia ou ineficiente do condutor";"Colisão traseira";"Sem Vítimas";"Pleno dia";"Decrescente";"Céu Claro";"Dupla";"Reta";"Não";2;0;0;0;2;0;0;2;-25,46501137;-54,44884146;"SPRF-PR";"DEL05-PR";"UOP01-DEL05-PR"
753361;2026-02-19;"quinta-feira";"15:30:00";"SP";116;109;"TAUBATE";"Condutor deixou de manter distância do veículo da frente";"Engavetamento";"Com Vítimas Feridas";"Pleno dia";"Crescente";"Céu Claro";"Dupla";"Reta";"Sim";5;0;3;0;2;0;3;3;-23,02780596;-45,54419022;"SPRF-SP";"DEL02-SP";"UOP02-DEL02-SP"
753362;2026-01-18;"domingo";"03:30:00";"MG";116;710;"MURIAE";"Velocidade Incompatível";"Tombamento";"Com Vítimas Feridas";"Plena Noite";"Decrescente";"Céu Claro";"Simples";"Declive;Curva";"Não";3;0;0;1;0;2;1;3;-21,178425;-42,372915;"SPRF-MG";"DEL07-MG";"UOP02-DEL07-MG"
753375;2026-02-19;"quinta-feira";"15:50:00";"MG";262;359;"JUATUBA";"Ausência de reação do condutor";"Colisão lateral mesmo sentido";"Com Vítimas Feridas";"Pleno dia";"Crescente";"Chuva";"Dupla";"Curva";"Não";2;0;1;0;1;0;1;2;-19,97282145;-44,30454461;"SPRF-MG";"DEL01-MG";"UOP03-DEL01-MG"
753376;2026-02-19;"quinta-feira";"15:15:00";"SP";153;205;"GETULINA";"Condutor deixou de manter distância do veículo da frente";"Saída de leito carroçável";"Com Vítimas Feridas";"Pleno dia";"Crescente";"Céu Claro";"Simples";"Reta;Declive";"Não";2;0;1;0;0;1;1;2;-21,86778414;-49,906573;"SPRF-SP";"DEL07-SP";"UOP01-DEL07-SP"
753381;2026-01-25;"domingo";"16:10:00";"PA";155;248;"ELDORADO DO CARAJAS";"Condutor deixou de manter distância do veículo da frente";"Colisão traseira";"Com Vítimas Feridas";"Pleno dia";"Crescente";"Céu Claro";"Simples";"Reta";"Não";4;0;1;0;2;5;1;8;-6,12708;-49,3585;"SPRF-PA";"DEL03-PA";"UOP01-DEL03-PA"
753382;2026-02-19;"quinta-feira";"17:49:00";"TO";153;681;"CARIRI DO TOCANTINS";"Chuva";"Queda de ocupante de veículo";"Com Vítimas Feridas";"Anoitecer";"Crescente";"Chuva";"Simples";"Reta;Retorno Regulamentado";"Não";3;0;1;0;1;1;1;3;-11,78351828;-49,11364174;"SPRF-TO";"DEL01-TO";"UOP02-DEL01-TO"
753385;2026-02-19;"quinta-feira";"16:00:00";"MG";251;473;"FRANCISCO SA";"Problema com o freio";"Saída de leito carroçável";"Sem Vítimas";"Pleno dia";"Crescente";"Chuva";"Simples";"Reta;Declive";"Não";2;0;0;0;1;1;0;2;-16,467676;-43,43162;"SPRF-MG";"DEL12-MG";"UOP01-DEL12-MG"
753389;2026-02-19;"quinta-feira";"12:00:00";"PR";277;6;"PARANAGUA";"Acessar a via sem observar a presença dos outros veículos";"Colisão traseira";"Com Vítimas Feridas";"Pleno dia";"Decrescente";"Céu Claro";"Dupla";"Interseção de Vias";"Não";2;0;1;0;1;0;1;2;-25,56062151;-48,5811758;"SPRF-PR";"DEL01-PR";"UOP05-DEL01-PR"
753396;2026-02-19;"quinta-feira";"18:40:00";"MS";163;78,8;"ITAQUIRAI";"Desrespeitar a preferência no cruzamento";"Colisão transversal";"Com Vítimas Feridas";"Pleno dia";"Decrescente";"Céu Claro";"Simples";"Reta";"Não";4;0;2;0;2;0;2;2;-23,467559;-54,190026;"SPRF-MS";"DEL09-MS";"UOP01-DEL09-MS"
753401;2026-02-19;"quinta-feira";"18:40:00";"PR";376;499,5;"PONTA GROSSA";"Demais falhas mecânicas ou elétricas";"Engavetamento";"Com Vítimas Feridas";"Anoitecer";"Decrescente";"Céu Claro";"Dupla";"Declive;Reta";"Não";8;0;3;0;4;1;3;4;-25,18658588;-50,08667992;"SPRF-PR";"DEL03-PR";"UOP04-DEL03-PR"
753405;2026-02-19;"quinta-feira";"18:00:00";"MT";163;803;"SINOP";"Acessar a via sem observar a presença dos outros veículos";"Colisão transversal";"Com Vítimas Feridas";"Anoitecer";"Decrescente";"Nublado";"Simples";"Aclive";"Não";4;0;2;0;1;2;2;4;-12,15299138;-55,51361704;"SPRF-MT";"DEL06-MT";"UOP02-DEL06-MT"
753410;2026-02-19;"quinta-feira";"20:30:00";"MG";40;729;"OLIVEIRA FORTES";"Velocidade Incompatível";"Colisão com objeto";"Com Vítimas Feridas";"Plena Noite";"Crescente";"Nublado";"Dupla";"Declive;Curva";"Não";3;0;2;0;0;1;2;2;-21,34621481;-43,58217727;"SPRF-MG";"DEL05-MG";"UOP01-DEL05-MG"
753411;2026-02-19;"quinta-feira";"20:30:00";"GO";60;244,2;"INDIARA";"Velocidade Incompatível";"Saída de leito carroçável";"Com Vítimas Feridas";"Plena Noite";"Decrescente";"Chuva";"Dupla";"Curva";"Não";5;0;1;0;3;1;1;2;-17,106557;-49,929698;"SPRF-GO";"DEL01-GO";"UOP02-DEL01-GO"
753417;2026-02-19;"quinta-feira";"20:05:00";"SC";163;89,5;"GUARACIABA";"Manobra de mudança de faixa";"Colisão lateral sentido oposto";"Com Vítimas Feridas";"Plena Noite";"Crescente";"Chuva";"Simples";"Curva";"Não";3;0;2;0;1;0;2;2;-26,57377501;-53,5113456;"SPRF-SC";"DEL07-SC";"UOP03-DEL07-SC"
753424;2026-02-11;"quarta-feira";"21:10:00";"RJ";40;97;"DUQUE DE CAXIAS";"Pista Escorregadia";"Colisão com objeto";"Com Vítimas Fatais";"Plena Noite";"Crescente";"Garoa/Chuvisco";"Dupla";"Declive;Curva";"Não";2;1;0;0;0;1;0;2;-22,57113985;-43,28115463;"SPRF-RJ";"DEL01-RJ";"UOP01-DEL01-RJ"
753426;2026-02-19;"quinta-feira";"21:40:00";"PR";277;41,9;"MORRETES";"Reação tardia ou ineficiente do condutor";"Colisão traseira";"Com Vítimas Feridas";"Plena Noite";"Decrescente";"Nublado";"Dupla";"Reta;Declive";"Não";2;0;1;0;1;0;1;2;-25,58548282;-48,87588739;"SPRF-PR";"DEL01-PR";"UOP05-DEL01-PR"
753436;2026-02-19;"quinta-feira";"23:30:00";"PR";116;113;"CURITIBA";"Demais falhas mecânicas ou elétricas";"Incêndio";"Sem Vítimas";"Plena Noite";"Decrescente";"Nublado";"Dupla";"Reta";"Não";2;0;0;0;1;1;0;2;-25,546277;-49,294156;"SPRF-PR";"DEL01-PR";"UOP03-DEL01-PR"
753440;2026-02-19;"quinta-feira";"23:00:00";"BA";116;598;"IRAJUBA";"Acumulo de água sobre o pavimento";"Saída de leito carroçável";"Com Vítimas Feridas";"Plena Noite";"Decrescente";"Chuva";"Simples";"Declive;Curva";"Não";3;0;2;0;0;1;2;2;-13,30095481;-40,02528382;"SPRF-BA";"DEL03-BA";"UOP02-DEL03-BA"
753441;2026-02-20;"sexta-feira";"01:50:00";"MG";381;767,5;"CAMPANHA";"Velocidade Incompatível";"Colisão traseira";"Com Vítimas Feridas";"Plena Noite";"Crescente";"Nublado";"Dupla";"Reta";"Não";34;0;2;1;30;3;3;5;-21,72521815;-45,3817749;"SPRF-MG";"DEL16-MG";"UOP02-DEL16-MG"
753442;2026-02-20;"sexta-feira";"01:00:00";"BA";324;535;"CONCEICAO DO JACUIPE";"Reação tardia ou ineficiente do condutor";"Tombamento";"Com Vítimas Feridas";"Plena Noite";"Decrescente";"Chuva";"Dupla";"Reta;Declive";"Não";1;0;1;0;0;0;1;1;-12,352742;-38,831406;"SPRF-BA";"DEL11-BA";"UOP02-DEL11-BA"
753446;2026-02-20;"sexta-feira";"04:05:00";"PR";369;504,5;"CASCAVEL";"Condutor Dormindo";"Colisão traseira";"Com Vítimas Feridas";"Plena Noite";"Crescente";"Céu Claro";"Simples";"Reta";"Não";4;0;1;0;1;3;1;5;-24,9352343;-53,3962096;"SPRF-PR";"DEL04-PR";"UOP01-DEL04-PR"
753448;2026-02-20;"sexta-feira";"05:11:00";"CE";20;328;"CARIDADE";"Ultrapassagem Indevida";"Colisão lateral mesmo sentido";"Com Vítimas Feridas";"Amanhecer";"Decrescente";"Nevoeiro/Neblina";"Simples";"Reta";"Não";5;0;3;0;2;0;3;2;-4,215897;-39,190398;"SPRF-CE";"DEL02-CE";"UOP01-DEL02-CE"
753451;2026-02-20;"sexta-feira";"05:50:00";"MG";381;438,1;"SANTA LUZIA";"Velocidade Incompatível";"Colisão frontal";"Com Vítimas Fatais";"Amanhecer";"Crescente";"Céu Claro";"Simples";"Curva";"Não";6;3;0;1;0;2;1;3;-19,81558;-43,801551;"SPRF-MG";"DEL01-MG";"UOP01-DEL01-MG"
753464;2026-02-20;"sexta-feira";"06:00:00";"RJ";101;262;"RIO BONITO";"Curva acentuada";"Tombamento";"Com Vítimas Feridas";"Amanhecer";"Crescente";"Céu Claro";"Dupla";"Curva";"Sim";2;0;1;0;1;0;1;1;-22,71699473;-42,62187258;"SPRF-RJ";"DEL02-RJ";"UOP03-DEL02-RJ"
753468;2026-02-19;"quinta-feira";"23:00:00";"PR";376;439;"IPIRANGA";"Ausência de reação do condutor";"Saída de leito carroçável";"Com Vítimas Fatais";"Plena Noite";"Decrescente";"Nublado";"Dupla";"Curva;Aclive";"Não";2;1;0;0;0;1;0;2;-24,84964;-50,47231;"SPRF-PR";"DEL03-PR";"UOP02-DEL03-PR"
753470;2026-02-20;"sexta-feira";"06:10:00";"PA";230;12;"ALTAMIRA";"Pista Escorregadia";"Tombamento";"Com Vítimas Feridas";"Amanhecer";"Decrescente";"Chuva";"Simples";"Aclive;Reta";"Sim";2;0;1;0;0;1;1;2;-3,19993;-52,23701;"SPRF-PA";"DEL03-PA";"UOP01-DEL03-PA"
753471;2026-02-20;"sexta-feira";"07:30:00";"PR";476;147,5;"ARAUCARIA";"Acessar a via sem observar a presença dos outros veículos";"Colisão lateral mesmo sentido";"Com Vítimas Feridas";"Pleno dia";"Decrescente";"Nublado";"Dupla";"Reta";"Não";3;0;0;1;2;0;1;3;-25,556348;-49,34395;"SPRF-PR";"DEL01-PR";"UOP06-DEL01-PR"
753474;2026-02-20;"sexta-feira";"05:45:00";"PR";376;629;"SAO JOSE DOS PINHAIS";"Manobra de mudança de faixa";"Colisão lateral mesmo sentido";"Sem Vítimas";"Amanhecer";"Decrescente";"Nublado";"Dupla";"Curva";"Não";4;0;0;0;3;1;0;4;-25,69662039;-49,14463218;"SPRF-PR";"DEL01-PR";"UOP04-DEL01-PR"
753477;2026-02-20;"sexta-feira";"07:40:00";"PE";408;76,9;"PAUDALHO";"Manobra de mudança de faixa";"Colisão traseira";"Com Vítimas Fatais";"Pleno dia";"Decrescente";"Céu Claro";"Dupla";"Curva";"Não";2;1;0;0;1;0;0;2;-7,95411;-35,10702;"SPRF-PE";"DEL01-PE";"UOP01-DEL01-PE"
753479;2026-02-20;"sexta-feira";"07:00:00";"SP";116;305;"SAO LOURENCO DA SERRA";"Demais falhas mecânicas ou elétricas";"Colisão traseira";"Com Vítimas Feridas";"Pleno dia";"Decrescente";"Sol";"Dupla";"Aclive";"Não";4;0;1;0;3;0;1;3;-23,79055978;-46,97263336;"SPRF-SP";"DEL04-SP";"UOP01-DEL04-SP"
753487;2026-02-20;"sexta-feira";"07:00:00";"ES";101;263;"SERRA";"Manobra de mudança de faixa";"Colisão traseira";"Com Vítimas Feridas";"Pleno dia";"Decrescente";"Céu Claro";"Dupla";"Reta";"Sim";3;0;1;0;1;1;1;3;-20,16616941;-40,27254134;"SPRF-ES";"DEL02-ES";"UOP01-DEL02-ES"
753488;2026-02-19;"quinta-feira";"21:30:00";"MA";316;35,6;"JUNCO DO MARANHAO";"Pista esburacada";"Colisão frontal";"Com Vítimas Feridas";"Plena Noite";"Crescente";"Nublado";"Simples";"Reta";"Não";2;0;1;0;1;0;1;2;-1,897388;-46,058477;"SPRF-MA";"DEL02-MA";"UOP02-DEL02-MA"
753490;2026-02-20;"sexta-feira";"08:15:00";"ES";101;297,6;"VIANA";"Manobra de mudança de faixa";"Engavetamento";"Com Vítimas Feridas";"Pleno dia";"Crescente";"Céu Claro";"Dupla";"Reta";"Não";4;0;1;0;3;0;1;4;-20,350817;-40,41288;"SPRF-ES";"DEL01-ES";"UOP01-DEL01-ES"
753491;2026-02-20;"sexta-feira";"08:50:00";"PR";116;98;"SAO JOSE DOS PINHAIS";"Reação tardia ou ineficiente do condutor";"Engavetamento";"Com Vítimas Feridas";"Pleno dia";"Crescente";"Céu Claro";"Múltipla";"Reta";"Sim";7;0;3;1;2;3;4;7;-25,55414873;-49,14981572;"SPRF-PR";"DEL01-PR";"UOP07-DEL01-PR"
753497;2026-02-20;"sexta-feira";"08:28:00";"PE";101;51;"ABREU E LIMA";"Reação tardia ou ineficiente do condutor";"Colisão lateral mesmo sentido";"Com Vítimas Feridas";"Pleno dia";"Crescente";"Céu Claro";"Múltipla";"Reta";"Sim";4;0;2;0;1;1;2;3;-7,914322;-34,899227;"SPRF-PE";"DEL01-PE";"UOP02-DEL01-PE"
753499;2026-02-20;"sexta-feira";"08:30:00";"PE";232;129,5;"CARUARU";"Condutor deixou de manter distância do veículo da frente";"Colisão traseira";"Com Vítimas Feridas";"Pleno dia";"Decrescente";"Céu Claro";"Dupla";"Curva";"Sim";2;0;1;0;1;0;1;2;-8,29979421;-35,99226085;"SPRF-PE";"DEL02-PE";"UOP03-DEL02-PE"
753503;2026-02-20;"sexta-feira";"10:10:00";"BA";324;608;"SIMOES FILHO";"Acumulo de água sobre o pavimento";"Colisão com objeto";"Com Vítimas Feridas";"Pleno dia";"Decrescente";"Chuva";"Dupla";"Declive;Curva";"Não";1;0;1;0;0;0;1;1;-12,79387905;-38,40530397;"SPRF-BA";"DEL01-BA";"UOP01-DEL01-BA"
753504;2026-02-20;"sexta-feira";"08:00:00";"MA";135;0,4;"SAO LUIS";"Reação tardia ou ineficiente do condutor";"Colisão traseira";"Com Vítimas Feridas";"Pleno dia";"Decrescente";"Céu Claro";"Dupla";"Reta";"Sim";2;0;1;0;1;0;1;2;-2,583895;-44,242577;"SPRF-MA";"DEL01-MA";"UOP01-DEL01-MA"
753509;2026-02-20;"sexta-feira";"09:00:00";"PE";232;419;"SERRA TALHADA";"Ultrapassagem Indevida";"Tombamento";"Com Vítimas Feridas";"Pleno dia";"Decrescente";"Céu Claro";"Simples";"Reta";"Não";2;0;1;0;0;2;1;3;-7,99921;-38,37898;"SPRF-PE";"DEL04-PE";"UOP01-DEL04-PE"
753513;2026-02-20;"sexta-feira";"10:03:00";"RN";226;13,7;"ACARI";"Reação tardia ou ineficiente do condutor";"Colisão transversal";"Com Vítimas Feridas";"Pleno dia";"Decrescente";"Céu Claro";"Simples";"Curva";"Não";4;0;0;2;2;0;2;2;-6,34507081;-36,58576012;"SPRF-RN";"DEL01-RN";"UOP02-DEL01-RN"
753514;2026-02-20;"sexta-feira";"10:47:00";"RS";386;39;"FREDERICO WESTPHALEN";"Reação tardia ou ineficiente do condutor";"Saída de leito carroçável";"Com Vítimas Fatais";"Pleno dia";"Decrescente";"Nublado";"Simples";"Curva";"Sim";2;1;0;0;0;2;0;3;-27,40063011;-53,40406805;"SPRF-RS";"DEL08-RS";"UOP02-DEL08-RS"
753515;2026-01-15;"quinta-feira";"18:56:00";"PA";163;239;"NOVO PROGRESSO";"Reação tardia ou ineficiente do condutor";"Colisão com objeto";"Com Vítimas Feridas";"Anoitecer";"Crescente";"Ignorado";"Simples";"Reta";"Não";2;0;2;0;0;0;2;2;-7,6091511;-55,2367836;"SPRF-PA";"DEL05-PA";"UOP03-DEL05-PA"
753516;2026-02-20;"sexta-feira";"12:10:00";"SP";116;73,2;"APARECIDA";"Ausência de reação do condutor";"Colisão com objeto";"Com Vítimas Feridas";"Pleno dia";"Crescente";"Sol";"Dupla";"Declive;Curva";"Não";1;0;0;1;0;0;1;1;-22,87149411;-45,24612872;"SPRF-SP";"DEL08-SP";"UOP01-DEL08-SP"
753520;2026-02-20;"sexta-feira";"10:30:00";"AM";174;909;"MANAUS";"Condutor Dormindo";"Colisão frontal";"Com Vítimas Feridas";"Pleno dia";"Crescente";"Céu Claro";"Simples";"Curva";"Não";5;0;2;1;1;1;3;3;-2,7604373;-60,03725;"SPRF-AM";"DEL01-AM";"UOP01-DEL01-AM"
753522;2026-02-20;"sexta-feira";"11:00:00";"PE";232;448;"SAO JOSE DO BELMONTE";"Transitar na contramão";"Colisão frontal";"Com Vítimas Fatais";"Pleno dia";"Crescente";"Céu Claro";"Simples";"Reta";"Não";3;1;0;0;1;3;0;5;-7,9924429;-38,6251071;"SPRF-PE";"DEL04-PE";"UOP01-DEL04-PE"
753524;2026-02-20;"sexta-feira";"13:00:00";"SC";470;130;"LONTRAS";"Acessar a via sem observar a presença dos outros veículos";"Colisão transversal";"Com Vítimas Feridas";"Pleno dia";"Decrescente";"Céu Claro";"Simples";"Reta";"Sim";4;0;2;0;1;1;2;3;-27,160178;-49,556325;"SPRF-SC";"DEL04-SC";"UOP02-DEL04-SC"
753526;2026-02-20;"sexta-feira";"12:55:00";"PR";376;276;"MARILANDIA DO SUL";"Condutor Dormindo";"Colisão traseira";"Com Vítimas Feridas";"Pleno dia";"Crescente";"Chuva";"Dupla";"Reta";"Não";3;0;1;0;1;2;1;4;-23,79937;-51,2619;"SPRF-PR";"DEL07-PR";"UOP02-DEL07-PR"
753528;2026-02-20;"sexta-feira";"09:10:00";"MG";262;721,6;"PERDIZES";"Reação tardia ou ineficiente do condutor";"Colisão com objeto";"Com Vítimas Feridas";"Pleno dia";"Decrescente";"Céu Claro";"Múltipla";"Reta";"Não";4;0;1;0;2;1;1;3;-19,617727;-47,346669;"SPRF-MG";"DEL08-MG";"UOP01-DEL08-MG"
753530;2026-02-20;"sexta-feira";"14:20:00";"SC";101;41;"JOINVILLE";"Reação tardia ou ineficiente do condutor";"Colisão traseira";"Com Vítimas Feridas";"Pleno dia";"Decrescente";"Garoa/Chuvisco";"Dupla";"Viaduto;Reta";"Não";4;0;1;0;3;0;1;3;-26,31868;-48,871693;"SPRF-SC";"DEL03-SC";"UOP01-DEL03-SC"
753541;2026-02-20;"sexta-feira";"13:10:00";"MT";364;198;"RONDONOPOLIS";"Demais falhas mecânicas ou elétricas";"Saída de leito carroçável";"Com Vítimas Feridas";"Pleno dia";"Decrescente";"Céu Claro";"Dupla";"Curva";"Sim";2;0;1;0;0;1;1;2;-16,50650726;-54,62284148;"SPRF-MT";"DEL02-MT";"UOP01-DEL02-MT"
753543;2026-01-29;"quinta-feira";"16:00:00";"AM";174;885;"MANAUS";"Ausência de reação do condutor";"Colisão traseira";"Com Vítimas Feridas";"Pleno dia";"Crescente";"Céu Claro";"Simples";"Reta";"Sim";4;0;1;0;3;0;1;3;-2,968;-60,119;"SPRF-AM";"DEL01-AM";"UOP01-DEL01-AM"
753547;2026-02-20;"sexta-feira";"09:30:00";"MT";364;439;"VARZEA GRANDE";"Ultrapassagem Indevida";"Colisão lateral mesmo sentido";"Com Vítimas Fatais";"Pleno dia";"Crescente";"Céu Claro";"Simples";"Reta";"Não";5;2;1;0;1;3;1;6;-15,60747;-56,20321;"SPRF-MT";"DEL01-MT";"UOP02-DEL01-MT"
753549;2026-02-20;"sexta-feira";"12:00:00";"PR";476;99,4;"BOCAIUVA DO SUL";"Reação tardia ou ineficiente do condutor";"Colisão lateral sentido oposto";"Com Vítimas Feridas";"Pleno dia";"Decrescente";"Céu Claro";"Simples";"Declive;Curva";"Não";5;0;1;0;2;2;1;4;-25,242177;-49,129964;"SPRF-PR";"DEL01-PR";"UOP01-DEL01-PR"
753550;2026-02-20;"sexta-feira";"15:00:00";"SP";116;116;"TAUBATE";"Reação tardia ou ineficiente do condutor";"Colisão traseira";"Com Vítimas Feridas";"Pleno dia";"Decrescente";"Céu Claro";"Dupla";"Reta";"Não";3;0;1;0;2;0;1;2;-23,0545276;-45,61023951;"SPRF-SP";"DEL02-SP";"UOP02-DEL02-SP"
753554;2026-02-20;"sexta-feira";"15:50:00";"RS";386;233;"SOLEDADE";"Transitar na contramão";"Colisão frontal";"Com Vítimas Fatais";"Pleno dia";"Decrescente";"Céu Claro";"Simples";"Curva";"Não";6;1;3;0;1;1;3;3;-28,7157066;-52,5661844;"SPRF-RS";"DEL04-RS";"UOP03-DEL04-RS"
753557;2026-01-17;"sábado";"12:30:00";"PR";153;469;"PORTO VITORIA";"Velocidade Incompatível";"Tombamento";"Com Vítimas Feridas";"Pleno dia";"Crescente";"Céu Claro";"Simples";"Curva";"Não";2;0;1;0;0;1;1;2;-26,2889867;-51,1991464;"SPRF-PR";"DEL02-PR";"UOP03-DEL02-PR"
753558;2026-02-20;"sexta-feira";"15:20:00";"BA";101;114;"ALAGOINHAS";"Ausência de reação do condutor";"Colisão frontal";"Com Vítimas Feridas";"Pleno dia";"Crescente";"Céu Claro";"Simples";"Curva";"Sim";4;0;1;1;1;1;2;3;-12,11217302;-38,38726044;"SPRF-BA";"DEL01-BA";"UOP04-DEL01-BA"
753564;2026-02-20;"sexta-feira";"16:00:00";"BA";135;152;"RIACHAO DAS NEVES";"Acostamento em desnível";"Tombamento";"Com Vítimas Feridas";"Pleno dia";"Crescente";"Chuva";"Simples";"Reta";"Não";2;0;1;0;0;1;1;2;-11,956214;-44,91024;"SPRF-BA";"DEL10-BA";"UOP01-DEL10-BA"
753570;2026-02-20;"sexta-feira";"16:00:00";"TO";153;217;"NOVA OLINDA";"Acessar a via sem observar a presença dos outros veículos";"Colisão transversal";"Com Vítimas Feridas";"Pleno dia";"Decrescente";"Céu Claro";"Simples";"Retorno Regulamentado;Rotatória";"Não";2;0;0;1;1;0;1;2;-7,80095;-48,456929;"SPRF-TO";"DEL02-TO";"UOP01-DEL02-TO"
753578;2026-02-20;"sexta-feira";"16:25:00";"MG";381;743,2;"TRES CORACOES";"Ausência de reação do condutor";"Colisão traseira";"Com Vítimas Feridas";"Pleno dia";"Decrescente";"Céu Claro";"Dupla";"Reta";"Não";3;0;1;0;1;1;1;3;-21,6101433;-45,2432967;"SPRF-MG";"DEL16-MG";"UOP02-DEL16-MG"
753581;2026-02-20;"sexta-feira";"17:30:00";"PB";230;424,3;"POMBAL";"Transitar na contramão";"Colisão lateral sentido oposto";"Com Vítimas Feridas";"Anoitecer";"Crescente";"Nublado";"Simples";"Aclive;Reta";"Não";11;0;9;0;1;2;9;4;-6,735933;-37,924178;"SPRF-PB";"DEL03-PB";"UOP02-DEL03-PB"
753587;2026-02-20;"sexta-feira";"15:00:00";"RJ";40;108;"DUQUE DE CAXIAS";"Reação tardia ou ineficiente do condutor";"Colisão traseira";"Com Vítimas Feridas";"Pleno dia";"Decrescente";"Nublado";"Dupla";"Aclive;Curva";"Sim";3;0;1;0;1;1;1;3;-22,67089195;-43,28415368;"SPRF-RJ";"DEL01-RJ";"UOP02-DEL01-RJ"
753601;2026-02-20;"sexta-feira";"17:05:00";"MT";163;856;"SINOP";"Acessar a via sem observar a presença dos outros veículos";"Colisão transversal";"Com Vítimas Feridas";"Pleno dia";"Crescente";"Céu Claro";"Simples";"Interseção de Vias;Reta";"Não";3;0;0;1;1;2;1;4;-11,6815779;-55,4484626;"SPRF-MT";"DEL06-MT";"UOP02-DEL06-MT"