"id";"data_inversa";"dia_semana";"horario";"uf";"br";"km";"municipio";"causa_acidente";"tipo_acidente";"classificacao_acidente";"fase_dia";"sentido_via";"condicao_metereologica";"tipo_pista";"tracado_via";"uso_solo";"pessoas";"mortos";"feridos_leves";"feridos_graves";"ilesos";"ignorados";"feridos";"veiculos";"latitude";"longitude";"regional";"delegacia";"uop"
753606;2026-02-20;"sexta-feira";"18:20:00";"MG";381;559;"ITAGUARA";"Velocidade Incompatível";"Colisão com objeto";"Com Vítimas Feridas";"Plena Noite";"Crescente";"Chuva";"Dupla";"Curva";"Não";3;0;1;0;1;2;1;4;-20,36472966;-44,46745813;"SPRF-MG";"DEL04-MG";"UOP03-DEL04-MG"
753608;2026-02-20;"sexta-feira";"19:40:00";"PR";376;668;"GUARATUBA";"Avarias e/ou desgaste excessivo no pneu";"Colisão com objeto";"Com Vítimas Feridas";"Plena Noite";"Decrescente";"Garoa/Chuvisco";"Dupla";"Curva;Declive";"Não";5;0;1;0;4;0;1;2;-25,86642;-48,93395;"SPRF-PR";"DEL01-PR";"UOP04-DEL01-PR"
753612;2026-02-20;"sexta-feira";"19:50:00";"MG";262;438,1;"NOVA SERRANA";"Ausência de reação do condutor";"Colisão traseira";"Com Vítimas Fatais";"Plena Noite";"Crescente";"Céu Claro";"Dupla";"Reta";"Não";3;1;0;0;1;2;0;4;-19,87116561;-44,97724316;"SPRF-MG";"DEL08-MG";"UOP03-DEL08-MG"
753620;2026-02-20;"sexta-feira";"19:35:00";"PR";116;116;"CURITIBA";"Reação tardia ou ineficiente do condutor";"Colisão lateral mesmo sentido";"Com Vítimas Feridas";"Plena Noite";"Crescente";"Nublado";"Dupla";"Reta";"Sim";3;0;1;0;1;1;1;3;-25,5507208;-49,3051241;"SPRF-PR";"DEL01-PR";"UOP03-DEL01-PR"
753622;2026-02-20;"sexta-feira";"15:10:00";"SC";116;211,6;"PONTE ALTA";"Reação tardia ou ineficiente do condutor";"Capotamento";"Com Vítimas Feridas";"Pleno dia";"Decrescente";"Céu Claro";"Simples";"Declive;Curva";"Não";1;0;1;0;0;0;1;1;-27,50968;-50,36439;"SPRF-SC";"DEL05-SC";"UOP03-DEL05-SC"
753625;2026-02-20;"sexta-feira";"19:40:00";"RS";101;53,2;"TERRA DE AREIA";"Pedestre andava na pista";"Atropelamento de Pedestre";"Com Vítimas Fatais";"Plena Noite";"Decrescente";"Chuva";"Dupla";"Reta";"Não";3;1;0;0;1;1;0;3;-29,632191;-50,1015416;"SPRF-RS";"DEL03-RS";"UOP02-DEL03-RS"
753626;2026-02-20;"sexta-feira";"10:50:00";"MG";153;236;"FRONTEIRA";"Demais falhas na via";"Colisão lateral mesmo sentido";"Com Vítimas Feridas";"Pleno dia";"Crescente";"Nublado";"Simples";"Reta";"Não";2;0;1;0;0;1;1;2;-20,2645523;-49,17745471;"SPRF-MG";"DEL13-MG";"UOP02-DEL13-MG"
753627;2026-02-20;"sexta-feira";"07:45:00";"BA";116;438;"ANTONIO CARDOSO";"Demais falhas na via";"Saída de leito carroçável";"Sem Vítimas";"Pleno dia";"Crescente";"Céu Claro";"Dupla";"Declive";"Não";2;0;0;0;1;1;0;2;-12,35324551;-39,09458821;"SPRF-BA";"DEL02-BA";"UOP01-DEL02-BA"
753629;2026-02-20;"sexta-feira";"20:15:00";"MG";40;555;"NOVA LIMA";"Reação tardia ou ineficiente do condutor";"Colisão traseira";"Com Vítimas Feridas";"Plena Noite";"Decrescente";"Céu Claro";"Dupla";"Reta";"Não";3;0;1;1;1;0;2;2;-20,08305949;-43,97805691;"SPRF-MG";"DEL01-MG";"UOP02-DEL01-MG"
753640;2026-02-20;"sexta-feira";"21:15:00";"PR";277;133;"BALSA NOVA";"Reação tardia ou ineficiente do condutor";"Colisão traseira";"Com Vítimas Feridas";"Plena Noite";"Decrescente";"Garoa/Chuvisco";"Dupla";"Reta";"Não";4;0;1;0;2;2;1;4;-25,464622;-49,592273;"SPRF-PR";"DEL03-PR";"UOP03-DEL03-PR"
753642;2026-02-20;"sexta-feira";"16:00:00";"MG";251;235;"SANTA CRUZ DE SALINAS";"Transitar na contramão";"Colisão lateral sentido oposto";"Com Vítimas Feridas";"Pleno dia";"Crescente";"Nublado";"Simples";"Curva;Declive";"Não";5;0;2;0;2;2;2;4;-15,9746321;-41,7242132;"SPRF-MG";"DEL12-MG";"UOP02-DEL12-MG"
753643;2026-02-20;"sexta-feira";"19:55:00";"RO";364;371,8;"OURO PRETO DO OESTE";"Transitar na contramão";"Colisão frontal";"Com Vítimas Fatais";"Plena Noite";"Crescente";"Céu Claro";"Simples";"Reta;Aclive";"Não";4;1;0;0;3;0;0;3;-10,7540463;-62,16250129;"SPRF-RO";"DEL02-RO";"UOP01-DEL02-RO"
753663;2026-02-09;"segunda-feira";"17:10:00";"SC";282;301;"VARGEM";"Reação tardia ou ineficiente do condutor";"Tombamento";"Com Vítimas Feridas";"Pleno dia";"Decrescente";"Céu Claro";"Simples";"Curva;Declive";"Não";2;0;1;0;0;2;1;3;-27,51124413;-50,92306423;"SPRF-SC";"DEL07-SC";"UOP06-DEL07-SC"
753664;2026-02-21;"sábado";"00:20:00";"SP";116;201;"ARUJA";"Acessar a via sem observar a presença dos outros veículos";"Colisão lateral mesmo sentido";"Com Vítimas Feridas";"Plena Noite";"Decrescente";"Céu Claro";"Dupla";"Reta";"Sim";2;0;1;0;1;0;1;2;-23,40478293;-46,333323;"SPRF-SP";"DEL01-SP";"UOP01-DEL01-SP"
753665;2026-02-21;"sábado";"00:20:00";"SC";101;28;"JOINVILLE";"Ingestão de álcool pelo condutor";"Colisão traseira";"Sem Vítimas";"Plena Noite";"Crescente";"Chuva";"Dupla";"Reta";"Não";3;0;0;0;1;2;0;3;-26,21578095;-48,91601309;"SPRF-SC";"DEL03-SC";"UOP01-DEL03-SC"
753670;2026-02-21;"sábado";"01:15:00";"PA";10;137;"PARAGOMINAS";"Condutor Dormindo";"Colisão traseira";"Com Vítimas Fatais";"Plena Noite";"Crescente";"Nublado";"Simples";"Aclive;Reta";"Não";4;1;0;2;1;0;2;2;-3,238474;-47,476817;"SPRF-PA";"DEL02-PA";"UOP01-DEL02-PA"
753679;2026-02-21;"sábado";"04:26:00";"SP";116;175,3;"GUARAREMA";"Reação tardia ou ineficiente do condutor";"Tombamento";"Com Vítimas Fatais";"Plena Noite";"Decrescente";"Céu Claro";"Dupla";"Reta";"Não";2;1;0;0;1;0;0;2;-23,321831;-46,105939;"SPRF-SP";"DEL01-SP";"UOP01-DEL01-SP"
753681;2026-02-21;"sábado";"03:30:00";"SC";101;456,1;"SAO JOAO DO SUL";"Condutor deixou de manter distância do veículo da frente";"Colisão traseira";"Com Vítimas Feridas";"Plena Noite";"Crescente";"Chuva";"Múltipla";"Reta";"Não";4;0;1;0;2;1;1;4;-29,2323339;-49,7586286;"SPRF-SC";"DEL02-SC";"UOP02-DEL02-SC"
753682;2026-02-21;"sábado";"04:05:00";"SC";116;228,4;"CORREIA PINTO";"Ausência de reação do condutor";"Saída de leito carroçável";"Com Vítimas Fatais";"Plena Noite";"Decrescente";"Garoa/Chuvisco";"Simples";"Reta";"Não";2;1;0;0;0;2;0;3;-27,65556;-50,33627;"SPRF-SC";"DEL05-SC";"UOP03-DEL05-SC"
753697;2026-02-21;"sábado";"05:32:00";"GO";153;81,1;"PORANGATU";"Transitar na contramão";"Colisão transversal";"Com Vítimas Feridas";"Amanhecer";"Crescente";"Nublado";"Simples";"Reta";"Não";4;0;1;1;1;1;2;3;-13,528637;-49,112814;"SPRF-GO";"DEL07-GO";"UOP01-DEL07-GO"
753706;2026-02-21;"sábado";"08:05:00";"MT";70;34;"BARRA DO GARCAS";"Falta de acostamento";"Saída de leito carroçável";"Com Vítimas Feridas";"Pleno dia";"Decrescente";"Céu Claro";"Simples";"Reta";"Não";3;0;1;0;0;2;1;3;-15,7866883;-52,49316;"SPRF-MT";"DEL07-MT";"UOP01-DEL07-MT"
753733;2026-02-21;"sábado";"11:30:00";"PR";277;34;"MORRETES";"Manobra de mudança de faixa";"Colisão lateral mesmo sentido";"Com Vítimas Feridas";"Pleno dia";"Decrescente";"Céu Claro";"Dupla";"Reta";"Não";4;0;1;0;2;1;1;3;-25,572867;-48,822554;"SPRF-PR";"DEL01-PR";"UOP05-DEL01-PR"
753737;2026-02-08;"domingo";"07:00:00";"SC";101;269,9;"IMBITUBA";"Manobra de mudança de faixa";"Colisão traseira";"Com Vítimas Feridas";"Pleno dia";"Decrescente";"Céu Claro";"Dupla";"Reta";"Não";5;0;3;1;1;0;4;2;-28,10223;-48,703617;"SPRF-SC";"DEL02-SC";"UOP03-DEL02-SC"
753739;2026-02-21;"sábado";"06:30:00";"BA";116;56,6;"CHORROCHO";"Problema com o freio";"Incêndio";"Sem Vítimas";"Pleno dia";"Crescente";"Nublado";"Simples";"Reta";"Não";2;0;0;0;1;1;0;2;-9,103917;-39,14057;"SPRF-PE";"DEL05-PE";"UOP03-DEL05-PE"
753742;2026-02-21;"sábado";"13:10:00";"SC";101;186;"BIGUACU";"Manobra de mudança de faixa";"Colisão lateral mesmo sentido";"Com Vítimas Feridas";"Pleno dia";"Decrescente";"Céu Claro";"Dupla";"Curva";"Sim";4;0;2;0;1;1;2;3;-27,43389;-48,62532;"SPRF-SC";"DEL01-SC";"UOP01-DEL01-SC"
753743;2026-02-21;"sábado";"13:30:00";"GO";70;327;"JUSSARA";"Acumulo de água sobre o pavimento";"Colisão lateral sentido oposto";"Com Vítimas Feridas";"Pleno dia";"Crescente";"Chuva";"Simples";"Curva";"Não";3;0;1;0;1;1;1;3;-15,86778;-50,937012;"SPRF-GO";"DEL04-GO";"UOP02-DEL04-GO"
753746;2026-02-21;"sábado";"13:15:00";"MG";262;711;"PERDIZES";"Transitar na contramão";"Colisão frontal";"Com Vítimas Fatais";"Pleno dia";"Crescente";"Céu Claro";"Simples";"Curva";"Não";3;1;0;0;1;1;0;3;-19,623681;-47,268106;"SPRF-MG";"DEL08-MG";"UOP01-DEL08-MG"
753747;2026-02-21;"sábado";"12:05:00";"SP";116;499;"CAJATI";"Problema com o freio";"Incêndio";"Sem Vítimas";"Pleno dia";"Decrescente";"Chuva";"Dupla";"Reta";"Não";2;0;0;0;1;2;0;3;-24,78705065;-48,17686049;"SPRF-SP";"DEL05-SP";"UOP02-DEL05-SP"
753751;2026-02-21;"sábado";"12:30:00";"MG";40;253;"SAO GONCALO DO ABAETE";"Ausência de reação do condutor";"Colisão com objeto";"Com Vítimas Feridas";"Pleno dia";"Crescente";"Ignorado";"Simples";"Reta";"Não";2;0;0;1;0;1;1;2;-18,13385409;-45,40887326;"SPRF-MG";"DEL14-MG";"UOP02-DEL14-MG"
753753;2026-02-21;"sábado";"14:00:00";"BA";324;513;"FEIRA DE SANTANA";"Condutor desrespeitou a iluminação vermelha do semáforo";"Colisão transversal";"Com Vítimas Feridas";"Pleno dia";"Crescente";"Nublado";"Simples";"Reta;Interseção de Vias";"Sim";2;0;1;0;1;0;1;2;-12,2332;-38,9478;"SPRF-BA";"DEL02-BA";"UOP01-DEL02-BA"
753754;2026-02-21;"sábado";"14:15:00";"SC";101;6,1;"GARUVA";"Ultrapassagem Indevida";"Queda de ocupante de veículo";"Com Vítimas Feridas";"Pleno dia";"Decrescente";"Chuva";"Simples";"Reta;Aclive";"Não";3;0;0;1;1;1;1;3;-26,02807637;-48,86084676;"SPRF-SC";"DEL03-SC";"UOP01-DEL03-SC"
753761;2026-02-21;"sábado";"14:49:00";"RJ";101;326;"RIO DE JANEIRO";"Manobra de mudança de faixa";"Colisão lateral mesmo sentido";"Sem Vítimas";"Pleno dia";"Crescente";"Céu Claro";"Múltipla";"Reta";"Sim";5;0;0;0;4;1;0;5;-22,87160606;-43,15461731;"SPRF-RJ";"DEL02-RJ";"UOP01-DEL02-RJ"
753765;2026-02-21;"sábado";"14:00:00";"MG";153;116;"PRATA";"Demais falhas mecânicas ou elétricas";"Incêndio";"Sem Vítimas";"Pleno dia";"Crescente";"Céu Claro";"Simples";"Reta";"Não";2;0;0;0;2;0;0;1;-19,36897;-48,899383;"SPRF-MG";"DEL15-MG";"UOP03-DEL15-MG"
753774;2026-02-21;"sábado";"14:20:00";"MT";364;560;"NOBRES";"Ausência de reação do condutor";"Saída de leito carroçável";"Com Vítimas Fatais";"Pleno dia";"Decrescente";"Céu Claro";"Dupla";"Reta";"Não";3;1;1;0;0;1;1;3;-14,73714;-56,31958;"SPRF-MT";"DEL01-MT";"UOP01-DEL01-MT"
753778;2026-02-21;"sábado";"14:29:00";"RJ";101;175;"MACAE";"Ausência de reação do condutor";"Colisão traseira";"Com Vítimas Feridas";"Pleno dia";"Decrescente";"Nublado";"Simples";"Retorno Regulamentado";"Não";3;0;1;0;2;0;1;2;-22,37939489;-41,96959577;"SPRF-RJ";"DEL08-RJ";"UOP04-DEL08-RJ"
753779;2026-02-21;"sábado";"10:40:00";"MT";364;523;"ROSARIO OESTE";"Demais falhas mecânicas ou elétricas";"Incêndio";"Sem Vítimas";"Pleno dia";"Decrescente";"Céu Claro";"Simples";"Reta";"Não";2;0;0;0;1;3;0;4;-14,99479;-56,5174;"SPRF-MT";"DEL01-MT";"UOP01-DEL01-MT"
753780;2026-02-21;"sábado";"15:45:00";"RJ";393;239;"VASSOURAS";"Velocidade Incompatível";"Colisão traseira";"Com Vítimas Feridas";"Pleno dia";"Crescente";"Chuva";"Simples";"Reta;Aclive";"Não";5;0;3;0;1;1;3;3;-22,4289433;-43,7048133;"SPRF-RJ";"DEL05-RJ";"UOP04-DEL05-RJ"
753790;2026-02-21;"sábado";"17:10:00";"MG";364;9;"FRUTAL";"Demais falhas mecânicas ou elétricas";"Capotamento";"Com Vítimas Feridas";"Pleno dia";"Decrescente";"Céu Claro";"Simples";"Declive;Reta";"Não";2;0;1;1;0;0;2;1;-20,1040318;-48,73918025;"SPRF-MG";"DEL13-MG";"UOP02-DEL13-MG"
753797;2026-02-21;"sábado";"17:45:00";"SE";235;37,9;"AREIA BRANCA";"Reação tardia ou ineficiente do condutor";"Saída de leito carroçável";"Sem Vítimas";"Plena Noite";"Crescente";"Chuva";"Simples";"Aclive;Reta";"Não";1;0;0;0;1;0;0;1;-10,77044722;-37,34598247;"SPRF-SE";"DEL01-SE";"UOP02-DEL01-SE"
753798;2026-02-21;"sábado";"16:00:00";"RJ";393;284;"VOLTA REDONDA";"Condutor Dormindo";"Colisão com objeto";"Com Vítimas Feridas";"Pleno dia";"Decrescente";"Nublado";"Dupla";"Aclive;Interseção de Vias";"Sim";2;0;1;0;1;0;1;2;-22,50561348;-44,0734884;"SPRF-RJ";"DEL05-RJ";"UOP04-DEL05-RJ"
753801;2026-02-21;"sábado";"18:00:00";"PR";277;694,5;"SAO MIGUEL DO IGUACU";"Acesso irregular";"Colisão transversal";"Sem Vítimas";"Pleno dia";"Decrescente";"Céu Claro";"Dupla";"Reta;Declive";"Não";5;0;0;0;4;1;0;3;-25,372832;-54,271222;"SPRF-PR";"DEL05-PR";"UOP01-DEL05-PR"
753804;2026-02-21;"sábado";"17:00:00";"MT";163;869;"SINOP";"Problema com o freio";"Incêndio";"Sem Vítimas";"Pleno dia";"Crescente";"Céu Claro";"Simples";"Aclive;Reta";"Não";2;0;0;0;1;1;0;2;-11,572322;-55,412298;"SPRF-MT";"DEL06-MT";"UOP02-DEL06-MT"
753805;2026-02-21;"sábado";"16:30:00";"GO";20;77,4;"FORMOSA";"Ultrapassagem Indevida";"Colisão frontal";"Com Vítimas Fatais";"Pleno dia";"Crescente";"Céu Claro";"Simples";"Reta";"Não";4;2;0;0;1;1;0;3;-15,109285;-47,121853;"SPRF-DF";"DEL02-DF";"UOP02-DEL02-DF"
753806;2026-02-21;"sábado";"15:45:00";"MA";10;312,5;"ACAILANDIA";"Problema com o freio";"Incêndio";"Sem Vítimas";"Pleno dia";"Decrescente";"Céu Claro";"Dupla";"Curva";"Não";1;0;0;0;1;0;0;1;-5,00454;-47,54037;"SPRF-MA";"DEL04-MA";"UOP03-DEL04-MA"
753812;2026-02-21;"sábado";"17:40:00";"SE";235;29,4;"AREIA BRANCA";"Demais falhas mecânicas ou elétricas";"Incêndio";"Sem Vítimas";"Plena Noite";"Crescente";"Chuva";"Simples";"Reta";"Não";1;0;0;0;1;0;0;1;-10,78253666;-37,29201257;"SPRF-SE";"DEL01-SE";"UOP02-DEL01-SE"
753816;2026-01-21;"quarta-feira";"15:44:00";"PA";163;313;"NOVO PROGRESSO";"Ausência de reação do condutor";"Colisão lateral sentido oposto";"Sem Vítimas";"Pleno dia";"Decrescente";"Ignorado";"Simples";"Reta";"Sim";4;0;0;0;0;9;0;9;-7,02022739;-55,42119741;"SPRF-PA";"DEL05-PA";"UOP03-DEL05-PA"
753817;2026-02-21;"sábado";"16:30:00";"MS";163;251;"DOURADOS";"Acessar a via sem observar a presença dos outros veículos";"Colisão transversal";"Com Vítimas Feridas";"Pleno dia";"Decrescente";"Chuva";"Simples";"Interseção de Vias";"Não";4;0;1;0;3;0;1;2;-22,297223;-54,821112;"SPRF-MS";"DEL04-MS";"UOP02-DEL04-MS"
753818;2026-01-29;"quinta-feira";"06:10:00";"PR";277;476,9;"NOVA LARANJEIRAS";"Condutor Dormindo";"Colisão frontal";"Com Vítimas Feridas";"Pleno dia";"Decrescente";"Céu Claro";"Simples";"Reta;Declive";"Não";8;0;3;1;4;0;4;5;-25,305487;-52,556724;"SPRF-PR";"DEL04-PR";"UOP02-DEL04-PR"
753825;2026-02-21;"sábado";"18:55:00";"BA";324;619;"SALVADOR";"Demais falhas mecânicas ou elétricas";"Tombamento";"Sem Vítimas";"Plena Noite";"Crescente";"Garoa/Chuvisco";"Múltipla";"Declive;Reta";"Sim";2;0;0;0;1;1;0;2;-12,9119331;-38,4593073;"SPRF-BA";"DEL01-BA";"UOP01-DEL01-BA"
753827;2026-02-21;"sábado";"20:00:00";"ES";101;286;"CARIACICA";"Acessar a via sem observar a presença dos outros veículos";"Colisão lateral mesmo sentido";"Com Vítimas Feridas";"Pleno dia";"Decrescente";"Céu Claro";"Dupla";"Curva";"Sim";4;0;2;1;1;0;3;2;-20,25986933;-40,37780285;"SPRF-ES";"DEL01-ES";"UOP01-DEL01-ES"
753828;2026-02-21;"sábado";"17:58:00";"MG";251;210;"AGUAS VERMELHAS";"Reação tardia ou ineficiente do condutor";"Colisão lateral sentido oposto";"Sem Vítimas";"Anoitecer";"Decrescente";"Garoa/Chuvisco";"Simples";"Declive;Curva";"Não";8;0;0;0;7;5;0;11;-15,892282;-41,529194;"SPRF-MG";"DEL12-MG";"UOP02-DEL12-MG"
753831;2026-02-21;"sábado";"19:46:00";"MS";163;287;"DOURADOS";"Ausência de reação do condutor";"Colisão lateral sentido oposto";"Com Vítimas Fatais";"Plena Noite";"Crescente";"Nublado";"Simples";"Reta";"Sim";3;1;0;0;1;2;0;4;-22,07860108;-54,56711769;"SPRF-MS";"DEL04-MS";"UOP01-DEL04-MS"
753833;2026-02-21;"sábado";"14:45:00";"MG";365;418,5;"PATOS DE MINAS";"Velocidade Incompatível";"Colisão frontal";"Com Vítimas Feridas";"Pleno dia";"Crescente";"Chuva";"Simples";"Declive;Curva";"Não";3;0;0;1;1;4;1;6;-18,68355;-46,57653;"SPRF-MG";"DEL10-MG";"UOP01-DEL10-MG"
753845;2026-02-21;"sábado";"16:45:00";"RO";364;411;"JARU";"Ingestão de álcool pelo condutor";"Colisão lateral mesmo sentido";"Com Vítimas Feridas";"Pleno dia";"Decrescente";"Céu Claro";"Simples";"Reta";"Não";4;0;1;1;1;2;2;4;-10,52494423;-62,394104;"SPRF-RO";"DEL03-RO";"UOP02-DEL03-RO"
753853;2026-02-21;"sábado";"15:20:00";"GO";452;8;"RIO VERDE";"Demais falhas mecânicas ou elétricas";"Derramamento de carga";"Sem Vítimas";"Pleno dia";"Crescente";"Nublado";"Simples";"Reta";"Não";3;0;0;0;2;1;0;2;-17,824317;-50,836718;"SPRF-GO";"DEL04-GO";"UOP01-DEL04-GO"
753857;2026-02-21;"sábado";"22:00:00";"MG";40;807;"MATIAS BARBOSA";"Ausência de reação do condutor";"Colisão traseira";"Com Vítimas Feridas";"Plena Noite";"Decrescente";"Chuva";"Dupla";"Curva";"Não";4;0;2;0;1;1;2;3;-21,86252172;-43,37355175;"SPRF-MG";"DEL05-MG";"UOP01-DEL05-MG"
753863;2026-02-21;"sábado";"23:33:00";"PB";361;10;"SANTA TERESINHA";"Condutor Dormindo";"Colisão lateral sentido oposto";"Com Vítimas Feridas";"Plena Noite";"Crescente";"Garoa/Chuvisco";"Simples";"Reta";"Não";2;0;1;0;1;0;1;2;-7,04344;-37,364098;"SPRF-PB";"DEL03-PB";"UOP01-DEL03-PB"
753875;2026-02-21;"sábado";"20:50:00";"MA";10;193;"RIBAMAR FIQUENE";"Suicídio (presumido)";"Atropelamento de Pedestre";"Com Vítimas Fatais";"Plena Noite";"Crescente";"Céu Claro";"Simples";"Reta";"Sim";4;1;0;0;0;3;0;2;-6,02741;-47,382618;"SPRF-MA";"DEL04-MA";"UOP02-DEL04-MA"
753884;2026-02-21;"sábado";"23:40:00";"BA";116;683;"JEQUIE";"Ausência de reação do condutor";"Saída de leito carroçável";"Com Vítimas Feridas";"Plena Noite";"Decrescente";"Céu Claro";"Simples";"Reta";"Não";2;0;1;0;0;1;1;2;-13,95376103;-40,16667367;"SPRF-BA";"DEL03-BA";"UOP01-DEL03-BA"
753885;2026-02-22;"domingo";"02:00:00";"RJ";101;284;"ITABORAI";"Demais falhas mecânicas ou elétricas";"Incêndio";"Sem Vítimas";"Plena Noite";"Crescente";"Céu Claro";"Dupla";"Reta";"Não";1;0;0;0;1;0;0;1;-22,74635088;-42,81118717;"SPRF-RJ";"DEL02-RJ";"UOP02-DEL02-RJ"
753890;2026-02-22;"domingo";"02:50:00";"MG";365;755;"ITUIUTABA";"Ausência de reação do condutor";"Colisão traseira";"Sem Vítimas";"Plena Noite";"Decrescente";"Chuva";"Simples";"Reta";"Sim";3;0;0;0;2;2;0;4;-18,965788;-49,499238;"SPRF-MG";"DEL15-MG";"UOP03-DEL15-MG"
753891;2026-02-22;"domingo";"03:53:00";"CE";116;42;"HORIZONTE";"Acessar a via sem observar a presença dos outros veículos";"Colisão transversal";"Com Vítimas Fatais";"Plena Noite";"Decrescente";"Céu Claro";"Dupla";"Reta";"Não";3;2;0;0;0;1;0;2;-4,111727;-38,491062;"SPRF-CE";"DEL01-CE";"UOP02-DEL01-CE"
753897;2026-02-21;"sábado";"22:25:00";"RO";364;350;"JI-PARANA";"Reação tardia ou ineficiente do condutor";"Saída de leito carroçável";"Com Vítimas Feridas";"Plena Noite";"Decrescente";"Chuva";"Simples";"Reta";"Não";1;0;1;0;0;0;1;1;-10,8448561;-62,00018317;"SPRF-RO";"DEL02-RO";"UOP01-DEL02-RO"
753899;2026-02-22;"domingo";"04:10:00";"DF";20;19,9;"BRASILIA";"Acumulo de água sobre o pavimento";"Saída de leito carroçável";"Com Vítimas Feridas";"Pleno dia";"Decrescente";"Chuva";"Múltipla";"Declive;Ponte;Reta";"Sim";2;0;1;0;1;0;1;1;-15,60690595;-47,69143581;"SPRF-DF";"DEL02-DF";"UOP01-DEL02-DF"
753905;2026-02-22;"domingo";"04:00:00";"RJ";116;209,9;"SEROPEDICA";"Transtornos Mentais (exceto suicidio)";"Atropelamento de Pedestre";"Com Vítimas Feridas";"Plena Noite";"Crescente";"Nublado";"Dupla";"Reta";"Não";2;0;0;1;1;0;1;2;-22,72024032;-43,68747979;"SPRF-RJ";"DEL06-RJ";"UOP02-DEL06-RJ"
753910;2026-02-22;"domingo";"05:50:00";"SC";101;337,7;"TUBARAO";"Reação tardia ou ineficiente do condutor";"Colisão lateral mesmo sentido";"Com Vítimas Feridas";"Plena Noite";"Decrescente";"Céu Claro";"Múltipla";"Reta";"Não";4;0;2;0;1;1;2;3;-28,49350172;-49,04164977;"SPRF-SC";"DEL02-SC";"UOP01-DEL02-SC"
753911;2026-02-21;"sábado";"15:00:00";"PR";153;1;"IMBITUVA";"Reação tardia ou ineficiente do condutor";"Tombamento";"Com Vítimas Feridas";"Pleno dia";"Decrescente";"Céu Claro";"Simples";"Reta";"Não";3;0;1;0;1;1;1;2;-25,18881188;-50,59843394;"SPRF-PR";"DEL03-PR";"UOP01-DEL03-PR"
753912;2026-02-22;"domingo";"05:30:00";"RO";364;611;"ITAPUA DO OESTE";"Condutor Dormindo";"Colisão lateral sentido oposto";"Com Vítimas Feridas";"Amanhecer";"Crescente";"Nublado";"Simples";"Reta";"Não";2;0;1;0;1;0;1;2;-9,13331087;-63,24702195;"SPRF-RO";"DEL01-RO";"UOP04-DEL01-RO"
753917;2026-02-22;"domingo";"08:30:00";"PR";158;358,1;"MARQUINHO";"Curva acentuada";"Tombamento";"Com Vítimas Feridas";"Pleno dia";"Crescente";"Céu Claro";"Simples";"Curva";"Não";1;0;1;0;0;0;1;1;-25,0252;-52,17;"SPRF-PR";"DEL04-PR";"UOP02-DEL04-PR"
753918;2026-02-22;"domingo";"07:27:00";"TO";153;310;"GUARAI";"Ingestão de álcool pelo condutor";"Colisão lateral sentido oposto";"Sem Vítimas";"Pleno dia";"Crescente";"Chuva";"Simples";"Curva";"Não";3;0;0;0;1;7;0;8;-8,606191;-48,481515;"SPRF-TO";"DEL02-TO";"UOP02-DEL02-TO"
753924;2026-02-22;"domingo";"07:20:00";"PR";376;605;"CURITIBA";"Manobra de mudança de faixa";"Saída de leito carroçável";"Com Vítimas Feridas";"Pleno dia";"Decrescente";"Nublado";"Dupla";"Curva";"Sim";3;0;1;0;1;1;1;2;-25,540552;-49,311008;"SPRF-PR";"DEL01-PR";"UOP03-DEL01-PR"
753927;2026-02-22;"domingo";"08:35:00";"PE";101;89,2;"JABOATAO DOS GUARARAPES";"Manobra de mudança de faixa";"Colisão lateral mesmo sentido";"Com Vítimas Feridas";"Pleno dia";"Crescente";"Céu Claro";"Dupla";"Reta";"Não";7;0;3;1;2;1;4;3;-8,20698;-34,98353;"SPRF-PE";"DEL01-PE";"UOP01-DEL01-PE"
753929;2026-02-22;"domingo";"07:20:00";"TO";153;697;"CARIRI DO TOCANTINS";"Reação tardia ou ineficiente do condutor";"Colisão lateral sentido oposto";"Com Vítimas Feridas";"Pleno dia";"Crescente";"Nublado";"Simples";"Reta";"Não";3;0;1;0;1;1;1;3;-11,9248;-49,1818;"SPRF-TO";"DEL01-TO";"UOP02-DEL01-TO"
753934;2026-02-22;"domingo";"07:47:00";"MT";163;669;"LUCAS DO RIO VERDE";"Reação tardia ou ineficiente do condutor";"Saída de leito carroçável";"Com Vítimas Feridas";"Pleno dia";"Decrescente";"Céu Claro";"Simples";"Reta";"Não";2;0;1;0;0;3;1;4;-13,223263;-56,003787;"SPRF-MT";"DEL06-MT";"UOP01-DEL06-MT"
753935;2026-02-22;"domingo";"09:48:00";"RS";101;52;"TERRA DE AREIA";"Reação tardia ou ineficiente do condutor";"Engavetamento";"Com Vítimas Feridas";"Pleno dia";"Crescente";"Céu Claro";"Dupla";"Reta";"Não";5;0;1;0;4;0;1;4;-29,624193;-50,09851;"SPRF-RS";"DEL03-RS";"UOP02-DEL03-RS"
753936;2026-02-22;"domingo";"08:00:00";"SC";470;324;"CAMPOS NOVOS";"Acessar a via sem observar a presença dos outros veículos";"Colisão transversal";"Com Vítimas Feridas";"Pleno dia";"Decrescente";"Céu Claro";"Simples";"Interseção de Vias";"Não";3;0;1;0;1;1;1;3;-27,37451123;-51,06651306;"SPRF-SC";"DEL07-SC";"UOP06-DEL07-SC"
753942;2026-02-22;"domingo";"09:30:00";"GO";158;155;"CAIAPONIA";"Pista esburacada";"Saída de leito carroçável";"Com Vítimas Feridas";"Pleno dia";"Crescente";"Nublado";"Simples";"Declive";"Não";1;0;1;0;0;0;1;1;-16,93115884;-51,81933224;"SPRF-GO";"DEL04-GO";"UOP02-DEL04-GO"
753952;2026-02-22;"domingo";"11:10:00";"MG";153;15;"CENTRALINA";"Ausência de reação do condutor";"Tombamento";"Com Vítimas Feridas";"Pleno dia";"Crescente";"Nublado";"Dupla";"Reta";"Não";2;0;1;0;0;3;1;4;-18,56164559;-49,19403076;"SPRF-MG";"DEL15-MG";"UOP03-DEL15-MG"