"id";"data_inversa";"dia_semana";"horario";"uf";"br";"km";"municipio";"causa_acidente";"tipo_acidente";"classificacao_acidente";"fase_dia";"sentido_via";"condicao_metereologica";"tipo_pista";"tracado_via";"uso_solo";"pessoas";"mortos";"feridos_leves";"feridos_graves";"ilesos";"ignorados";"feridos";"veiculos";"latitude";"longitude";"regional";"delegacia";"uop"
757081;2026-03-09;"segunda-feira";"03:30:00";"PR";376;310;"MAUA DA SERRA";"Ausência de reação do condutor";"Saída de leito carroçável";"Com Vítimas Feridas";"Plena Noite";"Crescente";"Chuva";"Dupla";"Declive;Curva";"Não";3;0;2;0;0;1;2;2;-23,97831;-51,09567;"SPRF-PR";"DEL07-PR";"UOP02-DEL07-PR"
757087;2026-02-28;"sábado";"22:50:00";"ES";101;148,9;"LINHARES";"Velocidade Incompatível";"Colisão traseira";"Com Vítimas Feridas";"Plena Noite";"Decrescente";"Garoa/Chuvisco";"Múltipla";"Reta;Aclive";"Sim";5;0;1;0;3;1;1;3;-19,39442905;-40,06540932;"SPRF-ES";"DEL04-ES";"UOP01-DEL04-ES"
757096;2026-03-09;"segunda-feira";"06:31:00";"SC";282;56;"RANCHO QUEIMADO";"Chuva";"Saída de leito carroçável";"Com Vítimas Feridas";"Amanhecer";"Crescente";"Chuva";"Simples";"Declive;Curva";"Não";2;0;2;0;0;0;2;1;-27,688332;-48,993333;"SPRF-SC";"DEL01-SC";"UOP03-DEL01-SC"
757098;2026-03-09;"segunda-feira";"07:10:00";"ES";101;149,3;"LINHARES";"Entrada inopinada do pedestre";"Atropelamento de Pedestre";"Com Vítimas Feridas";"Pleno dia";"Decrescente";"Céu Claro";"Múltipla";"Reta;Declive;Interseção de Vias";"Sim";3;0;1;0;1;3;1;5;-19,39978716;-40,06229821;"SPRF-ES";"DEL04-ES";"UOP01-DEL04-ES"
757101;2026-03-09;"segunda-feira";"06:50:00";"ES";259;15,9;"JOAO NEIVA";"Velocidade Incompatível";"Tombamento";"Com Vítimas Feridas";"Pleno dia";"Decrescente";"Sol";"Simples";"Declive;Curva";"Não";6;0;5;1;0;0;6;2;-19,65985036;-40,43131113;"SPRF-ES";"DEL02-ES";"UOP01-DEL02-ES"
757102;2026-03-06;"sexta-feira";"22:20:00";"RJ";116;267;"BARRA MANSA";"Carga excessiva e/ou mal acondicionada";"Tombamento";"Com Vítimas Feridas";"Plena Noite";"Crescente";"Céu Claro";"Dupla";"Curva";"Não";1;0;1;0;0;0;1;1;-22,54363;-44,08965;"SPRF-RJ";"DEL07-RJ";"UOP02-DEL07-RJ"
757103;2026-03-09;"segunda-feira";"06:50:00";"SC";101;363;"SANGAO";"Ausência de reação do condutor";"Colisão traseira";"Com Vítimas Feridas";"Pleno dia";"Crescente";"Nublado";"Múltipla";"Declive;Reta";"Não";2;0;1;0;1;0;1;2;-28,6771782;-49,13455781;"SPRF-SC";"DEL02-SC";"UOP01-DEL02-SC"
757108;2026-03-09;"segunda-feira";"06:53:00";"CE";116;325;"JAGUARIBE";"Pista esburacada";"Colisão com objeto";"Com Vítimas Feridas";"Pleno dia";"Decrescente";"Céu Claro";"Simples";"Reta";"Não";2;0;1;0;0;1;1;2;-6,041;-38,646;"SPRF-CE";"DEL05-CE";"UOP02-DEL05-CE"
757121;2026-03-08;"domingo";"21:45:00";"RJ";116;169;"RIO DE JANEIRO";"Ausência de reação do condutor";"Colisão traseira";"Com Vítimas Feridas";"Plena Noite";"Crescente";"Nublado";"Dupla";"Curva;Aclive;Viaduto";"Sim";3;0;0;1;1;2;1;4;-22,81867197;-43,32012177;"SPRF-RJ";"DEL06-RJ";"UOP01-DEL06-RJ"
757122;2026-03-09;"segunda-feira";"07:29:00";"PE";101;60;"RECIFE";"Conversão proibida";"Colisão transversal";"Com Vítimas Feridas";"Pleno dia";"Crescente";"Céu Claro";"Dupla";"Reta";"Sim";3;0;1;0;2;0;1;2;-7,9838231;-34,9319048;"SPRF-PE";"DEL01-PE";"UOP02-DEL01-PE"
757125;2026-03-09;"segunda-feira";"08:20:00";"ES";101;283,9;"CARIACICA";"Demais falhas mecânicas ou elétricas";"Saída de leito carroçável";"Com Vítimas Feridas";"Pleno dia";"Crescente";"Céu Claro";"Múltipla";"Reta";"Sim";2;0;1;0;0;1;1;2;-20,24230145;-40,36959887;"SPRF-ES";"DEL01-ES";"UOP01-DEL01-ES"
757141;2026-03-09;"segunda-feira";"09:00:00";"GO";153;274;"NOVA GLORIA";"Ultrapassagem Indevida";"Colisão lateral sentido oposto";"Com Vítimas Feridas";"Pleno dia";"Crescente";"Sol";"Simples";"Reta";"Não";6;0;2;0;3;3;2;7;-15,1346769;-49,51794148;"SPRF-GO";"DEL07-GO";"UOP02-DEL07-GO"
757151;2026-02-16;"segunda-feira";"15:40:00";"MT";70;3;"BARRA DO GARCAS";"Reação tardia ou ineficiente do condutor";"Colisão traseira";"Com Vítimas Feridas";"Pleno dia";"Crescente";"Céu Claro";"Dupla";"Reta;Declive";"Sim";5;0;2;0;2;2;2;4;-15,88102836;-52,27815824;"SPRF-MT";"DEL07-MT";"UOP01-DEL07-MT"
757152;2026-03-09;"segunda-feira";"10:50:00";"MG";381;434,2;"SABARA";"Manobra de mudança de faixa";"Colisão traseira";"Sem Vítimas";"Pleno dia";"Crescente";"Céu Claro";"Simples";"Curva;Aclive";"Não";3;0;0;0;2;1;0;3;-19,80958302;-43,76686757;"SPRF-MG";"DEL01-MG";"UOP01-DEL01-MG"
757154;2026-03-09;"segunda-feira";"09:30:00";"SC";101;337,8;"TUBARAO";"Frear bruscamente";"Colisão traseira";"Com Vítimas Feridas";"Pleno dia";"Decrescente";"Nublado";"Múltipla";"Reta;Aclive";"Não";2;0;1;0;0;1;1;2;-28,49454925;-49,04286146;"SPRF-SC";"DEL02-SC";"UOP01-DEL02-SC"
757161;2026-03-09;"segunda-feira";"10:40:00";"AL";316;240;"ATALAIA";"Transitar na contramão";"Colisão frontal";"Com Vítimas Feridas";"Pleno dia";"Decrescente";"Céu Claro";"Simples";"Curva";"Sim";2;0;1;0;1;0;1;2;-9,50101;-36,027202;"SPRF-AL";"DEL01-AL";"UOP01-DEL01-AL"
757164;2026-03-09;"segunda-feira";"09:45:00";"MA";135;20;"SAO LUIS";"Acessar a via sem observar a presença dos outros veículos";"Colisão transversal";"Sem Vítimas";"Pleno dia";"Crescente";"Céu Claro";"Simples";"Reta";"Não";2;0;0;0;2;0;0;2;-2,733693;-44,333237;"SPRF-MA";"DEL01-MA";"UOP01-DEL01-MA"
757167;2026-03-09;"segunda-feira";"10:25:00";"PR";153;33,6;"SANTO ANTONIO DA PLATINA";"Ausência de reação do condutor";"Colisão lateral mesmo sentido";"Com Vítimas Feridas";"Pleno dia";"Crescente";"Chuva";"Simples";"Curva";"Não";6;0;2;2;1;1;4;4;-23,23778369;-50,0393232;"SPRF-PR";"DEL07-PR";"UOP04-DEL07-PR"
757169;2026-03-05;"quinta-feira";"12:12:00";"RJ";101;320;"NITEROI";"Manobra de mudança de faixa";"Colisão lateral mesmo sentido";"Com Vítimas Feridas";"Pleno dia";"Decrescente";"Céu Claro";"Dupla";"Curva";"Sim";2;0;1;0;0;1;1;2;-22,86571648;-43,10833454;"SPRF-RJ";"DEL02-RJ";"UOP01-DEL02-RJ"
757171;2026-03-09;"segunda-feira";"12:20:00";"GO";452;135;"BOM JESUS DE GOIAS";"Demais falhas mecânicas ou elétricas";"Incêndio";"Sem Vítimas";"Pleno dia";"Crescente";"Nublado";"Simples";"Reta";"Não";2;0;0;0;1;2;0;3;-18,28535711;-49,61339235;"SPRF-GO";"DEL03-GO";"UOP02-DEL03-GO"
757173;2026-03-09;"segunda-feira";"13:00:00";"SP";381;70;"MAIRIPORA";"Reação tardia ou ineficiente do condutor";"Colisão lateral mesmo sentido";"Com Vítimas Feridas";"Pleno dia";"Decrescente";"Garoa/Chuvisco";"Dupla";"Declive;Curva";"Não";3;0;2;0;1;0;2;2;-23,34949034;-46,55322647;"SPRF-SP";"DEL03-SP";"UOP01-DEL03-SP"
757177;2026-02-24;"terça-feira";"22:20:00";"PR";373;175;"PONTA GROSSA";"Acessar a via sem observar a presença dos outros veículos";"Colisão transversal";"Com Vítimas Feridas";"Plena Noite";"Crescente";"Céu Claro";"Dupla";"Reta";"Sim";5;0;1;0;3;1;1;3;-25,070594;-50,211371;"SPRF-PR";"DEL03-PR";"UOP01-DEL03-PR"
757180;2026-03-09;"segunda-feira";"13:50:00";"DF";251;60;"BRASILIA";"Condutor Dormindo";"Colisão traseira";"Com Vítimas Feridas";"Pleno dia";"Crescente";"Nublado";"Simples";"Reta";"Não";3;0;1;0;1;1;1;3;-15,97566671;-47,98410773;"SPRF-DF";"DEL01-DF";"UOP01-DEL01-DF"
757181;2026-03-09;"segunda-feira";"13:00:00";"MG";116;114;"ITAOBIM";"Ausência de reação do condutor";"Colisão transversal";"Com Vítimas Fatais";"Pleno dia";"Decrescente";"Céu Claro";"Simples";"Declive;Reta";"Sim";4;1;1;0;1;2;1;4;-16,5518672;-41,5011857;"SPRF-MG";"DEL11-MG";"UOP02-DEL11-MG"
757190;2026-03-09;"segunda-feira";"14:30:00";"GO";60;96,4;"ANAPOLIS";"Pista Escorregadia";"Tombamento";"Com Vítimas Feridas";"Pleno dia";"Decrescente";"Nublado";"Dupla";"Declive;Reta";"Sim";4;0;1;0;3;0;1;4;-16,37124943;-48,94243453;"SPRF-GO";"DEL02-GO";"UOP01-DEL02-GO"
757192;2026-03-09;"segunda-feira";"13:50:00";"SC";282;24;"SANTO AMARO DA IMPERATRIZ";"Acessar a via sem observar a presença dos outros veículos";"Colisão transversal";"Com Vítimas Feridas";"Pleno dia";"Crescente";"Nublado";"Simples";"Interseção de Vias";"Sim";3;0;2;0;1;0;2;2;-27,68439264;-48,74374151;"SPRF-SC";"DEL01-SC";"UOP03-DEL01-SC"
757193;2026-03-03;"terça-feira";"22:37:00";"MG";365;640;"UBERLANDIA";"Demais falhas mecânicas ou elétricas";"Colisão com objeto";"Sem Vítimas";"Plena Noite";"Crescente";"Céu Claro";"Dupla";"Reta";"Não";2;0;0;0;1;3;0;4;-18,88684254;-48,45655052;"SPRF-MG";"DEL15-MG";"UOP01-DEL15-MG"
757196;2026-03-09;"segunda-feira";"14:50:00";"SP";116;218;"GUARULHOS";"Trafegar com motocicleta (ou similar) entre as faixas";"Colisão lateral mesmo sentido";"Com Vítimas Feridas";"Pleno dia";"Decrescente";"Garoa/Chuvisco";"Múltipla";"Reta;Aclive";"Não";2;0;1;0;0;1;1;2;-23,45968358;-46,48431301;"SPRF-SP";"DEL01-SP";"UOP01-DEL01-SP"
757198;2026-03-09;"segunda-feira";"09:00:00";"PA";10;338,9;"SAO MIGUEL DO GUAMA";"Demais falhas mecânicas ou elétricas";"Colisão com objeto";"Com Vítimas Feridas";"Pleno dia";"Crescente";"Céu Claro";"Simples";"Reta";"Não";6;0;1;0;4;1;1;3;-1,476422;-47,530765;"SPRF-PA";"DEL01-PA";"UOP02-DEL01-PA"
757200;2026-03-09;"segunda-feira";"07:50:00";"BA";242;698;"MUQUEM DE SAO FRANCISCO";"Velocidade Incompatível";"Tombamento";"Com Vítimas Feridas";"Pleno dia";"Crescente";"Céu Claro";"Simples";"Reta";"Não";2;0;1;0;0;2;1;3;-12,22370029;-43,88044596;"SPRF-BA";"DEL10-BA";"UOP01-DEL10-BA"
757211;2026-03-09;"segunda-feira";"15:45:00";"RJ";465;1;"SEROPEDICA";"Ausência de reação do condutor";"Colisão transversal";"Com Vítimas Feridas";"Pleno dia";"Decrescente";"Garoa/Chuvisco";"Dupla";"Retorno Regulamentado";"Sim";5;0;2;0;2;1;2;3;-22,7182546;-43,72721169;"SPRF-RJ";"DEL06-RJ";"UOP02-DEL06-RJ"
757215;2026-03-09;"segunda-feira";"16:35:00";"MG";381;499;"BETIM";"Transitar no Acostamento";"Colisão lateral mesmo sentido";"Com Vítimas Feridas";"Pleno dia";"Crescente";"Céu Claro";"Dupla";"Reta";"Não";8;0;1;0;6;2;1;5;-20,00292028;-44,2123847;"SPRF-MG";"DEL01-MG";"UOP03-DEL01-MG"
757217;2026-03-09;"segunda-feira";"14:01:00";"MT";364;245,4;"JUSCIMEIRA";"Reação tardia ou ineficiente do condutor";"Saída de leito carroçável";"Com Vítimas Feridas";"Pleno dia";"Decrescente";"Céu Claro";"Dupla";"Reta";"Não";3;0;1;0;0;2;1;3;-16,144692;-54,816812;"SPRF-MT";"DEL02-MT";"UOP01-DEL02-MT"
757220;2026-03-09;"segunda-feira";"16:50:00";"PR";277;1,1;"PARANAGUA";"Acessar a via sem observar a presença dos outros veículos";"Colisão traseira";"Com Vítimas Feridas";"Pleno dia";"Crescente";"Garoa/Chuvisco";"Dupla";"Rotatória;Reta";"Sim";2;0;1;0;1;0;1;2;-25,55159865;-48,55225325;"SPRF-PR";"DEL01-PR";"UOP05-DEL01-PR"
757221;2026-03-09;"segunda-feira";"17:00:00";"SP";381;39,8;"ATIBAIA";"Reação tardia ou ineficiente do condutor";"Colisão traseira";"Com Vítimas Feridas";"Pleno dia";"Decrescente";"Nublado";"Dupla";"Reta";"Não";3;0;1;0;1;1;1;3;-23,12950549;-46,57657161;"SPRF-SP";"DEL03-SP";"UOP01-DEL03-SP"
757222;2026-03-09;"segunda-feira";"15:28:00";"RN";304;210;"CAICARA DO RIO DO VENTO";"Demais falhas mecânicas ou elétricas";"Incêndio";"Sem Vítimas";"Pleno dia";"Decrescente";"Nublado";"Simples";"Reta";"Não";1;0;0;0;1;0;0;1;-5,74436932;-36,08028179;"SPRF-RN";"DEL01-RN";"UOP03-DEL01-RN"
757240;2026-03-09;"segunda-feira";"17:20:00";"SP";381;85;"SAO PAULO";"Acumulo de água sobre o pavimento";"Colisão transversal";"Sem Vítimas";"Pleno dia";"Crescente";"Chuva";"Dupla";"Aclive;Reta";"Sim";4;0;0;0;4;0;0;4;-23,4568721;-46,5714305;"SPRF-SP";"DEL03-SP";"UOP01-DEL03-SP"
757250;2026-03-09;"segunda-feira";"15:50:00";"MG";153;236,9;"FRONTEIRA";"Ultrapassagem Indevida";"Saída de leito carroçável";"Com Vítimas Feridas";"Pleno dia";"Decrescente";"Sol";"Simples";"Reta";"Não";2;0;1;0;0;1;1;2;-20,22868742;-49,15207028;"SPRF-MG";"DEL13-MG";"UOP02-DEL13-MG"
757262;2026-03-09;"segunda-feira";"19:15:00";"PB";101;86;"BAYEUX";"Reação tardia ou ineficiente do condutor";"Colisão traseira";"Com Vítimas Feridas";"Plena Noite";"Decrescente";"Céu Claro";"Dupla";"Reta";"Sim";3;0;1;0;2;0;1;3;-7,14718129;-34,9145177;"SPRF-PB";"DEL01-PB";"UOP01-DEL01-PB"
757267;2026-03-09;"segunda-feira";"17:35:00";"AC";364;136;"RIO BRANCO";"Manobra de mudança de faixa";"Colisão lateral mesmo sentido";"Com Vítimas Feridas";"Pleno dia";"Decrescente";"Chuva";"Dupla";"Rotatória";"Sim";2;0;1;0;1;0;1;2;-9,97780721;-67,84900611;"SPRF-AC";"DEL01-AC";"UOP01-DEL01-AC"
757270;2026-01-07;"quarta-feira";"19:00:00";"PA";230;707;"BRASIL NOVO";"Ausência de reação do condutor";"Colisão transversal";"Com Vítimas Fatais";"Plena Noite";"Decrescente";"Ignorado";"Simples";"Reta";"Não";3;1;0;0;1;1;0;3;-3,34531;-52,60737;"SPRF-PA";"DEL04-PA";"UOP01-DEL04-PA"
757271;2026-03-09;"segunda-feira";"19:30:00";"BA";116;543,2;"MILAGRES";"Acessar a via sem observar a presença dos outros veículos";"Colisão transversal";"Com Vítimas Fatais";"Plena Noite";"Decrescente";"Céu Claro";"Simples";"Interseção de Vias";"Não";3;1;0;0;1;1;0;3;-12,8465;-39,8409;"SPRF-BA";"DEL03-BA";"UOP02-DEL03-BA"
757274;2026-03-09;"segunda-feira";"20:05:00";"PR";376;187,2;"MARIALVA";"Manobra de mudança de faixa";"Colisão lateral mesmo sentido";"Com Vítimas Feridas";"Plena Noite";"Crescente";"Céu Claro";"Dupla";"Reta";"Não";2;0;1;0;1;0;1;2;-23,457189;-51,84406;"SPRF-PR";"DEL09-PR";"UOP01-DEL09-PR"
757279;2026-03-09;"segunda-feira";"21:15:00";"ES";262;105,3;"VENDA NOVA DO IMIGRANTE";"Ultrapassagem Indevida";"Colisão lateral mesmo sentido";"Com Vítimas Feridas";"Plena Noite";"Crescente";"Chuva";"Simples";"Curva";"Sim";3;0;0;1;1;1;1;3;-20,32502969;-41,138134;"SPRF-ES";"DEL01-ES";"UOP02-DEL01-ES"
757283;2026-03-09;"segunda-feira";"21:20:00";"MG";40;484;"SETE LAGOAS";"Condutor deixou de manter distância do veículo da frente";"Saída de leito carroçável";"Com Vítimas Feridas";"Plena Noite";"Decrescente";"Nublado";"Dupla";"Reta";"Sim";2;0;1;0;0;1;1;2;-19,584444;-44,228056;"SPRF-MG";"DEL02-MG";"UOP01-DEL02-MG"
757289;2026-03-09;"segunda-feira";"19:20:00";"PR";277;376;"GUARAPUAVA";"Condutor deixou de manter distância do veículo da frente";"Colisão traseira";"Com Vítimas Feridas";"Plena Noite";"Decrescente";"Céu Claro";"Simples";"Reta;Aclive";"Não";2;0;1;0;0;1;1;2;-25,4074617;-51,710464;"SPRF-PR";"DEL08-PR";"UOP01-DEL08-PR"
757290;2026-03-09;"segunda-feira";"21:00:00";"RN";226;153,5;"CURRAIS NOVOS";"Transitar na calçada";"Colisão lateral sentido oposto";"Com Vítimas Feridas";"Plena Noite";"Crescente";"Nublado";"Simples";"Reta";"Não";3;0;0;1;1;1;1;3;-6,20027;-36,338395;"SPRF-RN";"DEL03-RN";"UOP02-DEL03-RN"
757296;2026-03-09;"segunda-feira";"20:00:00";"PA";163;44;"NOVO PROGRESSO";"Afundamento ou ondulação no pavimento";"Tombamento";"Com Vítimas Feridas";"Plena Noite";"Crescente";"Garoa/Chuvisco";"Simples";"Aclive;Reta";"Não";2;0;1;0;0;2;1;3;-9,20627;-54,87914;"SPRF-MT";"DEL06-MT";"UOP03-DEL06-MT"
757297;2026-03-09;"segunda-feira";"20:30:00";"RJ";116;246;"PIRAI";"Pista Escorregadia";"Colisão com objeto";"Com Vítimas Feridas";"Plena Noite";"Decrescente";"Garoa/Chuvisco";"Dupla";"Curva";"Não";5;0;0;3;1;1;3;4;-22,61616114;-43,93187707;"SPRF-RJ";"DEL07-RJ";"UOP01-DEL07-RJ"
757302;2026-03-10;"terça-feira";"01:50:00";"ES";262;114,9;"CONCEICAO DO CASTELO";"Estacionar ou parar em local proibido";"Colisão traseira";"Sem Vítimas";"Plena Noite";"Decrescente";"Nevoeiro/Neblina";"Dupla";"Reta";"Não";3;0;0;0;1;2;0;3;-20,3209145;-41,2179079;"SPRF-ES";"DEL01-ES";"UOP02-DEL01-ES"
757303;2026-03-10;"terça-feira";"02:50:00";"MS";163;575;"BANDEIRANTES";"Condutor deixou de manter distância do veículo da frente";"Colisão traseira";"Sem Vítimas";"Pleno dia";"Crescente";"Garoa/Chuvisco";"Dupla";"Interseção de Vias";"Não";5;0;0;0;5;0;0;2;-19,6794491;-54,34983579;"SPRF-MS";"DEL01-MS";"UOP02-DEL01-MS"
757304;2026-03-10;"terça-feira";"03:30:00";"SP";116;367;"MIRACATU";"Acumulo de água sobre o pavimento";"Saída de leito carroçável";"Com Vítimas Feridas";"Plena Noite";"Crescente";"Chuva";"Dupla";"Curva";"Não";1;0;1;0;0;0;1;1;-24,15272506;-47,31967487;"SPRF-SP";"DEL04-SP";"UOP02-DEL04-SP"
757305;2026-03-10;"terça-feira";"03:10:00";"RN";110;82,1;"UPANEMA";"Pedestre andava na pista";"Atropelamento de Pedestre";"Com Vítimas Fatais";"Plena Noite";"Crescente";"Céu Claro";"Simples";"Reta";"Não";2;1;0;0;0;1;0;2;-5,508;-37,326;"SPRF-RN";"DEL04-RN";"UOP01-DEL04-RN"
757310;2026-03-10;"terça-feira";"06:00:00";"PR";116;115;"CURITIBA";"Reação tardia ou ineficiente do condutor";"Colisão transversal";"Com Vítimas Feridas";"Pleno dia";"Crescente";"Nublado";"Múltipla";"Reta";"Sim";3;0;0;1;1;1;1;3;-25,550502;-49,305638;"SPRF-PR";"DEL01-PR";"UOP03-DEL01-PR"
757311;2026-03-09;"segunda-feira";"11:30:00";"RJ";116;291;"BARRA MANSA";"Ausência de reação do condutor";"Saída de leito carroçável";"Com Vítimas Feridas";"Pleno dia";"Crescente";"Céu Claro";"Dupla";"Aclive;Curva";"Não";1;0;1;0;0;0;1;1;-22,478003;-44,262665;"SPRF-RJ";"DEL07-RJ";"UOP02-DEL07-RJ"
757312;2026-03-10;"terça-feira";"05:00:00";"RJ";465;3;"SEROPEDICA";"Acesso irregular";"Colisão transversal";"Com Vítimas Feridas";"Amanhecer";"Crescente";"Nublado";"Simples";"Reta";"Não";3;0;0;1;1;1;1;3;-22,73167553;-43,71453021;"SPRF-RJ";"DEL06-RJ";"UOP02-DEL06-RJ"
757313;2026-03-10;"terça-feira";"06:00:00";"SC";280;91,4;"CORUPA";"Reação tardia ou ineficiente do condutor";"Colisão lateral mesmo sentido";"Com Vítimas Feridas";"Amanhecer";"Decrescente";"Nublado";"Simples";"Declive;Curva";"Não";3;0;1;0;1;2;1;4;-26,399617;-49,296078;"SPRF-SC";"DEL06-SC";"UOP03-DEL06-SC"
757317;2026-03-09;"segunda-feira";"08:40:00";"RJ";493;22;"MAGE";"Ausência de reação do condutor";"Colisão traseira";"Com Vítimas Feridas";"Pleno dia";"Decrescente";"Nublado";"Simples";"Reta";"Não";2;0;0;1;0;1;1;2;-22,65797001;-43,07324857;"SPRF-RJ";"DEL04-RJ";"UOP02-DEL04-RJ"
757319;2026-03-10;"terça-feira";"05:30:00";"SC";101;95,6;"BARRA VELHA";"Ausência de reação do condutor";"Colisão traseira";"Com Vítimas Fatais";"Amanhecer";"Crescente";"Chuva";"Múltipla";"Reta;Aclive;Interseção de Vias";"Não";3;2;0;0;0;1;0;2;-26,71569937;-48,70200098;"SPRF-SC";"DEL03-SC";"UOP02-DEL03-SC"
757321;2026-03-10;"terça-feira";"06:30:00";"PE";101;80;"JABOATAO DOS GUARARAPES";"Condutor deixou de manter distância do veículo da frente";"Colisão traseira";"Com Vítimas Feridas";"Pleno dia";"Crescente";"Céu Claro";"Dupla";"Reta";"Sim";2;0;0;1;1;0;1;2;-8,15826;-34,94064;"SPRF-PE";"DEL01-PE";"UOP01-DEL01-PE"
757322;2026-03-10;"terça-feira";"04:00:00";"RJ";101;71;"CAMPOS DOS GOYTACAZES";"Condutor deixou de manter distância do veículo da frente";"Colisão traseira";"Sem Vítimas";"Pleno dia";"Decrescente";"Chuva";"Simples";"Reta";"Não";2;0;0;0;1;1;0;2;-21,8169729;-41,3981444;"SPRF-RJ";"DEL08-RJ";"UOP02-DEL08-RJ"
757327;2026-03-10;"terça-feira";"07:40:00";"PR";277;75;"SAO JOSE DOS PINHAIS";"Reação tardia ou ineficiente do condutor";"Colisão traseira";"Com Vítimas Feridas";"Amanhecer";"Decrescente";"Nublado";"Dupla";"Reta";"Sim";2;0;1;0;1;0;1;2;-25,492652;-49,170433;"SPRF-PR";"DEL01-PR";"UOP07-DEL01-PR"
757337;2026-02-01;"domingo";"17:30:00";"SP";116;360;"MIRACATU";"Velocidade Incompatível";"Tombamento";"Com Vítimas Feridas";"Pleno dia";"Decrescente";"Céu Claro";"Dupla";"Curva";"Não";3;0;2;0;0;1;2;2;-24,113228;-47,26949215;"SPRF-SP";"DEL04-SP";"UOP03-DEL04-SP"
757340;2026-03-10;"terça-feira";"07:45:00";"BA";116;420,1;"FEIRA DE SANTANA";"Condutor deixou de manter distância do veículo da frente";"Colisão traseira";"Com Vítimas Feridas";"Pleno dia";"Decrescente";"Céu Claro";"Dupla";"Reta";"Sim";6;0;0;2;3;1;2;4;-12,21155;-38,96548;"SPRF-BA";"DEL02-BA";"UOP01-DEL02-BA"
757344;2026-03-10;"terça-feira";"08:30:00";"MG";267;71,9;"BICAS";"Velocidade Incompatível";"Tombamento";"Com Vítimas Feridas";"Pleno dia";"Crescente";"Nublado";"Simples";"Curva";"Não";3;0;1;1;0;1;2;3;-21,75736;-43,16582;"SPRF-MG";"DEL05-MG";"UOP01-DEL05-MG"
757346;2026-03-10;"terça-feira";"05:45:00";"GO";60;322;"ACREUNA";"Condutor Dormindo";"Saída de leito carroçável";"Sem Vítimas";"Amanhecer";"Crescente";"Nevoeiro/Neblina";"Dupla";"Reta";"Não";1;0;0;0;1;0;0;1;-17,514098;-50,479867;"SPRF-GO";"DEL04-GO";"UOP02-DEL04-GO"
757348;2026-03-10;"terça-feira";"08:10:00";"SP";116;143;"SAO JOSE DOS CAMPOS";"Ausência de reação do condutor";"Colisão lateral mesmo sentido";"Com Vítimas Feridas";"Pleno dia";"Crescente";"Nublado";"Múltipla";"Reta";"Sim";4;0;1;0;2;1;1;3;-23,18250834;-45,84592279;"SPRF-SP";"DEL02-SP";"UOP01-DEL02-SP"
757349;2026-03-10;"terça-feira";"05:00:00";"MS";60;516,5;"NIOAQUE";"Demais falhas mecânicas ou elétricas";"Incêndio";"Sem Vítimas";"Amanhecer";"Crescente";"Nublado";"Simples";"Reta";"Não";2;0;0;0;1;3;0;4;-21,171378;-55,643021;"SPRF-MS";"DEL05-MS";"UOP01-DEL05-MS"
757350;2026-03-10;"terça-feira";"07:51:00";"MG";40;488,9;"ESMERALDAS";"Condutor deixou de manter distância do veículo da frente";"Colisão lateral mesmo sentido";"Sem Vítimas";"Pleno dia";"Crescente";"Céu Claro";"Dupla";"Declive;Curva";"Não";2;0;0;0;1;1;0;2;-19,6141644;-44,2158326;"SPRF-MG";"DEL02-MG";"UOP01-DEL02-MG"
757353;2026-03-10;"terça-feira";"07:50:00";"PR";376;665;"GUARATUBA";"Ausência de reação do condutor";"Colisão com objeto";"Com Vítimas Feridas";"Pleno dia";"Crescente";"Garoa/Chuvisco";"Dupla";"Declive;Curva";"Não";4;0;1;0;2;2;1;5;-25,859572;-48,949728;"SPRF-PR";"DEL01-PR";"UOP04-DEL01-PR"
757354;2026-03-10;"terça-feira";"08:15:00";"MA";226;300;"BARRA DO CORDA";"Ausência de reação do condutor";"Queda de ocupante de veículo";"Com Vítimas Feridas";"Pleno dia";"Crescente";"Céu Claro";"Simples";"Reta;Rotatória";"Sim";2;0;0;1;0;1;1;2;-5,5019419;-45,24649084;"SPRF-MA";"DEL06-MA";"UOP01-DEL06-MA"
757355;2026-03-10;"terça-feira";"05:30:00";"SP";116;339,4;"JUQUITIBA";"Ausência de reação do condutor";"Tombamento";"Com Vítimas Feridas";"Amanhecer";"Decrescente";"Chuva";"Múltipla";"Aclive;Reta";"Não";2;0;1;0;0;1;1;2;-24,002788;-47,154618;"SPRF-SP";"DEL04-SP";"UOP03-DEL04-SP"
757359;2026-03-10;"terça-feira";"09:30:00";"RS";116;367;"SENTINELA DO SUL";"Reação tardia ou ineficiente do condutor";"Colisão traseira";"Com Vítimas Feridas";"Pleno dia";"Crescente";"Garoa/Chuvisco";"Dupla";"Reta";"Não";2;0;1;0;1;0;1;2;-30,67703032;-51,57458246;"SPRF-RS";"DEL02-RS";"UOP02-DEL02-RS"
757360;2026-03-10;"terça-feira";"07:30:00";"SP";116;523;"BARRA DO TURVO";"Chuva";"Colisão com objeto";"Com Vítimas Feridas";"Pleno dia";"Crescente";"Chuva";"Simples";"Declive;Reta";"Não";2;0;1;0;1;0;1;1;-24,918978;-48,25809002;"SPRF-SP";"DEL05-SP";"UOP02-DEL05-SP"
757361;2026-03-10;"terça-feira";"08:00:00";"MG";381;423,8;"SABARA";"Avarias e/ou desgaste excessivo no pneu";"Tombamento";"Com Vítimas Feridas";"Pleno dia";"Decrescente";"Nublado";"Simples";"Curva";"Sim";2;0;1;0;0;1;1;2;-19,78834933;-43,69674683;"SPRF-MG";"DEL01-MG";"UOP01-DEL01-MG"