"id";"data_inversa";"dia_semana";"horario";"uf";"br";"km";"municipio";"causa_acidente";"tipo_acidente";"classificacao_acidente";"fase_dia";"sentido_via";"condicao_metereologica";"tipo_pista";"tracado_via";"uso_solo";"pessoas";"mortos";"feridos_leves";"feridos_graves";"ilesos";"ignorados";"feridos";"veiculos";"latitude";"longitude";"regional";"delegacia";"uop"
758508;2026-03-15;"domingo";"09:13:00";"PA";163;563;"TRAIRAO";"Pista esburacada";"Colisão traseira";"Com Vítimas Feridas";"Pleno dia";"Crescente";"Nublado";"Simples";"Aclive;Reta";"Não";4;0;1;0;1;4;1;5;-5,096937;-56,137383;"SPRF-PA";"DEL05-PA";"UOP03-DEL05-PA"
758510;2026-03-15;"domingo";"12:35:00";"MG";365;382;"PATOS DE MINAS";"Ausência de reação do condutor";"Saída de leito carroçável";"Com Vítimas Fatais";"Pleno dia";"Decrescente";"Chuva";"Dupla";"Reta";"Não";2;1;0;0;0;1;0;2;-18,59268387;-46,27741814;"SPRF-MG";"DEL10-MG";"UOP01-DEL10-MG"
758517;2026-03-15;"domingo";"10:22:00";"PA";163;102;"ALTAMIRA";"Transitar no Acostamento";"Colisão lateral mesmo sentido";"Com Vítimas Feridas";"Pleno dia";"Decrescente";"Céu Claro";"Simples";"Reta";"Não";2;0;0;1;0;1;1;2;-8,73344;-54,970083;"SPRF-MT";"DEL06-MT";"UOP03-DEL06-MT"
758519;2026-03-15;"domingo";"10:40:00";"MT";174;5;"PONTES E LACERDA";"Acessar a via sem observar a presença dos outros veículos";"Colisão transversal";"Com Vítimas Feridas";"Pleno dia";"Decrescente";"Céu Claro";"Simples";"Reta";"Sim";2;0;1;0;1;0;1;2;-15,2267029;-59,34941267;"SPRF-MT";"DEL04-MT";"UOP01-DEL04-MT"
758521;2026-03-15;"domingo";"13:50:00";"TO";153;157;"ARAGUAINA";"Ingestão de álcool pelo condutor";"Colisão lateral mesmo sentido";"Sem Vítimas";"Pleno dia";"Decrescente";"Chuva";"Simples";"Reta";"Não";3;0;0;0;2;1;0;3;-7,298083;-48,291855;"SPRF-TO";"DEL02-TO";"UOP01-DEL02-TO"
758524;2026-03-15;"domingo";"09:40:00";"MG";116;144,9;"PONTO DOS VOLANTES";"Ausência de reação do condutor";"Tombamento";"Com Vítimas Feridas";"Pleno dia";"Decrescente";"Sol";"Simples";"Declive;Curva";"Não";2;0;1;0;0;1;1;2;-16,809734;-41,473478;"SPRF-MG";"DEL11-MG";"UOP02-DEL11-MG"
758526;2026-03-15;"domingo";"12:30:00";"MA";316;557,8;"CAXIAS";"Manobra de mudança de faixa";"Colisão transversal";"Com Vítimas Fatais";"Pleno dia";"Crescente";"Chuva";"Simples";"Aclive";"Não";3;1;2;0;0;0;2;2;-4,884657;-43,306523;"SPRF-MA";"DEL03-MA";"UOP02-DEL03-MA"
758528;2026-03-15;"domingo";"13:59:00";"SP";116;209,5;"GUARULHOS";"Condutor deixou de manter distância do veículo da frente";"Colisão traseira";"Com Vítimas Feridas";"Pleno dia";"Decrescente";"Céu Claro";"Múltipla";"Reta;Viaduto;Declive";"Sim";13;0;4;0;8;1;4;5;-23,427014;-46,406366;"SPRF-SP";"DEL01-SP";"UOP01-DEL01-SP"
758547;2026-03-15;"domingo";"15:30:00";"SC";101;86,2;"BARRA VELHA";"Reação tardia ou ineficiente do condutor";"Colisão lateral mesmo sentido";"Sem Vítimas";"Pleno dia";"Decrescente";"Céu Claro";"Dupla";"Reta";"Sim";2;0;0;0;2;0;0;2;-26,63858702;-48,6943109;"SPRF-SC";"DEL03-SC";"UOP02-DEL03-SC"
758550;2026-03-15;"domingo";"15:00:00";"MT";163;1058;"GUARANTA DO NORTE";"Transitar na contramão";"Colisão lateral sentido oposto";"Com Vítimas Feridas";"Pleno dia";"Crescente";"Nublado";"Simples";"Reta;Declive";"Não";4;0;1;0;2;3;1;5;-10,01365098;-54,90833759;"SPRF-MT";"DEL06-MT";"UOP03-DEL06-MT"
758558;2026-03-15;"domingo";"16:30:00";"SP";116;98;"PINDAMONHANGABA";"Ausência de reação do condutor";"Colisão traseira";"Com Vítimas Feridas";"Pleno dia";"Decrescente";"Sol";"Dupla";"Reta";"Não";3;0;1;0;1;2;1;4;-22,97146438;-45,44241575;"SPRF-SP";"DEL08-SP";"UOP01-DEL08-SP"
758559;2026-03-15;"domingo";"16:55:00";"PR";163;176;"LINDOESTE";"Ausência de reação do condutor";"Saída de leito carroçável";"Com Vítimas Feridas";"Pleno dia";"Crescente";"Sol";"Dupla";"Curva";"Não";2;0;1;0;0;1;1;2;-25,18657347;-53,6008358;"SPRF-PR";"DEL05-PR";"UOP05-DEL05-PR"
758572;2026-03-15;"domingo";"15:12:00";"MG";251;493,3;"FRANCISCO SA";"Velocidade Incompatível";"Colisão frontal";"Com Vítimas Feridas";"Pleno dia";"Crescente";"Chuva";"Simples";"Reta";"Não";4;0;1;0;2;4;1;7;-16,536;-43,588;"SPRF-MG";"DEL12-MG";"UOP01-DEL12-MG"
758574;2026-03-15;"domingo";"16:00:00";"RO";364;522,4;"ARIQUEMES";"Demais falhas mecânicas ou elétricas";"Tombamento";"Sem Vítimas";"Pleno dia";"Decrescente";"Céu Claro";"Simples";"Reta";"Não";5;0;0;0;3;4;0;6;-9,85687;-63,058605;"SPRF-RO";"DEL03-RO";"UOP01-DEL03-RO"
758580;2026-03-15;"domingo";"17:25:00";"SP";116;358;"MIRACATU";"Velocidade Incompatível";"Colisão traseira";"Com Vítimas Feridas";"Anoitecer";"Crescente";"Céu Claro";"Dupla";"Declive;Curva";"Não";14;0;1;0;1;13;1;15;-24,11182667;-47,2685051;"SPRF-SP";"DEL04-SP";"UOP03-DEL04-SP"
758582;2026-03-15;"domingo";"16:00:00";"MT";70;496;"CUIABA";"Velocidade Incompatível";"Tombamento";"Sem Vítimas";"Pleno dia";"Crescente";"Céu Claro";"Simples";"Curva";"Sim";2;0;0;0;1;1;0;1;-15,66106141;-56,00689027;"SPRF-MT";"DEL01-MT";"UOP02-DEL01-MT"
758594;2026-03-15;"domingo";"16:20:00";"RS";116;331;"BARRA DO RIBEIRO";"Ingestão de álcool pelo condutor";"Colisão traseira";"Com Vítimas Feridas";"Pleno dia";"Decrescente";"Céu Claro";"Dupla";"Reta";"Não";4;0;0;2;1;2;2;4;-30,38707469;-51,43192287;"SPRF-RS";"DEL02-RS";"UOP02-DEL02-RS"
758595;2026-03-15;"domingo";"15:12:00";"BA";242;892;"BARREIRAS";"Reação tardia ou ineficiente do condutor";"Tombamento";"Com Vítimas Feridas";"Pleno dia";"Crescente";"Céu Claro";"Simples";"Reta";"Não";2;0;1;0;0;2;1;3;-12,073006;-45,656862;"SPRF-BA";"DEL10-BA";"UOP01-DEL10-BA"
758596;2026-03-15;"domingo";"10:30:00";"BA";116;195;"CANUDOS";"Afundamento ou ondulação no pavimento";"Tombamento";"Com Vítimas Feridas";"Pleno dia";"Decrescente";"Céu Claro";"Simples";"Reta";"Não";1;0;1;0;0;0;1;1;-10,363555;-39,05639648;"SPRF-BA";"DEL07-BA";"UOP03-DEL07-BA"
758597;2026-03-15;"domingo";"15:00:00";"SC";282;629,2;"IRACEMINHA";"Condutor usando celular";"Colisão lateral mesmo sentido";"Com Vítimas Feridas";"Pleno dia";"Decrescente";"Céu Claro";"Dupla";"Curva";"Não";4;0;2;1;0;1;3;3;-26,820044;-53,377044;"SPRF-SC";"DEL07-SC";"UOP03-DEL07-SC"
758600;2026-03-15;"domingo";"20:20:00";"GO";414;410,5;"ABADIANIA";"Ingestão de álcool pelo condutor";"Colisão frontal";"Com Vítimas Feridas";"Plena Noite";"Crescente";"Nublado";"Simples";"Interseção de Vias;Reta";"Sim";5;0;1;1;2;2;2;4;-16,054996;-48,853653;"SPRF-GO";"DEL02-GO";"UOP01-DEL02-GO"
758608;2026-03-15;"domingo";"19:15:00";"PR";153;134,5;"VENTANIA";"Demais falhas mecânicas ou elétricas";"Incêndio";"Sem Vítimas";"Plena Noite";"Decrescente";"Céu Claro";"Simples";"Aclive;Reta";"Não";2;0;0;0;1;1;0;2;-24,03613;-50,2473;"SPRF-PR";"DEL07-PR";"UOP04-DEL07-PR"
758614;2026-03-15;"domingo";"20:10:00";"MG";116;699,7;"MURIAE";"Acessar a via sem observar a presença dos outros veículos";"Colisão transversal";"Com Vítimas Feridas";"Plena Noite";"Crescente";"Nublado";"Simples";"Reta";"Não";4;0;1;1;1;1;2;3;-21,101;-42,378;"SPRF-MG";"DEL07-MG";"UOP02-DEL07-MG"
758616;2026-01-10;"sábado";"17:15:00";"MG";50;86;"UBERLANDIA";"Velocidade Incompatível";"Tombamento";"Com Vítimas Feridas";"Pleno dia";"Crescente";"Sol";"Dupla";"Reta";"Não";2;0;1;0;0;1;1;2;-19,0120862;-48,20809063;"SPRF-MG";"DEL15-MG";"UOP01-DEL15-MG"
758626;2026-03-15;"domingo";"21:55:00";"PR";153;123;"IBAITI";"Ingestão de substâncias psicoativas pelo condutor";"Tombamento";"Com Vítimas Feridas";"Plena Noite";"Decrescente";"Céu Claro";"Simples";"Reta";"Não";2;0;1;0;0;3;1;4;-23,95178745;-50,23836343;"SPRF-PR";"DEL07-PR";"UOP04-DEL07-PR"
758632;2026-03-15;"domingo";"23:00:00";"PR";369;471,4;"CORBELIA";"Transitar na contramão";"Colisão lateral sentido oposto";"Com Vítimas Feridas";"Plena Noite";"Crescente";"Céu Claro";"Simples";"Curva";"Não";3;0;0;1;1;1;1;3;-24,69789993;-53,24016728;"SPRF-PR";"DEL04-PR";"UOP03-DEL04-PR"
758642;2026-03-15;"domingo";"23:30:00";"MT";163;995;"TERRA NOVA DO NORTE";"Condutor deixou de manter distância do veículo da frente";"Colisão traseira";"Com Vítimas Feridas";"Plena Noite";"Crescente";"Céu Claro";"Simples";"Reta";"Não";4;0;1;1;1;1;2;3;-10,537669;-55,082981;"SPRF-MT";"DEL06-MT";"UOP03-DEL06-MT"
758643;2026-03-15;"domingo";"22:10:00";"SP";116;173;"JACAREI";"Objeto estático sobre o leito carroçável";"Colisão com objeto";"Com Vítimas Feridas";"Pleno dia";"Crescente";"Céu Claro";"Dupla";"Reta";"Não";2;0;1;0;0;1;1;2;-23,3227699;-46,092844;"SPRF-SP";"DEL02-SP";"UOP01-DEL02-SP"
758647;2026-03-16;"segunda-feira";"00:30:00";"BA";324;572;"SAO SEBASTIAO DO PASSE";"Demais falhas mecânicas ou elétricas";"Incêndio";"Sem Vítimas";"Plena Noite";"Crescente";"Céu Claro";"Dupla";"Reta";"Não";2;0;0;0;1;1;0;2;-12,564529;-38,5565;"SPRF-BA";"DEL01-BA";"UOP01-DEL01-BA"
758649;2026-03-16;"segunda-feira";"02:50:00";"MS";267;205;"NOVA ALVORADA DO SUL";"Ausência de reação do condutor";"Colisão com objeto";"Com Vítimas Fatais";"Plena Noite";"Decrescente";"Céu Claro";"Múltipla";"Declive;Reta";"Não";25;1;2;3;18;2;5;4;-21,58986;-53,98959;"SPRF-MS";"DEL02-MS";"UOP03-DEL02-MS"
758652;2026-03-16;"segunda-feira";"05:25:00";"MS";60;402,2;"SIDROLANDIA";"Ausência de reação do condutor";"Colisão traseira";"Com Vítimas Feridas";"Amanhecer";"Crescente";"Céu Claro";"Simples";"Reta";"Não";5;0;2;1;2;0;3;2;-20,820419;-54,802428;"SPRF-MS";"DEL01-MS";"UOP04-DEL01-MS"
758656;2026-03-15;"domingo";"07:30:00";"SC";163;106,6;"SAO JOSE DO CEDRO";"Manobra de mudança de faixa";"Colisão lateral mesmo sentido";"Sem Vítimas";"Pleno dia";"Decrescente";"Céu Claro";"Simples";"Reta";"Sim";3;0;0;0;2;3;0;5;-26,43118438;-53,51956336;"SPRF-SC";"DEL07-SC";"UOP03-DEL07-SC"
758662;2026-03-16;"segunda-feira";"06:00:00";"MG";40;767,5;"JUIZ DE FORA";"Carga excessiva e/ou mal acondicionada";"Tombamento";"Com Vítimas Feridas";"Pleno dia";"Decrescente";"Céu Claro";"Simples";"Reta";"Não";1;0;1;0;0;0;1;1;-21,581423;-43,466283;"SPRF-MG";"DEL05-MG";"UOP01-DEL05-MG"
758682;2026-03-16;"segunda-feira";"07:10:00";"SC";282;446;"PONTE SERRADA";"Ausência de reação do condutor";"Colisão lateral sentido oposto";"Com Vítimas Feridas";"Pleno dia";"Crescente";"Céu Claro";"Dupla";"Curva";"Não";3;0;1;0;1;1;1;3;-26,911389;-51,904834;"SPRF-SC";"DEL07-SC";"UOP04-DEL07-SC"
758683;2026-03-16;"segunda-feira";"07:00:00";"ES";101;288,9;"CARIACICA";"Trafegar com motocicleta (ou similar) entre as faixas";"Colisão transversal";"Com Vítimas Feridas";"Pleno dia";"Decrescente";"Céu Claro";"Dupla";"Reta;Retorno Regulamentado";"Não";2;0;1;0;1;0;1;2;-20,279206;-40,392595;"SPRF-ES";"DEL01-ES";"UOP01-DEL01-ES"
758686;2026-03-16;"segunda-feira";"03:01:00";"AM";319;733;"HUMAITA";"Ausência de reação do condutor";"Saída de leito carroçável";"Com Vítimas Feridas";"Plena Noite";"Crescente";"Céu Claro";"Simples";"Reta";"Não";2;0;1;0;1;0;1;1;-7,927367;-63,329773;"SPRF-AM";"DEL02-AM";"UOP01-DEL02-AM"
758699;2026-03-16;"segunda-feira";"06:52:00";"MS";262;528,5;"AQUIDAUANA";"Acessar a via sem observar a presença dos outros veículos";"Colisão traseira";"Com Vítimas Feridas";"Amanhecer";"Decrescente";"Nublado";"Simples";"Reta;Interseção de Vias";"Não";5;0;2;0;2;1;2;3;-20,35585001;-56,1294922;"SPRF-MS";"DEL03-MS";"UOP02-DEL03-MS"
758701;2026-03-16;"segunda-feira";"08:00:00";"MG";381;946;"EXTREMA";"Velocidade Incompatível";"Colisão traseira";"Com Vítimas Feridas";"Pleno dia";"Decrescente";"Céu Claro";"Dupla";"Reta;Declive";"Sim";3;0;1;0;1;1;1;3;-22,8627913;-46,34486944;"SPRF-MG";"DEL16-MG";"UOP03-DEL16-MG"
758702;2026-03-16;"segunda-feira";"08:10:00";"BA";101;263;"SANTO ANTONIO DE JESUS";"Acessar a via sem observar a presença dos outros veículos";"Colisão transversal";"Com Vítimas Feridas";"Pleno dia";"Decrescente";"Céu Claro";"Simples";"Reta;Interseção de Vias;Rotatória";"Sim";4;0;1;0;3;0;1;2;-12,97879967;-39,28441554;"SPRF-BA";"DEL11-BA";"UOP01-DEL11-BA"
758703;2026-03-16;"segunda-feira";"08:40:00";"RJ";40;41,6;"AREAL";"Velocidade Incompatível";"Tombamento";"Com Vítimas Fatais";"Pleno dia";"Decrescente";"Nublado";"Dupla";"Declive;Curva";"Não";2;1;0;0;0;1;0;2;-22,254801;-43,107712;"SPRF-RJ";"DEL05-RJ";"UOP02-DEL05-RJ"
758709;2026-02-25;"quarta-feira";"16:10:00";"RJ";116;257;"PIRAI";"Estacionar ou parar em local proibido";"Colisão traseira";"Com Vítimas Feridas";"Pleno dia";"Crescente";"Nublado";"Múltipla";"Aclive;Reta";"Não";3;0;2;0;0;3;2;5;-22,586368;-44,014536;"SPRF-RJ";"DEL07-RJ";"UOP01-DEL07-RJ"
758710;2026-03-16;"segunda-feira";"08:00:00";"MG";381;307,8;"ANTONIO DIAS";"Acessar a via sem observar a presença dos outros veículos";"Colisão transversal";"Com Vítimas Fatais";"Pleno dia";"Crescente";"Céu Claro";"Múltipla";"Reta";"Não";5;1;0;1;2;2;1;5;-19,65745;-42,96074;"SPRF-MG";"DEL03-MG";"UOP02-DEL03-MG"
758711;2026-02-20;"sexta-feira";"11:40:00";"PR";277;2,4;"PARANAGUA";"Retorno proibido";"Colisão transversal";"Com Vítimas Feridas";"Pleno dia";"Decrescente";"Sol";"Simples";"Interseção de Vias";"Sim";4;0;1;0;1;3;1;5;-25,53655043;-48,55631797;"SPRF-PR";"DEL01-PR";"UOP05-DEL01-PR"
758714;2026-03-16;"segunda-feira";"10:00:00";"BA";415;47;"ITABUNA";"Acessar a via sem observar a presença dos outros veículos";"Colisão transversal";"Com Vítimas Feridas";"Pleno dia";"Crescente";"Sol";"Simples";"Reta";"Sim";4;0;1;1;2;0;2;3;-14,81611237;-39,29966164;"SPRF-BA";"DEL05-BA";"UOP01-DEL05-BA"
758715;2026-03-16;"segunda-feira";"09:18:00";"SC";101;132,3;"BALNEARIO CAMBORIU";"Trafegar com motocicleta (ou similar) entre as faixas";"Colisão traseira";"Com Vítimas Feridas";"Pleno dia";"Decrescente";"Sol";"Dupla";"Reta";"Sim";4;0;1;0;2;1;1;4;-26,99756;-48,65219;"SPRF-SC";"DEL04-SC";"UOP03-DEL04-SC"
758717;2026-03-16;"segunda-feira";"09:40:00";"RJ";101;331;"RIO DE JANEIRO";"Manobra de mudança de faixa";"Colisão lateral mesmo sentido";"Com Vítimas Feridas";"Pleno dia";"Decrescente";"Céu Claro";"Dupla";"Reta";"Sim";2;0;1;0;1;0;1;2;-22,86876589;-43,19034979;"SPRF-RJ";"DEL02-RJ";"UOP01-DEL02-RJ"
758718;2026-03-16;"segunda-feira";"10:50:00";"PB";101;93;"JOAO PESSOA";"Reação tardia ou ineficiente do condutor";"Colisão lateral mesmo sentido";"Sem Vítimas";"Pleno dia";"Decrescente";"Céu Claro";"Dupla";"Reta";"Não";7;0;0;0;7;0;0;2;-7,210152;-34,910142;"SPRF-PB";"DEL01-PB";"UOP01-DEL01-PB"
758723;2026-03-16;"segunda-feira";"07:20:00";"BA";116;680;"JEQUIE";"Condutor Dormindo";"Colisão frontal";"Com Vítimas Feridas";"Pleno dia";"Crescente";"Céu Claro";"Simples";"Reta";"Não";6;0;1;0;4;1;1;4;-13,8993177;-40,1462722;"SPRF-BA";"DEL03-BA";"UOP01-DEL03-BA"
758729;2026-03-16;"segunda-feira";"11:00:00";"SC";116;107,7;"MONTE CASTELO";"Velocidade Incompatível";"Colisão frontal";"Com Vítimas Feridas";"Pleno dia";"Decrescente";"Céu Claro";"Simples";"Declive;Curva";"Não";3;0;1;0;1;2;1;4;-26,753802;-50,332657;"SPRF-SC";"DEL06-SC";"UOP02-DEL06-SC"
758735;2026-03-16;"segunda-feira";"12:20:00";"PR";277;654,9;"MATELANDIA";"Demais falhas mecânicas ou elétricas";"Colisão lateral sentido oposto";"Sem Vítimas";"Pleno dia";"Decrescente";"Céu Claro";"Simples";"Aclive;Reta";"Não";3;0;0;0;2;1;0;3;-25,2150928;-53,95144813;"SPRF-PR";"DEL05-PR";"UOP02-DEL05-PR"
758739;2026-03-16;"segunda-feira";"12:10:00";"PE";232;441,9;"SERRA TALHADA";"Demais falhas mecânicas ou elétricas";"Tombamento";"Com Vítimas Fatais";"Pleno dia";"Decrescente";"Céu Claro";"Dupla";"Reta";"Não";4;1;1;0;1;2;1;4;-8,013517;-38,577438;"SPRF-PE";"DEL04-PE";"UOP01-DEL04-PE"
758743;2026-03-16;"segunda-feira";"13:56:00";"SP";116;189;"SANTA ISABEL";"Ausência de reação do condutor";"Colisão traseira";"Com Vítimas Feridas";"Pleno dia";"Crescente";"Sol";"Dupla";"Reta";"Sim";3;0;0;1;1;1;1;3;-23,3552326;-46,20409421;"SPRF-SP";"DEL01-SP";"UOP01-DEL01-SP"
758753;2026-03-16;"segunda-feira";"14:15:00";"PE";116;34;"SALGUEIRO";"Transitar na contramão";"Colisão frontal";"Com Vítimas Fatais";"Pleno dia";"Decrescente";"Nublado";"Simples";"Reta";"Não";5;1;3;0;1;0;3;3;-8,137137;-39,113308;"SPRF-PE";"DEL05-PE";"UOP01-DEL05-PE"
758756;2026-03-16;"segunda-feira";"13:30:00";"PA";222;212;"BOM JESUS DO TOCANTINS";"Reação tardia ou ineficiente do condutor";"Colisão traseira";"Com Vítimas Fatais";"Pleno dia";"Crescente";"Céu Claro";"Simples";"Reta";"Não";2;1;0;0;1;0;0;2;-5,167732;-48,933197;"SPRF-PA";"DEL03-PA";"UOP01-DEL03-PA"
758775;2026-03-16;"segunda-feira";"16:20:00";"SC";101;198,7;"SAO JOSE";"Reação tardia ou ineficiente do condutor";"Colisão com objeto";"Com Vítimas Feridas";"Pleno dia";"Crescente";"Nublado";"Dupla";"Reta";"Sim";2;0;1;0;1;0;1;2;-27,531658;-48,631653;"SPRF-SC";"DEL01-SC";"UOP01-DEL01-SC"
758777;2026-03-16;"segunda-feira";"16:00:00";"MS";163;472,5;"CAMPO GRANDE";"Condutor deixou de manter distância do veículo da frente";"Engavetamento";"Com Vítimas Feridas";"Pleno dia";"Crescente";"Nublado";"Simples";"Reta;Declive";"Sim";8;0;2;0;5;1;2;6;-20,53978095;-54,56195668;"SPRF-MS";"DEL01-MS";"UOP01-DEL01-MS"
758779;2026-03-16;"segunda-feira";"16:30:00";"BA";101;5;"RIO REAL";"Demais falhas mecânicas ou elétricas";"Colisão frontal";"Com Vítimas Feridas";"Pleno dia";"Crescente";"Céu Claro";"Simples";"Reta";"Não";4;0;2;0;1;2;2;5;-11,537485;-37,838898;"SPRF-SE";"DEL02-SE";"UOP03-DEL02-SE"
758782;2026-03-16;"segunda-feira";"16:20:00";"PR";116;108;"SAO JOSE DOS PINHAIS";"Reação tardia ou ineficiente do condutor";"Colisão lateral mesmo sentido";"Sem Vítimas";"Pleno dia";"Crescente";"Chuva";"Dupla";"Reta";"Não";5;0;0;0;5;0;0;2;-25,567148;-49,23777;"SPRF-PR";"DEL01-PR";"UOP03-DEL01-PR"
758788;2026-03-16;"segunda-feira";"16:24:00";"TO";153;768;"ALVORADA";"Mal súbito do condutor";"Saída de leito carroçável";"Com Vítimas Feridas";"Pleno dia";"Decrescente";"Garoa/Chuvisco";"Simples";"Reta";"Não";2;0;1;0;0;1;1;2;-12,5094;-49,1112;"SPRF-TO";"DEL01-TO";"UOP02-DEL01-TO"
758789;2026-03-16;"segunda-feira";"16:40:00";"PE";232;355,6;"FLORES";"Demais falhas mecânicas ou elétricas";"Incêndio";"Sem Vítimas";"Pleno dia";"Crescente";"Céu Claro";"Simples";"Reta";"Sim";1;0;0;0;1;0;0;1;-8,050243;-37,837648;"SPRF-PE";"DEL04-PE";"UOP01-DEL04-PE"
758794;2026-03-09;"segunda-feira";"08:40:00";"BA";324;516;"FEIRA DE SANTANA";"Acessar a via sem observar a presença dos outros veículos";"Colisão transversal";"Com Vítimas Feridas";"Pleno dia";"Crescente";"Sol";"Simples";"Reta";"Sim";2;0;1;0;1;0;1;2;-12,25177611;-38,93304203;"SPRF-BA";"DEL02-BA";"UOP01-DEL02-BA"
758817;2026-03-16;"segunda-feira";"18:00:00";"MG";251;397,5;"GRAO MOGOL";"Chuva";"Colisão com objeto";"Sem Vítimas";"Anoitecer";"Crescente";"Chuva";"Simples";"Declive;Curva";"Não";2;0;0;0;1;1;0;2;-16,2132712;-42,876317;"SPRF-MG";"DEL12-MG";"UOP01-DEL12-MG"
758822;2026-03-16;"segunda-feira";"19:40:00";"RS";386;0,1;"IRAI";"Ingestão de álcool pelo condutor";"Colisão traseira";"Com Vítimas Feridas";"Plena Noite";"Crescente";"Nublado";"Simples";"Ponte";"Não";2;0;0;1;1;0;1;2;-27,17288037;-53,22901726;"SPRF-RS";"DEL08-RS";"UOP02-DEL08-RS"
758826;2026-03-16;"segunda-feira";"19:45:00";"RO";364;12,4;"VILHENA";"Estacionar ou parar em local proibido";"Colisão traseira";"Com Vítimas Feridas";"Plena Noite";"Crescente";"Nublado";"Simples";"Reta";"Sim";3;0;0;1;1;3;1;5;-12,74245;-60,12467;"SPRF-RO";"DEL04-RO";"UOP01-DEL04-RO"
758839;2026-03-16;"segunda-feira";"20:50:00";"MG";262;822;"UBERABA";"Pista esburacada";"Tombamento";"Com Vítimas Feridas";"Plena Noite";"Decrescente";"Chuva";"Dupla";"Reta";"Não";3;0;1;1;0;1;2;2;-19,761295;-48,082025;"SPRF-MG";"DEL13-MG";"UOP01-DEL13-MG"
758841;2026-03-16;"segunda-feira";"21:30:00";"SC";101;243,5;"PALHOCA";"Frear bruscamente";"Colisão traseira";"Sem Vítimas";"Plena Noite";"Crescente";"Céu Claro";"Dupla";"Reta";"Não";6;0;0;0;5;1;0;4;-27,89528;-48,64864;"SPRF-SC";"DEL01-SC";"UOP02-DEL01-SC"
758847;2026-03-16;"segunda-feira";"21:10:00";"PR";277;299;"PRUDENTOPOLIS";"Ausência de reação do condutor";"Saída de leito carroçável";"Com Vítimas Feridas";"Plena Noite";"Decrescente";"Céu Claro";"Simples";"Reta";"Não";2;0;1;0;0;1;1;2;-25,312;-51,092;"SPRF-PR";"DEL08-PR";"UOP01-DEL08-PR"
758849;2026-03-04;"quarta-feira";"14:40:00";"PR";476;143;"CURITIBA";"Manobra de mudança de faixa";"Colisão lateral mesmo sentido";"Com Vítimas Feridas";"Pleno dia";"Crescente";"Céu Claro";"Dupla";"Curva";"Sim";2;0;1;0;0;1;1;2;-25,5390797;-49,3109126;"SPRF-PR";"DEL01-PR";"UOP03-DEL01-PR"
758851;2026-03-16;"segunda-feira";"22:40:00";"MG";262;167,1;"SAO DOMINGOS DO PRATA";"Transitar na contramão";"Colisão frontal";"Com Vítimas Fatais";"Plena Noite";"Crescente";"Céu Claro";"Simples";"Declive;Curva";"Não";3;1;0;0;1;1;0;3;-19,956647;-42,899991;"SPRF-MG";"DEL03-MG";"UOP03-DEL03-MG"
758853;2026-03-16;"segunda-feira";"21:50:00";"MG";116;681,2;"MIRADOURO";"Condutor Dormindo";"Colisão frontal";"Com Vítimas Feridas";"Plena Noite";"Decrescente";"Céu Claro";"Simples";"Ponte;Curva";"Não";2;0;1;0;1;0;1;2;-20,955;-42,35;"SPRF-MG";"DEL07-MG";"UOP02-DEL07-MG"
758855;2026-03-16;"segunda-feira";"23:20:00";"CE";222;304;"TIANGUA";"Pista Escorregadia";"Colisão com objeto";"Com Vítimas Feridas";"Plena Noite";"Decrescente";"Nevoeiro/Neblina";"Simples";"Declive;Curva";"Não";3;0;1;2;0;0;3;1;-3,67027899;-40,95945597;"SPRF-CE";"DEL04-CE";"UOP02-DEL04-CE"
758856;2026-03-16;"segunda-feira";"23:30:00";"SC";470;242;"CURITIBANOS";"Ausência de reação do condutor";"Saída de leito carroçável";"Com Vítimas Feridas";"Plena Noite";"Decrescente";"Nublado";"Simples";"Curva";"Não";1;0;1;0;0;0;1;1;-27,3147146;-50,5151721;"SPRF-SC";"DEL05-SC";"UOP03-DEL05-SC"
758859;2026-03-17;"terça-feira";"01:19:00";"SP";116;163,1;"JACAREI";"Demais falhas mecânicas ou elétricas";"Incêndio";"Sem Vítimas";"Plena Noite";"Decrescente";"Céu Claro";"Dupla";"Reta";"Não";2;0;0;0;1;2;0;3;-23,28621;-45,99154;"SPRF-SP";"DEL02-SP";"UOP01-DEL02-SP"
758860;2026-03-17;"terça-feira";"02:32:00";"PR";376;537;"PALMEIRA";"Reação tardia ou ineficiente do condutor";"Colisão traseira";"Com Vítimas Feridas";"Plena Noite";"Crescente";"Nublado";"Dupla";"Reta";"Não";4;0;0;1;2;1;1;3;-25,3838758;-49,80647027;"SPRF-PR";"DEL03-PR";"UOP03-DEL03-PR"
758861;2026-03-17;"terça-feira";"02:50:00";"BA";116;404;"FEIRA DE SANTANA";"Reação tardia ou ineficiente do condutor";"Colisão traseira";"Com Vítimas Feridas";"Plena Noite";"Crescente";"Nublado";"Dupla";"Aclive;Reta";"Não";3;0;1;1;1;0;2;2;-12,06891;-38,97015;"SPRF-BA";"DEL02-BA";"UOP01-DEL02-BA"
758863;2026-03-17;"terça-feira";"04:35:00";"GO";60;4;"SANTO ANTONIO DO DESCOBERTO";"Condutor Dormindo";"Colisão frontal";"Com Vítimas Feridas";"Amanhecer";"Decrescente";"Céu Claro";"Dupla";"Curva";"Não";4;0;2;0;1;3;2;5;-16,089603;-48,274055;"SPRF-DF";"DEL03-DF";"UOP01-DEL03-DF"