"id";"data_inversa";"dia_semana";"horario";"uf";"br";"km";"municipio";"causa_acidente";"tipo_acidente";"classificacao_acidente";"fase_dia";"sentido_via";"condicao_metereologica";"tipo_pista";"tracado_via";"uso_solo";"pessoas";"mortos";"feridos_leves";"feridos_graves";"ilesos";"ignorados";"feridos";"veiculos";"latitude";"longitude";"regional";"delegacia";"uop"
758864;2026-03-17;"terça-feira";"03:00:00";"RJ";393;155;"TRES RIOS";"Velocidade Incompatível";"Tombamento";"Com Vítimas Feridas";"Plena Noite";"Decrescente";"Céu Claro";"Simples";"Rotatória";"Não";2;0;1;0;1;0;1;1;-22,10630694;-43,07719946;"SPRF-RJ";"DEL05-RJ";"UOP01-DEL05-RJ"
758869;2026-03-17;"terça-feira";"05:25:00";"PR";163;332;"GUAIRA";"Deficiência do Sistema de Iluminação/Sinalização";"Colisão lateral sentido oposto";"Com Vítimas Feridas";"Amanhecer";"Crescente";"Céu Claro";"Simples";"Reta";"Não";8;0;3;0;4;3;3;5;-24,22578027;-54,19954173;"SPRF-PR";"DEL06-PR";"UOP01-DEL06-PR"
758871;2026-03-16;"segunda-feira";"09:30:00";"MG";262;402,8;"IGARATINGA";"Problema com o freio";"Eventos atípicos";"Sem Vítimas";"Pleno dia";"Decrescente";"Céu Claro";"Dupla";"Aclive;Reta";"Não";2;0;0;0;1;2;0;3;-19,90195;-44,66136;"SPRF-MG";"DEL01-MG";"UOP03-DEL01-MG"
758873;2026-03-16;"segunda-feira";"23:25:00";"PR";277;657;"MATELANDIA";"Velocidade Incompatível";"Colisão frontal";"Com Vítimas Fatais";"Plena Noite";"Decrescente";"Céu Claro";"Simples";"Curva";"Não";3;1;0;0;1;1;0;3;-25,23522431;-53,96432877;"SPRF-PR";"DEL05-PR";"UOP02-DEL05-PR"
758876;2026-03-16;"segunda-feira";"22:25:00";"MG";153;57;"MONTE ALEGRE DE MINAS";"Mal súbito do condutor";"Saída de leito carroçável";"Sem Vítimas";"Plena Noite";"Decrescente";"Nublado";"Dupla";"Aclive;Reta";"Não";1;0;0;0;1;0;0;1;-18,875339;-49,058662;"SPRF-MG";"DEL15-MG";"UOP03-DEL15-MG"
758877;2026-03-17;"terça-feira";"01:30:00";"PR";376;524,5;"PONTA GROSSA";"Condutor Dormindo";"Colisão com objeto";"Com Vítimas Feridas";"Plena Noite";"Decrescente";"Nublado";"Dupla";"Curva;Aclive";"Não";1;0;0;1;0;0;1;1;-25,29772;-49,89349;"SPRF-PR";"DEL03-PR";"UOP04-DEL03-PR"
758880;2026-03-17;"terça-feira";"06:38:00";"MG";381;602,4;"OLIVEIRA";"Ausência de reação do condutor";"Saída de leito carroçável";"Com Vítimas Feridas";"Amanhecer";"Decrescente";"Céu Claro";"Dupla";"Curva";"Não";2;0;1;0;0;1;1;2;-20,613345;-44,735607;"SPRF-MG";"DEL04-MG";"UOP01-DEL04-MG"
758882;2026-03-17;"terça-feira";"08:00:00";"SP";116;198;"ARUJA";"Reação tardia ou ineficiente do condutor";"Colisão traseira";"Com Vítimas Feridas";"Pleno dia";"Crescente";"Céu Claro";"Dupla";"Aclive;Reta";"Sim";2;0;1;0;0;1;1;2;-23,40105259;-46,30813326;"SPRF-SP";"DEL01-SP";"UOP01-DEL01-SP"
758886;2026-03-16;"segunda-feira";"14:00:00";"MA";135;10;"SAO LUIS";"Condutor deixou de manter distância do veículo da frente";"Saída de leito carroçável";"Sem Vítimas";"Pleno dia";"Decrescente";"Sol";"Dupla";"Reta";"Sim";1;0;0;0;1;0;0;1;-2,66451;-44,28654;"SPRF-MA";"DEL01-MA";"UOP01-DEL01-MA"
758888;2026-03-17;"terça-feira";"04:40:00";"RJ";101;325;"NITEROI";"Demais falhas na via";"Colisão com objeto";"Sem Vítimas";"Pleno dia";"Decrescente";"Céu Claro";"Dupla";"Ponte;Reta";"Sim";2;0;0;0;1;1;0;2;-22,87466264;-43,12112562;"SPRF-RJ";"DEL02-RJ";"UOP01-DEL02-RJ"
758889;2026-03-17;"terça-feira";"07:06:00";"TO";153;303;"PRESIDENTE KENNEDY";"Ausência de reação do condutor";"Saída de leito carroçável";"Com Vítimas Feridas";"Pleno dia";"Crescente";"Nublado";"Simples";"Reta";"Não";2;0;1;0;0;2;1;3;-8,54809027;-48,48326683;"SPRF-TO";"DEL02-TO";"UOP02-DEL02-TO"
758892;2026-03-17;"terça-feira";"07:40:00";"MG";40;520,6;"CONTAGEM";"Trafegar com motocicleta (ou similar) entre as faixas";"Colisão traseira";"Com Vítimas Feridas";"Pleno dia";"Crescente";"Céu Claro";"Dupla";"Reta";"Não";3;0;1;0;2;0;1;2;-19,85213566;-44,07257795;"SPRF-MG";"DEL01-MG";"UOP02-DEL01-MG"
758898;2026-01-22;"quinta-feira";"00:30:00";"RJ";116;225;"PARACAMBI";"Condutor Dormindo";"Saída de leito carroçável";"Com Vítimas Feridas";"Plena Noite";"Decrescente";"Céu Claro";"Dupla";"Curva";"Sim";2;0;0;1;0;1;1;2;-22,6855068;-43,81303025;"SPRF-RJ";"DEL06-RJ";"UOP02-DEL06-RJ"
758899;2026-03-17;"terça-feira";"09:30:00";"BA";116;830;"VITORIA DA CONQUISTA";"Reação tardia ou ineficiente do condutor";"Colisão traseira";"Com Vítimas Feridas";"Pleno dia";"Crescente";"Sol";"Simples";"Aclive";"Não";2;0;0;1;1;0;1;2;-14,9132038;-40,8774774;"SPRF-BA";"DEL08-BA";"UOP01-DEL08-BA"
758901;2026-03-17;"terça-feira";"08:45:00";"SE";101;70;"MARUIM";"Reação tardia ou ineficiente do condutor";"Colisão lateral sentido oposto";"Com Vítimas Feridas";"Pleno dia";"Decrescente";"Céu Claro";"Simples";"Aclive;Reta;Em Obras";"Sim";3;0;1;0;1;1;1;3;-10,7347093;-37,0869654;"SPRF-SE";"DEL01-SE";"UOP01-DEL01-SE"
758904;2026-03-04;"quarta-feira";"22:30:00";"BA";324;610;"SIMOES FILHO";"Ausência de reação do condutor";"Colisão traseira";"Com Vítimas Feridas";"Plena Noite";"Crescente";"Céu Claro";"Dupla";"Reta";"Sim";4;0;1;0;1;2;1;3;-12,83366538;-38,41243744;"SPRF-BA";"DEL01-BA";"UOP01-DEL01-BA"
758906;2026-03-10;"terça-feira";"23:20:00";"BA";242;621;"MUQUEM DE SAO FRANCISCO";"Problema com o freio";"Colisão lateral sentido oposto";"Sem Vítimas";"Plena Noite";"Decrescente";"Céu Claro";"Simples";"Declive;Curva";"Não";4;0;0;0;3;5;0;8;-12,129943;-43,341595;"SPRF-BA";"DEL10-BA";"UOP01-DEL10-BA"
758910;2026-03-11;"quarta-feira";"05:10:00";"PE";116;41,7;"SALGUEIRO";"Demais falhas mecânicas ou elétricas";"Incêndio";"Sem Vítimas";"Amanhecer";"Decrescente";"Céu Claro";"Simples";"Reta";"Não";2;0;0;0;1;1;0;2;-8,203897;-39,104155;"SPRF-PE";"DEL05-PE";"UOP01-DEL05-PE"
758911;2026-03-17;"terça-feira";"10:20:00";"SC";101;198,3;"BIGUACU";"Reação tardia ou ineficiente do condutor";"Colisão lateral mesmo sentido";"Com Vítimas Feridas";"Pleno dia";"Decrescente";"Céu Claro";"Múltipla";"Reta";"Sim";3;0;0;1;2;0;1;3;-27,52882;-48,63347;"SPRF-SC";"DEL01-SC";"UOP01-DEL01-SC"
758912;2026-03-17;"terça-feira";"08:45:00";"BA";116;637;"JAGUAQUARA";"Ausência de reação do condutor";"Colisão lateral mesmo sentido";"Com Vítimas Feridas";"Pleno dia";"Decrescente";"Céu Claro";"Simples";"Reta";"Não";5;0;1;0;4;0;1;2;-13,557789;-40,075798;"SPRF-BA";"DEL03-BA";"UOP01-DEL03-BA"
758915;2026-01-18;"domingo";"23:50:00";"TO";230;84,9;"CACHOEIRINHA";"Transitar na contramão";"Colisão frontal";"Com Vítimas Fatais";"Plena Noite";"Crescente";"Chuva";"Simples";"Reta";"Não";8;3;1;1;2;1;2;4;-6,08007855;-47,91327596;"SPRF-TO";"DEL02-TO";"UOP03-DEL02-TO"
758918;2026-03-17;"terça-feira";"10:58:00";"PR";476;171,9;"CONTENDA";"Desrespeitar a preferência no cruzamento";"Colisão transversal";"Com Vítimas Feridas";"Pleno dia";"Crescente";"Céu Claro";"Simples";"Reta;Declive;Interseção de Vias";"Sim";2;0;1;0;1;0;1;2;-25,6814877;-49,5264869;"SPRF-PR";"DEL01-PR";"UOP06-DEL01-PR"
758926;2026-03-12;"quinta-feira";"20:20:00";"RJ";101;323;"NITEROI";"Reação tardia ou ineficiente do condutor";"Colisão traseira";"Com Vítimas Feridas";"Plena Noite";"Crescente";"Chuva";"Múltipla";"Declive;Ponte;Reta";"Não";3;0;1;0;1;1;1;3;-22,87585887;-43,12030792;"SPRF-RJ";"DEL02-RJ";"UOP01-DEL02-RJ"
758929;2026-03-17;"terça-feira";"09:40:00";"SC";101;105;"PENHA";"Ausência de reação do condutor";"Colisão com objeto";"Com Vítimas Feridas";"Pleno dia";"Crescente";"Sol";"Múltipla";"Curva;Interseção de Vias";"Não";4;0;1;0;2;4;1;7;-26,80306745;-48,67831171;"SPRF-SC";"DEL03-SC";"UOP02-DEL03-SC"
758933;2026-03-17;"terça-feira";"12:42:00";"SP";153;293;"CAMPOS NOVOS PAULISTA";"Pista esburacada";"Colisão traseira";"Sem Vítimas";"Pleno dia";"Decrescente";"Céu Claro";"Simples";"Reta";"Não";2;0;0;0;2;0;0;2;-22,58531517;-49,88944944;"SPRF-SP";"DEL07-SP";"UOP02-DEL07-SP"
758934;2026-03-17;"terça-feira";"10:22:00";"PA";163;617;"TRAIRAO";"Reação tardia ou ineficiente do condutor";"Tombamento";"Com Vítimas Feridas";"Pleno dia";"Crescente";"Sol";"Simples";"Curva;Declive";"Não";3;0;0;1;1;5;1;7;-4,732843;-56,048322;"SPRF-PA";"DEL05-PA";"UOP03-DEL05-PA"
758939;2026-03-17;"terça-feira";"12:00:00";"PR";277;486,1;"NOVA LARANJEIRAS";"Velocidade Incompatível";"Colisão com objeto";"Com Vítimas Feridas";"Pleno dia";"Decrescente";"Sol";"Múltipla";"Declive;Curva";"Não";2;0;0;1;0;1;1;2;-25,266063;-52,625046;"SPRF-PR";"DEL04-PR";"UOP02-DEL04-PR"
758943;2026-03-17;"terça-feira";"12:00:00";"BA";324;568;"AMELIA RODRIGUES";"Condutor deixou de manter distância do veículo da frente";"Colisão traseira";"Com Vítimas Feridas";"Pleno dia";"Decrescente";"Céu Claro";"Dupla";"Declive";"Não";3;0;1;0;2;0;1;2;-12,4827132;-38,6665817;"SPRF-BA";"DEL01-BA";"UOP01-DEL01-BA"
758944;2026-03-09;"segunda-feira";"19:00:00";"PA";308;187;"TRACUATEUA";"Transitar na contramão";"Colisão frontal";"Com Vítimas Fatais";"Plena Noite";"Decrescente";"Céu Claro";"Simples";"Reta";"Sim";2;1;0;0;1;0;0;2;-1,085755;-46,903107;"SPRF-PA";"DEL01-PA";"UOP03-DEL01-PA"
758945;2026-03-17;"terça-feira";"10:40:00";"SC";282;550,3;"NOVA ITABERABA";"Ausência de reação do condutor";"Colisão frontal";"Com Vítimas Feridas";"Pleno dia";"Crescente";"Céu Claro";"Simples";"Reta";"Não";3;0;1;0;1;2;1;4;-26,959203;-52,769189;"SPRF-SC";"DEL07-SC";"UOP01-DEL07-SC"
758947;2026-03-17;"terça-feira";"08:50:00";"MG";251;345;"FRUTA DE LEITE";"Ausência de reação do condutor";"Colisão traseira";"Com Vítimas Fatais";"Pleno dia";"Crescente";"Céu Claro";"Simples";"Declive;Curva";"Não";5;1;0;0;3;2;0;6;-16,256338;-42,490178;"SPRF-MG";"DEL12-MG";"UOP02-DEL12-MG"
758950;2026-03-17;"terça-feira";"13:55:00";"RS";386;167,7;"CARAZINHO";"Ultrapassagem Indevida";"Colisão frontal";"Com Vítimas Fatais";"Pleno dia";"Decrescente";"Chuva";"Simples";"Aclive";"Não";7;1;0;2;3;1;2;3;-28,218731;-52,823266;"SPRF-RS";"DEL08-RS";"UOP01-DEL08-RS"
758951;2026-03-17;"terça-feira";"13:30:00";"RJ";101;190;"CASIMIRO DE ABREU";"Acessar a via sem observar a presença dos outros veículos";"Colisão transversal";"Com Vítimas Feridas";"Pleno dia";"Decrescente";"Céu Claro";"Dupla";"Curva";"Não";3;0;1;0;1;1;1;3;-22,4677344;-42,0684396;"SPRF-RJ";"DEL08-RJ";"UOP04-DEL08-RJ"
758960;2026-03-17;"terça-feira";"13:40:00";"TO";153;170,9;"ARAGUAINA";"Reação tardia ou ineficiente do condutor";"Colisão com objeto";"Com Vítimas Feridas";"Pleno dia";"Crescente";"Céu Claro";"Simples";"Reta";"Não";2;0;1;0;0;1;1;2;-7,40162;-48,359603;"SPRF-TO";"DEL02-TO";"UOP01-DEL02-TO"
758962;2026-01-22;"quinta-feira";"03:50:00";"MA";226;298;"BARRA DO CORDA";"Ultrapassagem Indevida";"Colisão lateral sentido oposto";"Com Vítimas Feridas";"Plena Noite";"Crescente";"Garoa/Chuvisco";"Simples";"Aclive";"Sim";3;0;1;0;1;1;1;3;-5,49829995;-45,23959035;"SPRF-MA";"DEL06-MA";"UOP01-DEL06-MA"
758963;2026-03-17;"terça-feira";"14:40:00";"SP";116;405;"MIRACATU";"Ausência de reação do condutor";"Colisão traseira";"Com Vítimas Feridas";"Pleno dia";"Decrescente";"Céu Claro";"Dupla";"Reta";"Não";3;0;1;0;2;0;1;2;-24,32626348;-47,56223406;"SPRF-SP";"DEL04-SP";"UOP02-DEL04-SP"
758966;2026-03-17;"terça-feira";"10:30:00";"PI";135;268;"ALVORADA DO GURGUEIA";"Reação tardia ou ineficiente do condutor";"Tombamento";"Com Vítimas Feridas";"Pleno dia";"Crescente";"Céu Claro";"Simples";"Reta";"Não";1;0;1;0;0;0;1;1;-8,519958;-43,922922;"SPRF-PI";"DEL03-PI";"UOP02-DEL03-PI"
758967;2026-03-17;"terça-feira";"09:30:00";"RJ";116;136;"MAGE";"Animais na Pista";"Colisão traseira";"Com Vítimas Feridas";"Pleno dia";"Decrescente";"Sol";"Dupla";"Reta";"Sim";4;0;0;1;3;0;1;3;-22,65103185;-43,17201287;"SPRF-RJ";"DEL04-RJ";"UOP02-DEL04-RJ"
758968;2026-03-17;"terça-feira";"15:10:00";"MG";262;135,7;"RIO CASCA";"Demais falhas mecânicas ou elétricas";"Colisão traseira";"Sem Vítimas";"Pleno dia";"Crescente";"Céu Claro";"Simples";"Reta";"Não";7;0;0;0;5;3;0;5;-20,10527487;-42,69689799;"SPRF-MG";"DEL03-MG";"UOP03-DEL03-MG"
758969;2026-03-17;"terça-feira";"14:45:00";"SP";116;550;"BARRA DO TURVO";"Reação tardia ou ineficiente do condutor";"Tombamento";"Com Vítimas Feridas";"Pleno dia";"Decrescente";"Céu Claro";"Dupla";"Curva";"Não";2;0;1;0;0;1;1;2;-24,96620292;-48,46902816;"SPRF-SP";"DEL05-SP";"UOP02-DEL05-SP"
758974;2026-03-17;"terça-feira";"15:16:00";"RJ";116;143;"DUQUE DE CAXIAS";"Reação tardia ou ineficiente do condutor";"Engavetamento";"Com Vítimas Fatais";"Pleno dia";"Crescente";"Céu Claro";"Dupla";"Reta";"Sim";4;1;0;0;3;0;0;4;-22,667838;-43,267307;"SPRF-RJ";"DEL01-RJ";"UOP02-DEL01-RJ"
758981;2026-03-17;"terça-feira";"14:00:00";"SC";101;378,4;"ICARA";"Desrespeitar a preferência no cruzamento";"Colisão transversal";"Com Vítimas Feridas";"Pleno dia";"Crescente";"Céu Claro";"Múltipla";"Interseção de Vias";"Sim";3;0;1;0;1;1;1;3;-28,75072419;-49,27040432;"SPRF-SC";"DEL02-SC";"UOP02-DEL02-SC"
758988;2026-03-17;"terça-feira";"17:40:00";"PR";277;731;"FOZ DO IGUACU";"Reação tardia ou ineficiente do condutor";"Colisão com objeto";"Sem Vítimas";"Pleno dia";"Crescente";"Céu Claro";"Dupla";"Retorno Regulamentado";"Sim";2;0;0;0;2;0;0;1;-25,50966244;-54,59574806;"SPRF-PR";"DEL05-PR";"UOP03-DEL05-PR"
758989;2026-03-17;"terça-feira";"17:30:00";"BA";116;16;"VITORIA DA CONQUISTA";"Conversão proibida";"Colisão transversal";"Com Vítimas Feridas";"Anoitecer";"Crescente";"Sol";"Simples";"Curva";"Não";2;0;0;1;1;0;1;2;-14,8926934;-40,844303;"SPRF-BA";"DEL08-BA";"UOP01-DEL08-BA"
758990;2026-03-17;"terça-feira";"17:20:00";"PR";376;485;"PONTA GROSSA";"Demais falhas mecânicas ou elétricas";"Colisão com objeto";"Com Vítimas Feridas";"Pleno dia";"Crescente";"Céu Claro";"Dupla";"Declive;Reta";"Não";6;0;2;0;3;1;2;4;-25,10568591;-50,1941628;"SPRF-PR";"DEL03-PR";"UOP04-DEL03-PR"
759003;2026-03-17;"terça-feira";"15:30:00";"RJ";393;114;"SAPUCAIA";"Velocidade Incompatível";"Tombamento";"Com Vítimas Feridas";"Pleno dia";"Decrescente";"Céu Claro";"Simples";"Curva";"Não";3;0;2;0;0;1;2;2;-21,90832379;-42,73378892;"SPRF-RJ";"DEL05-RJ";"UOP01-DEL05-RJ"
759005;2026-03-17;"terça-feira";"11:20:00";"MT";163;659,6;"LUCAS DO RIO VERDE";"Ausência de reação do condutor";"Engavetamento";"Com Vítimas Feridas";"Pleno dia";"Decrescente";"Céu Claro";"Simples";"Em Obras;Reta";"Não";8;0;4;0;3;9;4;14;-13,297;-56,036;"SPRF-MT";"DEL06-MT";"UOP01-DEL06-MT"
759008;2026-03-17;"terça-feira";"18:10:00";"MG";262;469;"BOM DESPACHO";"Reação tardia ou ineficiente do condutor";"Colisão transversal";"Com Vítimas Feridas";"Anoitecer";"Crescente";"Chuva";"Simples";"Reta";"Não";3;0;0;1;1;1;1;3;-19,78601178;-45,25167201;"SPRF-MG";"DEL08-MG";"UOP03-DEL08-MG"
759016;2026-03-17;"terça-feira";"08:00:00";"MA";10;41;"CAROLINA";"Transitar na contramão";"Colisão frontal";"Com Vítimas Feridas";"Pleno dia";"Crescente";"Nublado";"Simples";"Curva";"Não";3;0;1;1;0;2;2;4;-7,284251;-47,455089;"SPRF-MA";"DEL04-MA";"UOP02-DEL04-MA"
759017;2026-03-17;"terça-feira";"14:20:00";"RJ";40;111;"DUQUE DE CAXIAS";"Reação tardia ou ineficiente do condutor";"Engavetamento";"Com Vítimas Feridas";"Pleno dia";"Crescente";"Céu Claro";"Dupla";"Aclive;Reta";"Sim";5;0;1;0;4;0;1;3;-22,697949;-43,28952;"SPRF-RJ";"DEL01-RJ";"UOP02-DEL01-RJ"
759018;2026-03-17;"terça-feira";"11:10:00";"MA";10;159;"PORTO FRANCO";"Reação tardia ou ineficiente do condutor";"Colisão traseira";"Com Vítimas Feridas";"Pleno dia";"Decrescente";"Céu Claro";"Simples";"Reta";"Não";7;0;4;0;3;0;4;3;-6,322614;-47,369255;"SPRF-MA";"DEL04-MA";"UOP02-DEL04-MA"
759019;2026-03-17;"terça-feira";"19:30:00";"BA";324;519;"FEIRA DE SANTANA";"Acessar a via sem observar a presença dos outros veículos";"Colisão lateral mesmo sentido";"Sem Vítimas";"Plena Noite";"Decrescente";"Céu Claro";"Dupla";"Reta";"Sim";4;0;0;0;3;1;0;3;-12,27699;-38,9342871;"SPRF-BA";"DEL02-BA";"UOP01-DEL02-BA"
759020;2026-02-05;"quinta-feira";"16:45:00";"RJ";116;276;"BARRA MANSA";"Velocidade Incompatível";"Colisão traseira";"Com Vítimas Feridas";"Pleno dia";"Crescente";"Chuva";"Dupla";"Aclive;Curva";"Sim";5;0;1;0;3;1;1;4;-22,56139546;-44,17185036;"SPRF-RJ";"DEL07-RJ";"UOP02-DEL07-RJ"
759022;2026-03-17;"terça-feira";"20:05:00";"SC";282;221;"LAGES";"Acessar a via sem observar a presença dos outros veículos";"Colisão frontal";"Com Vítimas Feridas";"Plena Noite";"Decrescente";"Chuva";"Simples";"Rotatória";"Sim";4;0;2;0;2;0;2;2;-27,79513;-50,3388545;"SPRF-SC";"DEL05-SC";"UOP01-DEL05-SC"
759028;2026-03-17;"terça-feira";"17:39:00";"MG";381;921;"CAMANDUCAIA";"Carga excessiva e/ou mal acondicionada";"Derramamento de carga";"Sem Vítimas";"Pleno dia";"Crescente";"Céu Claro";"Dupla";"Curva";"Não";2;0;0;0;1;1;0;2;-22,75621799;-46,15410841;"SPRF-MG";"DEL16-MG";"UOP03-DEL16-MG"
759030;2026-03-17;"terça-feira";"19:55:00";"MG";50;72;"UBERLANDIA";"Velocidade Incompatível";"Colisão traseira";"Com Vítimas Feridas";"Plena Noite";"Crescente";"Garoa/Chuvisco";"Dupla";"Declive;Reta";"Sim";2;0;1;0;1;0;1;2;-18,901378;-48,238304;"SPRF-MG";"DEL15-MG";"UOP01-DEL15-MG"
759033;2026-03-17;"terça-feira";"21:05:00";"SP";116;442;"REGISTRO";"Ausência de reação do condutor";"Colisão lateral mesmo sentido";"Com Vítimas Feridas";"Plena Noite";"Crescente";"Céu Claro";"Dupla";"Reta";"Não";2;0;1;0;0;1;1;2;-24,47146846;-47,82430989;"SPRF-SP";"DEL05-SP";"UOP01-DEL05-SP"
759034;2026-03-17;"terça-feira";"19:00:00";"BA";116;738;"POCOES";"Ingestão de álcool pelo condutor";"Colisão lateral sentido oposto";"Sem Vítimas";"Plena Noite";"Decrescente";"Céu Claro";"Simples";"Declive";"Não";2;0;0;0;2;0;0;2;-14,41237144;-40,35360932;"SPRF-BA";"DEL08-BA";"UOP02-DEL08-BA"
759037;2026-03-17;"terça-feira";"19:25:00";"RS";290;482;"ROSARIO DO SUL";"Ingestão de álcool pelo condutor";"Colisão frontal";"Sem Vítimas";"Plena Noite";"Decrescente";"Nublado";"Simples";"Declive;Reta";"Sim";5;0;0;0;5;0;0;2;-30,24176448;-54,94204438;"SPRF-RS";"DEL11-RS";"UOP02-DEL11-RS"
759038;2026-03-17;"terça-feira";"19:30:00";"MG";251;333;"FRUTA DE LEITE";"Reação tardia ou ineficiente do condutor";"Tombamento";"Com Vítimas Feridas";"Plena Noite";"Decrescente";"Céu Claro";"Simples";"Curva";"Não";2;0;0;1;0;1;1;2;-16,2627596;-42,4076345;"SPRF-MG";"DEL12-MG";"UOP02-DEL12-MG"
759042;2026-03-17;"terça-feira";"18:10:00";"PR";376;488,6;"PONTA GROSSA";"Reação tardia ou ineficiente do condutor";"Colisão traseira";"Com Vítimas Feridas";"Pleno dia";"Decrescente";"Sol";"Dupla";"Declive;Reta";"Sim";3;0;0;1;1;1;1;3;-25,132247;-50,168919;"SPRF-PR";"DEL03-PR";"UOP04-DEL03-PR"
759045;2026-03-17;"terça-feira";"18:30:00";"MG";116;630,4;"DIVINO";"Ausência de reação do condutor";"Saída de leito carroçável";"Com Vítimas Feridas";"Plena Noite";"Decrescente";"Nublado";"Simples";"Reta;Aclive";"Não";1;0;1;0;0;0;1;1;-20,59691099;-42,20762998;"SPRF-MG";"DEL07-MG";"UOP02-DEL07-MG"
759047;2026-03-17;"terça-feira";"17:30:00";"RO";364;470,1;"ARIQUEMES";"Demais falhas mecânicas ou elétricas";"Incêndio";"Sem Vítimas";"Plena Noite";"Decrescente";"Céu Claro";"Simples";"Reta";"Não";2;0;0;0;1;1;0;2;-10,196422;-62,79828;"SPRF-RO";"DEL03-RO";"UOP01-DEL03-RO"
759048;2026-03-17;"terça-feira";"20:05:00";"MS";163;684;"RIO VERDE DE MATO GROSSO";"Demais falhas mecânicas ou elétricas";"Incêndio";"Sem Vítimas";"Plena Noite";"Decrescente";"Céu Claro";"Simples";"Reta";"Não";2;0;0;0;1;1;0;2;-18,883;-54,838;"SPRF-MS";"DEL06-MS";"UOP01-DEL06-MS"
759055;2026-03-17;"terça-feira";"23:20:00";"MG";50;0,6;"ARAGUARI";"Velocidade Incompatível";"Tombamento";"Com Vítimas Feridas";"Plena Noite";"Crescente";"Céu Claro";"Dupla";"Curva;Aclive";"Não";3;0;1;0;1;1;1;3;-18,42745128;-48,06359864;"SPRF-MG";"DEL15-MG";"UOP02-DEL15-MG"
759056;2026-03-18;"quarta-feira";"00:01:00";"PR";376;673;"GUARATUBA";"Problema com o freio";"Colisão lateral mesmo sentido";"Com Vítimas Feridas";"Plena Noite";"Crescente";"Céu Claro";"Simples";"Declive;Reta";"Não";4;0;1;0;2;3;1;6;-25,915775;-48,918236;"SPRF-PR";"DEL01-PR";"UOP04-DEL01-PR"
759058;2026-03-17;"terça-feira";"23:30:00";"PR";376;500;"PONTA GROSSA";"Pista Escorregadia";"Saída de leito carroçável";"Com Vítimas Feridas";"Plena Noite";"Decrescente";"Chuva";"Dupla";"Reta";"Não";2;0;1;0;0;1;1;2;-25,16994227;-50,11012173;"SPRF-PR";"DEL03-PR";"UOP04-DEL03-PR"
759059;2026-03-18;"quarta-feira";"00:30:00";"RS";290;44,5;"GLORINHA";"Condutor Dormindo";"Saída de leito carroçável";"Com Vítimas Feridas";"Plena Noite";"Decrescente";"Nublado";"Múltipla";"Reta";"Não";2;0;1;0;0;1;1;2;-29,8904436;-50,70701659;"SPRF-RS";"DEL03-RS";"UOP01-DEL03-RS"
759060;2026-03-18;"quarta-feira";"00:30:00";"MG";262;153;"SAO DOMINGOS DO PRATA";"Ausência de reação do condutor";"Tombamento";"Com Vítimas Fatais";"Plena Noite";"Crescente";"Céu Claro";"Simples";"Curva";"Não";4;1;0;0;2;3;0;6;-19,98905;-42,791078;"SPRF-MG";"DEL03-MG";"UOP03-DEL03-MG"
759067;2026-03-18;"quarta-feira";"01:40:00";"RS";386;354,5;"ESTRELA";"Ausência de reação do condutor";"Colisão com objeto";"Com Vítimas Feridas";"Plena Noite";"Decrescente";"Céu Claro";"Dupla";"Ponte;Reta";"Não";2;0;0;1;0;1;1;2;-29,512209;-51,940918;"SPRF-RS";"DEL04-RS";"UOP01-DEL04-RS"
759077;2026-03-17;"terça-feira";"23:02:00";"MG";381;723,9;"CARMO DA CACHOEIRA";"Ausência de reação do condutor";"Tombamento";"Com Vítimas Feridas";"Plena Noite";"Decrescente";"Nublado";"Dupla";"Curva";"Não";2;0;1;0;0;1;1;2;-21,457115;-45,2109;"SPRF-MG";"DEL04-MG";"UOP02-DEL04-MG"
759079;2026-03-18;"quarta-feira";"05:20:00";"PR";116;1,7;"CAMPINA GRANDE DO SUL";"Reação tardia ou ineficiente do condutor";"Colisão traseira";"Com Vítimas Fatais";"Plena Noite";"Crescente";"Nublado";"Dupla";"Curva";"Não";17;1;14;0;1;1;14;3;-25,06639907;-48,57687879;"SPRF-PR";"DEL01-PR";"UOP02-DEL01-PR"
759083;2026-03-18;"quarta-feira";"03:45:00";"MS";267;23,5;"BATAGUASSU";"Manobra de mudança de faixa";"Colisão lateral sentido oposto";"Sem Vítimas";"Plena Noite";"Crescente";"Céu Claro";"Simples";"Curva";"Não";2;0;0;0;1;1;0;2;-21,727325;-52,362372;"SPRF-MS";"DEL02-MS";"UOP04-DEL02-MS"
759086;2026-03-17;"terça-feira";"23:00:00";"CE";222;302;"TIANGUA";"Demais falhas mecânicas ou elétricas";"Colisão com objeto";"Com Vítimas Feridas";"Pleno dia";"Decrescente";"Céu Claro";"Simples";"Declive;Curva";"Não";1;0;1;0;0;0;1;1;-3,663;-40,949;"SPRF-CE";"DEL04-CE";"UOP02-DEL04-CE"
759087;2026-03-17;"terça-feira";"09:30:00";"MG";40;70;"PARACATU";"Ausência de reação do condutor";"Colisão com objeto";"Com Vítimas Feridas";"Pleno dia";"Decrescente";"Céu Claro";"Simples";"Reta";"Não";1;0;0;1;0;0;1;1;-17,400838;-46,727587;"SPRF-MG";"DEL14-MG";"UOP01-DEL14-MG"
759089;2026-03-18;"quarta-feira";"07:00:00";"PR";116;125;"FAZENDA RIO GRANDE";"Trafegar com motocicleta (ou similar) entre as faixas";"Colisão traseira";"Com Vítimas Feridas";"Pleno dia";"Crescente";"Céu Claro";"Dupla";"Reta";"Sim";4;0;1;0;2;1;1;4;-25,62534747;-49,31485891;"SPRF-PR";"DEL01-PR";"UOP03-DEL01-PR"