"id";"data_inversa";"dia_semana";"horario";"uf";"br";"km";"municipio";"causa_acidente";"tipo_acidente";"classificacao_acidente";"fase_dia";"sentido_via";"condicao_metereologica";"tipo_pista";"tracado_via";"uso_solo";"pessoas";"mortos";"feridos_leves";"feridos_graves";"ilesos";"ignorados";"feridos";"veiculos";"latitude";"longitude";"regional";"delegacia";"uop"
759091;2026-03-18;"quarta-feira";"02:45:00";"RO";364;337;"JI-PARANA";"Velocidade Incompatível";"Tombamento";"Com Vítimas Feridas";"Plena Noite";"Crescente";"Céu Claro";"Múltipla";"Viaduto";"Não";3;0;1;0;0;2;1;3;-10,92070493;-61,93071914;"SPRF-RO";"DEL02-RO";"UOP01-DEL02-RO"
759096;2026-03-18;"quarta-feira";"08:00:00";"MG";40;511;"RIBEIRAO DAS NEVES";"Reação tardia ou ineficiente do condutor";"Colisão traseira";"Com Vítimas Feridas";"Pleno dia";"Decrescente";"Nublado";"Dupla";"Reta";"Sim";2;0;1;0;1;0;1;2;-19,7820722;-44,1161496;"SPRF-MG";"DEL01-MG";"UOP02-DEL01-MG"
759100;2026-03-18;"quarta-feira";"06:20:00";"RS";386;249;"SOLEDADE";"Condutor Dormindo";"Colisão lateral sentido oposto";"Com Vítimas Fatais";"Amanhecer";"Crescente";"Céu Claro";"Simples";"Reta;Em Obras";"Não";3;1;0;0;1;2;0;4;-28,82896656;-52,46306127;"SPRF-RS";"DEL04-RS";"UOP03-DEL04-RS"
759103;2026-03-18;"quarta-feira";"08:10:00";"SP";116;138;"SAO JOSE DOS CAMPOS";"Trafegar com motocicleta (ou similar) entre as faixas";"Colisão lateral mesmo sentido";"Com Vítimas Feridas";"Pleno dia";"Crescente";"Nublado";"Dupla";"Reta";"Sim";4;0;0;1;2;4;1;7;-23,15827;-45,79668039;"SPRF-SP";"DEL02-SP";"UOP01-DEL02-SP"
759105;2026-03-18;"quarta-feira";"09:05:00";"BA";116;422;"FEIRA DE SANTANA";"Ausência de reação do condutor";"Colisão lateral mesmo sentido";"Com Vítimas Feridas";"Pleno dia";"Crescente";"Sol";"Dupla";"Rotatória";"Sim";4;0;1;0;3;0;1;4;-12,23067417;-38,96575356;"SPRF-BA";"DEL02-BA";"UOP01-DEL02-BA"
759109;2026-03-18;"quarta-feira";"09:00:00";"RS";290;721;"URUGUAIANA";"Velocidade Incompatível";"Tombamento";"Com Vítimas Feridas";"Pleno dia";"Crescente";"Céu Claro";"Simples";"Curva;Rotatória;Interseção de Vias";"Não";2;0;1;0;0;1;1;2;-29,7719457;-57,05672113;"SPRF-RS";"DEL13-RS";"UOP01-DEL13-RS"
759112;2026-03-12;"quinta-feira";"08:18:00";"TO";153;758,7;"ALVORADA";"Ausência de reação do condutor";"Colisão traseira";"Com Vítimas Feridas";"Pleno dia";"Crescente";"Chuva";"Simples";"Reta";"Não";4;0;1;1;1;1;2;3;-12,4595;-49,1185;"SPRF-TO";"DEL01-TO";"UOP02-DEL01-TO"
759115;2026-03-18;"quarta-feira";"07:45:00";"MT";174;291;"PONTES E LACERDA";"Acessar a via sem observar a presença dos outros veículos";"Colisão transversal";"Com Vítimas Feridas";"Pleno dia";"Crescente";"Céu Claro";"Simples";"Reta;Rotatória";"Sim";4;0;2;0;1;2;2;4;-15,22593;-59,318704;"SPRF-MT";"DEL04-MT";"UOP01-DEL04-MT"
759116;2026-03-18;"quarta-feira";"09:00:00";"SP";116;132;"CACAPAVA";"Trafegar com motocicleta (ou similar) entre as faixas";"Colisão lateral mesmo sentido";"Com Vítimas Feridas";"Pleno dia";"Crescente";"Céu Claro";"Dupla";"Reta";"Não";3;0;0;1;2;0;1;3;-23,130316;-45,742488;"SPRF-SP";"DEL02-SP";"UOP02-DEL02-SP"
759122;2026-03-15;"domingo";"06:10:00";"RO";435;49;"VILHENA";"Conversão proibida";"Colisão frontal";"Com Vítimas Feridas";"Pleno dia";"Crescente";"Céu Claro";"Simples";"Reta;Aclive";"Não";3;0;1;0;1;2;1;4;-12,90198615;-60,37350655;"SPRF-RO";"DEL04-RO";"UOP02-DEL04-RO"
759127;2026-03-18;"quarta-feira";"11:20:00";"SC";101;194,8;"BIGUACU";"Estacionar ou parar em local proibido";"Colisão traseira";"Com Vítimas Feridas";"Pleno dia";"Crescente";"Céu Claro";"Dupla";"Reta";"Sim";3;0;1;0;1;1;1;3;-27,49239258;-48,65669696;"SPRF-SC";"DEL01-SC";"UOP01-DEL01-SC"
759130;2026-03-18;"quarta-feira";"09:40:00";"GO";153;23;"PORANGATU";"Reação tardia ou ineficiente do condutor";"Colisão frontal";"Com Vítimas Fatais";"Pleno dia";"Crescente";"Chuva";"Simples";"Aclive";"Não";4;1;1;1;0;1;2;3;-13,03213;-49,16976;"SPRF-GO";"DEL07-GO";"UOP01-DEL07-GO"
759132;2026-03-18;"quarta-feira";"11:10:00";"PE";101;40,9;"IGARASSU";"Demais falhas mecânicas ou elétricas";"Incêndio";"Sem Vítimas";"Pleno dia";"Decrescente";"Céu Claro";"Dupla";"Reta";"Sim";3;0;0;0;2;2;0;4;-7,827979;-34,914892;"SPRF-PE";"DEL01-PE";"UOP02-DEL01-PE"
759135;2026-03-18;"quarta-feira";"11:30:00";"MG";381;372;"SAO GONCALO DO RIO ABAIXO";"Ausência de reação do condutor";"Colisão traseira";"Com Vítimas Feridas";"Pleno dia";"Crescente";"Chuva";"Simples";"Declive;Curva";"Sim";5;0;1;0;3;3;1;7;-19,84143;-43,33096;"SPRF-MG";"DEL01-MG";"UOP01-DEL01-MG"
759136;2026-03-18;"quarta-feira";"06:20:00";"MA";135;123;"MIRANDA DO NORTE";"Transitar na contramão";"Colisão frontal";"Com Vítimas Feridas";"Amanhecer";"Crescente";"Céu Claro";"Simples";"Reta";"Não";4;0;0;2;1;2;2;5;-3,543375;-44,57086;"SPRF-MA";"DEL01-MA";"UOP02-DEL01-MA"
759137;2026-03-18;"quarta-feira";"11:20:00";"PR";376;466,7;"PONTA GROSSA";"Mal súbito do condutor";"Colisão com objeto";"Com Vítimas Feridas";"Pleno dia";"Crescente";"Céu Claro";"Dupla";"Declive;Reta";"Não";3;0;1;0;1;1;1;3;-25,026945;-50,31361;"SPRF-PR";"DEL03-PR";"UOP01-DEL03-PR"
759141;2026-03-18;"quarta-feira";"12:25:00";"SP";116;40,9;"CACHOEIRA PAULISTA";"Problema com o freio";"Colisão lateral mesmo sentido";"Com Vítimas Feridas";"Pleno dia";"Crescente";"Céu Claro";"Dupla";"Reta;Em Obras;Declive";"Não";3;0;1;0;1;1;1;3;-22,68578595;-45,01437664;"SPRF-SP";"DEL08-SP";"UOP02-DEL08-SP"
759151;2026-03-18;"quarta-feira";"13:10:00";"ES";101;450,9;"MIMOSO DO SUL";"Reação tardia ou ineficiente do condutor";"Colisão com objeto";"Sem Vítimas";"Pleno dia";"Crescente";"Céu Claro";"Simples";"Declive;Reta";"Não";1;0;0;0;1;0;0;1;-21,152722;-41,274412;"SPRF-ES";"DEL03-ES";"UOP02-DEL03-ES"
759158;2026-02-24;"terça-feira";"06:43:00";"PA";163;605;"NOVO PROGRESSO";"Pista esburacada";"Colisão lateral mesmo sentido";"Sem Vítimas";"Amanhecer";"Decrescente";"Céu Claro";"Simples";"Reta";"Sim";2;0;0;0;0;2;0;2;-7,0915706;-55,401009;"SPRF-PA";"DEL05-PA";"UOP03-DEL05-PA"
759161;2026-03-18;"quarta-feira";"14:50:00";"MG";381;479,3;"CONTAGEM";"Manobra de mudança de faixa";"Colisão lateral mesmo sentido";"Com Vítimas Feridas";"Pleno dia";"Decrescente";"Nublado";"Múltipla";"Declive;Curva";"Sim";3;0;1;0;1;1;1;3;-19,9640029;-44,0471312;"SPRF-MG";"DEL01-MG";"UOP03-DEL01-MG"
759163;2026-01-19;"segunda-feira";"22:00:00";"BA";116;564;"BREJOES";"Carga excessiva e/ou mal acondicionada";"Saída de leito carroçável";"Sem Vítimas";"Plena Noite";"Crescente";"Chuva";"Simples";"Curva";"Não";2;0;0;0;1;1;0;2;-12,99392;-39,95215;"SPRF-BA";"DEL03-BA";"UOP02-DEL03-BA"
759167;2026-02-08;"domingo";"04:18:00";"PA";163;375;"NOVO PROGRESSO";"Ultrapassagem Indevida";"Colisão lateral sentido oposto";"Com Vítimas Feridas";"Plena Noite";"Decrescente";"Céu Claro";"Simples";"Reta;Aclive";"Não";4;0;1;0;2;1;1;2;-6,5138863;-55,5385849;"SPRF-PA";"DEL05-PA";"UOP03-DEL05-PA"
759176;2026-03-18;"quarta-feira";"15:55:00";"PR";376;183,9;"SARANDI";"Velocidade Incompatível";"Colisão traseira";"Com Vítimas Feridas";"Pleno dia";"Crescente";"Nublado";"Dupla";"Reta;Aclive";"Sim";3;0;0;1;2;0;1;3;-23,44129;-51,8714;"SPRF-PR";"DEL09-PR";"UOP01-DEL09-PR"
759177;2026-02-20;"sexta-feira";"13:45:00";"BA";116;589;"IRAJUBA";"Problema com o freio";"Tombamento";"Com Vítimas Feridas";"Pleno dia";"Decrescente";"Sol";"Simples";"Reta;Declive";"Não";12;0;4;0;7;1;4;8;-13,17192614;-39,99844216;"SPRF-BA";"DEL03-BA";"UOP02-DEL03-BA"
759180;2026-03-18;"quarta-feira";"14:30:00";"MT";364;387;"CUIABA";"Acumulo de água sobre o pavimento";"Saída de leito carroçável";"Sem Vítimas";"Pleno dia";"Decrescente";"Chuva";"Dupla";"Reta";"Não";1;0;0;0;1;0;0;1;-15,693779;-55,901463;"SPRF-MT";"DEL01-MT";"UOP02-DEL01-MT"
759184;2026-03-18;"quarta-feira";"13:32:00";"MT";364;584;"NOBRES";"Ausência de reação do condutor";"Saída de leito carroçável";"Com Vítimas Feridas";"Pleno dia";"Decrescente";"Céu Claro";"Dupla";"Aclive;Curva";"Não";2;0;1;0;0;2;1;3;-14,56311728;-56,21925116;"SPRF-MT";"DEL01-MT";"UOP01-DEL01-MT"
759185;2026-03-18;"quarta-feira";"15:50:00";"MG";251;333;"RUBELITA";"Reação tardia ou ineficiente do condutor";"Tombamento";"Com Vítimas Feridas";"Pleno dia";"Decrescente";"Céu Claro";"Simples";"Declive;Curva";"Não";2;0;1;0;0;1;1;2;-16,26253217;-42,40821362;"SPRF-MG";"DEL12-MG";"UOP02-DEL12-MG"
759186;2026-03-18;"quarta-feira";"16:47:00";"PE";101;73,5;"RECIFE";"Reação tardia ou ineficiente do condutor";"Colisão traseira";"Com Vítimas Feridas";"Pleno dia";"Decrescente";"Céu Claro";"Dupla";"Reta";"Não";2;0;1;0;1;0;1;2;-8,09915904;-34,94993448;"SPRF-PE";"DEL01-PE";"UOP01-DEL01-PE"
759187;2026-03-18;"quarta-feira";"15:40:00";"MG";116;304,2;"ITAMBACURI";"Condutor Dormindo";"Colisão traseira";"Com Vítimas Fatais";"Pleno dia";"Decrescente";"Céu Claro";"Simples";"Reta;Aclive";"Não";4;1;0;0;2;2;0;4;-18,026275;-41,649407;"SPRF-MG";"DEL11-MG";"UOP01-DEL11-MG"
759189;2026-03-18;"quarta-feira";"16:04:00";"MT";163;877;"SINOP";"Ultrapassagem Indevida";"Colisão frontal";"Com Vítimas Fatais";"Pleno dia";"Decrescente";"Céu Claro";"Simples";"Reta";"Não";5;1;0;0;3;4;0;8;-11,5102;-55,37567;"SPRF-MT";"DEL06-MT";"UOP02-DEL06-MT"
759190;2026-03-18;"quarta-feira";"15:15:00";"MS";163;279,4;"DOURADOS";"Problema com o freio";"Colisão traseira";"Sem Vítimas";"Pleno dia";"Crescente";"Nublado";"Simples";"Reta";"Sim";5;0;0;0;3;2;0;3;-22,13890321;-54,62051994;"SPRF-MS";"DEL04-MS";"UOP01-DEL04-MS"
759196;2026-03-18;"quarta-feira";"16:45:00";"TO";153;181;"NOVA OLINDA";"Reação tardia ou ineficiente do condutor";"Tombamento";"Com Vítimas Feridas";"Pleno dia";"Crescente";"Céu Claro";"Simples";"Aclive";"Não";2;0;1;0;0;2;1;3;-7,490048;-48,381266;"SPRF-TO";"DEL02-TO";"UOP01-DEL02-TO"
759199;2026-03-18;"quarta-feira";"17:14:00";"PE";101;89;"JABOATAO DOS GUARARAPES";"Manobra de mudança de faixa";"Colisão lateral mesmo sentido";"Com Vítimas Feridas";"Anoitecer";"Decrescente";"Céu Claro";"Dupla";"Aclive;Reta";"Não";4;0;1;0;2;1;1;3;-8,216943;-34,988149;"SPRF-PE";"DEL01-PE";"UOP01-DEL01-PE"
759200;2026-03-18;"quarta-feira";"18:06:00";"PB";101;90;"JOAO PESSOA";"Pedestre andava na pista";"Atropelamento de Pedestre";"Com Vítimas Feridas";"Plena Noite";"Crescente";"Céu Claro";"Dupla";"Reta";"Sim";2;0;0;1;1;0;1;2;-7,17505162;-34,89886433;"SPRF-PB";"DEL01-PB";"UOP01-DEL01-PB"
759201;2026-03-18;"quarta-feira";"17:00:00";"PR";376;504,8;"PONTA GROSSA";"Manobra de mudança de faixa";"Colisão lateral mesmo sentido";"Com Vítimas Feridas";"Pleno dia";"Decrescente";"Céu Claro";"Dupla";"Aclive;Reta";"Não";3;0;1;0;1;2;1;4;-25,221219;-50,053047;"SPRF-PR";"DEL03-PR";"UOP04-DEL03-PR"
759204;2026-03-18;"quarta-feira";"12:50:00";"MT";163;598,9;"NOVA MUTUM";"Manobra de mudança de faixa";"Colisão lateral mesmo sentido";"Com Vítimas Feridas";"Pleno dia";"Decrescente";"Céu Claro";"Dupla";"Reta";"Sim";2;0;0;1;1;0;1;2;-13,81673471;-56,07573062;"SPRF-MT";"DEL01-MT";"UOP01-DEL01-MT"
759209;2026-03-18;"quarta-feira";"16:30:00";"MT";163;850;"SINOP";"Reação tardia ou ineficiente do condutor";"Colisão traseira";"Com Vítimas Feridas";"Pleno dia";"Decrescente";"Céu Claro";"Simples";"Declive;Reta";"Sim";3;0;1;0;2;0;1;2;-11,7241;-55,4587;"SPRF-MT";"DEL06-MT";"UOP02-DEL06-MT"
759212;2026-03-18;"quarta-feira";"17:40:00";"MA";135;6;"SAO LUIS";"Manobra de mudança de faixa";"Colisão lateral mesmo sentido";"Com Vítimas Feridas";"Anoitecer";"Crescente";"Chuva";"Dupla";"Declive;Reta";"Sim";2;0;0;1;1;0;1;2;-2,635068;-44,267697;"SPRF-MA";"DEL01-MA";"UOP01-DEL01-MA"
759214;2026-03-18;"quarta-feira";"18:10:00";"MG";381;478;"CONTAGEM";"Trafegar com motocicleta (ou similar) entre as faixas";"Colisão traseira";"Com Vítimas Feridas";"Plena Noite";"Decrescente";"Céu Claro";"Dupla";"Reta";"Sim";4;0;3;0;1;0;3;3;-19,96064;-44,03583;"SPRF-MG";"DEL01-MG";"UOP03-DEL01-MG"
759223;2026-03-18;"quarta-feira";"19:45:00";"PR";116;60;"QUATRO BARRAS";"Manobra de mudança de faixa";"Colisão lateral mesmo sentido";"Sem Vítimas";"Plena Noite";"Decrescente";"Nublado";"Dupla";"Reta";"Não";3;0;0;0;2;1;0;3;-25,30380379;-48,95784466;"SPRF-PR";"DEL01-PR";"UOP02-DEL01-PR"
759233;2026-03-18;"quarta-feira";"18:35:00";"MG";116;417;"GOVERNADOR VALADARES";"Desrespeitar a preferência no cruzamento";"Colisão transversal";"Com Vítimas Feridas";"Plena Noite";"Crescente";"Nublado";"Simples";"Reta;Interseção de Vias";"Sim";2;0;1;0;1;0;1;2;-18,903243;-41,943855;"SPRF-MG";"DEL06-MG";"UOP01-DEL06-MG"
759234;2026-03-18;"quarta-feira";"20:00:00";"RS";471;676,5;"CHUI";"Acessar a via sem observar a presença dos outros veículos";"Colisão lateral mesmo sentido";"Com Vítimas Feridas";"Plena Noite";"Crescente";"Nublado";"Simples";"Reta";"Não";2;0;0;1;1;0;1;2;-33,65028692;-53,42856646;"SPRF-RS";"DEL07-RS";"UOP04-DEL07-RS"
759235;2026-03-18;"quarta-feira";"19:00:00";"MG";262;7,4;"MARTINS SOARES";"Pista esburacada";"Tombamento";"Sem Vítimas";"Plena Noite";"Decrescente";"Chuva";"Simples";"Declive;Reta";"Não";1;0;0;0;1;0;0;1;-20,254795;-41,82085;"SPRF-MG";"DEL06-MG";"UOP03-DEL06-MG"
759237;2026-03-18;"quarta-feira";"18:00:00";"SP";116;347;"MIRACATU";"Velocidade Incompatível";"Tombamento";"Com Vítimas Feridas";"Anoitecer";"Crescente";"Nublado";"Dupla";"Declive;Curva";"Não";2;0;0;1;0;1;1;2;-24,05163627;-47,20176065;"SPRF-SP";"DEL04-SP";"UOP03-DEL04-SP"
759239;2026-03-18;"quarta-feira";"18:40:00";"BA";101;708;"EUNAPOLIS";"Pedestre andava na pista";"Atropelamento de Pedestre";"Com Vítimas Fatais";"Plena Noite";"Crescente";"Céu Claro";"Simples";"Reta";"Não";3;1;0;0;1;1;0;3;-16,310365;-39,59789;"SPRF-BA";"DEL09-BA";"UOP01-DEL09-BA"
759241;2026-03-18;"quarta-feira";"20:20:00";"MG";262;776;"UBERABA";"Reação tardia ou ineficiente do condutor";"Colisão traseira";"Sem Vítimas";"Plena Noite";"Crescente";"Céu Claro";"Simples";"Reta";"Não";3;0;0;0;3;0;0;2;-19,759338;-47,814509;"SPRF-MG";"DEL13-MG";"UOP01-DEL13-MG"
759244;2026-03-18;"quarta-feira";"21:10:00";"MG";251;482,6;"FRANCISCO SA";"Ausência de reação do condutor";"Colisão traseira";"Com Vítimas Fatais";"Plena Noite";"Crescente";"Céu Claro";"Simples";"Reta";"Sim";2;1;0;0;0;1;0;2;-16,47627344;-43,50113265;"SPRF-MG";"DEL12-MG";"UOP01-DEL12-MG"
759245;2026-03-18;"quarta-feira";"18:45:00";"MG";251;427,7;"GRAO MOGOL";"Problema com o freio";"Colisão traseira";"Com Vítimas Fatais";"Plena Noite";"Crescente";"Céu Claro";"Simples";"Declive;Curva";"Não";3;1;1;0;0;1;1;3;-16,32524;-43,12292;"SPRF-MG";"DEL12-MG";"UOP01-DEL12-MG"
759252;2026-03-18;"quarta-feira";"18:30:00";"SC";101;1,5;"GARUVA";"Problema com o freio";"Incêndio";"Sem Vítimas";"Plena Noite";"Crescente";"Céu Claro";"Múltipla";"Interseção de Vias";"Não";2;0;0;0;1;1;0;2;-25,99249149;-48,8815519;"SPRF-SC";"DEL03-SC";"UOP01-DEL03-SC"
759254;2026-03-18;"quarta-feira";"23:00:00";"PR";476;318,2;"PAULO FRONTIN";"Transitar na contramão";"Colisão frontal";"Com Vítimas Fatais";"Plena Noite";"Crescente";"Chuva";"Simples";"Reta";"Não";3;1;0;0;1;1;0;3;-26,02483577;-50,6606598;"SPRF-PR";"DEL02-PR";"UOP03-DEL02-PR"
759257;2026-03-18;"quarta-feira";"22:25:00";"SC";101;115,5;"ITAJAI";"Reação tardia ou ineficiente do condutor";"Saída de leito carroçável";"Com Vítimas Fatais";"Plena Noite";"Decrescente";"Céu Claro";"Múltipla";"Reta";"Sim";2;1;0;0;0;1;0;2;-26,875107;-48,727427;"SPRF-SC";"DEL04-SC";"UOP04-DEL04-SC"
759258;2026-03-18;"quarta-feira";"19:00:00";"MT";174;123,5;"MIRASSOL DOESTE";"Demais falhas mecânicas ou elétricas";"Incêndio";"Sem Vítimas";"Plena Noite";"Crescente";"Chuva";"Simples";"Curva";"Não";2;0;0;0;1;1;0;2;-15,82895807;-58,07068348;"SPRF-MT";"DEL03-MT";"UOP01-DEL03-MT"
759261;2026-03-18;"quarta-feira";"21:30:00";"MT";163;539;"DIAMANTINO";"Reação tardia ou ineficiente do condutor";"Colisão traseira";"Com Vítimas Feridas";"Plena Noite";"Decrescente";"Céu Claro";"Dupla";"Aclive";"Não";3;0;0;1;1;1;1;3;-14,302312;-56,14151001;"SPRF-MT";"DEL01-MT";"UOP01-DEL01-MT"
759266;2026-03-19;"quinta-feira";"00:40:00";"PR";369;150;"LONDRINA";"Condutor desrespeitou a iluminação vermelha do semáforo";"Colisão transversal";"Com Vítimas Feridas";"Plena Noite";"Decrescente";"Céu Claro";"Dupla";"Reta;Interseção de Vias";"Sim";4;0;1;0;2;1;1;3;-23,29291869;-51,16152612;"SPRF-PR";"DEL07-PR";"UOP01-DEL07-PR"
759270;2026-03-19;"quinta-feira";"03:00:00";"RJ";116;66;"TERESOPOLIS";"Reação tardia ou ineficiente do condutor";"Tombamento";"Com Vítimas Feridas";"Plena Noite";"Decrescente";"Céu Claro";"Simples";"Curva";"Sim";1;0;1;0;0;0;1;1;-22,281063;-42,929056;"SPRF-RJ";"DEL04-RJ";"UOP01-DEL04-RJ"
759271;2026-03-19;"quinta-feira";"02:45:00";"AL";101;180,6;"JUNQUEIRO";"Velocidade Incompatível";"Capotamento";"Com Vítimas Feridas";"Plena Noite";"Decrescente";"Céu Claro";"Dupla";"Declive;Curva";"Não";1;0;1;0;0;0;1;1;-9,895085;-36,405087;"SPRF-AL";"DEL02-AL";"UOP02-DEL02-AL"
759272;2026-03-19;"quinta-feira";"02:40:00";"PR";373;234,6;"IMBITUVA";"Ingestão de álcool pelo condutor";"Colisão lateral sentido oposto";"Sem Vítimas";"Plena Noite";"Crescente";"Nublado";"Simples";"Aclive;Reta";"Não";3;0;0;0;2;1;0;3;-25,1825;-50,711112;"SPRF-PR";"DEL03-PR";"UOP01-DEL03-PR"
759273;2026-03-19;"quinta-feira";"02:45:00";"GO";153;214;"URUACU";"Condutor Dormindo";"Colisão lateral sentido oposto";"Com Vítimas Feridas";"Plena Noite";"Crescente";"Céu Claro";"Simples";"Reta";"Não";4;0;1;0;2;1;1;3;-14,64658382;-49,18377042;"SPRF-GO";"DEL07-GO";"UOP02-DEL07-GO"
759275;2026-03-19;"quinta-feira";"04:40:00";"SP";116;70,3;"APARECIDA";"Velocidade Incompatível";"Tombamento";"Com Vítimas Feridas";"Plena Noite";"Crescente";"Nublado";"Dupla";"Aclive;Curva";"Não";2;0;0;1;0;1;1;2;-22,8511;-45,227633;"SPRF-SP";"DEL08-SP";"UOP01-DEL08-SP"
759276;2026-03-19;"quinta-feira";"03:40:00";"MT";70;354,5;"CAMPO VERDE";"Transitar na contramão";"Colisão frontal";"Com Vítimas Fatais";"Plena Noite";"Crescente";"Nevoeiro/Neblina";"Simples";"Reta";"Não";2;1;0;1;0;0;1;2;-15,48344255;-54,91300535;"SPRF-MT";"DEL05-MT";"UOP02-DEL05-MT"
759278;2026-03-19;"quinta-feira";"04:10:00";"MG";116;198,2;"CARAI";"Transitar na contramão";"Colisão frontal";"Com Vítimas Feridas";"Amanhecer";"Crescente";"Ignorado";"Simples";"Curva;Aclive";"Não";4;0;2;1;1;0;3;2;-17,227825;-41,49508;"SPRF-MG";"DEL11-MG";"UOP01-DEL11-MG"
759285;2026-03-19;"quinta-feira";"06:30:00";"MG";40;470;"SETE LAGOAS";"Velocidade Incompatível";"Saída de leito carroçável";"Com Vítimas Feridas";"Pleno dia";"Decrescente";"Chuva";"Dupla";"Declive;Reta";"Não";2;0;1;0;1;0;1;1;-19,47;-44,295;"SPRF-MG";"DEL02-MG";"UOP01-DEL02-MG"
759290;2026-03-19;"quinta-feira";"06:30:00";"SC";101;72,9;"ARAQUARI";"Acessar a via sem observar a presença dos outros veículos";"Colisão traseira";"Com Vítimas Feridas";"Amanhecer";"Crescente";"Céu Claro";"Dupla";"Reta";"Não";3;0;1;0;1;1;1;3;-26,53905839;-48,71328235;"SPRF-SC";"DEL03-SC";"UOP02-DEL03-SC"
759291;2026-03-19;"quinta-feira";"07:20:00";"SP";116;352;"MIRACATU";"Condutor deixou de manter distância do veículo da frente";"Colisão traseira";"Sem Vítimas";"Amanhecer";"Decrescente";"Nublado";"Dupla";"Reta;Aclive";"Não";3;0;0;0;2;1;0;3;-24,0642201;-47,2330046;"SPRF-SP";"DEL04-SP";"UOP03-DEL04-SP"
759293;2026-03-19;"quinta-feira";"07:03:00";"PE";424;88,2;"GARANHUNS";"Ausência de reação do condutor";"Saída de leito carroçável";"Com Vítimas Feridas";"Pleno dia";"Crescente";"Céu Claro";"Simples";"Declive;Reta";"Sim";1;0;0;1;0;0;1;1;-8,89037;-36,50666;"SPRF-PE";"DEL03-PE";"UOP01-DEL03-PE"
759300;2026-02-27;"sexta-feira";"17:12:00";"PA";163;309,9;"NOVO PROGRESSO";"Condutor deixou de manter distância do veículo da frente";"Colisão traseira";"Com Vítimas Feridas";"Pleno dia";"Crescente";"Céu Claro";"Dupla";"Reta";"Sim";2;0;1;0;0;1;1;2;-7,04035244;-55,41449189;"SPRF-PA";"DEL05-PA";"UOP03-DEL05-PA"
759302;2026-03-19;"quinta-feira";"07:50:00";"SP";381;40;"ATIBAIA";"Reação tardia ou ineficiente do condutor";"Colisão lateral mesmo sentido";"Sem Vítimas";"Pleno dia";"Crescente";"Chuva";"Dupla";"Reta";"Sim";2;0;0;0;2;0;0;2;-23,131437;-46,576652;"SPRF-SP";"DEL03-SP";"UOP01-DEL03-SP"
759305;2026-03-03;"terça-feira";"00:33:00";"MG";365;418;"PATOS DE MINAS";"Reação tardia ou ineficiente do condutor";"Colisão frontal";"Com Vítimas Feridas";"Plena Noite";"Crescente";"Chuva";"Simples";"Reta";"Não";3;0;1;1;0;2;2;4;-18,68775964;-46,57993035;"SPRF-MG";"DEL10-MG";"UOP01-DEL10-MG"
759309;2026-03-19;"quinta-feira";"06:30:00";"BA";101;141;"TEODORO SAMPAIO";"Condutor Dormindo";"Saída de leito carroçável";"Com Vítimas Fatais";"Pleno dia";"Decrescente";"Céu Claro";"Simples";"Curva";"Não";1;1;0;0;0;0;0;1;-12,25720816;-38,64498988;"SPRF-BA";"DEL01-BA";"UOP04-DEL01-BA"
759312;2026-03-19;"quinta-feira";"06:00:00";"MG";262;547;"CORREGO DANTA";"Transitar na contramão";"Colisão lateral sentido oposto";"Com Vítimas Feridas";"Pleno dia";"Crescente";"Nublado";"Simples";"Reta";"Não";4;0;0;1;2;3;1;5;-19,72434699;-45,93547789;"SPRF-MG";"DEL08-MG";"UOP02-DEL08-MG"
759315;2026-02-10;"terça-feira";"08:05:00";"BA";324;622;"SALVADOR";"Trafegar com motocicleta (ou similar) entre as faixas";"Colisão lateral mesmo sentido";"Com Vítimas Feridas";"Pleno dia";"Crescente";"Céu Claro";"Dupla";"Reta";"Não";2;0;1;0;0;1;1;2;-12,930732;-38,470597;"SPRF-BA";"DEL01-BA";"UOP01-DEL01-BA"
759316;2026-03-07;"sábado";"17:20:00";"GO";364;199;"JATAI";"Problema com o freio";"Queda de ocupante de veículo";"Com Vítimas Feridas";"Pleno dia";"Crescente";"Nublado";"Múltipla";"Declive;Em Obras;Desvio Temporário";"Sim";2;0;0;1;0;2;1;3;-17,9181425;-51,75221121;"SPRF-GO";"DEL05-GO";"UOP01-DEL05-GO"
759321;2026-03-19;"quinta-feira";"09:21:00";"MG";262;624,4;"IBIA";"Ausência de reação do condutor";"Colisão traseira";"Sem Vítimas";"Pleno dia";"Decrescente";"Céu Claro";"Simples";"Reta";"Não";2;0;0;0;1;1;0;2;-19,58603;-46,50355;"SPRF-MG";"DEL08-MG";"UOP01-DEL08-MG"
759323;2026-03-19;"quinta-feira";"07:15:00";"GO";50;105;"CRISTALINA";"Condutor Dormindo";"Saída de leito carroçável";"Com Vítimas Feridas";"Pleno dia";"Decrescente";"Céu Claro";"Dupla";"Reta";"Sim";2;0;1;0;0;2;1;3;-16,815988;-47,669245;"SPRF-DF";"DEL01-DF";"UOP02-DEL01-DF"
759329;2026-03-19;"quinta-feira";"08:40:00";"AM";174;896;"MANAUS";"Pedestre andava na pista";"Atropelamento de Pedestre";"Com Vítimas Feridas";"Pleno dia";"Decrescente";"Chuva";"Simples";"Declive;Reta";"Não";3;0;1;0;1;1;1;3;-2,86790702;-60,03485441;"SPRF-AM";"DEL01-AM";"UOP01-DEL01-AM"