"id";"data_inversa";"dia_semana";"horario";"uf";"br";"km";"municipio";"causa_acidente";"tipo_acidente";"classificacao_acidente";"fase_dia";"sentido_via";"condicao_metereologica";"tipo_pista";"tracado_via";"uso_solo";"pessoas";"mortos";"feridos_leves";"feridos_graves";"ilesos";"ignorados";"feridos";"veiculos";"latitude";"longitude";"regional";"delegacia";"uop"
759335;2026-01-29;"quinta-feira";"13:00:00";"PR";476;240,3;"LAPA";"Transitar na contramão";"Colisão frontal";"Com Vítimas Feridas";"Pleno dia";"Decrescente";"Chuva";"Simples";"Curva";"Não";6;0;0;4;2;0;4;2;-25,78258031;-49,8449707;"SPRF-PR";"DEL02-PR";"UOP03-DEL02-PR"
759337;2026-03-19;"quinta-feira";"10:15:00";"GO";60;386;"RIO VERDE";"Ausência de reação do condutor";"Colisão com objeto";"Com Vítimas Feridas";"Pleno dia";"Decrescente";"Céu Claro";"Dupla";"Declive;Reta";"Sim";2;0;1;0;1;0;1;1;-17,815693;-50,935362;"SPRF-GO";"DEL04-GO";"UOP02-DEL04-GO"
759338;2026-03-19;"quinta-feira";"09:35:00";"SC";282;52,9;"AGUAS MORNAS";"Ultrapassagem Indevida";"Tombamento";"Com Vítimas Feridas";"Pleno dia";"Crescente";"Céu Claro";"Simples";"Curva;Aclive";"Não";1;0;1;0;0;0;1;1;-27,69274;-48,97021;"SPRF-SC";"DEL01-SC";"UOP03-DEL01-SC"
759340;2026-03-19;"quinta-feira";"11:25:00";"MG";116;117,3;"ITAOBIM";"Acessar a via sem observar a presença dos outros veículos";"Colisão transversal";"Com Vítimas Feridas";"Pleno dia";"Crescente";"Céu Claro";"Simples";"Interseção de Vias;Reta";"Sim";4;0;1;1;1;1;2;3;-16,576858;-41,503728;"SPRF-MG";"DEL11-MG";"UOP02-DEL11-MG"
759341;2026-03-19;"quinta-feira";"09:45:00";"MG";116;678,1;"MIRADOURO";"Velocidade Incompatível";"Tombamento";"Com Vítimas Feridas";"Pleno dia";"Crescente";"Nublado";"Simples";"Curva";"Não";1;0;1;0;0;0;1;1;-20,92882481;-42,3402679;"SPRF-MG";"DEL07-MG";"UOP02-DEL07-MG"
759343;2026-03-19;"quinta-feira";"11:35:00";"DF";20;14,6;"BRASILIA";"Condutor deixou de manter distância do veículo da frente";"Colisão traseira";"Com Vítimas Fatais";"Pleno dia";"Decrescente";"Sol";"Dupla";"Reta";"Não";4;1;0;0;2;1;0;3;-15,631443;-47,735598;"SPRF-DF";"DEL02-DF";"UOP01-DEL02-DF"
759345;2026-03-19;"quinta-feira";"09:50:00";"RJ";40;122;"DUQUE DE CAXIAS";"Condutor deixou de manter distância do veículo da frente";"Colisão traseira";"Com Vítimas Feridas";"Pleno dia";"Crescente";"Céu Claro";"Múltipla";"Reta";"Sim";3;0;2;0;1;0;2;2;-22,79914852;-43,29042187;"SPRF-RJ";"DEL01-RJ";"UOP02-DEL01-RJ"
759350;2026-03-19;"quinta-feira";"07:00:00";"MG";40;125;"JOAO PINHEIRO";"Ultrapassagem Indevida";"Saída de leito carroçável";"Com Vítimas Feridas";"Pleno dia";"Crescente";"Nublado";"Simples";"Reta";"Sim";2;0;0;1;0;3;1;4;-17,684314;-46,324039;"SPRF-MG";"DEL14-MG";"UOP01-DEL14-MG"
759353;2026-03-19;"quinta-feira";"10:20:00";"PR";376;454,5;"PONTA GROSSA";"Manobra de mudança de faixa";"Colisão lateral mesmo sentido";"Com Vítimas Feridas";"Pleno dia";"Decrescente";"Céu Claro";"Dupla";"Ponte;Reta";"Não";2;0;1;0;1;0;1;2;-24,95695819;-50,3917551;"SPRF-PR";"DEL03-PR";"UOP02-DEL03-PR"
759354;2026-03-19;"quinta-feira";"13:37:00";"SE";235;35;"AREIA BRANCA";"Acesso irregular";"Colisão transversal";"Com Vítimas Feridas";"Pleno dia";"Crescente";"Céu Claro";"Simples";"Reta";"Não";5;0;1;0;4;0;1;2;-10,76174414;-37,31893343;"SPRF-SE";"DEL01-SE";"UOP02-DEL01-SE"
759357;2026-03-19;"quinta-feira";"11:40:00";"PI";316;275;"DOM EXPEDITO LOPES";"Suicídio (presumido)";"Atropelamento de Pedestre";"Com Vítimas Feridas";"Pleno dia";"Decrescente";"Céu Claro";"Simples";"Aclive;Curva";"Não";3;0;0;1;1;1;1;3;-6,956447;-41,719668;"SPRF-PI";"DEL04-PI";"UOP01-DEL04-PI"
759359;2026-03-19;"quinta-feira";"13:40:00";"MG";40;460,9;"SETE LAGOAS";"Velocidade Incompatível";"Colisão traseira";"Com Vítimas Feridas";"Pleno dia";"Crescente";"Chuva";"Dupla";"Reta;Aclive";"Não";3;0;0;1;1;1;1;3;-19,40458;-44,33403;"SPRF-MG";"DEL02-MG";"UOP01-DEL02-MG"
759361;2026-03-19;"quinta-feira";"11:50:00";"DF";20;14,6;"BRASILIA";"Manobra de mudança de faixa";"Colisão lateral mesmo sentido";"Com Vítimas Feridas";"Pleno dia";"Decrescente";"Céu Claro";"Dupla";"Retorno Regulamentado";"Sim";4;0;1;0;2;1;1;4;-15,64977;-47,77318;"SPRF-DF";"DEL02-DF";"UOP01-DEL02-DF"
759362;2026-03-19;"quinta-feira";"14:15:00";"MG";40;683,1;"RESSAQUINHA";"Velocidade Incompatível";"Colisão frontal";"Com Vítimas Feridas";"Pleno dia";"Decrescente";"Chuva";"Simples";"Declive";"Não";3;0;0;1;1;1;1;3;-21,0524182;-43,7629719;"SPRF-MG";"DEL05-MG";"UOP02-DEL05-MG"
759366;2026-03-19;"quinta-feira";"13:00:00";"CE";116;40;"HORIZONTE";"Demais falhas mecânicas ou elétricas";"Colisão transversal";"Com Vítimas Feridas";"Pleno dia";"Decrescente";"Céu Claro";"Dupla";"Curva";"Sim";3;0;1;0;0;2;1;2;-4,09661563;-38,5031426;"SPRF-CE";"DEL01-CE";"UOP02-DEL01-CE"
759383;2026-02-13;"sexta-feira";"05:40:00";"RS";386;22;"FREDERICO WESTPHALEN";"Transitar na contramão";"Colisão frontal";"Com Vítimas Fatais";"Amanhecer";"Crescente";"Nublado";"Simples";"Aclive;Curva";"Não";3;2;1;0;0;0;1;2;-27,27557244;-53,35492551;"SPRF-RS";"DEL08-RS";"UOP02-DEL08-RS"
759388;2026-03-19;"quinta-feira";"12:15:00";"MT";158;648;"NOVA XAVANTINA";"Ingestão de álcool pelo condutor";"Colisão traseira";"Sem Vítimas";"Pleno dia";"Decrescente";"Céu Claro";"Simples";"Reta;Aclive";"Sim";3;0;0;0;2;3;0;5;-14,64524067;-52,3568573;"SPRF-MT";"DEL07-MT";"UOP02-DEL07-MT"
759392;2026-03-19;"quinta-feira";"15:20:00";"PR";376;207;"MANDAGUARI";"Demais falhas mecânicas ou elétricas";"Incêndio";"Sem Vítimas";"Pleno dia";"Crescente";"Céu Claro";"Dupla";"Declive";"Não";2;0;0;0;1;1;0;2;-23,543131;-51,700312;"SPRF-PR";"DEL09-PR";"UOP01-DEL09-PR"
759393;2026-03-19;"quinta-feira";"16:00:00";"RJ";116;211;"SEROPEDICA";"Pedestre andava na pista";"Atropelamento de Pedestre";"Com Vítimas Feridas";"Anoitecer";"Crescente";"Nublado";"Dupla";"Reta";"Não";2;0;0;1;1;0;1;2;-22,71726096;-43,70925789;"SPRF-RJ";"DEL06-RJ";"UOP02-DEL06-RJ"
759401;2026-03-19;"quinta-feira";"17:50:00";"MG";267;55;"GUARARA";"Condutor Dormindo";"Colisão frontal";"Com Vítimas Feridas";"Anoitecer";"Crescente";"Chuva";"Simples";"Aclive;Curva";"Não";4;0;2;1;0;1;3;3;-21,72348844;-43,03727595;"SPRF-MG";"DEL07-MG";"UOP01-DEL07-MG"
759403;2026-03-19;"quinta-feira";"16:12:00";"PR";277;0;"PARANAGUA";"Condutor deixou de manter distância do veículo da frente";"Colisão traseira";"Com Vítimas Feridas";"Pleno dia";"Crescente";"Céu Claro";"Dupla";"Reta";"Sim";3;0;1;0;1;2;1;4;-25,517278;-48,54035;"SPRF-PR";"DEL01-PR";"UOP05-DEL01-PR"
759406;2026-03-19;"quinta-feira";"16:25:00";"BA";410;15;"TUCANO";"Demais falhas mecânicas ou elétricas";"Incêndio";"Sem Vítimas";"Pleno dia";"Crescente";"Sol";"Simples";"Reta";"Não";1;0;0;0;1;0;0;1;-10,88843377;-38,65410805;"SPRF-BA";"DEL07-BA";"UOP02-DEL07-BA"
759408;2026-03-19;"quinta-feira";"16:15:00";"MG";381;720,5;"CARMO DA CACHOEIRA";"Ausência de reação do condutor";"Tombamento";"Com Vítimas Feridas";"Pleno dia";"Decrescente";"Chuva";"Dupla";"Declive;Curva";"Não";2;0;1;0;0;1;1;2;-21,43215846;-45,21087956;"SPRF-MG";"DEL04-MG";"UOP02-DEL04-MG"
759410;2026-03-19;"quinta-feira";"18:00:00";"MG";40;777;"JUIZ DE FORA";"Ausência de reação do condutor";"Colisão com objeto";"Com Vítimas Feridas";"Plena Noite";"Crescente";"Chuva";"Dupla";"Reta";"Sim";2;0;1;1;0;0;2;1;-21,69068028;-43,44940186;"SPRF-MG";"DEL05-MG";"UOP01-DEL05-MG"
759411;2026-03-19;"quinta-feira";"17:57:00";"PR";277;588,2;"CASCAVEL";"Ingestão de álcool pelo condutor";"Colisão frontal";"Com Vítimas Feridas";"Anoitecer";"Crescente";"Céu Claro";"Simples";"Aclive;Reta";"Sim";4;0;1;0;2;1;1;3;-24,96426297;-53,41976523;"SPRF-PR";"DEL04-PR";"UOP01-DEL04-PR"
759413;2026-03-19;"quinta-feira";"17:00:00";"RJ";116;267;"BARRA MANSA";"Reação tardia ou ineficiente do condutor";"Saída de leito carroçável";"Com Vítimas Feridas";"Pleno dia";"Crescente";"Chuva";"Dupla";"Reta";"Não";2;0;1;0;1;0;1;1;-22,58587134;-44,10717161;"SPRF-RJ";"DEL07-RJ";"UOP02-DEL07-RJ"
759418;2026-03-19;"quinta-feira";"18:43:00";"PE";408;92;"SAO LOURENCO DA MATA";"Manobra de mudança de faixa";"Colisão traseira";"Com Vítimas Feridas";"Plena Noite";"Decrescente";"Céu Claro";"Múltipla";"Reta";"Não";2;0;1;0;0;1;1;2;-8,04372;-35,01616;"SPRF-PE";"DEL01-PE";"UOP01-DEL01-PE"
759422;2026-03-19;"quinta-feira";"17:55:00";"PR";376;207,2;"MANDAGUARI";"Demais falhas mecânicas ou elétricas";"Colisão traseira";"Com Vítimas Feridas";"Pleno dia";"Decrescente";"Céu Claro";"Dupla";"Declive;Reta";"Não";8;0;3;0;4;3;3;8;-23,54232;-51,70073;"SPRF-PR";"DEL09-PR";"UOP01-DEL09-PR"
759425;2026-03-19;"quinta-feira";"14:30:00";"RJ";40;123;"DUQUE DE CAXIAS";"Reação tardia ou ineficiente do condutor";"Queda de ocupante de veículo";"Com Vítimas Fatais";"Pleno dia";"Crescente";"Garoa/Chuvisco";"Múltipla";"Reta";"Sim";3;1;1;0;1;0;1;2;-22,79500827;-43,28782959;"SPRF-RJ";"DEL01-RJ";"UOP02-DEL01-RJ"
759444;2026-03-19;"quinta-feira";"18:45:00";"BA";101;756;"ITABELA";"Transitar na contramão";"Colisão frontal";"Com Vítimas Fatais";"Plena Noite";"Crescente";"Céu Claro";"Simples";"Declive";"Não";2;1;0;0;1;0;0;2;-16,66809756;-39,50486183;"SPRF-BA";"DEL09-BA";"UOP01-DEL09-BA"
759446;2026-03-19;"quinta-feira";"20:06:00";"PE";104;117,4;"PANELAS";"Ultrapassagem Indevida";"Colisão lateral mesmo sentido";"Com Vítimas Feridas";"Plena Noite";"Crescente";"Nublado";"Simples";"Reta";"Não";3;0;0;1;1;1;1;3;-8,68609;-36,01701;"SPRF-PE";"DEL02-PE";"UOP01-DEL02-PE"
759447;2026-03-19;"quinta-feira";"20:30:00";"RS";116;26;"VACARIA";"Ausência de reação do condutor";"Engavetamento";"Com Vítimas Feridas";"Plena Noite";"Crescente";"Céu Claro";"Simples";"Reta";"Não";4;0;1;0;2;2;1;5;-28,4173017;-50,8628067;"SPRF-RS";"DEL05-RS";"UOP03-DEL05-RS"
759448;2026-03-19;"quinta-feira";"18:45:00";"MT";364;402;"CUIABA";"Ausência de reação do condutor";"Colisão traseira";"Com Vítimas Feridas";"Pleno dia";"Crescente";"Céu Claro";"Dupla";"Reta";"Sim";17;0;3;0;14;0;3;2;-15,65650651;-55,98357976;"SPRF-MT";"DEL01-MT";"UOP02-DEL01-MT"
759449;2026-03-19;"quinta-feira";"20:40:00";"PR";116;87;"PIRAQUARA";"Transitar na contramão";"Colisão transversal";"Com Vítimas Fatais";"Plena Noite";"Crescente";"Céu Claro";"Dupla";"Reta";"Não";3;1;0;0;1;1;0;3;-25,4738;-49,0941;"SPRF-PR";"DEL01-PR";"UOP07-DEL01-PR"
759461;2026-03-19;"quinta-feira";"21:30:00";"PR";277;202;"PALMEIRA";"Conversão proibida";"Colisão transversal";"Com Vítimas Feridas";"Plena Noite";"Crescente";"Céu Claro";"Simples";"Reta";"Não";4;0;1;0;1;3;1;5;-25,46569115;-50,23444891;"SPRF-PR";"DEL08-PR";"UOP02-DEL08-PR"
759464;2026-03-19;"quinta-feira";"20:05:00";"SC";282;570,6;"NOVA ERECHIM";"Ausência de reação do condutor";"Colisão traseira";"Com Vítimas Feridas";"Plena Noite";"Crescente";"Ignorado";"Simples";"Reta;Aclive";"Não";2;0;0;1;1;0;1;2;-26,89325321;-52,92693615;"SPRF-SC";"DEL07-SC";"UOP02-DEL07-SC"
759469;2026-03-19;"quinta-feira";"16:00:00";"PA";163;492;"ITAITUBA";"Reação tardia ou ineficiente do condutor";"Tombamento";"Sem Vítimas";"Pleno dia";"Decrescente";"Céu Claro";"Simples";"Reta";"Não";2;0;0;0;1;3;0;4;-5,5947169;-55,8134517;"SPRF-PA";"DEL05-PA";"UOP03-DEL05-PA"
759470;2026-03-19;"quinta-feira";"20:50:00";"SC";116;107,7;"MONTE CASTELO";"Demais falhas mecânicas ou elétricas";"Tombamento";"Com Vítimas Feridas";"Plena Noite";"Decrescente";"Nublado";"Simples";"Curva;Declive";"Não";2;0;1;0;0;1;1;2;-26,754585;-50,332142;"SPRF-SC";"DEL06-SC";"UOP02-DEL06-SC"
759475;2026-03-19;"quinta-feira";"22:00:00";"RJ";116;23;"MAGE";"Acessar a via sem observar a presença dos outros veículos";"Colisão frontal";"Com Vítimas Feridas";"Pleno dia";"Crescente";"Chuva";"Simples";"Reta";"Sim";2;0;1;0;1;0;1;2;-22,65920142;-43,0549787;"SPRF-RJ";"DEL05-RJ";"UOP01-DEL05-RJ"
759477;2026-03-20;"sexta-feira";"00:35:00";"CE";116;32,5;"AQUIRAZ";"Ausência de reação do condutor";"Colisão traseira";"Com Vítimas Feridas";"Plena Noite";"Decrescente";"Céu Claro";"Dupla";"Reta";"Não";3;0;1;0;1;1;1;3;-4,034763;-38,509868;"SPRF-CE";"DEL01-CE";"UOP02-DEL01-CE"
759478;2026-03-19;"quinta-feira";"17:45:00";"SC";282;345,8;"CAMPOS NOVOS";"Velocidade Incompatível";"Engavetamento";"Com Vítimas Feridas";"Pleno dia";"Decrescente";"Céu Claro";"Simples";"Reta;Aclive";"Sim";8;0;2;0;6;0;2;3;-27,3745847;-51,2470951;"SPRF-SC";"DEL07-SC";"UOP06-DEL07-SC"
759479;2026-03-20;"sexta-feira";"01:30:00";"SP";116;472;"JACUPIRANGA";"Demais falhas mecânicas ou elétricas";"Incêndio";"Sem Vítimas";"Plena Noite";"Decrescente";"Nublado";"Dupla";"Reta";"Não";2;0;0;0;1;1;0;2;-24,67662104;-47,98003002;"SPRF-SP";"DEL05-SP";"UOP01-DEL05-SP"
759482;2026-03-20;"sexta-feira";"02:00:00";"MG";40;550;"NOVA LIMA";"Ausência de reação do condutor";"Colisão traseira";"Com Vítimas Feridas";"Plena Noite";"Crescente";"Chuva";"Dupla";"Curva;Aclive";"Não";3;0;0;1;1;1;1;3;-20,04485742;-43,96420049;"SPRF-MG";"DEL01-MG";"UOP02-DEL01-MG"
759484;2026-03-20;"sexta-feira";"03:15:00";"BA";324;534;"CONCEICAO DO JACUIPE";"Reação tardia ou ineficiente do condutor";"Colisão lateral mesmo sentido";"Com Vítimas Feridas";"Plena Noite";"Decrescente";"Céu Claro";"Dupla";"Reta";"Não";3;0;0;1;1;2;1;4;-12,3615017;-38,8234133;"SPRF-BA";"DEL11-BA";"UOP02-DEL11-BA"
759485;2026-03-20;"sexta-feira";"04:10:00";"MG";381;702;"LAVRAS";"Velocidade Incompatível";"Engavetamento";"Com Vítimas Feridas";"Amanhecer";"Decrescente";"Chuva";"Dupla";"Reta";"Não";7;0;1;0;5;6;1;10;-21,28713508;-45,14144897;"SPRF-MG";"DEL04-MG";"UOP02-DEL04-MG"
759486;2026-03-20;"sexta-feira";"00:50:00";"SC";101;142,4;"ITAPEMA";"Reação tardia ou ineficiente do condutor";"Colisão lateral mesmo sentido";"Com Vítimas Feridas";"Plena Noite";"Crescente";"Chuva";"Dupla";"Declive;Reta";"Sim";6;0;1;1;3;4;2;8;-27,059656;-48,59677;"SPRF-SC";"DEL04-SC";"UOP03-DEL04-SC"
759492;2026-03-19;"quinta-feira";"16:20:00";"PR";476;233;"LAPA";"Velocidade Incompatível";"Tombamento";"Com Vítimas Feridas";"Pleno dia";"Crescente";"Céu Claro";"Simples";"Curva";"Não";2;0;1;0;0;2;1;3;-25,8808;-50,01115;"SPRF-PR";"DEL02-PR";"UOP03-DEL02-PR"
759493;2026-03-19;"quinta-feira";"02:20:00";"BA";116;509;"SANTA TERESINHA";"Transitar na contramão";"Tombamento";"Com Vítimas Feridas";"Plena Noite";"Decrescente";"Céu Claro";"Simples";"Reta";"Não";3;0;1;0;0;4;1;5;-12,656726;-39,621145;"SPRF-BA";"DEL02-BA";"UOP01-DEL02-BA"
759500;2026-03-20;"sexta-feira";"05:20:00";"MT";163;870;"SINOP";"Objeto estático sobre o leito carroçável";"Colisão lateral sentido oposto";"Sem Vítimas";"Amanhecer";"Crescente";"Céu Claro";"Simples";"Declive;Reta";"Não";5;0;0;0;3;4;0;6;-11,572458;-55,412421;"SPRF-MT";"DEL06-MT";"UOP02-DEL06-MT"
759505;2026-03-20;"sexta-feira";"06:50:00";"BA";324;620;"SALVADOR";"Ausência de reação do condutor";"Engavetamento";"Sem Vítimas";"Pleno dia";"Crescente";"Céu Claro";"Dupla";"Reta";"Sim";4;0;0;0;2;2;0;4;-12,9184496;-38,4651632;"SPRF-BA";"DEL01-BA";"UOP01-DEL01-BA"
759511;2026-03-14;"sábado";"13:40:00";"PR";369;227,2;"JANDAIA DO SUL";"Acessar a via sem observar a presença dos outros veículos";"Colisão transversal";"Com Vítimas Feridas";"Pleno dia";"Decrescente";"Céu Claro";"Simples";"Aclive;Curva";"Não";5;0;1;3;1;0;4;2;-23,58866;-51,646171;"SPRF-PR";"DEL09-PR";"UOP01-DEL09-PR"
759513;2026-03-20;"sexta-feira";"04:10:00";"RJ";393;155;"TRES RIOS";"Velocidade Incompatível";"Tombamento";"Com Vítimas Feridas";"Plena Noite";"Decrescente";"Céu Claro";"Simples";"Rotatória";"Sim";2;0;1;0;0;1;1;2;-22,10651569;-43,07745695;"SPRF-RJ";"DEL05-RJ";"UOP01-DEL05-RJ"
759519;2026-03-20;"sexta-feira";"04:30:00";"MG";381;448,6;"BELO HORIZONTE";"Chuva";"Colisão lateral mesmo sentido";"Com Vítimas Feridas";"Amanhecer";"Decrescente";"Chuva";"Simples";"Curva";"Sim";4;0;1;0;2;1;1;4;-19,83825264;-43,88334274;"SPRF-MG";"DEL01-MG";"UOP01-DEL01-MG"
759533;2026-03-20;"sexta-feira";"09:25:00";"MG";40;744,7;"SANTOS DUMONT";"Velocidade Incompatível";"Colisão frontal";"Com Vítimas Feridas";"Pleno dia";"Crescente";"Chuva";"Simples";"Curva";"Sim";3;0;2;0;1;0;2;2;-21,46026245;-43,55950209;"SPRF-MG";"DEL05-MG";"UOP01-DEL05-MG"
759534;2026-03-20;"sexta-feira";"08:30:00";"RJ";116;207;"SEROPEDICA";"Ultrapassagem Indevida";"Colisão lateral mesmo sentido";"Com Vítimas Feridas";"Pleno dia";"Decrescente";"Ignorado";"Dupla";"Reta";"Não";4;0;2;0;1;1;2;3;-22,72714302;-43,64532217;"SPRF-RJ";"DEL06-RJ";"UOP02-DEL06-RJ"
759536;2026-03-20;"sexta-feira";"09:20:00";"MG";40;482,5;"SETE LAGOAS";"Ausência de reação do condutor";"Colisão traseira";"Com Vítimas Feridas";"Pleno dia";"Crescente";"Chuva";"Dupla";"Aclive;Reta";"Não";2;0;0;1;0;1;1;2;-19,56285;-44,23839;"SPRF-MG";"DEL02-MG";"UOP01-DEL02-MG"
759543;2026-03-20;"sexta-feira";"08:20:00";"SP";116;107;"TAUBATE";"Reação tardia ou ineficiente do condutor";"Colisão traseira";"Com Vítimas Feridas";"Pleno dia";"Crescente";"Céu Claro";"Múltipla";"Reta";"Sim";3;0;0;1;1;1;1;3;-23,01503;-45,52636;"SPRF-SP";"DEL02-SP";"UOP02-DEL02-SP"
759544;2026-03-20;"sexta-feira";"08:20:00";"SC";470;194;"POUSO REDONDO";"Problema com o freio";"Saída de leito carroçável";"Com Vítimas Feridas";"Pleno dia";"Decrescente";"Céu Claro";"Simples";"Curva";"Não";2;0;1;0;0;1;1;2;-27,30076171;-50,08052699;"SPRF-SC";"DEL04-SC";"UOP02-DEL04-SC"
759547;2026-03-20;"sexta-feira";"07:30:00";"RS";386;179,2;"CARAZINHO";"Desrespeitar a preferência no cruzamento";"Colisão transversal";"Com Vítimas Feridas";"Pleno dia";"Crescente";"Céu Claro";"Simples";"Reta";"Sim";2;0;1;0;1;0;1;2;-28,295934;-52,752214;"SPRF-RS";"DEL08-RS";"UOP01-DEL08-RS"
759548;2026-03-20;"sexta-feira";"08:20:00";"RS";386;192,9;"SANTO ANTONIO DO PLANALTO";"Acessar a via sem observar a presença dos outros veículos";"Colisão transversal";"Com Vítimas Feridas";"Pleno dia";"Decrescente";"Céu Claro";"Simples";"Reta;Aclive";"Sim";2;0;1;0;1;0;1;2;-28,39836242;-52,68819306;"SPRF-RS";"DEL08-RS";"UOP01-DEL08-RS"
759555;2026-03-20;"sexta-feira";"09:45:00";"RS";285;140,6;"MUITOS CAPOES";"Ausência de reação do condutor";"Tombamento";"Com Vítimas Feridas";"Pleno dia";"Decrescente";"Céu Claro";"Simples";"Reta";"Não";2;0;1;0;0;1;1;2;-28,384975;-51,063817;"SPRF-RS";"DEL05-RS";"UOP03-DEL05-RS"
759558;2026-03-20;"sexta-feira";"08:10:00";"MG";381;640,5;"SANTO ANTONIO DO AMPARO";"Demais falhas mecânicas ou elétricas";"Incêndio";"Sem Vítimas";"Pleno dia";"Crescente";"Chuva";"Dupla";"Reta";"Não";2;0;0;0;1;1;0;2;-20,90130101;-44,85670352;"SPRF-MG";"DEL04-MG";"UOP01-DEL04-MG"
759563;2026-03-20;"sexta-feira";"02:00:00";"PE";101;188,8;"PALMARES";"Condutor Dormindo";"Saída de leito carroçável";"Com Vítimas Feridas";"Plena Noite";"Decrescente";"Céu Claro";"Dupla";"Reta";"Sim";2;0;1;0;0;2;1;3;-8,69068;-35,60484;"SPRF-PE";"DEL01-PE";"UOP03-DEL01-PE"
759568;2026-03-20;"sexta-feira";"10:50:00";"MG";381;370,5;"SAO GONCALO DO RIO ABAIXO";"Velocidade Incompatível";"Colisão frontal";"Com Vítimas Fatais";"Pleno dia";"Decrescente";"Garoa/Chuvisco";"Simples";"Curva;Aclive";"Não";4;1;0;0;2;1;0;4;-19,84254;-43,319756;"SPRF-MG";"DEL01-MG";"UOP01-DEL01-MG"
759572;2026-03-20;"sexta-feira";"11:00:00";"RO";364;700;"PORTO VELHO";"Manobra de mudança de faixa";"Colisão lateral mesmo sentido";"Sem Vítimas";"Pleno dia";"Decrescente";"Céu Claro";"Dupla";"Reta";"Não";5;0;0;0;4;1;0;3;-8,80072;-63,7707;"SPRF-RO";"DEL01-RO";"UOP01-DEL01-RO"
759573;2026-03-20;"sexta-feira";"11:00:00";"MG";381;915,8;"CAMANDUCAIA";"Velocidade Incompatível";"Colisão traseira";"Com Vítimas Fatais";"Pleno dia";"Crescente";"Céu Claro";"Dupla";"Reta";"Sim";5;1;0;0;3;2;0;6;-22,73507736;-46,1349383;"SPRF-MG";"DEL16-MG";"UOP03-DEL16-MG"
759581;2026-03-20;"sexta-feira";"11:20:00";"PE";232;82;"GRAVATA";"Manobra de mudança de faixa";"Colisão lateral mesmo sentido";"Com Vítimas Feridas";"Pleno dia";"Crescente";"Sol";"Dupla";"Declive;Reta";"Sim";3;0;0;1;2;0;1;2;-8,20426697;-35,59960769;"SPRF-PE";"DEL02-PE";"UOP02-DEL02PE"
759582;2026-03-20;"sexta-feira";"12:00:00";"PR";376;50,5;"LOANDA";"Demais falhas mecânicas ou elétricas";"Colisão traseira";"Com Vítimas Feridas";"Pleno dia";"Decrescente";"Sol";"Simples";"Reta";"Não";3;0;1;0;2;0;1;2;-22,89373;-52,91859;"SPRF-PR";"DEL09-PR";"UOP02-DEL09-PR"
759589;2026-03-20;"sexta-feira";"12:50:00";"GO";153;363;"JARAGUA";"Condutor deixou de manter distância do veículo da frente";"Colisão traseira";"Com Vítimas Feridas";"Pleno dia";"Decrescente";"Nublado";"Simples";"Aclive;Reta";"Não";3;0;1;0;1;1;1;3;-15,798541;-49,300388;"SPRF-GO";"DEL02-GO";"UOP02-DEL02-GO"
759598;2026-03-20;"sexta-feira";"15:00:00";"GO";70;381;"MONTES CLAROS DE GOIAS";"Condutor deixou de manter distância do veículo da frente";"Colisão traseira";"Com Vítimas Feridas";"Pleno dia";"Decrescente";"Céu Claro";"Simples";"Reta";"Não";5;0;2;0;2;2;2;4;-15,9415698;-51,3630825;"SPRF-GO";"DEL04-GO";"UOP02-DEL04-GO"
759601;2026-03-20;"sexta-feira";"13:08:00";"SC";101;111,8;"NAVEGANTES";"Ausência de reação do condutor";"Colisão traseira";"Com Vítimas Feridas";"Pleno dia";"Decrescente";"Sol";"Dupla";"Aclive;Reta";"Não";4;0;0;1;2;1;1;4;-26,841122;-48,716067;"SPRF-SC";"DEL04-SC";"UOP04-DEL04-SC"
759604;2026-03-20;"sexta-feira";"14:20:00";"CE";222;308;"TIANGUA";"Reação tardia ou ineficiente do condutor";"Tombamento";"Com Vítimas Feridas";"Pleno dia";"Crescente";"Nublado";"Simples";"Aclive";"Não";2;0;0;1;0;1;1;2;-3,69708;-40,97569;"SPRF-CE";"DEL04-CE";"UOP02-DEL04-CE"
759605;2026-03-20;"sexta-feira";"14:40:00";"GO";60;178;"ABADIA DE GOIAS";"Demais falhas mecânicas ou elétricas";"Saída de leito carroçável";"Sem Vítimas";"Pleno dia";"Decrescente";"Chuva";"Dupla";"Aclive;Reta";"Não";2;0;0;0;2;0;0;1;-16,767228;-49,47651;"SPRF-GO";"DEL01-GO";"UOP02-DEL01-GO"
759608;2026-03-20;"sexta-feira";"10:00:00";"PR";376;12,7;"MARINGA";"Ingestão de álcool pelo condutor";"Saída de leito carroçável";"Sem Vítimas";"Pleno dia";"Crescente";"Nublado";"Dupla";"Aclive;Reta";"Sim";1;0;0;0;1;0;0;1;-23,394985;-51,887432;"SPRF-PR";"DEL09-PR";"UOP01-DEL09-PR"
759613;2026-03-20;"sexta-feira";"14:30:00";"PE";101;91,9;"CABO DE SANTO AGOSTINHO";"Ultrapassagem Indevida";"Colisão lateral mesmo sentido";"Com Vítimas Feridas";"Pleno dia";"Decrescente";"Céu Claro";"Dupla";"Reta";"Não";3;0;2;0;0;1;2;2;-8,23132;-34,997427;"SPRF-PE";"DEL01-PE";"UOP01-DEL01-PE"
759617;2026-03-20;"sexta-feira";"15:10:00";"ES";101;176,3;"ARACRUZ";"Mal súbito do condutor";"Colisão transversal";"Com Vítimas Feridas";"Pleno dia";"Decrescente";"Nublado";"Simples";"Curva";"Sim";3;0;0;1;1;3;1;5;-19,59795338;-40,20074579;"SPRF-ES";"DEL04-ES";"UOP01-DEL04-ES"
759621;2026-03-20;"sexta-feira";"08:40:00";"SC";116;140,9;"SANTA CECILIA";"Velocidade Incompatível";"Tombamento";"Com Vítimas Feridas";"Pleno dia";"Decrescente";"Céu Claro";"Simples";"Reta";"Sim";1;0;1;0;0;0;1;1;-26,970853;-50,405888;"SPRF-SC";"DEL06-SC";"UOP02-DEL06-SC"