"id";"data_inversa";"dia_semana";"horario";"uf";"br";"km";"municipio";"causa_acidente";"tipo_acidente";"classificacao_acidente";"fase_dia";"sentido_via";"condicao_metereologica";"tipo_pista";"tracado_via";"uso_solo";"pessoas";"mortos";"feridos_leves";"feridos_graves";"ilesos";"ignorados";"feridos";"veiculos";"latitude";"longitude";"regional";"delegacia";"uop"
759634;2026-03-20;"sexta-feira";"16:10:00";"MA";10;264,6;"IMPERATRIZ";"Reação tardia ou ineficiente do condutor";"Engavetamento";"Sem Vítimas";"Pleno dia";"Decrescente";"Nublado";"Simples";"Reta";"Não";3;0;0;0;3;0;0;3;-5,42138;-47,47276;"SPRF-MA";"DEL04-MA";"UOP01-DEL04-MA"
759636;2026-03-20;"sexta-feira";"06:20:00";"PR";153;146,6;"VENTANIA";"Velocidade Incompatível";"Colisão com objeto";"Com Vítimas Fatais";"Amanhecer";"Decrescente";"Céu Claro";"Simples";"Ponte";"Não";2;1;0;1;0;0;1;1;-24,12834158;-50,23608891;"SPRF-PR";"DEL07-PR";"UOP04-DEL07-PR"
759637;2026-03-20;"sexta-feira";"17:45:00";"PR";369;344;"CAMPO MOURAO";"Ausência de reação do condutor";"Colisão traseira";"Com Vítimas Feridas";"Anoitecer";"Crescente";"Sol";"Simples";"Rotatória";"Não";3;0;1;0;1;2;1;4;-24,08168647;-52,41250841;"SPRF-PR";"DEL09-PR";"UOP03-DEL09-PR"
759639;2026-03-20;"sexta-feira";"16:30:00";"RJ";40;109;"DUQUE DE CAXIAS";"Reação tardia ou ineficiente do condutor";"Colisão traseira";"Com Vítimas Feridas";"Pleno dia";"Decrescente";"Chuva";"Múltipla";"Curva";"Sim";4;0;1;0;2;1;1;3;-22,67310006;-43,2850245;"SPRF-RJ";"DEL01-RJ";"UOP02-DEL01-RJ"
759640;2026-03-20;"sexta-feira";"17:05:00";"SE";101;92;"NOSSA SENHORA DO SOCORRO";"Acessar a via sem observar a presença dos outros veículos";"Colisão lateral mesmo sentido";"Com Vítimas Feridas";"Anoitecer";"Decrescente";"Céu Claro";"Simples";"Aclive;Reta";"Não";3;0;1;0;1;1;1;3;-10,90252442;-37,13403432;"SPRF-SE";"DEL01-SE";"UOP01-DEL01-SE"
759650;2026-03-20;"sexta-feira";"18:15:00";"RS";392;158;"CANGUCU";"Reação tardia ou ineficiente do condutor";"Colisão lateral sentido oposto";"Com Vítimas Feridas";"Anoitecer";"Crescente";"Céu Claro";"Simples";"Reta";"Não";3;0;0;1;1;1;1;3;-31,19542545;-52,83236951;"SPRF-RS";"DEL07-RS";"UOP01-DEL07-RS"
759653;2026-03-20;"sexta-feira";"18:40:00";"MG";40;282;"TRES MARIAS";"Acessar a via sem observar a presença dos outros veículos";"Colisão traseira";"Com Vítimas Feridas";"Plena Noite";"Crescente";"Chuva";"Simples";"Curva";"Sim";2;0;1;0;1;0;1;2;-18,25135544;-45,196367;"SPRF-MG";"DEL14-MG";"UOP02-DEL14-MG"
759654;2026-03-20;"sexta-feira";"11:55:00";"RO";364;296;"PRESIDENTE MEDICI";"Reação tardia ou ineficiente do condutor";"Colisão lateral mesmo sentido";"Com Vítimas Feridas";"Pleno dia";"Crescente";"Céu Claro";"Simples";"Reta";"Não";3;0;1;0;1;3;1;5;-11,27532;-61,90197;"SPRF-RO";"DEL02-RO";"UOP01-DEL02-RO"
759655;2026-03-20;"sexta-feira";"18:40:00";"SP";381;69;"MAIRIPORA";"Manobra de mudança de faixa";"Colisão lateral mesmo sentido";"Com Vítimas Feridas";"Plena Noite";"Decrescente";"Céu Claro";"Dupla";"Reta;Declive";"Sim";2;0;1;0;1;0;1;2;-23,34744214;-46,56241357;"SPRF-SP";"DEL03-SP";"UOP01-DEL03-SP"
759657;2026-03-20;"sexta-feira";"17:45:00";"PR";376;374;"IMBAU";"Acessar a via sem observar a presença dos outros veículos";"Colisão transversal";"Com Vítimas Feridas";"Pleno dia";"Crescente";"Céu Claro";"Simples";"Reta;Aclive";"Não";3;0;1;0;1;1;1;3;-24,38966;-50,78664;"SPRF-PR";"DEL07-PR";"UOP02-DEL07-PR"
759658;2026-03-20;"sexta-feira";"19:00:00";"BA";324;620;"SALVADOR";"Condutor deixou de manter distância do veículo da frente";"Colisão traseira";"Com Vítimas Feridas";"Plena Noite";"Decrescente";"Céu Claro";"Dupla";"Reta";"Sim";3;0;2;0;0;1;2;2;-12,912273;-38,459273;"SPRF-BA";"DEL01-BA";"UOP01-DEL01-BA"
759661;2026-03-20;"sexta-feira";"19:00:00";"SP";116;31;"CRUZEIRO";"Reação tardia ou ineficiente do condutor";"Colisão traseira";"Com Vítimas Feridas";"Plena Noite";"Crescente";"Céu Claro";"Dupla";"Aclive;Reta";"Não";3;0;1;0;1;2;1;4;-22,63818;-44,93732;"SPRF-SP";"DEL08-SP";"UOP02-DEL08-SP"
759665;2026-03-20;"sexta-feira";"19:00:00";"MG";381;362;"SAO GONCALO DO RIO ABAIXO";"Velocidade Incompatível";"Tombamento";"Com Vítimas Feridas";"Plena Noite";"Crescente";"Chuva";"Simples";"Declive;Curva";"Sim";2;0;1;0;0;1;1;2;-19,852308;-43,271796;"SPRF-MG";"DEL03-MG";"UOP01-DEL03-MG"
759669;2026-03-20;"sexta-feira";"19:50:00";"RS";116;390;"CAMAQUA";"Ausência de reação do condutor";"Atropelamento de Pedestre";"Com Vítimas Feridas";"Plena Noite";"Decrescente";"Nublado";"Dupla";"Reta";"Sim";2;0;0;1;1;0;1;2;-30,82871183;-51,72413138;"SPRF-RS";"DEL02-RS";"UOP02-DEL02-RS"
759671;2026-03-20;"sexta-feira";"20:20:00";"PE";101;69;"RECIFE";"Transitar na contramão";"Colisão lateral sentido oposto";"Com Vítimas Feridas";"Plena Noite";"Crescente";"Céu Claro";"Dupla";"Reta";"Sim";2;0;1;0;0;1;1;2;-8,063794;-34,94467;"SPRF-PE";"DEL01-PE";"UOP01-DEL01-PE"
759672;2026-03-20;"sexta-feira";"18:40:00";"MS";463;25,5;"DOURADOS";"Pedestre andava na pista";"Atropelamento de Pedestre";"Com Vítimas Fatais";"Plena Noite";"Crescente";"Céu Claro";"Simples";"Reta";"Não";4;1;0;0;3;0;0;2;-22,289508;-55,028232;"SPRF-MS";"DEL04-MS";"UOP03-DEL04-MS"
759681;2026-03-20;"sexta-feira";"20:40:00";"RS";471;658,3;"SANTA VITORIA DO PALMAR";"Desrespeitar a preferência no cruzamento";"Colisão transversal";"Com Vítimas Feridas";"Plena Noite";"Crescente";"Céu Claro";"Simples";"Interseção de Vias";"Sim";3;0;1;0;1;1;1;3;-33,52148743;-53,33696934;"SPRF-RS";"DEL07-RS";"UOP04-DEL07-RS"
759686;2026-03-20;"sexta-feira";"21:30:00";"ES";101;160,9;"LINHARES";"Ultrapassagem Indevida";"Colisão frontal";"Com Vítimas Fatais";"Plena Noite";"Crescente";"Céu Claro";"Simples";"Curva";"Sim";5;2;0;0;2;1;0;4;-19,48339656;-40,11950273;"SPRF-ES";"DEL04-ES";"UOP01-DEL04-ES"
759687;2026-03-20;"sexta-feira";"16:15:00";"PR";163;285,1;"MARECHAL CANDIDO RONDON";"Reação tardia ou ineficiente do condutor";"Tombamento";"Com Vítimas Feridas";"Pleno dia";"Crescente";"Céu Claro";"Dupla";"Reta;Interseção de Vias";"Sim";2;0;1;0;0;1;1;2;-24,53458645;-54,04984681;"SPRF-PR";"DEL06-PR";"UOP02-DEL06-PR"
759689;2026-03-20;"sexta-feira";"19:00:00";"PA";155;305;"MARABA";"Objeto estático sobre o leito carroçável";"Colisão com objeto";"Com Vítimas Feridas";"Plena Noite";"Crescente";"Nublado";"Simples";"Reta";"Não";4;0;1;0;1;3;1;4;-5,69861;-49,123347;"SPRF-PA";"DEL03-PA";"UOP01-DEL03-PA"
759690;2026-03-20;"sexta-feira";"20:15:00";"ES";101;395,4;"RIO NOVO DO SUL";"Condutor deixou de manter distância do veículo da frente";"Colisão traseira";"Com Vítimas Feridas";"Plena Noite";"Crescente";"Nublado";"Simples";"Reta";"Não";2;0;0;1;0;1;1;2;-20,86599;-40,93697;"SPRF-ES";"DEL03-ES";"UOP02-DEL03-ES"
759694;2026-03-20;"sexta-feira";"17:30:00";"SC";116;168,9;"PONTE ALTA DO NORTE";"Mal súbito do condutor";"Saída de leito carroçável";"Com Vítimas Fatais";"Pleno dia";"Decrescente";"Céu Claro";"Simples";"Declive;Curva";"Não";2;1;0;0;0;1;0;2;-27,18592725;-50,46473265;"SPRF-SC";"DEL05-SC";"UOP03-DEL05-SC"
759703;2026-03-20;"sexta-feira";"21:00:00";"RS";158;79,6;"BOA VISTA DAS MISSOES";"Transitar na contramão";"Colisão lateral sentido oposto";"Com Vítimas Feridas";"Plena Noite";"Decrescente";"Céu Claro";"Simples";"Reta";"Não";3;0;1;0;1;2;1;4;-27,72644709;-53,32113294;"SPRF-RS";"DEL08-RS";"UOP02-DEL08-RS"
759708;2026-03-20;"sexta-feira";"23:10:00";"MG";365;644;"UBERLANDIA";"Condutor deixou de manter distância do veículo da frente";"Colisão traseira";"Com Vítimas Feridas";"Plena Noite";"Crescente";"Céu Claro";"Dupla";"Reta";"Não";3;0;1;0;1;3;1;5;-18,88311578;-48,49832154;"SPRF-MG";"DEL15-MG";"UOP01-DEL15-MG"
759712;2026-03-20;"sexta-feira";"21:30:00";"CE";116;542;"PENAFORTE";"Transitar na contramão";"Colisão frontal";"Com Vítimas Feridas";"Plena Noite";"Crescente";"Céu Claro";"Simples";"Curva";"Sim";2;0;0;1;0;1;1;2;-7,823423;-39,08816;"SPRF-CE";"DEL05-CE";"UOP03-DEL05-CE"
759722;2026-03-21;"sábado";"00:40:00";"RO";364;694;"PORTO VELHO";"Ausência de reação do condutor";"Colisão traseira";"Com Vítimas Feridas";"Plena Noite";"Decrescente";"Céu Claro";"Dupla";"Reta";"Não";36;0;1;0;34;2;1;4;-8,8013505;-63,7233879;"SPRF-RO";"DEL01-RO";"UOP01-DEL01-RO"
759723;2026-03-21;"sábado";"02:00:00";"PR";116;28;"CAMPINA GRANDE DO SUL";"Reação tardia ou ineficiente do condutor";"Tombamento";"Com Vítimas Feridas";"Plena Noite";"Decrescente";"Nublado";"Dupla";"Curva;Ponte";"Não";2;0;1;0;0;1;1;2;-25,112022;-48,802803;"SPRF-PR";"DEL01-PR";"UOP02-DEL01-PR"
759728;2026-03-21;"sábado";"03:55:00";"SP";116;281;"EMBU DAS ARTES";"Deficiência do Sistema de Iluminação/Sinalização";"Colisão traseira";"Com Vítimas Feridas";"Plena Noite";"Decrescente";"Céu Claro";"Dupla";"Reta";"Não";3;0;1;0;0;3;1;4;-23,65109307;-46,84670448;"SPRF-SP";"DEL04-SP";"UOP01-DEL04-SP"
759729;2026-03-21;"sábado";"03:40:00";"AL";101;171,8;"TEOTONIO VILELA";"Acumulo de água sobre o pavimento";"Colisão traseira";"Sem Vítimas";"Amanhecer";"Crescente";"Nublado";"Dupla";"Reta";"Não";3;0;0;0;2;1;0;3;-9,90964346;-36,33292805;"SPRF-AL";"DEL02-AL";"UOP02-DEL02-AL"
759730;2026-03-21;"sábado";"04:00:00";"SP";153;59,7;"SAO JOSE DO RIO PRETO";"Ingestão de álcool pelo condutor";"Colisão lateral mesmo sentido";"Com Vítimas Feridas";"Amanhecer";"Crescente";"Céu Claro";"Dupla";"Reta";"Sim";4;0;1;1;1;1;2;3;-20,794309;-49,354833;"SPRF-SP";"DEL09-SP";"UOP01-DEL09-SP"
759737;2026-03-21;"sábado";"04:35:00";"SC";101;458;"PASSO DE TORRES";"Ingestão de álcool pelo condutor";"Colisão traseira";"Com Vítimas Feridas";"Plena Noite";"Crescente";"Céu Claro";"Dupla";"Reta;Aclive";"Não";4;0;1;1;1;1;2;3;-29,25350611;-49,7550079;"SPRF-SC";"DEL02-SC";"UOP02-DEL02-SC"
759739;2026-03-21;"sábado";"02:30:00";"GO";153;599;"MORRINHOS";"Velocidade Incompatível";"Saída de leito carroçável";"Com Vítimas Feridas";"Plena Noite";"Decrescente";"Chuva";"Dupla";"Declive;Reta";"Não";2;0;1;0;0;1;1;2;-17,536985;-49,212073;"SPRF-GO";"DEL03-GO";"UOP01-DEL03-GO"
759741;2026-03-21;"sábado";"05:00:00";"BA";242;612;"MUQUEM DE SAO FRANCISCO";"Ausência de reação do condutor";"Saída de leito carroçável";"Com Vítimas Feridas";"Amanhecer";"Decrescente";"Céu Claro";"Simples";"Reta";"Não";2;0;1;0;0;2;1;3;-12,1730697;-43,2584866;"SPRF-BA";"DEL10-BA";"UOP01-DEL10-BA"
759742;2026-03-21;"sábado";"05:45:00";"MG";381;652,1;"SANTO ANTONIO DO AMPARO";"Velocidade Incompatível";"Colisão com objeto";"Com Vítimas Feridas";"Amanhecer";"Decrescente";"Céu Claro";"Dupla";"Curva;Declive";"Não";2;0;1;0;0;1;1;2;-20,96236863;-44,92915969;"SPRF-MG";"DEL04-MG";"UOP02-DEL04-MG"
759744;2026-03-21;"sábado";"05:20:00";"BA";324;553;"AMELIA RODRIGUES";"Ausência de reação do condutor";"Colisão traseira";"Sem Vítimas";"Pleno dia";"Decrescente";"Céu Claro";"Dupla";"Reta";"Não";2;0;0;0;2;0;0;2;-12,44099085;-38,72362518;"SPRF-BA";"DEL11-BA";"UOP02-DEL11-BA"
759745;2026-03-20;"sexta-feira";"19:15:00";"GO";50;298,1;"CUMARI";"Mal súbito do condutor";"Saída de leito carroçável";"Sem Vítimas";"Plena Noite";"Decrescente";"Garoa/Chuvisco";"Dupla";"Aclive;Curva";"Não";2;0;0;0;1;1;0;2;-18,3147007;-48,0171385;"SPRF-GO";"DEL06-GO";"UOP01-DEL06-GO"
759749;2026-03-21;"sábado";"04:33:00";"SC";282;534,5;"CORDILHEIRA ALTA";"Condutor Dormindo";"Colisão frontal";"Com Vítimas Fatais";"Plena Noite";"Decrescente";"Céu Claro";"Simples";"Reta";"Não";7;3;2;2;0;0;4;2;-26,9962852;-52,63986217;"SPRF-SC";"DEL07-SC";"UOP01-DEL07-SC"
759750;2026-03-21;"sábado";"04:45:00";"RO";364;513,7;"ARIQUEMES";"Ingestão de álcool pelo condutor";"Colisão frontal";"Com Vítimas Feridas";"Amanhecer";"Decrescente";"Céu Claro";"Simples";"Reta";"Sim";5;0;1;1;1;2;2;4;-9,936121;-63,055436;"SPRF-RO";"DEL03-RO";"UOP01-DEL03-RO"
759753;2026-03-21;"sábado";"07:15:00";"PR";376;410,1;"TIBAGI";"Transitar no Acostamento";"Colisão traseira";"Com Vítimas Feridas";"Pleno dia";"Crescente";"Céu Claro";"Dupla";"Curva";"Não";4;0;0;1;2;1;1;3;-24,65324;-50,61544;"SPRF-PR";"DEL03-PR";"UOP02-DEL03-PR"
759758;2026-03-21;"sábado";"05:30:00";"MT";163;112;"RONDONOPOLIS";"Reação tardia ou ineficiente do condutor";"Colisão traseira";"Com Vítimas Feridas";"Amanhecer";"Decrescente";"Céu Claro";"Dupla";"Aclive;Reta";"Não";2;0;0;1;1;0;1;2;-16,55382;-54,675132;"SPRF-MT";"DEL02-MT";"UOP01-DEL02-MT"
759759;2026-03-21;"sábado";"06:15:00";"CE";116;420,5;"IPAUMIRIM";"Pista esburacada";"Colisão lateral mesmo sentido";"Com Vítimas Feridas";"Amanhecer";"Decrescente";"Nublado";"Simples";"Declive";"Não";2;0;1;0;1;0;1;2;-6,77862;-38,76865;"SPRF-CE";"DEL05-CE";"UOP01-DEL05-CE"
759763;2026-03-05;"quinta-feira";"23:04:00";"SC";101;50;"JOINVILLE";"Manobra de mudança de faixa";"Colisão lateral mesmo sentido";"Com Vítimas Feridas";"Plena Noite";"Decrescente";"Céu Claro";"Dupla";"Curva";"Sim";3;0;0;1;0;2;1;3;-26,38707556;-48,84216132;"SPRF-SC";"DEL03-SC";"UOP01-DEL03-SC"
759764;2026-03-21;"sábado";"04:30:00";"RN";226;256,7;"JUCURUTU";"Condutor Dormindo";"Tombamento";"Sem Vítimas";"Plena Noite";"Decrescente";"Céu Claro";"Simples";"Reta";"Não";1;0;0;0;1;0;0;1;-5,94544067;-37,04862714;"SPRF-RN";"DEL03-RN";"UOP01-DEL03-RN"
759766;2026-03-21;"sábado";"07:35:00";"MT";364;187;"RONDONOPOLIS";"Condutor deixou de manter distância do veículo da frente";"Colisão traseira";"Sem Vítimas";"Pleno dia";"Decrescente";"Céu Claro";"Simples";"Reta";"Não";3;0;0;0;2;1;0;3;-16,5766;-54,5341;"SPRF-MT";"DEL02-MT";"UOP01-DEL02-MT"
759769;2026-03-21;"sábado";"07:30:00";"SC";282;604;"MARAVILHA";"Reação tardia ou ineficiente do condutor";"Colisão frontal";"Com Vítimas Feridas";"Pleno dia";"Decrescente";"Céu Claro";"Dupla";"Declive";"Sim";4;0;1;1;1;2;2;5;-26,7916036;-53,194782;"SPRF-SC";"DEL07-SC";"UOP02-DEL07-SC"
759771;2026-03-21;"sábado";"07:20:00";"MG";40;400,5;"CURVELO";"Ausência de reação do condutor";"Saída de leito carroçável";"Com Vítimas Feridas";"Pleno dia";"Decrescente";"Céu Claro";"Simples";"Curva;Aclive";"Não";1;0;1;0;0;0;1;1;-19,035657;-44,649791;"SPRF-MG";"DEL02-MG";"UOP01-DEL02-MG"
759774;2026-02-10;"terça-feira";"06:00:00";"PR";116;112,9;"CURITIBA";"Reação tardia ou ineficiente do condutor";"Colisão traseira";"Com Vítimas Feridas";"Pleno dia";"Crescente";"Céu Claro";"Dupla";"Reta";"Não";2;0;1;0;1;0;1;2;-25,5494953;-49,28329317;"SPRF-PR";"DEL01-PR";"UOP03-DEL01-PR"
759781;2026-03-21;"sábado";"08:20:00";"SC";282;531,5;"CORDILHEIRA ALTA";"Desrespeitar a preferência no cruzamento";"Colisão transversal";"Com Vítimas Feridas";"Pleno dia";"Decrescente";"Céu Claro";"Simples";"Reta;Interseção de Vias";"Não";4;0;0;1;2;1;1;4;-26,99407426;-52,6112601;"SPRF-SC";"DEL07-SC";"UOP01-DEL07-SC"
759782;2026-03-21;"sábado";"08:30:00";"PR";376;160,2;"MANDAGUACU";"Ausência de reação do condutor";"Colisão transversal";"Com Vítimas Fatais";"Pleno dia";"Decrescente";"Céu Claro";"Dupla";"Reta;Aclive;Retorno Regulamentado";"Sim";3;1;0;0;1;2;0;4;-23,36529915;-52,07768289;"SPRF-PR";"DEL09-PR";"UOP02-DEL09-PR"
759790;2026-03-21;"sábado";"11:50:00";"MS";262;239;"RIBAS DO RIO PARDO";"Conversão proibida";"Colisão lateral mesmo sentido";"Sem Vítimas";"Pleno dia";"Crescente";"Nublado";"Dupla";"Reta";"Sim";3;0;0;0;2;3;0;5;-20,45683062;-53,75625372;"SPRF-MS";"DEL01-MS";"UOP05-DEL01-MS"
759791;2026-03-18;"quarta-feira";"06:50:00";"MG";381;566,3;"ITAGUARA";"Velocidade Incompatível";"Tombamento";"Com Vítimas Feridas";"Pleno dia";"Decrescente";"Céu Claro";"Dupla";"Aclive;Reta";"Não";3;0;1;0;1;1;1;3;-20,398871;-44,505834;"SPRF-MG";"DEL04-MG";"UOP03-DEL04-MG"
759798;2026-03-21;"sábado";"08:00:00";"BA";116;562;"BREJOES";"Velocidade Incompatível";"Tombamento";"Sem Vítimas";"Pleno dia";"Decrescente";"Céu Claro";"Simples";"Reta";"Não";3;0;0;0;2;3;0;5;-12,98154;-39,94103;"SPRF-BA";"DEL03-BA";"UOP02-DEL03-BA"
759804;2026-02-27;"sexta-feira";"20:18:00";"MG";381;935,5;"EXTREMA";"Reação tardia ou ineficiente do condutor";"Colisão lateral mesmo sentido";"Com Vítimas Feridas";"Plena Noite";"Crescente";"Céu Claro";"Dupla";"Curva;Declive";"Não";5;0;1;0;3;1;1;4;-22,80903959;-46,28002524;"SPRF-MG";"DEL16-MG";"UOP03-DEL16-MG"
759809;2026-03-21;"sábado";"13:23:00";"RS";290;1,2;"OSORIO";"Condutor deixou de manter distância do veículo da frente";"Colisão traseira";"Com Vítimas Feridas";"Pleno dia";"Crescente";"Céu Claro";"Múltipla";"Reta";"Não";3;0;1;0;1;1;1;3;-29,896014;-50,287984;"SPRF-RS";"DEL03-RS";"UOP01-DEL03-RS"
759810;2026-03-21;"sábado";"10:00:00";"PI";343;307,5;"ALTOS";"Ausência de reação do condutor";"Colisão traseira";"Com Vítimas Feridas";"Pleno dia";"Decrescente";"Nublado";"Simples";"Reta";"Sim";4;0;1;1;2;0;2;2;-5,039227;-42,463442;"SPRF-PI";"DEL01-PI";"UOP01-DEL01-PI"
759811;2026-03-21;"sábado";"08:40:00";"RJ";116;275;"BARRA MANSA";"Reação tardia ou ineficiente do condutor";"Colisão traseira";"Com Vítimas Feridas";"Pleno dia";"Crescente";"Céu Claro";"Dupla";"Curva";"Não";3;0;1;0;1;1;1;3;-22,56266946;-44,15875123;"SPRF-RJ";"DEL07-RJ";"UOP02-DEL07-RJ"
759815;2026-03-21;"sábado";"13:17:00";"AL";104;58;"MURICI";"Condutor deixou de manter distância do veículo da frente";"Colisão traseira";"Com Vítimas Feridas";"Pleno dia";"Decrescente";"Céu Claro";"Simples";"Reta";"Sim";3;0;1;0;2;0;1;2;-9,30108724;-35,95249097;"SPRF-AL";"DEL01-AL";"UOP02-DEL01-AL"
759817;2026-03-21;"sábado";"14:40:00";"SP";116;158;"JACAREI";"Carga excessiva e/ou mal acondicionada";"Derramamento de carga";"Sem Vítimas";"Pleno dia";"Crescente";"Céu Claro";"Dupla";"Curva";"Não";2;0;0;0;1;3;0;4;-23,2630732;-45,9498936;"SPRF-SP";"DEL02-SP";"UOP01-DEL02-SP"
759818;2026-03-21;"sábado";"14:30:00";"MG";251;464;"GRAO MOGOL";"Velocidade Incompatível";"Colisão frontal";"Com Vítimas Feridas";"Pleno dia";"Decrescente";"Chuva";"Simples";"Reta";"Não";3;0;1;1;0;2;2;4;-16,44775849;-42,98300906;"SPRF-MG";"DEL12-MG";"UOP01-DEL12-MG"
759819;2026-03-21;"sábado";"15:05:00";"GO";153;231;"HIDROLINA";"Transitar na contramão";"Colisão transversal";"Com Vítimas Fatais";"Pleno dia";"Crescente";"Nublado";"Simples";"Aclive;Reta";"Não";3;1;0;1;1;0;1;2;-14,781808;-49,272995;"SPRF-GO";"DEL07-GO";"UOP02-DEL07-GO"
759820;2026-03-21;"sábado";"13:30:00";"BA";116;879,2;"VITORIA DA CONQUISTA";"Pista esburacada";"Colisão traseira";"Com Vítimas Feridas";"Pleno dia";"Decrescente";"Céu Claro";"Simples";"Reta";"Não";4;0;2;0;1;2;2;4;-15,27739;-41,128361;"SPRF-BA";"DEL08-BA";"UOP03-DEL08-BA"
759840;2026-03-21;"sábado";"15:54:00";"GO";60;306;"ACREUNA";"Acessar a via sem observar a presença dos outros veículos";"Saída de leito carroçável";"Sem Vítimas";"Pleno dia";"Crescente";"Sol";"Dupla";"Retorno Regulamentado;Reta";"Não";3;0;0;0;3;0;0;2;-17,403808;-50,393518;"SPRF-GO";"DEL04-GO";"UOP02-DEL04-GO"
759852;2026-03-21;"sábado";"13:30:00";"GO";50;176,9;"CAMPO ALEGRE DE GOIAS";"Reação tardia ou ineficiente do condutor";"Colisão traseira";"Com Vítimas Feridas";"Pleno dia";"Crescente";"Céu Claro";"Dupla";"Reta";"Não";3;0;0;1;1;2;1;4;-17,38599;-47,78301;"SPRF-GO";"DEL06-GO";"UOP01-DEL06-GO"
759855;2026-03-21;"sábado";"15:30:00";"BA";324;561;"SAO SEBASTIAO DO PASSE";"Manobra de mudança de faixa";"Colisão lateral mesmo sentido";"Com Vítimas Fatais";"Pleno dia";"Decrescente";"Céu Claro";"Dupla";"Reta";"Não";6;1;3;0;1;2;3;4;-12,5073841;-38,63385737;"SPRF-BA";"DEL01-BA";"UOP01-DEL01-BA"
759857;2026-03-21;"sábado";"17:20:00";"BA";324;407;"NOVA FATIMA";"Demais falhas mecânicas ou elétricas";"Incêndio";"Sem Vítimas";"Anoitecer";"Decrescente";"Céu Claro";"Simples";"Reta";"Não";2;0;0;0;1;2;0;3;-11,62007802;-39,61598917;"SPRF-BA";"DEL04-BA";"UOP02-DEL04-BA"
759859;2026-03-21;"sábado";"16:44:00";"RO";319;141;"PORTO VELHO";"Estacionar ou parar em local proibido";"Colisão traseira";"Sem Vítimas";"Pleno dia";"Decrescente";"Céu Claro";"Dupla";"Reta";"Sim";3;0;0;0;2;2;0;4;-8,74504385;-63,88872592;"SPRF-RO";"DEL01-RO";"UOP01-DEL01-RO"
759860;2026-03-21;"sábado";"18:10:00";"GO";414;402,8;"CORUMBA DE GOIAS";"Transitar na contramão";"Colisão transversal";"Com Vítimas Feridas";"Plena Noite";"Crescente";"Céu Claro";"Simples";"Curva;Aclive";"Não";5;0;2;1;0;2;3;3;-15,99363;-48,83736;"SPRF-GO";"DEL02-GO";"UOP01-DEL02-GO"
759874;2026-03-21;"sábado";"18:50:00";"PE";428;169,9;"PETROLINA";"Ausência de reação do condutor";"Colisão traseira";"Com Vítimas Fatais";"Plena Noite";"Decrescente";"Céu Claro";"Simples";"Reta";"Não";4;1;1;1;1;0;2;3;-9,23986713;-40,41880544;"SPRF-PE";"DEL06-PE";"UOP01-DEL06-PE"
759884;2026-03-21;"sábado";"17:30:00";"MA";316;438;"PERITORO";"Ausência de reação do condutor";"Colisão lateral sentido oposto";"Com Vítimas Feridas";"Pleno dia";"Decrescente";"Céu Claro";"Simples";"Reta";"Não";3;0;0;1;0;2;1;3;-4,420797;-44,221345;"SPRF-MA";"DEL03-MA";"UOP01-DEL03-MA"
759898;2026-03-21;"sábado";"22:20:00";"PR";116;152;"MANDIRITUBA";"Acessar a via sem observar a presença dos outros veículos";"Colisão transversal";"Com Vítimas Feridas";"Plena Noite";"Crescente";"Céu Claro";"Simples";"Interseção de Vias;Reta";"Sim";5;0;1;0;3;3;1;5;-25,86237527;-49,36189983;"SPRF-PR";"DEL01-PR";"UOP03-DEL01-PR"
759901;2026-03-21;"sábado";"20:15:00";"SC";282;527,1;"CORDILHEIRA ALTA";"Pista Escorregadia";"Colisão transversal";"Com Vítimas Feridas";"Plena Noite";"Crescente";"Chuva";"Simples";"Curva";"Não";5;0;1;0;3;1;1;3;-26,98114411;-52,59154201;"SPRF-SC";"DEL07-SC";"UOP01-DEL07-SC"
759908;2026-03-21;"sábado";"22:10:00";"MS";158;245,2;"TRES LAGOAS";"Ausência de reação do condutor";"Colisão traseira";"Sem Vítimas";"Plena Noite";"Decrescente";"Céu Claro";"Simples";"Reta";"Não";3;0;0;0;2;2;0;4;-20,639039;-51,756652;"SPRF-MS";"DEL07-MS";"UOP01-DEL07-MS"
759909;2026-03-21;"sábado";"22:25:00";"BA";116;788;"PLANALTO";"Reação tardia ou ineficiente do condutor";"Saída de leito carroçável";"Com Vítimas Feridas";"Plena Noite";"Crescente";"Céu Claro";"Simples";"Reta";"Sim";2;0;1;0;0;1;1;2;-14,69757986;-40,57725325;"SPRF-BA";"DEL08-BA";"UOP02-DEL08-BA"
759914;2026-03-21;"sábado";"23:00:00";"RO";364;667;"CANDEIAS DO JAMARI";"Ausência de reação do condutor";"Tombamento";"Com Vítimas Feridas";"Plena Noite";"Crescente";"Ignorado";"Dupla";"Curva";"Não";1;0;1;0;0;0;1;1;-8,77453;-63,48052;"SPRF-RO";"DEL01-RO";"UOP01-DEL01-RO"
759917;2026-03-22;"domingo";"00:36:00";"PE";101;160;"GAMELEIRA";"Demais falhas mecânicas ou elétricas";"Incêndio";"Sem Vítimas";"Plena Noite";"Crescente";"Céu Claro";"Dupla";"Declive;Curva";"Não";2;0;0;0;1;1;0;2;-8,557557;-35,42836;"SPRF-PE";"DEL01-PE";"UOP03-DEL01-PE"
759919;2026-03-21;"sábado";"18:30:00";"BA";110;375;"CATU";"Ausência de reação do condutor";"Tombamento";"Com Vítimas Feridas";"Plena Noite";"Crescente";"Céu Claro";"Simples";"Curva;Aclive";"Sim";3;0;2;1;0;0;3;2;-12,406164;-38,402874;"SPRF-BA";"DEL01-BA";"UOP01-DEL01-BA"