"id";"data_inversa";"dia_semana";"horario";"uf";"br";"km";"municipio";"causa_acidente";"tipo_acidente";"classificacao_acidente";"fase_dia";"sentido_via";"condicao_metereologica";"tipo_pista";"tracado_via";"uso_solo";"pessoas";"mortos";"feridos_leves";"feridos_graves";"ilesos";"ignorados";"feridos";"veiculos";"latitude";"longitude";"regional";"delegacia";"uop"
759925;2026-03-22;"domingo";"02:00:00";"PR";277;117;"CAMPO LARGO";"Reação tardia ou ineficiente do condutor";"Colisão transversal";"Sem Vítimas";"Plena Noite";"Crescente";"Céu Claro";"Dupla";"Reta;Aclive;Em Obras";"Não";2;0;0;0;1;1;0;2;-25,44309;-49,45901;"SPRF-PR";"DEL03-PR";"UOP03-DEL03-PR"
759937;2026-03-22;"domingo";"04:50:00";"MG";40;769,2;"JUIZ DE FORA";"Demais falhas mecânicas ou elétricas";"Incêndio";"Sem Vítimas";"Plena Noite";"Decrescente";"Céu Claro";"Simples";"Curva";"Não";2;0;0;0;1;6;0;7;-21,593708;-43,457004;"SPRF-MG";"DEL05-MG";"UOP01-DEL05-MG"
759951;2026-03-21;"sábado";"18:10:00";"BA";242;647;"MUQUEM DE SAO FRANCISCO";"Condutor deixou de manter distância do veículo da frente";"Colisão traseira";"Sem Vítimas";"Anoitecer";"Decrescente";"Céu Claro";"Simples";"Reta";"Não";2;0;0;0;1;1;0;2;-12,21;-43,593;"SPRF-BA";"DEL10-BA";"UOP01-DEL10-BA"
759954;2026-03-22;"domingo";"06:00:00";"PA";316;76;"SAO FRANCISCO DO PARA";"Transitar na contramão";"Colisão lateral sentido oposto";"Com Vítimas Fatais";"Amanhecer";"Decrescente";"Céu Claro";"Simples";"Reta";"Não";3;1;0;0;1;1;0;3;-1,301495;-47,807923;"SPRF-PA";"DEL01-PA";"UOP01-DEL01-PA"
759956;2026-03-21;"sábado";"20:45:00";"RS";116;112;"SAO MARCOS";"Velocidade Incompatível";"Saída de leito carroçável";"Com Vítimas Feridas";"Plena Noite";"Crescente";"Chuva";"Simples";"Reta";"Sim";5;0;2;0;2;1;2;4;-28,96016379;-51,07913017;"SPRF-RS";"DEL05-RS";"UOP01-DEL05-RS"
759957;2026-03-22;"domingo";"05:05:00";"MT";163;742;"SORRISO";"Manobra de mudança de faixa";"Colisão lateral sentido oposto";"Com Vítimas Fatais";"Amanhecer";"Crescente";"Céu Claro";"Simples";"Declive;Reta";"Não";3;1;0;0;1;3;0;5;-12,62590833;-55,770485;"SPRF-MT";"DEL06-MT";"UOP01-DEL06-MT"
759958;2026-03-22;"domingo";"00:50:00";"BA";116;641;"JAGUAQUARA";"Acesso irregular";"Colisão transversal";"Sem Vítimas";"Plena Noite";"Decrescente";"Céu Claro";"Dupla";"Reta";"Não";2;0;0;0;0;2;0;2;-13,585832;-40,086381;"SPRF-BA";"DEL03-BA";"UOP01-DEL03-BA"
759960;2026-03-22;"domingo";"05:00:00";"RS";386;49;"SEBERI";"Transitar na contramão";"Colisão frontal";"Com Vítimas Feridas";"Amanhecer";"Crescente";"Nevoeiro/Neblina";"Simples";"Curva";"Sim";3;0;2;0;1;0;2;2;-27,478404;-53,39781904;"SPRF-RS";"DEL08-RS";"UOP02-DEL08-RS"
759963;2026-03-22;"domingo";"06:50:00";"TO";153;365,7;"FORTALEZA DO TABOCAO";"Transitar na contramão";"Colisão lateral sentido oposto";"Com Vítimas Feridas";"Pleno dia";"Crescente";"Céu Claro";"Simples";"Reta";"Não";3;0;0;1;1;2;1;4;-9,112442;-48,530437;"SPRF-TO";"DEL02-TO";"UOP02-DEL02-TO"
759969;2026-03-22;"domingo";"07:30:00";"BA";101;724;"EUNAPOLIS";"Transitar na contramão";"Colisão lateral sentido oposto";"Com Vítimas Feridas";"Pleno dia";"Decrescente";"Céu Claro";"Simples";"Declive";"Não";2;0;0;1;0;1;1;2;-16,421152;-39,584113;"SPRF-BA";"DEL09-BA";"UOP01-DEL09-BA"
759972;2026-03-22;"domingo";"08:00:00";"SC";116;238,9;"LAGES";"Reação tardia ou ineficiente do condutor";"Saída de leito carroçável";"Com Vítimas Feridas";"Pleno dia";"Crescente";"Nublado";"Simples";"Rotatória";"Não";1;0;1;0;0;0;1;1;-27,75133536;-50,33519853;"SPRF-SC";"DEL05-SC";"UOP01-DEL05-SC"
759976;2026-03-22;"domingo";"06:05:00";"CE";222;193;"FORQUILHA";"Reação tardia ou ineficiente do condutor";"Tombamento";"Com Vítimas Feridas";"Pleno dia";"Crescente";"Céu Claro";"Simples";"Curva";"Não";1;0;1;0;0;0;1;1;-3,798783;-40,141661;"SPRF-CE";"DEL04-CE";"UOP01-DEL04-CE"
759983;2026-03-22;"domingo";"08:00:00";"SP";116;545;"BARRA DO TURVO";"Reação tardia ou ineficiente do condutor";"Saída de leito carroçável";"Com Vítimas Feridas";"Pleno dia";"Decrescente";"Céu Claro";"Simples";"Declive;Curva";"Não";2;0;1;0;0;1;1;2;-24,9632116;-48,4238016;"SPRF-SP";"DEL05-SP";"UOP02-DEL05-SP"
759993;2026-02-02;"segunda-feira";"09:28:00";"PA";163;240;"NOVO PROGRESSO";"Estacionar ou parar em local proibido";"Colisão lateral mesmo sentido";"Sem Vítimas";"Pleno dia";"Decrescente";"Nublado";"Simples";"Declive";"Não";3;0;0;0;0;3;0;3;-7,606;-55,2376;"SPRF-PA";"DEL05-PA";"UOP03-DEL05-PA"
759997;2026-03-22;"domingo";"10:45:00";"GO";50;297;"CUMARI";"Ausência de reação do condutor";"Colisão traseira";"Com Vítimas Feridas";"Pleno dia";"Decrescente";"Céu Claro";"Dupla";"Reta";"Não";3;0;0;1;1;2;1;4;-18,31561;-48,0184103;"SPRF-GO";"DEL06-GO";"UOP01-DEL06-GO"
760008;2026-03-22;"domingo";"12:25:00";"TO";153;137;"ARAGUAINA";"Condutor deixou de manter distância do veículo da frente";"Eventos atípicos";"Com Vítimas Feridas";"Pleno dia";"Decrescente";"Céu Claro";"Dupla";"Reta";"Sim";2;0;1;0;0;1;1;2;-7,14846;-48,20296;"SPRF-TO";"DEL02-TO";"UOP01-DEL02-TO"
760014;2026-03-22;"domingo";"14:10:00";"SP";116;284;"EMBU DAS ARTES";"Manobra de mudança de faixa";"Colisão lateral mesmo sentido";"Com Vítimas Feridas";"Pleno dia";"Decrescente";"Céu Claro";"Dupla";"Reta";"Sim";3;0;1;0;0;2;1;3;-23,67681556;-46,85722589;"SPRF-SP";"DEL04-SP";"UOP01-DEL04-SP"
760025;2026-03-22;"domingo";"14:22:00";"PE";101;142;"RIBEIRAO";"Reação tardia ou ineficiente do condutor";"Saída de leito carroçável";"Com Vítimas Feridas";"Pleno dia";"Decrescente";"Céu Claro";"Dupla";"Reta";"Não";1;0;1;0;0;0;1;1;-8,44728;-35,34518;"SPRF-PE";"DEL01-PE";"UOP03-DEL01-PE"
760037;2026-03-22;"domingo";"13:10:00";"GO";153;296,9;"RIALMA";"Transitar na contramão";"Colisão frontal";"Com Vítimas Feridas";"Pleno dia";"Crescente";"Céu Claro";"Simples";"Reta";"Não";4;0;0;1;2;2;1;5;-15,28225204;-49,55807954;"SPRF-GO";"DEL02-GO";"UOP02-DEL02-GO"
760042;2026-03-04;"quarta-feira";"03:30:00";"PA";316;107;"SANTA MARIA DO PARA";"Reação tardia ou ineficiente do condutor";"Colisão traseira";"Com Vítimas Feridas";"Plena Noite";"Decrescente";"Chuva";"Simples";"Reta";"Sim";3;0;1;0;1;2;1;4;-1,33392143;-47,53589665;"SPRF-PA";"DEL01-PA";"UOP02-DEL01-PA"
760054;2026-03-22;"domingo";"15:00:00";"MA";316;132,7;"NOVA OLINDA DO MARANHAO";"Transitar na contramão";"Colisão frontal";"Com Vítimas Fatais";"Pleno dia";"Decrescente";"Céu Claro";"Simples";"Declive";"Não";3;1;0;0;1;1;0;3;-2,701018;-45,733187;"SPRF-MA";"DEL02-MA";"UOP02-DEL02-MA"
760059;2026-03-22;"domingo";"17:00:00";"MA";222;671;"ACAILANDIA";"Ingestão de álcool pelo condutor";"Colisão traseira";"Sem Vítimas";"Pleno dia";"Crescente";"Sol";"Simples";"Reta";"Sim";2;0;0;0;2;0;0;2;-4,939355;-47,462422;"SPRF-MA";"DEL04-MA";"UOP03-DEL04-MA"
760065;2026-03-22;"domingo";"16:30:00";"MG";381;708;"CARMO DA CACHOEIRA";"Manobra de mudança de faixa";"Colisão lateral mesmo sentido";"Com Vítimas Feridas";"Pleno dia";"Decrescente";"Céu Claro";"Dupla";"Declive;Curva";"Não";4;0;1;0;2;1;1;3;-21,370524;-45,188652;"SPRF-MG";"DEL04-MG";"UOP02-DEL04-MG"
760068;2026-03-22;"domingo";"15:52:00";"MS";158;70,1;"PARANAIBA";"Transitar na contramão";"Colisão frontal";"Com Vítimas Feridas";"Pleno dia";"Crescente";"Céu Claro";"Simples";"Reta";"Não";4;0;1;2;1;0;3;2;-19,612114;-51,215912;"SPRF-MS";"DEL08-MS";"UOP01-DEL08-MS"
760069;2026-03-22;"domingo";"18:20:00";"SC";101;238;"PALHOCA";"Manobra de mudança de faixa";"Saída de leito carroçável";"Com Vítimas Feridas";"Plena Noite";"Decrescente";"Céu Claro";"Dupla";"Reta";"Não";4;0;1;0;1;2;1;3;-27,84207828;-48,63452045;"SPRF-SC";"DEL01-SC";"UOP02-DEL01-SC"
760084;2026-01-23;"sexta-feira";"09:20:00";"MA";10;252;"IMPERATRIZ";"Ausência de reação do condutor";"Colisão traseira";"Com Vítimas Feridas";"Pleno dia";"Crescente";"Nublado";"Simples";"Reta";"Sim";2;0;1;0;0;1;1;2;-5,53119;-47,47138;"SPRF-MA";"DEL04-MA";"UOP01-DEL04-MA"
760090;2026-03-22;"domingo";"08:55:00";"GO";80;102;"VILA PROPICIO";"Condutor Dormindo";"Saída de leito carroçável";"Com Vítimas Feridas";"Pleno dia";"Crescente";"Sol";"Simples";"Reta";"Não";1;0;0;1;0;0;1;1;-15,2053496;-48,73260498;"SPRF-GO";"DEL07-GO";"UOP02-DEL07-GO"
760093;2026-03-22;"domingo";"10:55:00";"SC";280;219,9;"TRES BARRAS";"Ausência de reação do condutor";"Colisão com objeto";"Com Vítimas Feridas";"Pleno dia";"Crescente";"Garoa/Chuvisco";"Simples";"Rotatória";"Não";2;0;1;0;0;1;1;2;-26,17223;-50,2708;"SPRF-SC";"DEL06-SC";"UOP04-DEL06-SC"
760098;2026-03-22;"domingo";"19:25:00";"MG";381;423;"SABARA";"Ausência de reação do condutor";"Engavetamento";"Com Vítimas Feridas";"Plena Noite";"Crescente";"Céu Claro";"Simples";"Curva";"Sim";3;0;1;0;0;2;1;3;-19,78867238;-43,6933136;"SPRF-MG";"DEL01-MG";"UOP01-DEL01-MG"
760099;2026-03-22;"domingo";"19:12:00";"AL";101;211,7;"SAO SEBASTIAO";"Transitar na contramão";"Colisão frontal";"Com Vítimas Feridas";"Plena Noite";"Decrescente";"Céu Claro";"Simples";"Reta;Aclive";"Não";3;0;0;1;1;1;1;3;-10,013066;-36,6159958;"SPRF-AL";"DEL02-AL";"UOP02-DEL02-AL"
760100;2026-02-11;"quarta-feira";"15:00:00";"RJ";116;18;"SAPUCAIA";"Reação tardia ou ineficiente do condutor";"Colisão lateral sentido oposto";"Com Vítimas Feridas";"Pleno dia";"Decrescente";"Céu Claro";"Simples";"Reta";"Não";4;0;0;1;2;1;1;4;-21,98469494;-42,7555503;"SPRF-RJ";"DEL05-RJ";"UOP01-DEL05-RJ"
760103;2026-03-22;"domingo";"20:00:00";"MG";459;96;"POUSO ALEGRE";"Acessar a via sem observar a presença dos outros veículos";"Colisão transversal";"Com Vítimas Feridas";"Plena Noite";"Decrescente";"Céu Claro";"Simples";"Curva";"Não";2;0;0;1;0;1;1;2;-22,18585972;-45,98427264;"SPRF-MG";"DEL09-MG";"UOP01-DEL09-MG"
760104;2026-03-22;"domingo";"19:30:00";"PR";277;664,9;"MEDIANEIRA";"Ingestão de álcool pelo condutor";"Colisão traseira";"Com Vítimas Feridas";"Anoitecer";"Crescente";"Céu Claro";"Dupla";"Reta;Retorno Regulamentado";"Não";5;0;0;1;1;3;1;4;-25,25188123;-54,02082531;"SPRF-PR";"DEL05-PR";"UOP02-DEL05-PR"
760108;2026-03-22;"domingo";"16:05:00";"RS";285;602;"SANTO ANTONIO DAS MISSOES";"Pista esburacada";"Colisão lateral sentido oposto";"Com Vítimas Feridas";"Pleno dia";"Crescente";"Nublado";"Simples";"Reta";"Não";6;0;1;0;4;1;1;3;-28,49235989;-55,30486934;"SPRF-RS";"DEL12-RS";"UOP01-DEL12-RS"
760119;2026-03-22;"domingo";"18:45:00";"BA";101;694,1;"EUNAPOLIS";"Ultrapassagem Indevida";"Colisão lateral sentido oposto";"Com Vítimas Feridas";"Plena Noite";"Decrescente";"Céu Claro";"Simples";"Reta";"Não";3;0;0;1;1;1;1;3;-16,201152;-39,605607;"SPRF-BA";"DEL09-BA";"UOP01-DEL09-BA"
760140;2026-03-22;"domingo";"19:27:00";"MT";364;249;"JUSCIMEIRA";"Ausência de reação do condutor";"Colisão traseira";"Com Vítimas Feridas";"Plena Noite";"Crescente";"Céu Claro";"Dupla";"Reta";"Não";2;0;0;1;0;1;1;2;-16,1223;-54,85;"SPRF-MT";"DEL02-MT";"UOP01-DEL02-MT"
760141;2026-03-22;"domingo";"21:50:00";"PR";116;38;"CAMPINA GRANDE DO SUL";"Ausência de reação do condutor";"Saída de leito carroçável";"Sem Vítimas";"Plena Noite";"Decrescente";"Chuva";"Dupla";"Reta";"Não";2;0;0;0;1;1;0;2;-25,15777009;-48,8615106;"SPRF-PR";"DEL01-PR";"UOP02-DEL01-PR"
760144;2026-03-22;"domingo";"19:00:00";"PI";316;245,1;"INHUMA";"Reação tardia ou ineficiente do condutor";"Colisão traseira";"Com Vítimas Fatais";"Plena Noite";"Decrescente";"Céu Claro";"Simples";"Reta";"Não";2;1;0;0;0;1;0;2;-6,706138;-41,720993;"SPRF-PI";"DEL04-PI";"UOP02-DEL04-PI"
760151;2026-03-22;"domingo";"23:00:00";"RS";470;70;"LAGOA VERMELHA";"Ingestão de álcool pelo condutor";"Colisão frontal";"Sem Vítimas";"Plena Noite";"Crescente";"Garoa/Chuvisco";"Simples";"Curva;Aclive";"Não";2;0;0;0;2;0;0;2;-28,1629067;-51,5123733;"SPRF-RS";"DEL08-RS";"UOP05-DEL08-RS"
760152;2026-03-22;"domingo";"23:30:00";"SC";101;16;"GARUVA";"Declive acentuado";"Tombamento";"Com Vítimas Feridas";"Plena Noite";"Crescente";"Chuva";"Dupla";"Reta";"Sim";2;0;1;0;0;1;1;2;-26,11540528;-48,87748643;"SPRF-SC";"DEL03-SC";"UOP01-DEL03-SC"
760160;2026-03-23;"segunda-feira";"04:10:00";"MG";381;516;"IGARAPE";"Velocidade Incompatível";"Tombamento";"Com Vítimas Feridas";"Plena Noite";"Decrescente";"Céu Claro";"Dupla";"Declive;Curva";"Não";2;0;1;0;0;1;1;2;-20,09966;-44,31866;"SPRF-MG";"DEL01-MG";"UOP03-DEL01-MG"
760161;2026-03-23;"segunda-feira";"01:25:00";"SC";101;144,2;"ITAPEMA";"Ausência de reação do condutor";"Colisão traseira";"Com Vítimas Feridas";"Plena Noite";"Crescente";"Nublado";"Dupla";"Reta";"Não";3;0;1;0;2;0;1;3;-27,076245;-48,598308;"SPRF-SC";"DEL04-SC";"UOP03-DEL04-SC"
760165;2026-03-23;"segunda-feira";"05:20:00";"RS";290;88;"PORTO ALEGRE";"Ausência de reação do condutor";"Saída de leito carroçável";"Com Vítimas Feridas";"Amanhecer";"Crescente";"Céu Claro";"Múltipla";"Reta";"Não";2;0;1;0;0;1;1;2;-29,96725347;-51,13352992;"SPRF-RS";"DEL01-RS";"UOP01-DEL01-RS"
760176;2026-03-23;"segunda-feira";"06:30:00";"RS";472;494;"ITAQUI";"Transitar na contramão";"Colisão frontal";"Com Vítimas Fatais";"Amanhecer";"Crescente";"Chuva";"Simples";"Reta";"Não";4;1;0;0;2;1;0;3;-29,207914;-56,550679;"SPRF-RS";"DEL13-RS";"UOP01-DEL13-RS"
760187;2026-03-23;"segunda-feira";"06:45:00";"RJ";116;276;"BARRA MANSA";"Condutor Dormindo";"Colisão traseira";"Com Vítimas Feridas";"Pleno dia";"Decrescente";"Céu Claro";"Dupla";"Reta";"Sim";4;0;0;2;1;1;2;3;-22,56252045;-44,16014671;"SPRF-RJ";"DEL07-RJ";"UOP02-DEL07-RJ"
760201;2026-03-23;"segunda-feira";"08:00:00";"SC";101;35,7;"JOINVILLE";"Manobra de mudança de faixa";"Colisão lateral mesmo sentido";"Com Vítimas Feridas";"Pleno dia";"Crescente";"Sol";"Dupla";"Reta";"Sim";4;0;1;0;2;1;1;3;-26,27516911;-48,89394253;"SPRF-SC";"DEL03-SC";"UOP01-DEL03-SC"
760211;2026-02-27;"sexta-feira";"22:27:00";"SC";101;87,8;"BARRA VELHA";"Velocidade Incompatível";"Colisão lateral mesmo sentido";"Com Vítimas Feridas";"Plena Noite";"Crescente";"Nublado";"Múltipla";"Curva";"Sim";4;0;1;0;2;2;1;4;-26,63946698;-48,69337432;"SPRF-SC";"DEL03-SC";"UOP02-DEL03-SC"
760212;2026-03-23;"segunda-feira";"10:08:00";"BA";324;620;"SALVADOR";"Problema com o freio";"Colisão com objeto";"Sem Vítimas";"Pleno dia";"Crescente";"Céu Claro";"Dupla";"Reta";"Não";1;0;0;0;1;0;0;1;-12,91451833;-38,46079833;"SPRF-BA";"DEL01-BA";"UOP01-DEL01-BA"
760215;2026-03-23;"segunda-feira";"08:30:00";"PR";376;267;"MARILANDIA DO SUL";"Demais falhas mecânicas ou elétricas";"Capotamento";"Com Vítimas Feridas";"Pleno dia";"Crescente";"Céu Claro";"Dupla";"Reta";"Não";1;0;1;0;0;0;1;1;-23,7293128;-51,2895843;"SPRF-PR";"DEL07-PR";"UOP02-DEL07-PR"
760225;2026-03-23;"segunda-feira";"07:20:00";"RJ";101;297;"ITABORAI";"Reação tardia ou ineficiente do condutor";"Atropelamento de Pedestre";"Com Vítimas Feridas";"Amanhecer";"Decrescente";"Céu Claro";"Simples";"Reta";"Sim";2;0;0;1;0;1;1;2;-22,77178387;-42,92464111;"SPRF-RJ";"DEL02-RJ";"UOP02-DEL02-RJ"
760227;2026-03-03;"terça-feira";"19:00:00";"MG";365;433;"PATOS DE MINAS";"Transitar na contramão";"Colisão frontal";"Com Vítimas Fatais";"Plena Noite";"Crescente";"Garoa/Chuvisco";"Dupla";"Ponte;Declive";"Não";4;1;0;0;1;3;0;5;-18,76642694;-46,67728235;"SPRF-MG";"DEL10-MG";"UOP01-DEL10-MG"
760231;2026-03-23;"segunda-feira";"06:40:00";"GO";364;187;"JATAI";"Velocidade Incompatível";"Tombamento";"Com Vítimas Feridas";"Pleno dia";"Decrescente";"Sol";"Simples";"Declive;Curva";"Não";3;0;2;0;0;3;2;4;-17,9276652;-51,65949047;"SPRF-GO";"DEL05-GO";"UOP01-DEL05-GO"
760233;2026-03-23;"segunda-feira";"08:50:00";"SC";282;588,5;"SAUDADES";"Manobra de mudança de faixa";"Colisão traseira";"Com Vítimas Feridas";"Pleno dia";"Crescente";"Céu Claro";"Dupla";"Reta";"Não";3;0;1;0;1;2;1;4;-26,82677631;-53,07434678;"SPRF-SC";"DEL07-SC";"UOP02-DEL07-SC"
760240;2026-03-23;"segunda-feira";"11:15:00";"MT";70;515;"VARZEA GRANDE";"Acessar a via sem observar a presença dos outros veículos";"Colisão transversal";"Com Vítimas Feridas";"Pleno dia";"Decrescente";"Céu Claro";"Simples";"Reta";"Sim";2;0;1;0;1;0;1;2;-15,6754112;-56,181112;"SPRF-MT";"DEL01-MT";"UOP02-DEL01-MT"
760242;2026-03-23;"segunda-feira";"11:30:00";"PR";116;115;"CURITIBA";"Acessar a via sem observar a presença dos outros veículos";"Colisão lateral mesmo sentido";"Sem Vítimas";"Pleno dia";"Crescente";"Céu Claro";"Dupla";"Interseção de Vias";"Não";3;0;0;0;2;1;0;3;-25,546;-49,294;"SPRF-PR";"DEL01-PR";"UOP03-DEL01-PR"
760247;2026-03-23;"segunda-feira";"11:25:00";"MT";163;1044;"MATUPA";"Ultrapassagem Indevida";"Colisão lateral sentido oposto";"Com Vítimas Feridas";"Pleno dia";"Crescente";"Nublado";"Simples";"Reta";"Não";3;0;1;0;1;1;1;3;-10,1340899;-54,93111491;"SPRF-MT";"DEL06-MT";"UOP03-DEL06-MT"
760253;2026-03-23;"segunda-feira";"12:55:00";"SP";381;81;"SAO PAULO";"Frear bruscamente";"Colisão traseira";"Sem Vítimas";"Pleno dia";"Decrescente";"Céu Claro";"Múltipla";"Reta";"Sim";4;0;0;0;3;1;0;4;-23,42894;-46,57109;"SPRF-SP";"DEL03-SP";"UOP01-DEL03-SP"
760255;2026-03-23;"segunda-feira";"13:30:00";"MG";381;491,9;"BETIM";"Ausência de reação do condutor";"Engavetamento";"Com Vítimas Feridas";"Pleno dia";"Decrescente";"Céu Claro";"Dupla";"Curva";"Não";3;0;2;0;1;0;2;3;-19,961347;-44,155121;"SPRF-MG";"DEL01-MG";"UOP03-DEL01-MG"
760261;2026-03-23;"segunda-feira";"12:00:00";"BA";116;460,3;"SANTO ESTEVAO";"Demais falhas mecânicas ou elétricas";"Incêndio";"Sem Vítimas";"Pleno dia";"Crescente";"Céu Claro";"Dupla";"Reta";"Sim";2;0;0;0;1;1;0;2;-12,4429;-39,2354;"SPRF-BA";"DEL02-BA";"UOP01-DEL02-BA"
760267;2026-03-23;"segunda-feira";"12:40:00";"BA";242;629;"MUQUEM DE SAO FRANCISCO";"Reação tardia ou ineficiente do condutor";"Saída de leito carroçável";"Com Vítimas Fatais";"Pleno dia";"Decrescente";"Nublado";"Simples";"Curva";"Não";1;1;0;0;0;0;0;1;-12,15186;-43,3800333;"SPRF-BA";"DEL10-BA";"UOP01-DEL10-BA"
760268;2026-03-23;"segunda-feira";"13:50:00";"GO";153;503;"GOIANIA";"Condutor deixou de manter distância do veículo da frente";"Colisão traseira";"Com Vítimas Feridas";"Pleno dia";"Crescente";"Céu Claro";"Dupla";"Reta";"Sim";3;0;1;0;2;0;1;3;-16,730096;-49,243355;"SPRF-GO";"DEL01-GO";"UOP01-DEL01-GO"
760272;2026-03-23;"segunda-feira";"14:40:00";"MA";135;4,6;"SAO LUIS";"Acessar a via sem observar a presença dos outros veículos";"Colisão transversal";"Com Vítimas Feridas";"Pleno dia";"Decrescente";"Céu Claro";"Dupla";"Reta";"Sim";4;0;2;0;2;0;2;2;-2,68813956;-44,29976696;"SPRF-MA";"DEL01-MA";"UOP01-DEL01-MA"
760273;2026-03-23;"segunda-feira";"11:30:00";"MT";163;971;"TERRA NOVA DO NORTE";"Velocidade Incompatível";"Colisão frontal";"Com Vítimas Feridas";"Pleno dia";"Crescente";"Chuva";"Dupla";"Declive;Curva";"Não";4;0;0;1;2;9;1;12;-10,71924113;-55,12778313;"SPRF-MT";"DEL06-MT";"UOP03-DEL06-MT"
760275;2026-03-23;"segunda-feira";"15:10:00";"PE";101;53;"PAULISTA";"Estacionar ou parar em local proibido";"Tombamento";"Com Vítimas Feridas";"Pleno dia";"Crescente";"Céu Claro";"Dupla";"Reta";"Não";2;0;1;0;1;0;1;2;-7,93109;-34,9008;"SPRF-PE";"DEL01-PE";"UOP02-DEL01-PE"
760284;2026-03-23;"segunda-feira";"12:30:00";"SC";116;101,9;"MONTE CASTELO";"Ausência de reação do condutor";"Colisão traseira";"Com Vítimas Feridas";"Pleno dia";"Decrescente";"Sol";"Simples";"Reta;Declive;Em Obras";"Não";3;0;0;1;1;1;1;3;-26,7240727;-50,3099514;"SPRF-SC";"DEL06-SC";"UOP02-DEL06-SC"
760285;2026-03-23;"segunda-feira";"16:14:00";"SP";116;279;"ITAPECERICA DA SERRA";"Manobra de mudança de faixa";"Colisão lateral mesmo sentido";"Com Vítimas Feridas";"Pleno dia";"Decrescente";"Céu Claro";"Múltipla";"Reta;Declive";"Sim";5;0;1;0;3;2;1;4;-23,7002328;-46,8690307;"SPRF-SP";"DEL04-SP";"UOP01-DEL04-SP"
760287;2026-03-23;"segunda-feira";"15:00:00";"GO";60;225,1;"CEZARINA";"Mal súbito do condutor";"Colisão com objeto";"Com Vítimas Feridas";"Pleno dia";"Crescente";"Céu Claro";"Dupla";"Reta;Declive";"Não";2;0;1;0;0;1;1;2;-17,028003;-49,777652;"SPRF-GO";"DEL01-GO";"UOP02-DEL01-GO"
760292;2026-03-23;"segunda-feira";"16:13:00";"PR";369;183;"ARAPONGAS";"Ultrapassagem Indevida";"Colisão transversal";"Com Vítimas Feridas";"Pleno dia";"Decrescente";"Céu Claro";"Simples";"Reta";"Sim";2;0;0;1;1;0;1;2;-23,42694658;-51,4231994;"SPRF-PR";"DEL07-PR";"UOP03-DEL07-PR"
760297;2026-03-23;"segunda-feira";"16:15:00";"PR";277;595;"CASCAVEL";"Ausência de reação do condutor";"Colisão traseira";"Com Vítimas Feridas";"Pleno dia";"Decrescente";"Céu Claro";"Dupla";"Reta;Declive";"Sim";2;0;1;0;1;0;1;2;-24,98085;-53,48297;"SPRF-PR";"DEL04-PR";"UOP01-DEL04-PR"
760303;2026-03-23;"segunda-feira";"17:15:00";"PR";277;3;"PARANAGUA";"Transitar no Acostamento";"Colisão frontal";"Com Vítimas Feridas";"Pleno dia";"Crescente";"Céu Claro";"Simples";"Reta;Interseção de Vias";"Sim";2;0;1;0;1;0;1;2;-25,54475806;-48,55978187;"SPRF-PR";"DEL01-PR";"UOP05-DEL01-PR"
760304;2026-03-23;"segunda-feira";"14:20:00";"PR";277;170;"PALMEIRA";"Mal súbito do condutor";"Colisão lateral sentido oposto";"Com Vítimas Feridas";"Pleno dia";"Decrescente";"Céu Claro";"Simples";"Curva;Declive";"Não";3;0;0;1;1;2;1;4;-25,45302778;-49,94436111;"SPRF-PR";"DEL03-PR";"UOP03-DEL03-PR"
760315;2026-03-23;"segunda-feira";"15:20:00";"RJ";40;52;"PETROPOLIS";"Condutor deixou de manter distância do veículo da frente";"Colisão traseira";"Com Vítimas Feridas";"Pleno dia";"Crescente";"Céu Claro";"Dupla";"Aclive;Reta";"Não";3;0;0;1;1;1;1;3;-22,34531275;-43,13266754;"SPRF-RJ";"DEL05-RJ";"UOP02-DEL05-RJ"
760317;2026-03-23;"segunda-feira";"18:30:00";"BA";101;194;"CONCEICAO DA FEIRA";"Reação tardia ou ineficiente do condutor";"Colisão traseira";"Com Vítimas Feridas";"Plena Noite";"Crescente";"Céu Claro";"Simples";"Reta;Aclive";"Não";3;0;0;1;1;1;1;3;-12,533995;-38,9766767;"SPRF-BA";"DEL11-BA";"UOP02-DEL11-BA"
760322;2026-03-23;"segunda-feira";"19:00:00";"MG";365;414;"PATOS DE MINAS";"Ultrapassagem Indevida";"Colisão lateral sentido oposto";"Com Vítimas Feridas";"Plena Noite";"Decrescente";"Céu Claro";"Simples";"Declive;Reta";"Não";2;0;1;0;1;0;1;2;-18,66872105;-46,53457671;"SPRF-MG";"DEL10-MG";"UOP01-DEL10-MG"
760332;2026-03-18;"quarta-feira";"20:18:00";"PR";277;401;"CANDOI";"Acessar a via sem observar a presença dos outros veículos";"Colisão transversal";"Com Vítimas Feridas";"Plena Noite";"Decrescente";"Céu Claro";"Simples";"Reta";"Não";3;0;1;0;1;3;1;5;-25,451979;-51,933213;"SPRF-PR";"DEL04-PR";"UOP02-DEL04-PR"
760347;2026-03-23;"segunda-feira";"20:50:00";"PA";316;258;"CACHOEIRA DO PIRIA";"Acessar a via sem observar a presença dos outros veículos";"Colisão frontal";"Com Vítimas Fatais";"Plena Noite";"Decrescente";"Nublado";"Simples";"Reta";"Não";4;1;0;1;1;1;1;3;-1,80660822;-46,44946575;"SPRF-PA";"DEL01-PA";"UOP04-DEL01-PA"