"id";"data_inversa";"dia_semana";"horario";"uf";"br";"km";"municipio";"causa_acidente";"tipo_acidente";"classificacao_acidente";"fase_dia";"sentido_via";"condicao_metereologica";"tipo_pista";"tracado_via";"uso_solo";"pessoas";"mortos";"feridos_leves";"feridos_graves";"ilesos";"ignorados";"feridos";"veiculos";"latitude";"longitude";"regional";"delegacia";"uop"
760348;2026-03-23;"segunda-feira";"16:45:00";"RS";285;309,9;"PASSO FUNDO";"Ultrapassagem Indevida";"Colisão frontal";"Com Vítimas Fatais";"Anoitecer";"Decrescente";"Nublado";"Simples";"Reta";"Não";5;1;2;0;1;1;2;4;-28,239354;-52,536421;"SPRF-RS";"DEL08-RS";"UOP03-DEL08-RS"
760350;2026-03-23;"segunda-feira";"21:55:00";"PR";376;630,6;"SAO JOSE DOS PINHAIS";"Ingestão de álcool pelo condutor";"Colisão transversal";"Sem Vítimas";"Plena Noite";"Decrescente";"Céu Claro";"Dupla";"Reta";"Sim";3;0;0;0;2;1;0;3;-25,70770927;-49,14074633;"SPRF-PR";"DEL01-PR";"UOP04-DEL01-PR"
760352;2026-03-23;"segunda-feira";"19:00:00";"MT";163;620;"NOVA MUTUM";"Problema com o freio";"Incêndio";"Sem Vítimas";"Plena Noite";"Decrescente";"Céu Claro";"Dupla";"Reta";"Não";2;0;0;0;1;1;0;2;-13,57464843;-56,02815629;"SPRF-MT";"DEL01-MT";"UOP01-DEL01-MT"
760353;2026-03-23;"segunda-feira";"22:48:00";"PE";424;80,2;"GARANHUNS";"Ultrapassagem Indevida";"Colisão frontal";"Com Vítimas Fatais";"Plena Noite";"Crescente";"Céu Claro";"Simples";"Reta;Aclive";"Não";4;1;0;0;1;4;0;6;-8,8314288;-36,5453483;"SPRF-PE";"DEL03-PE";"UOP01-DEL03-PE"
760354;2026-03-23;"segunda-feira";"22:35:00";"MG";40;603,4;"CONGONHAS";"Pedestre andava na pista";"Atropelamento de Pedestre";"Com Vítimas Feridas";"Plena Noite";"Crescente";"Nublado";"Simples";"Reta;Declive";"Não";3;0;1;0;1;1;1;3;-20,4409062;-43,8411351;"SPRF-MG";"DEL05-MG";"UOP02-DEL05-MG"
760357;2026-03-23;"segunda-feira";"19:40:00";"SP";116;53,9;"LORENA";"Pedestre cruzava a pista fora da faixa";"Atropelamento de Pedestre";"Com Vítimas Fatais";"Plena Noite";"Decrescente";"Céu Claro";"Dupla";"Reta";"Sim";3;1;1;0;1;0;1;3;-22,75915859;-45,11580316;"SPRF-SP";"DEL08-SP";"UOP02-DEL08-SP"
760358;2026-03-24;"terça-feira";"01:11:00";"PE";101;186,5;"PALMARES";"Ausência de reação do condutor";"Tombamento";"Sem Vítimas";"Plena Noite";"Decrescente";"Céu Claro";"Dupla";"Curva";"Não";2;0;0;0;0;2;0;2;-8,68708;-35,58792;"SPRF-PE";"DEL01-PE";"UOP03-DEL01-PE"
760360;2026-03-24;"terça-feira";"03:00:00";"MG";116;764,9;"LEOPOLDINA";"Pedestre andava na pista";"Atropelamento de Pedestre";"Com Vítimas Fatais";"Plena Noite";"Decrescente";"Céu Claro";"Simples";"Curva;Interseção de Vias;Aclive";"Sim";2;1;0;0;0;1;0;2;-21,52141;-42,651621;"SPRF-MG";"DEL07-MG";"UOP01-DEL07-MG"
760362;2026-03-24;"terça-feira";"02:10:00";"MG";50;110;"UBERABA";"Velocidade Incompatível";"Saída de leito carroçável";"Com Vítimas Feridas";"Plena Noite";"Decrescente";"Céu Claro";"Dupla";"Retorno Regulamentado";"Não";5;0;1;0;1;3;1;3;-19,5838899;-48,0305584;"SPRF-MG";"DEL13-MG";"UOP01-DEL13-MG"
760364;2026-03-24;"terça-feira";"05:10:00";"SP";116;459,8;"PARIQUERA-ACU";"Ausência de reação do condutor";"Colisão traseira";"Com Vítimas Feridas";"Amanhecer";"Decrescente";"Céu Claro";"Dupla";"Reta";"Sim";3;0;1;0;1;2;1;4;-24,61001313;-47,88214557;"SPRF-SP";"DEL05-SP";"UOP01-DEL05-SP"
760368;2026-03-24;"terça-feira";"06:10:00";"MG";381;435,2;"SABARA";"Demais falhas mecânicas ou elétricas";"Incêndio";"Sem Vítimas";"Amanhecer";"Decrescente";"Céu Claro";"Simples";"Reta;Aclive";"Não";1;0;0;0;1;0;0;1;-19,809464;-43,775694;"SPRF-MG";"DEL01-MG";"UOP01-DEL01-MG"
760370;2026-03-24;"terça-feira";"04:00:00";"RO";364;335,3;"JI-PARANA";"Demais falhas mecânicas ou elétricas";"Colisão com objeto";"Com Vítimas Feridas";"Plena Noite";"Decrescente";"Céu Claro";"Simples";"Reta";"Não";2;0;0;1;1;0;1;2;-10,97941982;-61,91718277;"SPRF-RO";"DEL02-RO";"UOP01-DEL02-RO"
760377;2026-03-24;"terça-feira";"04:40:00";"SC";282;171,4;"BOCAINA DO SUL";"Reação tardia ou ineficiente do condutor";"Saída de leito carroçável";"Com Vítimas Feridas";"Plena Noite";"Crescente";"Garoa/Chuvisco";"Simples";"Aclive;Curva";"Não";1;0;0;1;0;0;1;1;-27,744316;-49,856279;"SPRF-SC";"DEL05-SC";"UOP01-DEL05-SC"
760380;2026-03-24;"terça-feira";"04:05:00";"SC";280;74,7;"JARAGUA DO SUL";"Pedestre andava na pista";"Atropelamento de Pedestre";"Com Vítimas Fatais";"Plena Noite";"Crescente";"Céu Claro";"Simples";"Curva";"Não";2;1;0;0;0;1;0;2;-26,45896548;-49,17754976;"SPRF-SC";"DEL03-SC";"UOP03-DEL03-SC"
760381;2026-03-24;"terça-feira";"05:20:00";"MT";364;360;"SANTO ANTONIO DO LEVERGER";"Acessar a via sem observar a presença dos outros veículos";"Colisão transversal";"Com Vítimas Feridas";"Amanhecer";"Crescente";"Céu Claro";"Múltipla";"Retorno Regulamentado";"Não";3;0;1;0;1;1;1;3;-15,71335351;-55,69396734;"SPRF-MT";"DEL01-MT";"UOP02-DEL01-MT"
760388;2026-03-24;"terça-feira";"07:08:00";"SC";101;11,3;"GARUVA";"Demais falhas mecânicas ou elétricas";"Incêndio";"Sem Vítimas";"Pleno dia";"Decrescente";"Sol";"Dupla";"Reta";"Não";1;0;0;0;1;0;0;1;-26,07619291;-48,86116862;"SPRF-SC";"DEL03-SC";"UOP01-DEL03-SC"
760390;2026-03-23;"segunda-feira";"20:30:00";"BA";101;444;"UBAITABA";"Ausência de reação do condutor";"Queda de ocupante de veículo";"Com Vítimas Feridas";"Plena Noite";"Decrescente";"Céu Claro";"Simples";"Declive";"Não";2;0;0;1;0;1;1;2;-14,31207;-39,31488;"SPRF-BA";"DEL05-BA";"UOP01-DEL05-BA"
760395;2026-03-16;"segunda-feira";"15:35:00";"MG";153;239,2;"FRONTEIRA";"Ingestão de álcool pelo condutor";"Colisão lateral sentido oposto";"Com Vítimas Fatais";"Pleno dia";"Crescente";"Céu Claro";"Simples";"Reta";"Sim";7;1;3;0;2;1;3;5;-20,25299;-49,17168;"SPRF-MG";"DEL13-MG";"UOP02-DEL13-MG"
760398;2026-03-24;"terça-feira";"06:50:00";"MG";381;486;"BETIM";"Manobra de mudança de faixa";"Colisão lateral mesmo sentido";"Com Vítimas Feridas";"Pleno dia";"Decrescente";"Céu Claro";"Dupla";"Reta";"Sim";2;0;1;0;1;0;1;2;-19,95637984;-44,10399556;"SPRF-MG";"DEL01-MG";"UOP03-DEL01-MG"
760405;2026-03-24;"terça-feira";"08:30:00";"PE";116;31,8;"SALGUEIRO";"Ausência de reação do condutor";"Tombamento";"Com Vítimas Feridas";"Pleno dia";"Crescente";"Nublado";"Simples";"Curva";"Não";1;0;1;0;0;0;1;1;-8,1193683;-39,1222833;"SPRF-PE";"DEL05-PE";"UOP01-DEL05-PE"
760410;2026-03-24;"terça-feira";"09:30:00";"PR";116;165;"QUITANDINHA";"Ausência de reação do condutor";"Colisão transversal";"Com Vítimas Feridas";"Pleno dia";"Crescente";"Sol";"Simples";"Declive;Reta";"Sim";3;0;1;0;1;1;1;3;-25,864801;-49,42403;"SPRF-PR";"DEL01-PR";"UOP03-DEL01-PR"
760414;2026-03-16;"segunda-feira";"20:40:00";"MG";50;156;"UBERABA";"Chuva";"Colisão com objeto";"Com Vítimas Feridas";"Plena Noite";"Decrescente";"Chuva";"Dupla";"Aclive;Reta";"Não";2;0;0;1;0;2;1;3;-19,616895;-48,0187805;"SPRF-MG";"DEL13-MG";"UOP01-DEL13-MG"
760415;2026-03-24;"terça-feira";"10:41:00";"SP";116;282;"EMBU DAS ARTES";"Trafegar com motocicleta (ou similar) entre as faixas";"Colisão lateral mesmo sentido";"Com Vítimas Feridas";"Pleno dia";"Decrescente";"Céu Claro";"Dupla";"Reta";"Sim";5;0;2;0;2;2;2;5;-23,66638764;-46,85484099;"SPRF-SP";"DEL04-SP";"UOP01-DEL04-SP"
760417;2026-02-28;"sábado";"22:10:00";"MG";153;45;"CANAPOLIS";"Ausência de reação do condutor";"Colisão traseira";"Com Vítimas Feridas";"Plena Noite";"Crescente";"Nublado";"Dupla";"Declive;Reta";"Não";3;0;1;1;0;2;2;4;-18,77681;-49,07592;"SPRF-MG";"DEL15-MG";"UOP03-DEL15-MG"
760422;2026-03-24;"terça-feira";"11:50:00";"SC";101;140;"BALNEARIO CAMBORIU";"Condutor deixou de manter distância do veículo da frente";"Colisão traseira";"Com Vítimas Feridas";"Pleno dia";"Decrescente";"Céu Claro";"Simples";"Reta;Túnel";"Não";2;0;0;1;1;0;1;2;-27,04575744;-48,59884925;"SPRF-SC";"DEL04-SC";"UOP03-DEL04-SC"
760429;2026-03-24;"terça-feira";"11:35:00";"BA";242;839;"BARREIRAS";"Reação tardia ou ineficiente do condutor";"Colisão lateral sentido oposto";"Com Vítimas Feridas";"Pleno dia";"Crescente";"Garoa/Chuvisco";"Simples";"Aclive;Reta";"Não";3;0;1;0;1;1;1;3;-12,11893;-45,149;"SPRF-BA";"DEL10-BA";"UOP01-DEL10-BA"
760433;2026-03-24;"terça-feira";"11:44:00";"MG";381;720;"CARMO DA CACHOEIRA";"Ausência de reação do condutor";"Tombamento";"Com Vítimas Feridas";"Pleno dia";"Decrescente";"Sol";"Dupla";"Declive;Curva";"Não";2;0;1;0;0;1;1;2;-21,432466;-45,210794;"SPRF-MG";"DEL04-MG";"UOP02-DEL04-MG"
760434;2026-03-23;"segunda-feira";"18:20:00";"SC";470;223,5;"SAO CRISTOVAO DO SUL";"Ausência de reação do condutor";"Saída de leito carroçável";"Com Vítimas Feridas";"Anoitecer";"Crescente";"Chuva";"Simples";"Curva";"Não";2;0;1;0;0;1;1;2;-27,3252602;-50,3396897;"SPRF-SC";"DEL05-SC";"UOP03-DEL05-SC"
760435;2026-03-24;"terça-feira";"13:00:00";"PR";277;652;"MATELANDIA";"Pedestre cruzava a pista fora da faixa";"Atropelamento de Pedestre";"Com Vítimas Feridas";"Pleno dia";"Crescente";"Céu Claro";"Simples";"Reta";"Sim";3;0;0;1;1;1;1;3;-25,196932;-53,942896;"SPRF-PR";"DEL05-PR";"UOP02-DEL05-PR"
760437;2026-03-20;"sexta-feira";"13:00:00";"BA";116;250;"QUIJINGUE";"Ausência de reação do condutor";"Saída de leito carroçável";"Com Vítimas Feridas";"Pleno dia";"Decrescente";"Céu Claro";"Simples";"Reta";"Não";1;0;1;0;0;0;1;1;-10,763372;-38,900167;"SPRF-BA";"DEL07-BA";"UOP02-DEL07-BA"
760439;2026-03-24;"terça-feira";"12:40:00";"PE";101;65,4;"RECIFE";"Condutor deixou de manter distância do veículo da frente";"Engavetamento";"Com Vítimas Feridas";"Pleno dia";"Crescente";"Céu Claro";"Múltipla";"Reta";"Sim";3;0;1;0;2;0;1;3;-8,030495;-34,943096;"SPRF-PE";"DEL01-PE";"UOP01-DEL01-PE"
760443;2026-03-24;"terça-feira";"13:25:00";"RJ";356;136;"CAMPOS DOS GOYTACAZES";"Ausência de reação do condutor";"Colisão lateral mesmo sentido";"Com Vítimas Feridas";"Pleno dia";"Crescente";"Céu Claro";"Simples";"Interseção de Vias";"Sim";3;0;0;1;1;1;1;3;-21,740559;-41,331159;"SPRF-RJ";"DEL08-RJ";"UOP01-DEL08-RJ"
760444;2026-02-06;"sexta-feira";"18:40:00";"PA";155;331;"MARABA";"Ausência de reação do condutor";"Colisão traseira";"Com Vítimas Feridas";"Anoitecer";"Crescente";"Nublado";"Simples";"Reta";"Não";10;0;3;1;4;4;4;8;-5,47142945;-49,07591948;"SPRF-PA";"DEL03-PA";"UOP01-DEL03-PA"
760450;2026-03-24;"terça-feira";"08:00:00";"PA";10;96;"ULIANOPOLIS";"Ingestão de substâncias psicoativas pelo condutor";"Eventos atípicos";"Com Vítimas Feridas";"Amanhecer";"Crescente";"Céu Claro";"Simples";"Aclive;Reta";"Não";2;0;1;0;0;1;1;2;-3,604898;-47,48947;"SPRF-PA";"DEL02-PA";"UOP02-DEL02-PA"
760452;2026-03-24;"terça-feira";"13:36:00";"MG";50;6,5;"UBERLANDIA";"Avarias e/ou desgaste excessivo no pneu";"Saída de leito carroçável";"Com Vítimas Feridas";"Pleno dia";"Decrescente";"Nublado";"Dupla";"Declive";"Não";2;0;2;0;0;0;2;1;-18,866612;-48,213365;"SPRF-MG";"DEL15-MG";"UOP01-DEL15-MG"
760459;2026-03-24;"terça-feira";"11:45:00";"SC";280;224;"TRES BARRAS";"Ausência de reação do condutor";"Colisão com objeto";"Sem Vítimas";"Pleno dia";"Decrescente";"Céu Claro";"Simples";"Reta";"Não";2;0;0;0;1;2;0;3;-26,181945;-50,327767;"SPRF-SC";"DEL06-SC";"UOP04-DEL06-SC"
760461;2026-01-15;"quinta-feira";"19:16:00";"TO";153;591;"SANTA RITA DO TOCANTINS";"Falta de acostamento";"Colisão traseira";"Com Vítimas Fatais";"Plena Noite";"Decrescente";"Céu Claro";"Simples";"Reta";"Não";36;1;2;2;30;1;4;3;-11,01822;-48,90821;"SPRF-TO";"DEL01-TO";"UOP01-DEL01-TO"
760467;2026-03-24;"terça-feira";"14:20:00";"PR";376;430;"TIBAGI";"Velocidade Incompatível";"Colisão com objeto";"Com Vítimas Feridas";"Pleno dia";"Decrescente";"Chuva";"Dupla";"Curva";"Não";3;0;2;0;0;1;2;2;-24,78639;-50,50774;"SPRF-PR";"DEL03-PR";"UOP02-DEL03-PR"
760468;2026-03-24;"terça-feira";"10:20:00";"MG";381;613,4;"OLIVEIRA";"Demais falhas mecânicas ou elétricas";"Incêndio";"Sem Vítimas";"Pleno dia";"Crescente";"Céu Claro";"Dupla";"Declive;Curva";"Não";2;0;0;0;1;1;0;2;-20,704496;-44,752811;"SPRF-MG";"DEL04-MG";"UOP01-DEL04-MG"
760470;2026-03-24;"terça-feira";"16:10:00";"ES";262;148,8;"IBATIBA";"Transitar na contramão";"Colisão frontal";"Com Vítimas Feridas";"Pleno dia";"Crescente";"Chuva";"Simples";"Curva";"Não";3;0;0;1;1;1;1;3;-20,216253;-41,429639;"SPRF-ES";"DEL01-ES";"UOP02-DEL01-ES"
760472;2026-03-24;"terça-feira";"12:00:00";"RJ";40;109;"DUQUE DE CAXIAS";"Ausência de reação do condutor";"Colisão lateral mesmo sentido";"Com Vítimas Feridas";"Pleno dia";"Decrescente";"Céu Claro";"Múltipla";"Reta";"Sim";5;0;1;0;3;1;1;3;-22,679936;-43,286143;"SPRF-RJ";"DEL01-RJ";"UOP02-DEL01-RJ"
760479;2026-03-24;"terça-feira";"17:00:00";"SC";101;44,4;"JOINVILLE";"Reação tardia ou ineficiente do condutor";"Colisão traseira";"Com Vítimas Feridas";"Pleno dia";"Decrescente";"Céu Claro";"Dupla";"Aclive;Reta";"Sim";2;0;1;0;1;0;1;2;-26,3441451;-48,8578381;"SPRF-SC";"DEL03-SC";"UOP01-DEL03-SC"
760481;2026-03-24;"terça-feira";"17:30:00";"DF";60;4,6;"BRASILIA";"Trafegar com motocicleta (ou similar) entre as faixas";"Colisão traseira";"Com Vítimas Fatais";"Anoitecer";"Crescente";"Nublado";"Dupla";"Reta";"Sim";4;1;0;0;3;0;0;3;-15,894546;-48,101954;"SPRF-DF";"DEL03-DF";"UOP01-DEL03-DF"
760484;2026-03-24;"terça-feira";"17:40:00";"PR";376;183,3;"SARANDI";"Manobra de mudança de faixa";"Colisão lateral mesmo sentido";"Com Vítimas Feridas";"Anoitecer";"Crescente";"Chuva";"Dupla";"Reta";"Sim";4;0;2;0;2;0;2;3;-23,43780948;-51,87726129;"SPRF-PR";"DEL09-PR";"UOP01-DEL09-PR"
760487;2026-03-24;"terça-feira";"08:15:00";"AC";364;253;"SENA MADUREIRA";"Condutor deixou de manter distância do veículo da frente";"Colisão traseira";"Com Vítimas Feridas";"Pleno dia";"Crescente";"Céu Claro";"Simples";"Reta";"Não";4;0;1;0;3;0;1;3;-9,203724;-68,542498;"SPRF-AC";"DEL01-AC";"UOP01-DEL01-AC"
760495;2026-03-24;"terça-feira";"14:50:00";"RJ";101;118,7;"CAMPOS DOS GOYTACAZES";"Demais falhas mecânicas ou elétricas";"Incêndio";"Sem Vítimas";"Pleno dia";"Decrescente";"Céu Claro";"Dupla";"Reta";"Não";2;0;0;0;1;2;0;3;-22,017049;-41,680482;"SPRF-RJ";"DEL08-RJ";"UOP02-DEL08-RJ"
760496;2026-03-24;"terça-feira";"11:30:00";"MT";364;481;"JANGADA";"Acostamento em desnível";"Saída de leito carroçável";"Com Vítimas Feridas";"Pleno dia";"Decrescente";"Chuva";"Simples";"Declive;Reta";"Não";2;0;1;0;0;1;1;2;-15,33459;-56,42199;"SPRF-MT";"DEL01-MT";"UOP02-DEL01-MT"
760500;2026-03-24;"terça-feira";"07:45:00";"RJ";493;8;"GUAPIMIRIM";"Condutor deixou de manter distância do veículo da frente";"Colisão traseira";"Com Vítimas Feridas";"Pleno dia";"Decrescente";"Céu Claro";"Simples";"Reta";"Não";2;0;1;0;1;0;1;2;-22,65966484;-43,05077921;"SPRF-RJ";"DEL04-RJ";"UOP02-DEL04-RJ"
760502;2026-03-24;"terça-feira";"16:30:00";"MT";364;405;"CUIABA";"Ausência de reação do condutor";"Colisão lateral mesmo sentido";"Com Vítimas Fatais";"Pleno dia";"Decrescente";"Céu Claro";"Dupla";"Reta";"Sim";3;1;0;0;2;0;0;3;-15,64518841;-56,01181984;"SPRF-MT";"DEL01-MT";"UOP02-DEL01-MT"
760507;2026-03-24;"terça-feira";"17:40:00";"MT";158;674;"NOVA XAVANTINA";"Ausência de reação do condutor";"Tombamento";"Com Vítimas Feridas";"Plena Noite";"Crescente";"Céu Claro";"Simples";"Reta";"Não";3;0;1;0;1;2;1;4;-14,85221793;-52,29183197;"SPRF-MT";"DEL07-MT";"UOP01-DEL07-MT"
760510;2026-03-24;"terça-feira";"19:00:00";"ES";101;152,2;"LINHARES";"Carga excessiva e/ou mal acondicionada";"Saída de leito carroçável";"Com Vítimas Feridas";"Plena Noite";"Crescente";"Céu Claro";"Simples";"Reta";"Não";3;0;2;0;0;1;2;2;-19,4223797;-40,07293994;"SPRF-ES";"DEL04-ES";"UOP01-DEL04-ES"
760511;2026-03-24;"terça-feira";"19:30:00";"RJ";116;128;"MAGE";"Ausência de reação do condutor";"Saída de leito carroçável";"Com Vítimas Feridas";"Plena Noite";"Crescente";"Céu Claro";"Dupla";"Declive;Curva";"Sim";2;0;1;0;0;1;1;2;-22,66205563;-43,11550904;"SPRF-RJ";"DEL04-RJ";"UOP02-DEL04-RJ"
760514;2026-03-24;"terça-feira";"11:45:00";"SC";280;226;"TRES BARRAS";"Ausência de reação do condutor";"Colisão traseira";"Com Vítimas Feridas";"Pleno dia";"Decrescente";"Céu Claro";"Simples";"Reta";"Não";2;0;0;1;1;0;1;2;-26,181945;-50,327767;"SPRF-SC";"DEL06-SC";"UOP04-DEL06-SC"
760519;2026-03-24;"terça-feira";"18:50:00";"MT";364;524,6;"ROSARIO OESTE";"Ausência de reação do condutor";"Saída de leito carroçável";"Com Vítimas Feridas";"Plena Noite";"Decrescente";"Céu Claro";"Simples";"Reta";"Não";2;0;1;0;0;2;1;3;-14,978578;-56,518872;"SPRF-MT";"DEL01-MT";"UOP01-DEL01-MT"
760520;2026-03-20;"sexta-feira";"23:00:00";"PR";376;56;"GUAIRACA";"Reação tardia ou ineficiente do condutor";"Eventos atípicos";"Com Vítimas Feridas";"Plena Noite";"Crescente";"Céu Claro";"Simples";"Reta";"Não";1;0;1;0;0;0;1;1;-22,93925143;-52,73261011;"SPRF-PR";"DEL09-PR";"UOP02-DEL09-PR"
760523;2026-03-24;"terça-feira";"20:00:00";"MT";163;695;"SORRISO";"Ausência de reação do condutor";"Colisão lateral sentido oposto";"Com Vítimas Feridas";"Plena Noite";"Crescente";"Nublado";"Simples";"Reta";"Não";3;0;1;0;1;2;1;4;-13,015351;-55,892666;"SPRF-MT";"DEL06-MT";"UOP01-DEL06-MT"
760524;2026-03-24;"terça-feira";"20:30:00";"ES";101;386;"RIO NOVO DO SUL";"Pedestre andava na pista";"Atropelamento de Pedestre";"Com Vítimas Feridas";"Plena Noite";"Crescente";"Céu Claro";"Simples";"Curva";"Não";3;0;0;1;1;1;1;3;-20,8406867;-40,87181;"SPRF-ES";"DEL03-ES";"UOP01-DEL03-ES"
760526;2026-03-24;"terça-feira";"20:30:00";"PR";376;664;"GUARATUBA";"Demais falhas mecânicas ou elétricas";"Incêndio";"Sem Vítimas";"Plena Noite";"Decrescente";"Céu Claro";"Simples";"Aclive;Curva";"Não";1;0;0;0;1;0;0;1;-25,8537137;-48,95245727;"SPRF-PR";"DEL01-PR";"UOP04-DEL01-PR"
760529;2026-03-24;"terça-feira";"21:30:00";"SC";101;79;"ARAQUARI";"Reação tardia ou ineficiente do condutor";"Saída de leito carroçável";"Com Vítimas Feridas";"Plena Noite";"Decrescente";"Céu Claro";"Múltipla";"Reta";"Não";3;0;1;0;1;1;1;3;-26,59451057;-48,72220588;"SPRF-SC";"DEL03-SC";"UOP02-DEL03-SC"
760530;2026-03-24;"terça-feira";"21:10:00";"MG";365;265;"JOAO PINHEIRO";"Ausência de reação do condutor";"Tombamento";"Com Vítimas Feridas";"Plena Noite";"Crescente";"Céu Claro";"Simples";"Declive;Curva";"Não";3;0;1;1;0;1;2;2;-17,8961057;-45,5664316;"SPRF-MG";"DEL10-MG";"UOP02-DEL010-MG"
760534;2026-03-24;"terça-feira";"21:30:00";"MS";163;667;"RIO VERDE DE MATO GROSSO";"Ausência de reação do condutor";"Saída de leito carroçável";"Com Vítimas Feridas";"Plena Noite";"Crescente";"Garoa/Chuvisco";"Simples";"Curva";"Não";1;0;1;0;0;0;1;1;-19,025657;-54,827007;"SPRF-MS";"DEL06-MS";"UOP02-DEL06-MS"
760540;2026-03-25;"quarta-feira";"00:23:00";"TO";153;140;"ARAGUAINA";"Ingestão de álcool pelo condutor";"Saída de leito carroçável";"Sem Vítimas";"Plena Noite";"Crescente";"Céu Claro";"Dupla";"Reta";"Não";2;0;0;0;2;0;0;2;-7,3233146;-48,30697895;"SPRF-TO";"DEL02-TO";"UOP01-DEL02-TO"
760542;2026-03-25;"quarta-feira";"03:15:00";"TO";153;247,8;"COLINAS DO TOCANTINS";"Ausência de reação do condutor";"Colisão traseira";"Com Vítimas Feridas";"Plena Noite";"Crescente";"Garoa/Chuvisco";"Dupla";"Reta";"Sim";4;0;0;2;1;1;2;3;-8,066442;-48,467332;"SPRF-TO";"DEL02-TO";"UOP02-DEL02-TO"
760544;2026-03-25;"quarta-feira";"05:00:00";"GO";153;414;"ANAPOLIS";"Deficiência do Sistema de Iluminação/Sinalização";"Colisão traseira";"Com Vítimas Feridas";"Plena Noite";"Crescente";"Chuva";"Simples";"Reta;Aclive";"Não";3;0;2;0;1;0;2;2;-16,14085291;-49,04722005;"SPRF-GO";"DEL02-GO";"UOP02-DEL02-GO"
760545;2026-03-25;"quarta-feira";"04:00:00";"MG";381;602;"CARMOPOLIS DE MINAS";"Ausência de reação do condutor";"Colisão traseira";"Sem Vítimas";"Plena Noite";"Decrescente";"Nublado";"Dupla";"Reta";"Não";3;0;0;0;2;1;0;3;-20,60644661;-44,72489114;"SPRF-MG";"DEL04-MG";"UOP01-DEL04-MG"
760547;2026-03-25;"quarta-feira";"04:40:00";"MS";262;533;"MIRANDA";"Ausência de reação do condutor";"Colisão traseira";"Com Vítimas Fatais";"Amanhecer";"Crescente";"Céu Claro";"Simples";"Reta";"Não";3;1;0;1;1;0;1;2;-20,34127153;-56,16945437;"SPRF-MS";"DEL03-MS";"UOP02-DEL03-MS"
760549;2026-03-25;"quarta-feira";"06:00:00";"SC";101;174,9;"BIGUACU";"Reação tardia ou ineficiente do condutor";"Tombamento";"Com Vítimas Feridas";"Amanhecer";"Crescente";"Nublado";"Múltipla";"Reta";"Não";2;0;2;0;0;0;2;1;-27,339334;-48,627342;"SPRF-SC";"DEL01-SC";"UOP01-DEL01-SC"
760551;2026-03-25;"quarta-feira";"06:25:00";"GO";153;362;"JARAGUA";"Mal súbito do condutor";"Derramamento de carga";"Sem Vítimas";"Pleno dia";"Crescente";"Chuva";"Simples";"Reta;Declive";"Não";3;0;0;0;2;1;0;2;-15,78597656;-49,30355072;"SPRF-GO";"DEL02-GO";"UOP02-DEL02-GO"
760552;2026-03-25;"quarta-feira";"05:30:00";"SE";101;125,5;"ITAPORANGA DAJUDA";"Ausência de reação do condutor";"Colisão traseira";"Com Vítimas Feridas";"Pleno dia";"Decrescente";"Céu Claro";"Dupla";"Aclive;Reta";"Não";3;0;0;1;1;1;1;3;-11,07612016;-37,36445904;"SPRF-SE";"DEL02-SE";"UOP01-DEL02-SE"
760556;2026-03-25;"quarta-feira";"06:20:00";"DF";20;25,2;"BRASILIA";"Velocidade Incompatível";"Saída de leito carroçável";"Com Vítimas Feridas";"Amanhecer";"Crescente";"Chuva";"Dupla";"Curva";"Sim";1;0;1;0;0;0;1;1;-15,59567;-47,65181;"SPRF-DF";"DEL02-DF";"UOP01-DEL02-DF"
760561;2026-03-25;"quarta-feira";"06:50:00";"PR";277;725,8;"FOZ DO IGUACU";"Condutor deixou de manter distância do veículo da frente";"Colisão traseira";"Com Vítimas Feridas";"Pleno dia";"Decrescente";"Céu Claro";"Dupla";"Reta";"Sim";2;0;0;1;1;0;1;2;-25,50628942;-54,54383539;"SPRF-PR";"DEL05-PR";"UOP03-DEL05-PR"
760565;2026-03-13;"sexta-feira";"04:45:00";"SP";116;295,2;"ITAPECERICA DA SERRA";"Frear bruscamente";"Colisão traseira";"Com Vítimas Feridas";"Plena Noite";"Crescente";"Nublado";"Dupla";"Reta";"Sim";3;0;1;0;1;1;1;3;-23,74802846;-46,90067059;"SPRF-SP";"DEL04-SP";"UOP01-DEL04-SP"
760568;2026-03-24;"terça-feira";"13:05:00";"RJ";116;85,6;"TERESOPOLIS";"Velocidade Incompatível";"Colisão traseira";"Com Vítimas Feridas";"Pleno dia";"Crescente";"Nublado";"Simples";"Reta";"Sim";3;0;1;0;2;0;1;2;-22,43599548;-42,94858611;"SPRF-RJ";"DEL04-RJ";"UOP01-DEL04-RJ"
760577;2026-03-19;"quinta-feira";"23:00:00";"PR";153;479;"GENERAL CARNEIRO";"Condutor Dormindo";"Saída de leito carroçável";"Sem Vítimas";"Plena Noite";"Crescente";"Nublado";"Simples";"Curva";"Não";2;0;0;0;1;1;0;2;-26,35495899;-51,25637054;"SPRF-PR";"DEL02-PR";"UOP03-DEL02-PR"
760583;2026-03-25;"quarta-feira";"08:35:00";"BA";242;606;"IBOTIRAMA";"Acessar a via sem observar a presença dos outros veículos";"Colisão lateral mesmo sentido";"Com Vítimas Feridas";"Pleno dia";"Crescente";"Nublado";"Simples";"Reta";"Sim";5;0;1;1;1;4;2;6;-12,17829377;-43,22055817;"SPRF-BA";"DEL06-BA";"UOP03-DEL06-BA"