"id";"data_inversa";"dia_semana";"horario";"uf";"br";"km";"municipio";"causa_acidente";"tipo_acidente";"classificacao_acidente";"fase_dia";"sentido_via";"condicao_metereologica";"tipo_pista";"tracado_via";"uso_solo";"pessoas";"mortos";"feridos_leves";"feridos_graves";"ilesos";"ignorados";"feridos";"veiculos";"latitude";"longitude";"regional";"delegacia";"uop"
760591;2026-03-25;"quarta-feira";"10:00:00";"SC";101;161;"TIJUCAS";"Manobra de mudança de faixa";"Colisão traseira";"Sem Vítimas";"Pleno dia";"Crescente";"Céu Claro";"Dupla";"Reta";"Sim";4;0;0;0;3;2;0;5;-27,22995708;-48,62929551;"SPRF-SC";"DEL04-SC";"UOP03-DEL04-SC"
760592;2026-03-25;"quarta-feira";"09:30:00";"PR";277;400;"CANDOI";"Acessar a via sem observar a presença dos outros veículos";"Colisão transversal";"Com Vítimas Feridas";"Pleno dia";"Crescente";"Céu Claro";"Simples";"Interseção de Vias;Retorno Regulamentado;Reta";"Não";3;0;0;1;1;1;1;3;-25,44959119;-51,92453027;"SPRF-PR";"DEL04-PR";"UOP02-DEL04-PR"
760593;2026-03-25;"quarta-feira";"09:05:00";"BA";101;137;"TEODORO SAMPAIO";"Ausência de reação do condutor";"Colisão frontal";"Com Vítimas Feridas";"Pleno dia";"Decrescente";"Céu Claro";"Simples";"Reta";"Não";6;0;1;0;4;1;1;5;-12,2247483;-38,6207466;"SPRF-BA";"DEL01-BA";"UOP04-DEL01-BA"
760595;2026-03-25;"quarta-feira";"11:00:00";"PR";476;144;"CURITIBA";"Acessar a via sem observar a presença dos outros veículos";"Colisão lateral mesmo sentido";"Com Vítimas Feridas";"Pleno dia";"Decrescente";"Sol";"Dupla";"Curva;Interseção de Vias;Aclive";"Não";3;0;1;0;1;1;1;3;-25,54206172;-49,31205869;"SPRF-PR";"DEL01-PR";"UOP06-DEL01-PR"
760596;2026-03-09;"segunda-feira";"18:10:00";"PB";104;38;"BARRA DE SANTA ROSA";"Ausência de reação do condutor";"Colisão traseira";"Com Vítimas Feridas";"Plena Noite";"Crescente";"Céu Claro";"Simples";"Reta";"Não";2;0;0;1;0;1;1;2;-6,668218;-36,09739;"SPRF-PB";"DEL02-PB";"UOP04-DEL02-PB"
760597;2026-03-25;"quarta-feira";"06:00:00";"RO";364;924;"PORTO VELHO";"Condutor Dormindo";"Saída de leito carroçável";"Sem Vítimas";"Amanhecer";"Crescente";"Nublado";"Simples";"Reta";"Não";2;0;0;0;0;2;0;2;-9,72123944;-65,34324646;"SPRF-RO";"DEL01-RO";"UOP03-DEL01-RO"
760605;2026-03-25;"quarta-feira";"12:02:00";"SP";116;511;"CAJATI";"Reação tardia ou ineficiente do condutor";"Tombamento";"Com Vítimas Feridas";"Pleno dia";"Decrescente";"Sol";"Simples";"Declive;Curva";"Não";2;0;1;0;0;1;1;2;-24,83274424;-48,2147011;"SPRF-SP";"DEL05-SP";"UOP02-DEL05-SP"
760606;2026-03-25;"quarta-feira";"09:00:00";"GO";20;184;"SIMOLANDIA";"Frear bruscamente";"Colisão traseira";"Com Vítimas Feridas";"Pleno dia";"Crescente";"Nublado";"Dupla";"Reta";"Sim";3;0;1;0;1;1;1;3;-14,462832;-46,479338;"SPRF-DF";"DEL02-DF";"UOP03-DEL02-DF"
760608;2026-03-25;"quarta-feira";"07:50:00";"PA";163;617;"TRAIRAO";"Velocidade Incompatível";"Tombamento";"Com Vítimas Fatais";"Pleno dia";"Crescente";"Nublado";"Simples";"Curva";"Não";7;1;0;4;1;3;4;5;-4,73283503;-56,04777691;"SPRF-PA";"DEL05-PA";"UOP03-DEL05-PA"
760609;2026-03-25;"quarta-feira";"12:50:00";"ES";262;26,5;"VIANA";"Demais falhas mecânicas ou elétricas";"Colisão frontal";"Com Vítimas Feridas";"Pleno dia";"Crescente";"Nublado";"Simples";"Declive;Curva";"Não";4;0;3;1;0;0;4;3;-20,38467;-40,554919;"SPRF-ES";"DEL01-ES";"UOP01-DEL01-ES"
760611;2026-03-25;"quarta-feira";"12:10:00";"MG";262;13;"MARTINS SOARES";"Conversão proibida";"Colisão transversal";"Com Vítimas Feridas";"Pleno dia";"Crescente";"Céu Claro";"Simples";"Reta";"Não";8;0;1;0;6;1;1;3;-20,2584192;-41,8616814;"SPRF-MG";"DEL06-MG";"UOP03-DEL06-MG"
760612;2026-03-25;"quarta-feira";"12:00:00";"RS";470;173;"VERANOPOLIS";"Transitar na contramão";"Colisão lateral sentido oposto";"Com Vítimas Feridas";"Pleno dia";"Crescente";"Céu Claro";"Simples";"Declive;Reta";"Não";3;0;1;0;1;1;1;3;-28,907104;-51,548053;"SPRF-RS";"DEL06-RS";"UOP02-DEL06-RS"
760614;2026-03-25;"quarta-feira";"08:35:00";"MT";163;756;"SORRISO";"Reação tardia ou ineficiente do condutor";"Colisão lateral mesmo sentido";"Com Vítimas Fatais";"Pleno dia";"Crescente";"Céu Claro";"Dupla";"Aclive;Curva";"Não";5;1;1;0;2;2;1;6;-12,52875848;-55,7039988;"SPRF-MT";"DEL06-MT";"UOP01-DEL06-MT"
760615;2026-03-25;"quarta-feira";"12:30:00";"RN";304;296;"MACAIBA";"Manobra de mudança de faixa";"Colisão lateral mesmo sentido";"Com Vítimas Fatais";"Pleno dia";"Decrescente";"Céu Claro";"Simples";"Reta";"Sim";4;1;0;0;2;1;0;4;-5,864298;-35,346173;"SPRF-RN";"DEL01-RN";"UOP02-DEL01-RN"
760619;2026-03-25;"quarta-feira";"12:50:00";"MG";381;600,7;"CARMOPOLIS DE MINAS";"Condutor Dormindo";"Colisão traseira";"Com Vítimas Feridas";"Pleno dia";"Crescente";"Céu Claro";"Dupla";"Reta;Aclive";"Não";3;0;1;0;1;3;1;5;-20,605342;-44,723788;"SPRF-MG";"DEL04-MG";"UOP01-DEL04-MG"
760626;2026-03-25;"quarta-feira";"13:10:00";"SE";101;182;"UMBAUBA";"Demais falhas mecânicas ou elétricas";"Colisão com objeto";"Sem Vítimas";"Pleno dia";"Decrescente";"Céu Claro";"Simples";"Reta";"Sim";4;0;0;0;3;1;0;3;-11,374833;-37,656805;"SPRF-SE";"DEL02-SE";"UOP03-DEL02-SE"
760627;2026-03-25;"quarta-feira";"13:50:00";"PR";376;625;"SAO JOSE DOS PINHAIS";"Reação tardia ou ineficiente do condutor";"Colisão traseira";"Com Vítimas Feridas";"Pleno dia";"Crescente";"Céu Claro";"Múltipla";"Reta";"Sim";4;0;1;0;2;2;1;5;-25,662386;-49,154919;"SPRF-PR";"DEL01-PR";"UOP04-DEL01-PR"
760630;2026-03-25;"quarta-feira";"10:15:00";"RJ";116;230,3;"PIRAI";"Demais falhas mecânicas ou elétricas";"Incêndio";"Sem Vítimas";"Pleno dia";"Decrescente";"Céu Claro";"Dupla";"Curva";"Não";1;0;0;0;1;0;0;1;-22,67147333;-43,82891921;"SPRF-RJ";"DEL07-RJ";"UOP01-DEL07-RJ"
760631;2026-03-25;"quarta-feira";"14:45:00";"SC";101;144;"ITAPEMA";"Trafegar com motocicleta (ou similar) entre as faixas";"Colisão traseira";"Com Vítimas Feridas";"Pleno dia";"Crescente";"Céu Claro";"Dupla";"Reta";"Sim";3;0;1;0;2;0;1;3;-27,07540013;-48,597742;"SPRF-SC";"DEL04-SC";"UOP03-DEL04-SC"
760635;2026-03-25;"quarta-feira";"15:40:00";"PR";277;67,9;"SAO JOSE DOS PINHAIS";"Acessar a via sem observar a presença dos outros veículos";"Colisão lateral mesmo sentido";"Sem Vítimas";"Pleno dia";"Crescente";"Céu Claro";"Dupla";"Reta";"Sim";3;0;0;0;2;2;0;4;-25,52203373;-49,10442352;"SPRF-PR";"DEL01-PR";"UOP01-DEL01-PR"
760638;2026-03-23;"segunda-feira";"17:00:00";"GO";452;62;"MAURILANDIA";"Demais falhas mecânicas ou elétricas";"Incêndio";"Sem Vítimas";"Pleno dia";"Crescente";"Ignorado";"Múltipla";"Aclive;Reta";"Não";2;0;0;0;0;2;0;2;-18,003883;-50,372037;"SPRF-GO";"DEL04-GO";"UOP01-DEL04-GO"
760654;2026-03-25;"quarta-feira";"15:50:00";"MG";116;699,5;"MURIAE";"Acessar a via sem observar a presença dos outros veículos";"Colisão transversal";"Com Vítimas Feridas";"Pleno dia";"Crescente";"Céu Claro";"Simples";"Reta;Interseção de Vias";"Sim";3;0;1;1;0;2;2;4;-21,10267813;-42,37852693;"SPRF-MG";"DEL07-MG";"UOP02-DEL07-MG"
760655;2026-03-25;"quarta-feira";"16:35:00";"SP";116;76,3;"ROSEIRA";"Reação tardia ou ineficiente do condutor";"Colisão lateral mesmo sentido";"Sem Vítimas";"Pleno dia";"Decrescente";"Céu Claro";"Dupla";"Reta;Em Obras";"Não";2;0;0;0;1;1;0;2;-22,87688691;-45,27058125;"SPRF-SP";"DEL08-SP";"UOP01-DEL08-SP"
760663;2026-03-25;"quarta-feira";"18:00:00";"PB";230;17,8;"JOAO PESSOA";"Manobra de mudança de faixa";"Colisão lateral mesmo sentido";"Com Vítimas Feridas";"Plena Noite";"Crescente";"Céu Claro";"Dupla";"Reta";"Sim";3;0;2;0;0;1;2;2;-7,118552;-34,844515;"SPRF-PB";"DEL01-PB";"UOP01-DEL01-PB"
760668;2026-03-25;"quarta-feira";"17:50:00";"MG";50;59;"UBERLANDIA";"Reação tardia ou ineficiente do condutor";"Colisão traseira";"Com Vítimas Feridas";"Anoitecer";"Crescente";"Sol";"Dupla";"Curva;Aclive";"Não";3;0;1;0;1;3;1;5;-18,80431795;-48,24052759;"SPRF-MG";"DEL15-MG";"UOP02-DEL15-MG"
760674;2026-03-25;"quarta-feira";"18:10:00";"MG";116;276;"TEOFILO OTONI";"Reação tardia ou ineficiente do condutor";"Colisão traseira";"Com Vítimas Feridas";"Anoitecer";"Decrescente";"Nublado";"Simples";"Reta";"Sim";3;0;1;0;1;1;1;2;-17,853212;-41,514238;"SPRF-MG";"DEL11-MG";"UOP01-DEL11-MG"
760679;2026-03-25;"quarta-feira";"18:00:00";"SC";153;97,5;"CONCORDIA";"Ausência de reação do condutor";"Colisão lateral sentido oposto";"Com Vítimas Fatais";"Anoitecer";"Crescente";"Céu Claro";"Simples";"Curva";"Sim";3;1;0;0;1;1;0;3;-27,23142342;-51,95230412;"SPRF-SC";"DEL07-SC";"UOP04-DEL07-SC"
760680;2026-03-25;"quarta-feira";"16:00:00";"RS";470;261;"SALVADOR DO SUL";"Acessar a via sem observar a presença dos outros veículos";"Colisão transversal";"Com Vítimas Feridas";"Pleno dia";"Crescente";"Nevoeiro/Neblina";"Simples";"Reta";"Não";5;0;1;0;3;1;1;3;-29,47503167;-51,48842333;"SPRF-RS";"DEL06-RS";"UOP01-DEL06-RS"
760685;2026-03-25;"quarta-feira";"19:12:00";"PE";101;80,8;"JABOATAO DOS GUARARAPES";"Acessar a via sem observar a presença dos outros veículos";"Colisão lateral sentido oposto";"Com Vítimas Feridas";"Pleno dia";"Decrescente";"Céu Claro";"Dupla";"Reta";"Sim";3;0;1;0;1;1;1;3;-8,15948356;-34,94058355;"SPRF-PE";"DEL01-PE";"UOP01-DEL01-PE"
760686;2026-03-25;"quarta-feira";"19:15:00";"RS";116;454;"SAO LOURENCO DO SUL";"Acessar a via sem observar a presença dos outros veículos";"Colisão transversal";"Com Vítimas Feridas";"Plena Noite";"Crescente";"Chuva";"Dupla";"Reta";"Não";3;0;1;0;1;2;1;4;-31,21998448;-52,01171207;"SPRF-RS";"DEL02-RS";"UOP02-DEL02-RS"
760689;2026-03-25;"quarta-feira";"16:30:00";"SC";116;111,1;"SANTA CECILIA";"Acessar a via sem observar a presença dos outros veículos";"Colisão transversal";"Com Vítimas Feridas";"Pleno dia";"Crescente";"Céu Claro";"Simples";"Reta";"Não";5;0;1;0;3;2;1;5;-26,76554832;-50,35147759;"SPRF-SC";"DEL06-SC";"UOP02-DEL06-SC"
760693;2026-03-25;"quarta-feira";"21:05:00";"SC";101;216;"PALHOCA";"Acessar a via sem observar a presença dos outros veículos";"Colisão lateral mesmo sentido";"Com Vítimas Feridas";"Plena Noite";"Crescente";"Céu Claro";"Simples";"Retorno Regulamentado;Viaduto";"Sim";3;0;1;0;1;1;1;3;-27,65350613;-48,67756454;"SPRF-SC";"DEL01-SC";"UOP02-DEL01-SC"
760694;2026-03-25;"quarta-feira";"20:30:00";"MT";163;26,3;"ITIQUIRA";"Transitar na contramão";"Colisão frontal";"Com Vítimas Fatais";"Plena Noite";"Crescente";"Chuva";"Simples";"Em Obras";"Não";5;2;0;0;1;2;0;4;-17,284699;-54,764452;"SPRF-MT";"DEL02-MT";"UOP03-DEL02-MT"
760697;2026-03-25;"quarta-feira";"20:30:00";"PR";277;134;"CAMPO LARGO";"Reação tardia ou ineficiente do condutor";"Atropelamento de Pedestre";"Com Vítimas Fatais";"Plena Noite";"Crescente";"Céu Claro";"Dupla";"Curva;Interseção de Vias";"Não";3;1;0;0;1;1;0;3;-25,44959;-49,6134;"SPRF-PR";"DEL03-PR";"UOP03-DEL03-PR"
760705;2026-03-25;"quarta-feira";"22:20:00";"PR";376;669;"GUARATUBA";"Velocidade Incompatível";"Colisão lateral mesmo sentido";"Com Vítimas Feridas";"Plena Noite";"Crescente";"Céu Claro";"Dupla";"Declive;Curva";"Não";2;0;1;0;1;0;1;2;-25,87561296;-48,93642822;"SPRF-PR";"DEL01-PR";"UOP04-DEL01-PR"
760707;2026-03-25;"quarta-feira";"21:20:00";"SP";381;79;"SAO PAULO";"Velocidade Incompatível";"Tombamento";"Sem Vítimas";"Plena Noite";"Decrescente";"Céu Claro";"Dupla";"Aclive;Curva;Interseção de Vias";"Sim";2;0;0;0;1;2;0;3;-23,41168628;-46,58131108;"SPRF-SP";"DEL03-SP";"UOP01-DEL03-SP"
760714;2026-03-25;"quarta-feira";"19:20:00";"MG";365;155;"PIRAPORA";"Animais na Pista";"Atropelamento de Animal";"Sem Vítimas";"Plena Noite";"Decrescente";"Nublado";"Simples";"Reta";"Não";5;0;0;0;5;0;0;2;-17,312715;-44,895315;"SPRF-MG";"DEL10-MG";"UOP02-DEL010-MG"
760715;2026-03-25;"quarta-feira";"22:59:00";"RJ";116;174;"SAO JOAO DE MERITI";"Mal súbito do condutor";"Colisão traseira";"Com Vítimas Feridas";"Plena Noite";"Crescente";"Céu Claro";"Múltipla";"Reta";"Sim";3;0;0;1;1;1;1;3;-22,79530095;-43,36193975;"SPRF-RJ";"DEL06-RJ";"UOP01-DEL06-RJ"
760721;2026-03-25;"quarta-feira";"22:50:00";"PR";476;149;"ARAUCARIA";"Ingestão de álcool pelo condutor";"Saída de leito carroçável";"Sem Vítimas";"Plena Noite";"Crescente";"Céu Claro";"Dupla";"Reta";"Sim";2;0;0;0;1;1;0;2;-25,55775268;-49,35773282;"SPRF-PR";"DEL01-PR";"UOP06-DEL01-PR"
760725;2026-03-26;"quinta-feira";"00:07:00";"PE";101;61;"RECIFE";"Pedestre cruzava a pista fora da faixa";"Atropelamento de Pedestre";"Com Vítimas Fatais";"Plena Noite";"Crescente";"Chuva";"Dupla";"Reta";"Sim";2;1;0;0;0;1;0;2;-8,00889642;-34,93763099;"SPRF-PE";"DEL01-PE";"UOP02-DEL01-PE"
760726;2026-03-26;"quinta-feira";"03:10:00";"PR";277;39;"MORRETES";"Condutor Dormindo";"Colisão traseira";"Com Vítimas Feridas";"Plena Noite";"Decrescente";"Nublado";"Dupla";"Curva";"Não";3;0;1;0;1;2;1;4;-25,577215;-48,859172;"SPRF-PR";"DEL01-PR";"UOP05-DEL01-PR"
760727;2026-03-25;"quarta-feira";"23:20:00";"PI";316;149;"ELESBAO VELOSO";"Objeto estático sobre o leito carroçável";"Saída de leito carroçável";"Com Vítimas Feridas";"Plena Noite";"Crescente";"Chuva";"Simples";"Reta";"Não";1;0;1;0;0;0;1;1;-6,117237;-42,167395;"SPRF-PI";"DEL04-PI";"UOP02-DEL04-PI"
760730;2026-03-26;"quinta-feira";"02:30:00";"MG";262;544,8;"LUZ";"Velocidade Incompatível";"Tombamento";"Com Vítimas Feridas";"Plena Noite";"Decrescente";"Céu Claro";"Simples";"Curva";"Não";2;0;0;1;0;1;1;2;-19,707562;-45,920964;"SPRF-MG";"DEL08-MG";"UOP02-DEL08-MG"
760731;2026-03-26;"quinta-feira";"05:10:00";"MG";262;195;"JOAO MONLEVADE";"Reação tardia ou ineficiente do condutor";"Tombamento";"Com Vítimas Feridas";"Amanhecer";"Crescente";"Céu Claro";"Simples";"Reta;Interseção de Vias";"Não";1;0;1;0;0;0;1;1;-19,86066;-43,111825;"SPRF-MG";"DEL03-MG";"UOP01-DEL03-MG"
760734;2026-03-26;"quinta-feira";"05:25:00";"PE";101;66,1;"RECIFE";"Acumulo de água sobre o pavimento";"Colisão lateral mesmo sentido";"Com Vítimas Feridas";"Amanhecer";"Decrescente";"Chuva";"Dupla";"Reta;Declive";"Sim";3;0;0;1;1;1;1;3;-8,0337;-34,94193;"SPRF-PE";"DEL01-PE";"UOP01-DEL01-PE"
760736;2026-03-26;"quinta-feira";"06:15:00";"PA";316;33;"SANTA IZABEL DO PARA";"Condutor deixou de manter distância do veículo da frente";"Colisão traseira";"Com Vítimas Feridas";"Amanhecer";"Crescente";"Nevoeiro/Neblina";"Dupla";"Retorno Regulamentado";"Sim";4;0;1;0;2;1;1;4;-1,295285;-48,17311;"SPRF-PA";"DEL01-PA";"UOP01-DEL01-PA"
760737;2026-03-26;"quinta-feira";"06:41:00";"ES";101;283;"CARIACICA";"Ultrapassagem Indevida";"Colisão frontal";"Com Vítimas Feridas";"Pleno dia";"Decrescente";"Céu Claro";"Simples";"Aclive;Curva";"Não";3;0;1;0;1;1;1;3;-20,234445;-40,369256;"SPRF-ES";"DEL01-ES";"UOP01-DEL01-ES"
760739;2026-03-26;"quinta-feira";"06:30:00";"ES";259;54,2;"COLATINA";"Condutor deixou de manter distância do veículo da frente";"Colisão traseira";"Com Vítimas Feridas";"Pleno dia";"Crescente";"Céu Claro";"Dupla";"Aclive;Reta";"Não";3;0;2;0;1;0;2;2;-19,49707;-40,645821;"SPRF-ES";"DEL02-ES";"UOP01-DEL02-ES"
760740;2026-03-26;"quinta-feira";"06:15:00";"BA";415;59;"ITABUNA";"Chuva";"Eventos atípicos";"Com Vítimas Fatais";"Amanhecer";"Crescente";"Garoa/Chuvisco";"Simples";"Reta";"Não";6;2;0;0;4;0;0;2;-14,852;-39,39;"SPRF-BA";"DEL05-BA";"UOP01-DEL05-BA"
760742;2026-03-26;"quinta-feira";"07:00:00";"BA";324;577;"CANDEIAS";"Demais falhas mecânicas ou elétricas";"Colisão com objeto";"Sem Vítimas";"Pleno dia";"Decrescente";"Céu Claro";"Dupla";"Reta";"Não";3;0;0;0;2;2;0;4;-12,61194711;-38,48938538;"SPRF-BA";"DEL01-BA";"UOP01-DEL01-BA"
760752;2026-03-26;"quinta-feira";"06:30:00";"MG";40;286;"TRES MARIAS";"Condutor Dormindo";"Colisão frontal";"Com Vítimas Feridas";"Pleno dia";"Crescente";"Céu Claro";"Simples";"Reta";"Não";3;0;1;0;1;1;1;3;-18,25558;-45,15957;"SPRF-MG";"DEL14-MG";"UOP02-DEL14-MG"
760753;2026-03-26;"quinta-feira";"07:00:00";"SC";282;30;"SANTO AMARO DA IMPERATRIZ";"Acumulo de areia ou detritos sobre o pavimento";"Derramamento de carga";"Com Vítimas Feridas";"Pleno dia";"Crescente";"Céu Claro";"Simples";"Curva";"Sim";3;0;1;1;1;0;2;3;-27,70654085;-48,84052277;"SPRF-SC";"DEL01-SC";"UOP03-DEL01-SC"
760754;2026-03-26;"quinta-feira";"06:35:00";"MG";381;521,8;"BRUMADINHO";"Velocidade Incompatível";"Saída de leito carroçável";"Com Vítimas Feridas";"Pleno dia";"Crescente";"Céu Claro";"Dupla";"Curva;Declive";"Não";2;0;0;1;0;1;1;2;-20,122909;-44,300529;"SPRF-MG";"DEL04-MG";"UOP03-DEL04-MG"
760762;2026-03-26;"quinta-feira";"04:00:00";"BA";101;559;"MASCOTE";"Condutor deixou de manter distância do veículo da frente";"Colisão traseira";"Com Vítimas Feridas";"Amanhecer";"Crescente";"Chuva";"Simples";"Reta;Aclive";"Não";3;0;1;0;1;2;1;4;-15,50396;-39,43322;"SPRF-BA";"DEL05-BA";"UOP02-DEL05-BA"
760765;2026-03-26;"quinta-feira";"07:30:00";"BA";324;615;"SALVADOR";"Trafegar com motocicleta (ou similar) entre as faixas";"Colisão lateral mesmo sentido";"Com Vítimas Feridas";"Pleno dia";"Crescente";"Nublado";"Dupla";"Reta;Declive";"Sim";4;0;1;0;2;2;1;5;-12,88303402;-38,4335916;"SPRF-BA";"DEL01-BA";"UOP01-DEL01-BA"
760769;2026-03-26;"quinta-feira";"08:00:00";"GO";153;507;"APARECIDA DE GOIANIA";"Trafegar com motocicleta (ou similar) entre as faixas";"Tombamento";"Com Vítimas Feridas";"Pleno dia";"Decrescente";"Céu Claro";"Dupla";"Reta";"Sim";3;0;1;0;1;1;1;3;-16,768365;-49,239432;"SPRF-GO";"DEL01-GO";"UOP03-DEL01-GO"
760772;2026-03-26;"quinta-feira";"09:00:00";"PE";101;66;"RECIFE";"Reação tardia ou ineficiente do condutor";"Colisão traseira";"Com Vítimas Feridas";"Pleno dia";"Decrescente";"Céu Claro";"Dupla";"Reta;Interseção de Vias";"Não";3;0;1;0;2;0;1;3;-8,04163;-34,94286;"SPRF-PE";"DEL01-PE";"UOP01-DEL01-PE"
760782;2026-01-08;"quinta-feira";"21:30:00";"PE";101;44,9;"IGARASSU";"Ingestão de álcool pelo condutor";"Colisão traseira";"Com Vítimas Feridas";"Plena Noite";"Crescente";"Nublado";"Múltipla";"Reta";"Sim";2;0;1;0;1;0;1;2;-7,864;-34,908;"SPRF-PE";"DEL01-PE";"UOP02-DEL01-PE"
760783;2026-03-26;"quinta-feira";"10:30:00";"PR";369;156,3;"LONDRINA";"Reação tardia ou ineficiente do condutor";"Colisão traseira";"Com Vítimas Feridas";"Pleno dia";"Decrescente";"Céu Claro";"Dupla";"Reta";"Sim";2;0;1;0;1;0;1;2;-23,29001;-51,220892;"SPRF-PR";"DEL07-PR";"UOP01-DEL07-PR"
760785;2026-03-26;"quinta-feira";"09:00:00";"SC";101;103;"BALNEARIO PICARRAS";"Trafegar com motocicleta (ou similar) entre as faixas";"Colisão traseira";"Com Vítimas Feridas";"Pleno dia";"Crescente";"Céu Claro";"Dupla";"Reta";"Não";4;0;0;1;2;2;1;5;-26,78170584;-48,68368149;"SPRF-SC";"DEL03-SC";"UOP02-DEL03-SC"
760786;2026-03-26;"quinta-feira";"06:54:00";"MT";364;575;"NOBRES";"Chuva";"Tombamento";"Com Vítimas Feridas";"Pleno dia";"Decrescente";"Chuva";"Dupla";"Declive;Curva";"Não";2;0;1;0;0;2;1;3;-14,62174478;-56,26360685;"SPRF-MT";"DEL01-MT";"UOP01-DEL01-MT"
760788;2026-03-03;"terça-feira";"06:30:00";"MS";262;400;"TERENOS";"Problema com o freio";"Incêndio";"Sem Vítimas";"Pleno dia";"Decrescente";"Céu Claro";"Simples";"Reta";"Não";2;0;0;0;1;1;0;2;-20,4288306;-55,05974078;"SPRF-MS";"DEL01-MS";"UOP03-DEL01-MS"
760792;2026-03-26;"quinta-feira";"10:30:00";"RN";304;303;"PARNAMIRIM";"Demais falhas mecânicas ou elétricas";"Incêndio";"Sem Vítimas";"Pleno dia";"Crescente";"Céu Claro";"Dupla";"Reta";"Não";1;0;0;0;1;0;0;1;-5,8850914;-35,2813411;"SPRF-RN";"DEL01-RN";"UOP02-DEL01-RN"
760794;2026-03-26;"quinta-feira";"06:36:00";"MT";364;574,9;"NOBRES";"Chuva";"Saída de leito carroçável";"Com Vítimas Feridas";"Pleno dia";"Decrescente";"Chuva";"Dupla";"Declive;Reta";"Não";1;0;0;1;0;0;1;1;-14,62753945;-56,26839057;"SPRF-MT";"DEL01-MT";"UOP01-DEL01-MT"
760795;2026-03-26;"quinta-feira";"10:00:00";"GO";20;110;"FLORES DE GOIAS";"Demais falhas mecânicas ou elétricas";"Colisão frontal";"Com Vítimas Feridas";"Pleno dia";"Crescente";"Nublado";"Simples";"Reta";"Não";5;0;0;1;3;2;1;4;-14,903783;-46,917668;"SPRF-DF";"DEL02-DF";"UOP03-DEL02-DF"
760804;2026-03-26;"quinta-feira";"11:50:00";"SC";101;260;"PAULO LOPES";"Ausência de sinalização";"Colisão traseira";"Com Vítimas Feridas";"Pleno dia";"Crescente";"Sol";"Dupla";"Reta;Declive";"Não";10;0;3;1;5;2;4;9;-28,023093;-48,702793;"SPRF-SC";"DEL02-SC";"UOP03-DEL02-SC"
760806;2026-03-06;"sexta-feira";"22:25:00";"RJ";40;1,2;"COMENDADOR LEVY GASPARIAN";"Reação tardia ou ineficiente do condutor";"Tombamento";"Com Vítimas Feridas";"Plena Noite";"Decrescente";"Céu Claro";"Dupla";"Curva";"Não";4;0;1;0;2;1;1;4;-22,0094241;-43,26078979;"SPRF-RJ";"DEL05-RJ";"UOP02-DEL05-RJ"
760807;2026-03-26;"quinta-feira";"11:05:00";"RS";470;216;"BENTO GONCALVES";"Acessar a via sem observar a presença dos outros veículos";"Colisão transversal";"Com Vítimas Feridas";"Pleno dia";"Decrescente";"Céu Claro";"Dupla";"Reta;Retorno Regulamentado";"Sim";2;0;1;0;1;0;1;2;-29,17119384;-51,52454702;"SPRF-RS";"DEL06-RS";"UOP01-DEL06-RS"
760809;2026-03-26;"quinta-feira";"12:07:00";"GO";40;69;"CRISTALINA";"Reação tardia ou ineficiente do condutor";"Saída de leito carroçável";"Com Vítimas Feridas";"Pleno dia";"Decrescente";"Nublado";"Dupla";"Reta";"Não";2;0;1;0;1;0;1;1;-16,602586;-47,771768;"SPRF-DF";"DEL01-DF";"UOP02-DEL01-DF"
760811;2026-03-26;"quinta-feira";"10:00:00";"PI";316;230;"VALENCA DO PIAUI";"Reação tardia ou ineficiente do condutor";"Saída de leito carroçável";"Com Vítimas Feridas";"Pleno dia";"Crescente";"Céu Claro";"Simples";"Declive;Reta";"Não";2;0;0;1;0;2;1;3;-6,371566;-41,777223;"SPRF-PI";"DEL04-PI";"UOP02-DEL04-PI"
760821;2026-03-26;"quinta-feira";"12:55:00";"RO";364;668;"CANDEIAS DO JAMARI";"Pista Escorregadia";"Colisão frontal";"Com Vítimas Feridas";"Pleno dia";"Crescente";"Chuva";"Simples";"Aclive;Reta";"Não";4;0;0;1;1;7;1;9;-8,7751;-63,4923;"SPRF-RO";"DEL01-RO";"UOP01-DEL01-RO"
760831;2026-03-26;"quinta-feira";"13:50:00";"RO";364;226,7;"CACOAL";"Ultrapassagem Indevida";"Colisão lateral sentido oposto";"Com Vítimas Feridas";"Pleno dia";"Decrescente";"Chuva";"Simples";"Reta;Aclive;Interseção de Vias";"Não";7;0;1;3;2;3;4;7;-11,49855;-61,372245;"SPRF-RO";"DEL02-RO";"UOP02-DEL02-RO"
760833;2026-03-26;"quinta-feira";"15:20:00";"SE";101;77;"LARANJEIRAS";"Ultrapassagem Indevida";"Colisão frontal";"Com Vítimas Feridas";"Pleno dia";"Decrescente";"Céu Claro";"Simples";"Reta";"Sim";3;0;0;1;1;2;1;4;-10,7771984;-37,13572025;"SPRF-SE";"DEL01-SE";"UOP01-DEL01-SE"
760835;2026-03-26;"quinta-feira";"15:40:00";"MG";381;423;"SABARA";"Reação tardia ou ineficiente do condutor";"Colisão traseira";"Sem Vítimas";"Pleno dia";"Crescente";"Céu Claro";"Simples";"Curva";"Não";3;0;0;0;2;2;0;4;-19,78675;-43,68834;"SPRF-MG";"DEL01-MG";"UOP01-DEL01-MG"
760841;2026-03-26;"quinta-feira";"15:20:00";"SP";153;32,9;"NOVA GRANADA";"Acumulo de óleo sobre o pavimento";"Colisão com objeto";"Com Vítimas Feridas";"Pleno dia";"Decrescente";"Chuva";"Simples";"Declive;Reta";"Não";6;0;1;0;4;2;1;6;-20,564319;-49,319868;"SPRF-SP";"DEL09-SP";"UOP01-DEL09-SP"