"id";"data_inversa";"dia_semana";"horario";"uf";"br";"km";"municipio";"causa_acidente";"tipo_acidente";"classificacao_acidente";"fase_dia";"sentido_via";"condicao_metereologica";"tipo_pista";"tracado_via";"uso_solo";"pessoas";"mortos";"feridos_leves";"feridos_graves";"ilesos";"ignorados";"feridos";"veiculos";"latitude";"longitude";"regional";"delegacia";"uop"
761129;2026-03-27;"sexta-feira";"18:05:00";"BA";101;354;"WENCESLAU GUIMARAES";"Ultrapassagem Indevida";"Colisão frontal";"Com Vítimas Feridas";"Anoitecer";"Crescente";"Chuva";"Simples";"Reta";"Não";2;0;1;0;1;0;1;2;-13,65256428;-39,48553019;"SPRF-BA";"DEL05-BA";"UOP03-DEL05-BA"
761130;2026-03-27;"sexta-feira";"17:35:00";"RJ";101;293;"ITABORAI";"Trafegar com motocicleta (ou similar) entre as faixas";"Colisão lateral mesmo sentido";"Com Vítimas Feridas";"Anoitecer";"Crescente";"Céu Claro";"Dupla";"Curva";"Não";4;0;1;0;2;1;1;4;-22,75560408;-42,89129994;"SPRF-RJ";"DEL02-RJ";"UOP02-DEL02-RJ"
761142;2026-03-27;"sexta-feira";"16:45:00";"SC";282;503,8;"XANXERE";"Velocidade Incompatível";"Tombamento";"Com Vítimas Feridas";"Pleno dia";"Decrescente";"Chuva";"Dupla";"Declive;Curva";"Sim";3;0;1;0;1;2;1;4;-26,88238433;-52,40439582;"SPRF-SC";"DEL07-SC";"UOP01-DEL07-SC"
761146;2026-03-27;"sexta-feira";"12:28:00";"PA";163;36;"NOVO PROGRESSO";"Velocidade Incompatível";"Tombamento";"Com Vítimas Feridas";"Pleno dia";"Crescente";"Céu Claro";"Simples";"Curva";"Não";2;0;1;0;0;2;1;3;-9,05446412;-54,91550446;"SPRF-MT";"DEL06-MT";"UOP03-DEL06-MT"
761153;2026-03-27;"sexta-feira";"21:03:00";"ES";101;147,1;"LINHARES";"Acessar a via sem observar a presença dos outros veículos";"Colisão transversal";"Com Vítimas Feridas";"Plena Noite";"Decrescente";"Garoa/Chuvisco";"Simples";"Rotatória;Interseção de Vias";"Sim";2;0;1;0;1;0;1;2;-19,37984136;-40,06670923;"SPRF-ES";"DEL04-ES";"UOP01-DEL04-ES"
761159;2026-03-27;"sexta-feira";"21:55:00";"RS";116;379;"SENTINELA DO SUL";"Reação tardia ou ineficiente do condutor";"Saída de leito carroçável";"Com Vítimas Feridas";"Plena Noite";"Decrescente";"Céu Claro";"Dupla";"Reta";"Não";2;0;1;0;0;1;1;2;-30,744625;-51,629817;"SPRF-RS";"DEL02-RS";"UOP02-DEL02-RS"
761169;2026-03-27;"sexta-feira";"21:15:00";"RS";392;206,7;"SANTANA DA BOA VISTA";"Transitar na contramão";"Colisão frontal";"Com Vítimas Feridas";"Plena Noite";"Decrescente";"Céu Claro";"Simples";"Curva;Declive";"Não";3;0;0;1;1;2;1;4;-30,723084;-53;"SPRF-RS";"DEL09-RS";"UOP02-DEL09-RS"
761170;2026-03-27;"sexta-feira";"21:20:00";"SC";101;250,9;"PAULO LOPES";"Acessar a via sem observar a presença dos outros veículos";"Colisão lateral mesmo sentido";"Com Vítimas Feridas";"Plena Noite";"Crescente";"Céu Claro";"Múltipla";"Interseção de Vias";"Não";4;0;2;0;2;0;2;2;-27,94869849;-48,67208286;"SPRF-SC";"DEL02-SC";"UOP03-DEL02-SC"
761171;2026-03-27;"sexta-feira";"19:40:00";"PB";230;466,1;"SOUSA";"Acessar a via sem observar a presença dos outros veículos";"Colisão traseira";"Com Vítimas Feridas";"Plena Noite";"Crescente";"Nublado";"Simples";"Reta";"Não";5;0;3;1;1;0;4;3;-6,790353;-38,286458;"SPRF-PB";"DEL03-PB";"UOP03-DEL03-PB"
761176;2026-03-27;"sexta-feira";"18:10:00";"PI";230;194,2;"OEIRAS";"Ultrapassagem Indevida";"Colisão lateral mesmo sentido";"Com Vítimas Feridas";"Plena Noite";"Crescente";"Céu Claro";"Simples";"Reta";"Sim";4;0;1;0;1;2;1;4;-6,996025;-42,107145;"SPRF-PI";"DEL04-PI";"UOP01-DEL04-PI"
761184;2026-03-27;"sexta-feira";"21:45:00";"SC";101;120,3;"ITAJAI";"Reação tardia ou ineficiente do condutor";"Engavetamento";"Com Vítimas Feridas";"Plena Noite";"Crescente";"Céu Claro";"Dupla";"Reta";"Não";4;0;1;0;1;2;1;4;-26,915847;-48,710735;"SPRF-SC";"DEL04-SC";"UOP04-DEL04-SC"
761193;2026-03-28;"sábado";"00:53:00";"MG";365;456;"PATROCINIO";"Reação tardia ou ineficiente do condutor";"Engavetamento";"Com Vítimas Fatais";"Plena Noite";"Decrescente";"Céu Claro";"Simples";"Reta";"Não";7;1;4;0;1;2;4;5;-18,84477;-46,86494;"SPRF-MG";"DEL10-MG";"UOP01-DEL10-MG"
761194;2026-03-28;"sábado";"00:30:00";"RJ";101;132;"CARAPEBUS";"Ausência de reação do condutor";"Colisão traseira";"Com Vítimas Feridas";"Plena Noite";"Decrescente";"Céu Claro";"Dupla";"Reta";"Não";4;0;0;2;1;1;2;3;-22,12681;-41,70905;"SPRF-RJ";"DEL08-RJ";"UOP04-DEL08-RJ"
761195;2026-03-28;"sábado";"01:20:00";"GO";60;183,7;"TRINDADE";"Ingestão de álcool pelo condutor";"Colisão traseira";"Com Vítimas Fatais";"Plena Noite";"Decrescente";"Céu Claro";"Dupla";"Reta";"Não";3;1;0;0;2;0;0;2;-16,799297;-49,514948;"SPRF-GO";"DEL01-GO";"UOP02-DEL01-GO"
761198;2026-03-28;"sábado";"01:40:00";"GO";153;634,7;"MORRINHOS";"Ausência de reação do condutor";"Tombamento";"Com Vítimas Feridas";"Plena Noite";"Crescente";"Céu Claro";"Dupla";"Reta";"Não";2;0;0;1;0;3;1;4;-17,8176586;-49,2095718;"SPRF-GO";"DEL03-GO";"UOP01-DEL03-GO"
761199;2026-03-28;"sábado";"02:50:00";"ES";101;245;"SERRA";"Reação tardia ou ineficiente do condutor";"Saída de leito carroçável";"Com Vítimas Feridas";"Plena Noite";"Crescente";"Chuva";"Dupla";"Reta";"Não";1;0;1;0;0;0;1;1;-20,05041222;-40,38516045;"SPRF-ES";"DEL02-ES";"UOP01-DEL02-ES"
761206;2026-03-28;"sábado";"02:30:00";"GO";80;136;"BARRO ALTO";"Pedestre andava na pista";"Atropelamento de Pedestre";"Com Vítimas Fatais";"Plena Noite";"Crescente";"Nublado";"Simples";"Curva";"Não";2;1;0;0;1;0;0;2;-14,951417;-48,932605;"SPRF-GO";"DEL07-GO";"UOP02-DEL07-GO"
761213;2026-03-28;"sábado";"06:00:00";"SC";101;114,4;"ITAJAI";"Entrada inopinada do pedestre";"Atropelamento de Pedestre";"Com Vítimas Fatais";"Amanhecer";"Decrescente";"Céu Claro";"Múltipla";"Reta";"Sim";3;1;0;0;1;1;0;3;-26,86740249;-48,73003242;"SPRF-SC";"DEL04-SC";"UOP04-DEL04-SC"
761216;2026-03-27;"sexta-feira";"05:45:00";"RJ";116;138;"MAGE";"Reação tardia ou ineficiente do condutor";"Colisão traseira";"Com Vítimas Feridas";"Pleno dia";"Crescente";"Céu Claro";"Dupla";"Reta";"Não";11;0;2;0;9;0;2;2;-22,646494;-43,199396;"SPRF-RJ";"DEL04-RJ";"UOP02-DEL04-RJ"
761219;2026-03-28;"sábado";"00:45:00";"RS";386;379,6;"TABAI";"Ingestão de álcool pelo condutor";"Colisão transversal";"Com Vítimas Feridas";"Plena Noite";"Crescente";"Céu Claro";"Dupla";"Rotatória";"Não";7;0;1;2;3;1;3;3;-29,65113033;-51,75881334;"SPRF-RS";"DEL04-RS";"UOP01-DEL04-RS"
761223;2026-03-28;"sábado";"05:10:00";"RS";285;421;"PANAMBI";"Condutor Dormindo";"Saída de leito carroçável";"Com Vítimas Feridas";"Plena Noite";"Decrescente";"Céu Claro";"Simples";"Declive;Curva";"Não";2;0;1;0;0;1;1;2;-28,33779;-53,568335;"SPRF-RS";"DEL10-RS";"UOP01-DEL10-RS"
761227;2026-03-28;"sábado";"04:26:00";"MT";163;915;"ITAUBA";"Condutor Dormindo";"Saída de leito carroçável";"Sem Vítimas";"Plena Noite";"Decrescente";"Céu Claro";"Simples";"Reta";"Não";2;0;0;0;0;2;0;2;-11,17562;-55,311174;"SPRF-MT";"DEL06-MT";"UOP02-DEL06-MT"
761229;2026-03-28;"sábado";"06:50:00";"PR";376;237,4;"APUCARANA";"Transitar na contramão";"Colisão frontal";"Com Vítimas Fatais";"Amanhecer";"Decrescente";"Sol";"Dupla";"Curva;Declive";"Não";3;1;0;0;1;2;0;4;-23,58576267;-51,47613093;"SPRF-PR";"DEL07-PR";"UOP03-DEL07-PR"
761231;2026-03-27;"sexta-feira";"22:30:00";"PA";163;977,4;"SANTAREM";"Demais falhas mecânicas ou elétricas";"Incêndio";"Sem Vítimas";"Plena Noite";"Crescente";"Céu Claro";"Simples";"Reta";"Não";2;0;0;0;1;3;0;4;-2,64027417;-54,77085867;"SPRF-PA";"DEL05-PA";"UOP01-DEL05-PA"
761233;2026-03-28;"sábado";"01:30:00";"RR";401;184;"NORMANDIA";"Ingestão de álcool pelo condutor";"Colisão frontal";"Sem Vítimas";"Plena Noite";"Decrescente";"Céu Claro";"Simples";"Reta";"Não";2;0;0;0;2;0;0;2;3,829725;-59,704035;"SPRF-RR";"DEL01-RR";"UOP01-DEL01-RR"
761237;2026-03-28;"sábado";"07:22:00";"TO";153;146,9;"ARAGUAINA";"Reação tardia ou ineficiente do condutor";"Colisão traseira";"Sem Vítimas";"Pleno dia";"Decrescente";"Céu Claro";"Dupla";"Reta";"Sim";2;0;0;0;2;0;0;2;-7,22122;-48,248137;"SPRF-TO";"DEL02-TO";"UOP01-DEL02-TO"
761242;2026-03-28;"sábado";"06:55:00";"BA";116;736;"BOA NOVA";"Carga excessiva e/ou mal acondicionada";"Tombamento";"Com Vítimas Feridas";"Pleno dia";"Decrescente";"Nublado";"Simples";"Curva;Declive";"Não";2;0;1;0;0;1;1;2;-14,36320529;-40,34250498;"SPRF-BA";"DEL08-BA";"UOP02-DEL08-BA"
761246;2026-03-28;"sábado";"08:00:00";"ES";101;284,9;"CARIACICA";"Ausência de reação do condutor";"Engavetamento";"Com Vítimas Feridas";"Pleno dia";"Decrescente";"Chuva";"Dupla";"Declive;Reta";"Sim";5;0;1;1;3;0;2;4;-20,25060191;-40,37213802;"SPRF-ES";"DEL01-ES";"UOP01-DEL01-ES"
761248;2026-03-28;"sábado";"07:40:00";"MG";381;430;"SABARA";"Demais falhas mecânicas ou elétricas";"Colisão com objeto";"Com Vítimas Feridas";"Pleno dia";"Crescente";"Céu Claro";"Simples";"Curva";"Sim";7;0;2;0;4;1;2;5;-19,78739073;-43,74301602;"SPRF-MG";"DEL01-MG";"UOP01-DEL01-MG"
761252;2026-03-28;"sábado";"08:30:00";"RN";226;353;"ALMINO AFONSO";"Reação tardia ou ineficiente do condutor";"Colisão transversal";"Com Vítimas Feridas";"Pleno dia";"Decrescente";"Céu Claro";"Simples";"Curva;Interseção de Vias";"Não";2;0;1;0;1;0;1;2;-6,148753;-37,754898;"SPRF-RN";"DEL04-RN";"UOP01-DEL04-RN"
761258;2026-03-28;"sábado";"07:20:00";"GO";40;92;"CRISTALINA";"Acessar a via sem observar a presença dos outros veículos";"Colisão transversal";"Com Vítimas Feridas";"Pleno dia";"Decrescente";"Céu Claro";"Simples";"Reta";"Não";3;0;1;0;1;3;1;5;-16,73401;-47,62161;"SPRF-DF";"DEL01-DF";"UOP02-DEL01-DF"
761259;2026-03-20;"sexta-feira";"17:30:00";"MT";364;435;"VARZEA GRANDE";"Acesso irregular";"Colisão frontal";"Com Vítimas Feridas";"Anoitecer";"Decrescente";"Nublado";"Dupla";"Reta";"Sim";3;0;0;1;1;1;1;2;-15,64023964;-56,20227814;"SPRF-MT";"DEL01-MT";"UOP02-DEL01-MT"
761261;2026-03-28;"sábado";"10:18:00";"TO";153;265,7;"BRASILANDIA DO TOCANTINS";"Ultrapassagem Indevida";"Colisão lateral sentido oposto";"Com Vítimas Feridas";"Pleno dia";"Crescente";"Céu Claro";"Simples";"Reta;Aclive";"Não";3;0;0;1;1;3;1;5;-8,2265;-48,46486;"SPRF-TO";"DEL02-TO";"UOP02-DEL02-TO"
761267;2026-03-28;"sábado";"09:30:00";"BA";116;767;"POCOES";"Acessar a via sem observar a presença dos outros veículos";"Colisão traseira";"Com Vítimas Feridas";"Pleno dia";"Decrescente";"Nublado";"Simples";"Interseção de Vias;Reta";"Não";4;0;0;1;1;3;1;5;-14,59544;-40,43613;"SPRF-BA";"DEL08-BA";"UOP02-DEL08-BA"
761270;2026-03-28;"sábado";"10:40:00";"GO";153;503;"GOIANIA";"Reação tardia ou ineficiente do condutor";"Colisão lateral mesmo sentido";"Com Vítimas Feridas";"Pleno dia";"Crescente";"Céu Claro";"Dupla";"Curva";"Sim";4;0;0;1;1;2;1;3;-16,730352;-49,243313;"SPRF-GO";"DEL01-GO";"UOP01-DEL01-GO"
761274;2026-03-27;"sexta-feira";"23:30:00";"PR";376;671,7;"GUARATUBA";"Problema com o freio";"Colisão traseira";"Com Vítimas Feridas";"Plena Noite";"Crescente";"Nublado";"Dupla";"Declive";"Não";2;0;1;0;0;2;1;3;-25,89645;-48,92918;"SPRF-PR";"DEL01-PR";"UOP04-DEL01-PR"
761277;2026-03-28;"sábado";"10:50:00";"MG";262;436,9;"NOVA SERRANA";"Carga excessiva e/ou mal acondicionada";"Colisão lateral mesmo sentido";"Com Vítimas Feridas";"Pleno dia";"Crescente";"Céu Claro";"Dupla";"Reta";"Sim";4;0;1;0;3;0;1;3;-19,87256;-44,96575;"SPRF-MG";"DEL08-MG";"UOP03-DEL08-MG"
761281;2026-03-28;"sábado";"09:40:00";"MT";70;735,5;"CACERES";"Reação tardia ou ineficiente do condutor";"Colisão com objeto";"Com Vítimas Feridas";"Pleno dia";"Crescente";"Nublado";"Simples";"Reta;Ponte";"Não";3;0;1;0;1;2;1;4;-16,074575;-57,703368;"SPRF-MT";"DEL03-MT";"UOP01-DEL03-MT"
761282;2026-03-28;"sábado";"11:00:00";"PI";316;409;"MARCOLANDIA";"Velocidade Incompatível";"Tombamento";"Com Vítimas Feridas";"Pleno dia";"Decrescente";"Nublado";"Simples";"Declive;Curva";"Não";2;0;1;0;0;2;1;3;-7,40142778;-40,72358161;"SPRF-PI";"DEL04-PI";"UOP03-DEL04-PI"
761286;2026-03-28;"sábado";"10:25:00";"MA";135;108;"ITAPECURU MIRIM";"Transitar no Acostamento";"Colisão lateral mesmo sentido";"Sem Vítimas";"Pleno dia";"Crescente";"Céu Claro";"Simples";"Declive;Curva";"Não";2;0;0;0;2;0;0;2;-3,41828;-44,51521;"SPRF-MA";"DEL01-MA";"UOP02-DEL01-MA"
761287;2026-03-28;"sábado";"08:30:00";"BA";101;6,5;"RIO REAL";"Velocidade Incompatível";"Tombamento";"Sem Vítimas";"Pleno dia";"Decrescente";"Céu Claro";"Simples";"Reta";"Sim";1;0;0;0;1;0;0;1;-11,539193;-37,857853;"SPRF-SE";"DEL02-SE";"UOP03-DEL02-SE"
761288;2026-03-28;"sábado";"11:40:00";"SC";101;79;"BARRA VELHA";"Reação tardia ou ineficiente do condutor";"Tombamento";"Com Vítimas Feridas";"Pleno dia";"Decrescente";"Sol";"Dupla";"Curva";"Não";1;0;1;0;0;0;1;1;-26,5988352;-48,72418134;"SPRF-SC";"DEL03-SC";"UOP02-DEL03-SC"
761289;2026-03-28;"sábado";"11:40:00";"SC";282;532;"CORDILHEIRA ALTA";"Ausência de reação do condutor";"Saída de leito carroçável";"Com Vítimas Feridas";"Pleno dia";"Crescente";"Céu Claro";"Simples";"Reta";"Não";2;0;1;0;0;1;1;2;-26,9963277;-52,6183104;"SPRF-SC";"DEL07-SC";"UOP01-DEL07-SC"
761300;2026-03-28;"sábado";"11:50:00";"MG";50;83;"UBERLANDIA";"Avarias e/ou desgaste excessivo no pneu";"Tombamento";"Sem Vítimas";"Pleno dia";"Decrescente";"Céu Claro";"Dupla";"Declive;Reta";"Não";2;0;0;0;2;0;0;2;-18,990916;-48,211309;"SPRF-MG";"DEL15-MG";"UOP01-DEL15-MG"
761301;2026-03-28;"sábado";"08:33:00";"MG";381;525;"BRUMADINHO";"Manobra de mudança de faixa";"Colisão lateral mesmo sentido";"Sem Vítimas";"Pleno dia";"Crescente";"Céu Claro";"Dupla";"Reta";"Não";2;0;0;0;2;0;0;2;-20,14251768;-44,31922786;"SPRF-MG";"DEL04-MG";"UOP03-DEL04-MG"
761310;2026-03-28;"sábado";"13:10:00";"SC";280;218;"TRES BARRAS";"Reação tardia ou ineficiente do condutor";"Incêndio";"Sem Vítimas";"Pleno dia";"Crescente";"Céu Claro";"Simples";"Aclive;Reta";"Não";3;0;0;0;2;1;0;2;-26,1711733;-50,2567417;"SPRF-SC";"DEL06-SC";"UOP04-DEL06-SC"
761317;2026-03-28;"sábado";"13:45:00";"BA";116;867,5;"VITORIA DA CONQUISTA";"Avarias e/ou desgaste excessivo no pneu";"Incêndio";"Sem Vítimas";"Pleno dia";"Decrescente";"Céu Claro";"Simples";"Reta";"Não";2;0;0;0;1;1;0;2;-15,19504365;-41,07807683;"SPRF-BA";"DEL08-BA";"UOP01-DEL08-BA"
761320;2026-03-28;"sábado";"09:00:00";"BA";242;361;"LENCOIS";"Chuva";"Colisão com objeto";"Sem Vítimas";"Pleno dia";"Crescente";"Chuva";"Simples";"Curva";"Não";5;0;0;0;5;0;0;1;-12,46463484;-41,40622437;"SPRF-BA";"DEL06-BA";"UOP02-DEL06-BA"
761323;2026-03-28;"sábado";"12:48:00";"SC";282;486,1;"FAXINAL DOS GUEDES";"Suicídio (presumido)";"Colisão frontal";"Com Vítimas Feridas";"Pleno dia";"Crescente";"Céu Claro";"Simples";"Declive";"Não";3;0;1;0;1;2;1;4;-26,857873;-52,243639;"SPRF-SC";"DEL07-SC";"UOP01-DEL07-SC"
761328;2026-03-28;"sábado";"14:10:00";"TO";153;620;"ALIANCA DO TOCANTINS";"Demais falhas mecânicas ou elétricas";"Incêndio";"Sem Vítimas";"Pleno dia";"Crescente";"Céu Claro";"Simples";"Reta";"Não";2;0;0;0;1;1;0;2;-11,292743;-48,93937;"SPRF-TO";"DEL01-TO";"UOP02-DEL01-TO"
761330;2026-03-28;"sábado";"14:30:00";"BA";101;24;"ESPLANADA";"Velocidade Incompatível";"Saída de leito carroçável";"Com Vítimas Feridas";"Pleno dia";"Decrescente";"Céu Claro";"Dupla";"Declive;Desvio Temporário;Curva;Em Obras";"Não";1;0;1;0;0;0;1;1;-11,692067;-37,90225;"SPRF-SE";"DEL02-SE";"UOP03-DEL02-SE"
761335;2026-03-28;"sábado";"13:30:00";"ES";101;438,9;"MIMOSO DO SUL";"Desrespeitar a preferência no cruzamento";"Colisão transversal";"Com Vítimas Feridas";"Pleno dia";"Crescente";"Céu Claro";"Simples";"Reta;Retorno Regulamentado";"Não";2;0;1;0;1;0;1;2;-21,072538;-41,227713;"SPRF-ES";"DEL03-ES";"UOP02-DEL03-ES"
761338;2026-03-28;"sábado";"16:10:00";"MG";116;751;"LEOPOLDINA";"Conversão proibida";"Colisão transversal";"Com Vítimas Feridas";"Pleno dia";"Crescente";"Céu Claro";"Simples";"Aclive";"Não";7;0;2;1;4;0;3;4;-21,46554001;-42,55707622;"SPRF-MG";"DEL07-MG";"UOP01-DEL07-MG"
761342;2026-03-28;"sábado";"16:15:00";"PR";376;671;"GUARATUBA";"Demais falhas mecânicas ou elétricas";"Colisão traseira";"Com Vítimas Feridas";"Pleno dia";"Crescente";"Céu Claro";"Dupla";"Declive;Reta";"Não";5;0;1;0;3;2;1;4;-25,8921;-48,932536;"SPRF-PR";"DEL01-PR";"UOP04-DEL01-PR"
761347;2026-03-28;"sábado";"17:00:00";"GO";20;241,2;"GUARANI DE GOIAS";"Manobra de mudança de faixa";"Tombamento";"Com Vítimas Feridas";"Pleno dia";"Crescente";"Céu Claro";"Simples";"Reta";"Não";2;0;1;0;0;2;1;3;-14,031587;-46,24613;"SPRF-DF";"DEL02-DF";"UOP03-DEL02-DF"
761349;2026-03-28;"sábado";"15:40:00";"MG";381;526;"BRUMADINHO";"Ausência de reação do condutor";"Colisão com objeto";"Com Vítimas Feridas";"Pleno dia";"Decrescente";"Céu Claro";"Dupla";"Curva";"Não";3;0;1;0;1;1;1;2;-20,157275;-44,328721;"SPRF-MG";"DEL04-MG";"UOP03-DEL04-MG"
761358;2026-03-28;"sábado";"11:30:00";"MA";135;33;"BACABEIRA";"Condutor Dormindo";"Saída de leito carroçável";"Com Vítimas Feridas";"Pleno dia";"Decrescente";"Céu Claro";"Dupla";"Reta";"Não";1;0;0;1;0;0;1;1;-2,83531;-44,37445;"SPRF-MA";"DEL01-MA";"UOP01-DEL01-MA"
761360;2026-03-28;"sábado";"14:40:00";"MA";135;95;"ITAPECURU MIRIM";"Acessar a via sem observar a presença dos outros veículos";"Colisão transversal";"Com Vítimas Feridas";"Pleno dia";"Decrescente";"Céu Claro";"Simples";"Reta";"Não";2;0;1;0;1;0;1;2;-3,33110398;-44,44504945;"SPRF-MA";"DEL01-MA";"UOP02-DEL01-MA"
761361;2026-03-28;"sábado";"17:30:00";"PR";116;26,7;"CAMPINA GRANDE DO SUL";"Problema com o freio";"Colisão traseira";"Com Vítimas Fatais";"Pleno dia";"Decrescente";"Céu Claro";"Dupla";"Declive;Curva";"Sim";6;3;1;0;1;1;1;4;-25,11201;-48,80535;"SPRF-PR";"DEL01-PR";"UOP02-DEL01-PR"
761362;2026-03-28;"sábado";"16:30:00";"MG";381;925,1;"ITAPEVA";"Velocidade Incompatível";"Tombamento";"Com Vítimas Feridas";"Pleno dia";"Decrescente";"Céu Claro";"Dupla";"Curva";"Não";2;0;1;0;0;1;1;2;-22,75184082;-46,20890966;"SPRF-MG";"DEL16-MG";"UOP03-DEL16-MG"
761364;2026-03-28;"sábado";"17:00:00";"MG";381;939;"EXTREMA";"Ultrapassagem Indevida";"Colisão traseira";"Com Vítimas Feridas";"Pleno dia";"Crescente";"Céu Claro";"Dupla";"Reta;Declive;Interseção de Vias";"Sim";3;0;2;0;0;1;2;2;-22,81920702;-46,29851013;"SPRF-MG";"DEL16-MG";"UOP03-DEL16-MG"
761375;2026-03-28;"sábado";"15:00:00";"RS";285;83;"BOM JESUS";"Ausência de reação do condutor";"Colisão com objeto";"Sem Vítimas";"Pleno dia";"Crescente";"Céu Claro";"Simples";"Curva";"Não";1;0;0;0;1;0;0;1;-28,646893;-50,633225;"SPRF-RS";"DEL05-RS";"UOP03-DEL05-RS"
761381;2026-03-28;"sábado";"17:51:00";"PR";153;37,8;"SANTO ANTONIO DA PLATINA";"Demais falhas mecânicas ou elétricas";"Colisão lateral sentido oposto";"Com Vítimas Feridas";"Pleno dia";"Decrescente";"Céu Claro";"Simples";"Reta";"Não";6;0;3;0;2;2;3;4;-23,26847311;-50,06375313;"SPRF-PR";"DEL07-PR";"UOP04-DEL07-PR"
761383;2026-03-28;"sábado";"19:15:00";"MA";316;146;"NOVA OLINDA DO MARANHAO";"Acessar a via sem observar a presença dos outros veículos";"Colisão lateral sentido oposto";"Sem Vítimas";"Plena Noite";"Crescente";"Céu Claro";"Simples";"Reta";"Sim";2;0;0;0;2;0;0;2;-2,9327786;-45,6704185;"SPRF-MA";"DEL02-MA";"UOP02-DEL02-MA"
761388;2026-03-28;"sábado";"20:00:00";"MG";262;766;"UBERABA";"Ultrapassagem Indevida";"Saída de leito carroçável";"Com Vítimas Feridas";"Plena Noite";"Crescente";"Nublado";"Simples";"Reta;Aclive";"Não";2;0;1;0;0;1;1;2;-19,729925;-47,73115333;"SPRF-MG";"DEL13-MG";"UOP01-DEL13-MG"
761392;2026-03-28;"sábado";"19:30:00";"MG";251;473,1;"FRANCISCO SA";"Demais falhas mecânicas ou elétricas";"Saída de leito carroçável";"Com Vítimas Feridas";"Plena Noite";"Crescente";"Céu Claro";"Simples";"Declive;Curva";"Não";1;0;1;0;0;0;1;1;-16,4728159;-43,42525631;"SPRF-MG";"DEL12-MG";"UOP01-DEL12-MG"
761396;2026-03-28;"sábado";"13:40:00";"SC";101;111,7;"ITAJAI";"Demais falhas mecânicas ou elétricas";"Incêndio";"Sem Vítimas";"Pleno dia";"Crescente";"Sol";"Dupla";"Reta;Aclive";"Não";2;0;0;0;1;1;0;2;-26,84471285;-48,71988835;"SPRF-SC";"DEL04-SC";"UOP04-DEL04-SC"
761400;2026-03-28;"sábado";"20:18:00";"PR";277;176;"PALMEIRA";"Pedestre cruzava a pista fora da faixa";"Atropelamento de Pedestre";"Com Vítimas Fatais";"Plena Noite";"Decrescente";"Céu Claro";"Simples";"Reta";"Sim";2;1;0;0;0;1;0;2;-25,4342;-50,0009;"SPRF-PR";"DEL08-PR";"UOP02-DEL08-PR"
761402;2026-03-28;"sábado";"20:30:00";"RS";285;416,8;"PANAMBI";"Demais falhas mecânicas ou elétricas";"Incêndio";"Sem Vítimas";"Plena Noite";"Crescente";"Céu Claro";"Simples";"Reta";"Não";2;0;0;0;1;1;0;2;-28,35182218;-53,48800985;"SPRF-RS";"DEL10-RS";"UOP01-DEL10-RS"
761411;2026-03-28;"sábado";"08:30:00";"AP";156;71;"LARANJAL DO JARI";"Ausência de reação do condutor";"Colisão lateral mesmo sentido";"Com Vítimas Fatais";"Pleno dia";"Decrescente";"Céu Claro";"Simples";"Reta";"Não";4;1;1;0;2;0;1;4;-0,51075;-52,173514;"SPRF-AP";"DEL01-AP";"UOP01-DEL01-AP"
761423;2026-03-28;"sábado";"19:45:00";"PI";316;69,7;"MONSENHOR GIL";"Demais falhas mecânicas ou elétricas";"Incêndio";"Sem Vítimas";"Plena Noite";"Decrescente";"Ignorado";"Simples";"Reta";"Não";2;0;0;0;1;1;0;2;-5,6156513;-42,6045896;"SPRF-PI";"DEL01-PI";"UOP02-DEL01-PI"
761432;2026-03-28;"sábado";"22:45:00";"SC";101;56,7;"ARAQUARI";"Pedestre cruzava a pista fora da faixa";"Colisão com objeto";"Com Vítimas Fatais";"Plena Noite";"Decrescente";"Nublado";"Múltipla";"Reta";"Não";2;1;0;0;1;0;0;2;-26,43606481;-48,81215779;"SPRF-SC";"DEL03-SC";"UOP01-DEL03-SC"
761442;2026-03-28;"sábado";"23:30:00";"MT";364;257;"JUSCIMEIRA";"Ausência de reação do condutor";"Colisão traseira";"Com Vítimas Feridas";"Plena Noite";"Decrescente";"Ignorado";"Dupla";"Aclive;Curva";"Não";3;0;0;1;1;2;1;4;-16,063922;-54,872537;"SPRF-MT";"DEL02-MT";"UOP01-DEL02-MT"
761443;2026-03-29;"domingo";"02:30:00";"BA";324;524;"FEIRA DE SANTANA";"Pedestre - Ingestão de álcool/ substâncias psicoativas";"Atropelamento de Pedestre";"Com Vítimas Feridas";"Plena Noite";"Decrescente";"Nublado";"Dupla";"Reta;Interseção de Vias";"Sim";4;0;1;0;2;1;1;3;-12,306062;-38,89063;"SPRF-BA";"DEL11-BA";"UOP02-DEL11-BA"
761453;2026-03-29;"domingo";"04:10:00";"MG";381;426;"SABARA";"Condutor Dormindo";"Saída de leito carroçável";"Com Vítimas Feridas";"Plena Noite";"Decrescente";"Nublado";"Simples";"Curva;Aclive";"Não";1;0;0;1;0;0;1;1;-19,787088;-43,710327;"SPRF-MG";"DEL01-MG";"UOP01-DEL01-MG"
761456;2026-03-29;"domingo";"04:15:00";"RS";116;36,9;"VACARIA";"Acessar a via sem observar a presença dos outros veículos";"Colisão transversal";"Com Vítimas Feridas";"Plena Noite";"Decrescente";"Céu Claro";"Simples";"Interseção de Vias;Reta";"Sim";3;0;1;0;2;0;1;2;-28,49839113;-50,91728417;"SPRF-RS";"DEL05-RS";"UOP03-DEL05-RS"