"id";"data_inversa";"dia_semana";"horario";"uf";"br";"km";"municipio";"causa_acidente";"tipo_acidente";"classificacao_acidente";"fase_dia";"sentido_via";"condicao_metereologica";"tipo_pista";"tracado_via";"uso_solo";"pessoas";"mortos";"feridos_leves";"feridos_graves";"ilesos";"ignorados";"feridos";"veiculos";"latitude";"longitude";"regional";"delegacia";"uop"
761459;2026-03-29;"domingo";"05:45:00";"MG";40;494,4;"ESMERALDAS";"Condutor Dormindo";"Colisão traseira";"Com Vítimas Feridas";"Amanhecer";"Crescente";"Céu Claro";"Dupla";"Reta";"Não";4;0;1;1;1;4;2;6;-19,657088;-44,198323;"SPRF-MG";"DEL02-MG";"UOP01-DEL02-MG"
761460;2026-03-29;"domingo";"04:30:00";"PI";343;335,8;"TERESINA";"Ausência de reação do condutor";"Colisão traseira";"Com Vítimas Feridas";"Amanhecer";"Decrescente";"Sol";"Múltipla";"Reta";"Não";5;0;2;0;3;0;2;2;-5,062897;-42,703666;"SPRF-PI";"DEL01-PI";"UOP01-DEL01-PI"
761466;2026-03-29;"domingo";"05:22:00";"MS";163;224,1;"CAARAPO";"Retorno proibido";"Colisão transversal";"Com Vítimas Feridas";"Pleno dia";"Crescente";"Céu Claro";"Simples";"Reta";"Não";3;0;0;2;1;0;2;2;-22,50766071;-54,86367345;"SPRF-MS";"DEL04-MS";"UOP02-DEL04-MS"
761473;2026-03-28;"sábado";"16:30:00";"PA";10;326;"SAO MIGUEL DO GUAMA";"Reação tardia ou ineficiente do condutor";"Tombamento";"Sem Vítimas";"Pleno dia";"Decrescente";"Chuva";"Simples";"Declive;Reta";"Não";4;0;0;0;4;0;0;2;-1,584288;-47,497718;"SPRF-PA";"DEL01-PA";"UOP02-DEL01-PA"
761481;2026-03-20;"sexta-feira";"09:00:00";"PR";376;488;"PONTA GROSSA";"Ausência de reação do condutor";"Colisão lateral mesmo sentido";"Com Vítimas Feridas";"Pleno dia";"Decrescente";"Nublado";"Dupla";"Declive;Reta";"Sim";2;0;1;0;1;0;1;2;-25,12819443;-50,17535302;"SPRF-PR";"DEL03-PR";"UOP04-DEL03-PR"
761488;2026-03-29;"domingo";"09:25:00";"SC";101;144;"ITAPEMA";"Condutor deixou de manter distância do veículo da frente";"Colisão traseira";"Com Vítimas Feridas";"Pleno dia";"Decrescente";"Sol";"Dupla";"Reta";"Não";3;0;0;1;1;1;1;3;-27,07784374;-48,59868497;"SPRF-SC";"DEL04-SC";"UOP03-DEL04-SC"
761495;2026-03-29;"domingo";"08:45:00";"SC";158;102;"CUNHA PORA";"Velocidade Incompatível";"Tombamento";"Com Vítimas Feridas";"Pleno dia";"Crescente";"Céu Claro";"Simples";"Interseção de Vias";"Não";2;0;1;0;0;1;1;2;-26,8079428;-53,18171248;"SPRF-SC";"DEL07-SC";"UOP02-DEL07-SC"
761502;2026-03-29;"domingo";"10:40:00";"GO";452;187;"ITUMBIARA";"Demais falhas mecânicas ou elétricas";"Incêndio";"Sem Vítimas";"Pleno dia";"Crescente";"Céu Claro";"Simples";"Reta";"Não";1;0;0;0;1;0;0;1;-18,38153324;-49,34659392;"SPRF-GO";"DEL03-GO";"UOP02-DEL03-GO"
761503;2026-03-29;"domingo";"09:00:00";"RS";158;102,2;"PALMEIRA DAS MISSOES";"Ausência de reação do condutor";"Colisão frontal";"Com Vítimas Fatais";"Pleno dia";"Crescente";"Céu Claro";"Simples";"Curva";"Não";3;1;0;0;1;1;0;3;-27,916241;-53,335781;"SPRF-RS";"DEL08-RS";"UOP01-DEL08-RS"
761505;2026-03-29;"domingo";"11:28:00";"PE";101;67;"RECIFE";"Ultrapassagem Indevida";"Colisão lateral mesmo sentido";"Com Vítimas Feridas";"Pleno dia";"Decrescente";"Sol";"Múltipla";"Reta";"Sim";5;0;2;0;2;1;2;4;-8,046062;-34,944855;"SPRF-PE";"DEL01-PE";"UOP01-DEL01-PE"
761508;2026-03-09;"segunda-feira";"23:15:00";"SC";282;315,6;"VARGEM";"Frear bruscamente";"Colisão traseira";"Com Vítimas Feridas";"Plena Noite";"Decrescente";"Céu Claro";"Simples";"Reta;Declive";"Não";3;0;0;1;1;1;1;3;-27,442932;-51,007825;"SPRF-SC";"DEL07-SC";"UOP06-DEL07-SC"
761518;2026-03-29;"domingo";"14:00:00";"SP";153;293;"OCAUCU";"Manobra de mudança de faixa";"Eventos atípicos";"Com Vítimas Feridas";"Pleno dia";"Crescente";"Céu Claro";"Simples";"Declive";"Não";1;0;0;1;0;0;1;1;-22,523;-49,889;"SPRF-SP";"DEL07-SP";"UOP02-DEL07-SP"
761519;2026-03-29;"domingo";"14:00:00";"MG";116;688,5;"MURIAE";"Velocidade Incompatível";"Tombamento";"Com Vítimas Feridas";"Pleno dia";"Crescente";"Sol";"Simples";"Declive;Curva";"Não";2;0;1;0;0;1;1;2;-21,00407362;-42,36757278;"SPRF-MG";"DEL07-MG";"UOP02-DEL07-MG"
761526;2026-03-29;"domingo";"15:20:00";"MG";381;871;"POUSO ALEGRE";"Condutor Dormindo";"Colisão lateral mesmo sentido";"Com Vítimas Feridas";"Pleno dia";"Crescente";"Céu Claro";"Dupla";"Reta";"Sim";4;0;2;0;1;1;2;3;-22,396917;-45,959943;"SPRF-MG";"DEL16-MG";"UOP01-DEL16-MG"
761534;2026-03-29;"domingo";"16:05:00";"MA";135;225,1;"PERITORO";"Acessar a via sem observar a presença dos outros veículos";"Colisão transversal";"Com Vítimas Feridas";"Pleno dia";"Crescente";"Céu Claro";"Simples";"Reta";"Sim";3;0;0;1;1;2;1;4;-4,3729418;-44,34191465;"SPRF-MA";"DEL03-MA";"UOP01-DEL03-MA"
761539;2026-03-29;"domingo";"17:10:00";"SP";116;290;"ITAPECERICA DA SERRA";"Reação tardia ou ineficiente do condutor";"Colisão traseira";"Sem Vítimas";"Plena Noite";"Decrescente";"Nublado";"Dupla";"Reta";"Não";3;0;0;0;2;2;0;4;-23,721402;-46,886927;"SPRF-SP";"DEL04-SP";"UOP01-DEL04-SP"
761540;2026-03-29;"domingo";"16:00:00";"BA";116;499,8;"SANTA TERESINHA";"Pista Escorregadia";"Colisão frontal";"Com Vítimas Feridas";"Pleno dia";"Crescente";"Nublado";"Simples";"Reta";"Não";3;0;1;0;1;1;1;3;-12,601182;-39,54551339;"SPRF-BA";"DEL02-BA";"UOP01-DEL02-BA"
761543;2026-03-29;"domingo";"17:00:00";"MG";40;592,6;"ITABIRITO";"Velocidade Incompatível";"Colisão com objeto";"Com Vítimas Feridas";"Pleno dia";"Decrescente";"Nublado";"Dupla";"Declive;Reta";"Não";4;0;0;1;2;1;1;3;-20,38031412;-43,907547;"SPRF-MG";"DEL05-MG";"UOP02-DEL05-MG"
761546;2026-03-29;"domingo";"14:40:00";"MG";116;557,1;"MANHUACU";"Ausência de reação do condutor";"Colisão frontal";"Com Vítimas Feridas";"Pleno dia";"Decrescente";"Chuva";"Simples";"Declive;Reta";"Não";7;0;2;0;4;1;2;4;-20,05369052;-42,17524052;"SPRF-MG";"DEL06-MG";"UOP03-DEL06-MG"
761553;2026-03-29;"domingo";"16:57:00";"TO";153;198;"NOVA OLINDA";"Reação tardia ou ineficiente do condutor";"Colisão traseira";"Com Vítimas Feridas";"Pleno dia";"Decrescente";"Céu Claro";"Simples";"Reta";"Sim";2;0;1;0;1;0;1;2;-7,63830049;-48,42753975;"SPRF-TO";"DEL02-TO";"UOP01-DEL02-TO"
761554;2026-03-29;"domingo";"17:30:00";"PR";163;139,8;"CAPITAO LEONIDAS MARQUES";"Curva acentuada";"Tombamento";"Com Vítimas Feridas";"Pleno dia";"Decrescente";"Céu Claro";"Simples";"Curva";"Não";2;0;1;0;0;2;1;3;-25,477667;-53,590898;"SPRF-PR";"DEL05-PR";"UOP05-DEL05-PR"
761563;2026-03-29;"domingo";"15:30:00";"BA";242;200;"ITABERABA";"Ultrapassagem Indevida";"Colisão lateral sentido oposto";"Com Vítimas Feridas";"Pleno dia";"Decrescente";"Nublado";"Simples";"Reta";"Não";5;0;1;0;1;9;1;11;-12,5205516;-40,04815221;"SPRF-BA";"DEL06-BA";"UOP02-DEL06-BA"
761576;2026-03-29;"domingo";"17:44:00";"MS";163;719;"RIO VERDE DE MATO GROSSO";"Ausência de reação do condutor";"Saída de leito carroçável";"Com Vítimas Feridas";"Anoitecer";"Crescente";"Céu Claro";"Simples";"Declive;Reta";"Não";2;0;1;0;0;1;1;2;-18,59438;-54,77225;"SPRF-MS";"DEL06-MS";"UOP01-DEL06-MS"
761583;2026-03-29;"domingo";"19:00:00";"PR";116;98;"SAO JOSE DOS PINHAIS";"Ingestão de álcool pelo condutor";"Colisão lateral mesmo sentido";"Sem Vítimas";"Plena Noite";"Crescente";"Céu Claro";"Dupla";"Reta";"Sim";4;0;0;0;1;3;0;4;-25,55402289;-49,14993206;"SPRF-PR";"DEL01-PR";"UOP07-DEL01-PR"
761584;2026-03-29;"domingo";"18:35:00";"MG";40;568,5;"NOVA LIMA";"Trafegar com motocicleta (ou similar) entre as faixas";"Colisão lateral sentido oposto";"Com Vítimas Feridas";"Plena Noite";"Crescente";"Nublado";"Simples";"Curva;Aclive";"Não";4;0;0;2;1;1;2;3;-20,19216606;-43,97162229;"SPRF-MG";"DEL01-MG";"UOP02-DEL01-MG"
761593;2026-03-29;"domingo";"19:00:00";"MG";381;449;"BELO HORIZONTE";"Condutor deixou de manter distância do veículo da frente";"Colisão traseira";"Com Vítimas Feridas";"Plena Noite";"Decrescente";"Nublado";"Dupla";"Reta";"Sim";4;0;3;0;1;0;3;2;-19,84537752;-43,88664722;"SPRF-MG";"DEL01-MG";"UOP01-DEL01-MG"
761594;2026-03-28;"sábado";"21:30:00";"BA";101;612;"MASCOTE";"Velocidade Incompatível";"Tombamento";"Com Vítimas Feridas";"Plena Noite";"Decrescente";"Céu Claro";"Simples";"Curva";"Não";2;0;1;0;0;1;1;2;-15,59794552;-39,43004374;"SPRF-BA";"DEL05-BA";"UOP02-DEL05-BA"
761595;2026-03-29;"domingo";"20:20:00";"GO";60;93;"ANAPOLIS";"Reação tardia ou ineficiente do condutor";"Tombamento";"Com Vítimas Feridas";"Plena Noite";"Decrescente";"Céu Claro";"Simples";"Declive;Rotatória;Curva";"Não";2;0;1;0;0;1;1;2;-16,354944;-48,929756;"SPRF-GO";"DEL02-GO";"UOP01-DEL02-GO"
761601;2026-03-29;"domingo";"20:55:00";"PR";376;341;"ORTIGUEIRA";"Manobra de mudança de faixa";"Colisão lateral sentido oposto";"Sem Vítimas";"Plena Noite";"Decrescente";"Céu Claro";"Simples";"Reta;Aclive";"Não";9;0;0;0;7;2;0;5;-24,15731;-50,97319;"SPRF-PR";"DEL07-PR";"UOP02-DEL07-PR"
761604;2026-03-29;"domingo";"18:20:00";"MA";230;422,9;"BALSAS";"Ultrapassagem Indevida";"Colisão frontal";"Com Vítimas Fatais";"Anoitecer";"Decrescente";"Céu Claro";"Simples";"Reta";"Não";6;1;3;1;1;0;4;4;-7,470052;-46,203372;"SPRF-MA";"DEL05-MA";"UOP01-DEL05-MA"
761612;2026-03-29;"domingo";"21:30:00";"MG";50;26,8;"ARAGUARI";"Ausência de reação do condutor";"Colisão traseira";"Com Vítimas Feridas";"Plena Noite";"Crescente";"Céu Claro";"Dupla";"Reta;Declive";"Não";4;0;1;0;2;1;1;3;-18,610853;-48,075416;"SPRF-MG";"DEL15-MG";"UOP02-DEL15-MG"
761620;2026-03-29;"domingo";"22:40:00";"PR";373;174;"PONTA GROSSA";"Ingestão de álcool pelo condutor";"Colisão frontal";"Sem Vítimas";"Plena Noite";"Crescente";"Ignorado";"Dupla";"Curva";"Sim";2;0;0;0;1;1;0;2;-25,065273;-50,212887;"SPRF-PR";"DEL03-PR";"UOP01-DEL03-PR"
761623;2026-03-29;"domingo";"19:15:00";"PR";373;412;"CANDOI";"Acessar a via sem observar a presença dos outros veículos";"Colisão transversal";"Com Vítimas Feridas";"Plena Noite";"Crescente";"Céu Claro";"Simples";"Reta";"Não";3;0;0;1;1;3;1;5;-25,65406095;-52,11223125;"SPRF-PR";"DEL08-PR";"UOP01-DEL08-PR"
761626;2026-03-29;"domingo";"23:12:00";"TO";153;178;"ARAGUAINA";"Demais falhas mecânicas ou elétricas";"Incêndio";"Sem Vítimas";"Plena Noite";"Decrescente";"Céu Claro";"Simples";"Reta";"Não";2;0;0;0;1;2;0;3;-7,47478259;-48,37673712;"SPRF-TO";"DEL02-TO";"UOP01-DEL02-TO"
761633;2026-03-29;"domingo";"23:55:00";"CE";20;382;"CAUCAIA";"Transitar na contramão";"Colisão frontal";"Com Vítimas Fatais";"Plena Noite";"Crescente";"Céu Claro";"Simples";"Reta";"Não";3;1;0;0;1;1;0;3;-3,897967;-38,838927;"SPRF-CE";"DEL01-CE";"UOP01-DEL01-CE"
761644;2026-03-30;"segunda-feira";"00:10:00";"MG";381;421,5;"CAETE";"Reação tardia ou ineficiente do condutor";"Colisão traseira";"Com Vítimas Feridas";"Plena Noite";"Crescente";"Céu Claro";"Dupla";"Aclive;Reta";"Não";3;0;0;1;1;1;1;3;-19,79546541;-43,67607303;"SPRF-MG";"DEL01-MG";"UOP01-DEL01-MG"
761649;2026-03-30;"segunda-feira";"04:30:00";"RJ";101;67;"CAMPOS DOS GOYTACAZES";"Manobra de mudança de faixa";"Colisão frontal";"Com Vítimas Feridas";"Amanhecer";"Decrescente";"Nevoeiro/Neblina";"Simples";"Reta";"Sim";2;0;1;0;1;0;1;2;-21,77308029;-41,359339591;"SPRF-RJ";"DEL08-RJ";"UOP02-DEL08-RJ"
761651;2026-03-29;"domingo";"19:30:00";"PA";10;134;"PARAGOMINAS";"Manobra de mudança de faixa";"Colisão frontal";"Sem Vítimas";"Plena Noite";"Crescente";"Céu Claro";"Simples";"Reta";"Não";2;0;0;0;2;0;0;2;-3,2685021;-47,4710903;"SPRF-PA";"DEL02-PA";"UOP01-DEL02-PA"
761656;2026-03-30;"segunda-feira";"04:30:00";"PA";163;74;"ALTAMIRA";"Ausência de reação do condutor";"Colisão traseira";"Com Vítimas Feridas";"Plena Noite";"Crescente";"Céu Claro";"Simples";"Reta";"Não";3;0;1;0;1;4;1;6;-8,9714;-54,9796;"SPRF-MT";"DEL06-MT";"UOP03-DEL06-MT"
761658;2026-03-30;"segunda-feira";"06:00:00";"SP";381;88;"SAO PAULO";"Manobra de mudança de faixa";"Colisão lateral mesmo sentido";"Sem Vítimas";"Pleno dia";"Crescente";"Céu Claro";"Dupla";"Reta";"Sim";2;0;0;0;1;1;0;2;-23,4319444;-46,575825;"SPRF-SP";"DEL03-SP";"UOP01-DEL03-SP"
761659;2026-03-30;"segunda-feira";"05:00:00";"MG";381;889,3;"CAMBUI";"Condutor Dormindo";"Atropelamento de Pedestre";"Com Vítimas Fatais";"Plena Noite";"Decrescente";"Ignorado";"Dupla";"Curva";"Não";2;1;0;0;0;1;0;2;-22,53354392;-46,03338754;"SPRF-MG";"DEL16-MG";"UOP01-DEL16-MG"
761662;2026-03-29;"domingo";"15:00:00";"PR";153;125;"IBAITI";"Velocidade Incompatível";"Tombamento";"Com Vítimas Feridas";"Pleno dia";"Decrescente";"Céu Claro";"Simples";"Curva;Aclive";"Não";2;0;1;0;0;3;1;4;-23,967365;-50,235083;"SPRF-PR";"DEL07-PR";"UOP04-DEL07-PR"
761663;2026-03-30;"segunda-feira";"05:35:00";"PR";277;8,9;"PARANAGUA";"Ausência de reação do condutor";"Saída de leito carroçável";"Com Vítimas Feridas";"Pleno dia";"Decrescente";"Céu Claro";"Dupla";"Reta;Aclive";"Não";2;0;1;0;0;3;1;4;-25,566403;-48,605812;"SPRF-PR";"DEL01-PR";"UOP05-DEL01-PR"
761667;2026-03-30;"segunda-feira";"01:55:00";"BA";116;274;"TUCANO";"Demais Fenômenos da natureza";"Atropelamento de Pedestre";"Com Vítimas Fatais";"Plena Noite";"Decrescente";"Chuva";"Simples";"Aclive;Curva";"Sim";2;1;0;0;0;1;0;2;-10,969595;-38,790913;"SPRF-BA";"DEL07-BA";"UOP02-DEL07-BA"
761675;2026-03-29;"domingo";"22:10:00";"MG";40;19;"PARACATU";"Ausência de reação do condutor";"Colisão lateral sentido oposto";"Sem Vítimas";"Plena Noite";"Decrescente";"Céu Claro";"Simples";"Curva";"Não";2;0;0;0;2;0;0;2;-17,10842562;-47,0178787;"SPRF-MG";"DEL14-MG";"UOP01-DEL14-MG"
761678;2026-03-30;"segunda-feira";"07:30:00";"PE";101;74,7;"RECIFE";"Manobra de mudança de faixa";"Colisão lateral mesmo sentido";"Com Vítimas Feridas";"Pleno dia";"Decrescente";"Céu Claro";"Dupla";"Reta";"Sim";4;0;1;0;2;1;1;3;-8,08679505;-34,94631886;"SPRF-PE";"DEL01-PE";"UOP01-DEL01-PE"
761680;2026-03-30;"segunda-feira";"07:00:00";"PR";277;580,9;"CASCAVEL";"Desrespeitar a preferência no cruzamento";"Colisão transversal";"Com Vítimas Feridas";"Pleno dia";"Decrescente";"Sol";"Dupla";"Reta;Retorno Regulamentado";"Não";5;0;3;0;1;2;3;4;-24,9831158;-53,35676048;"SPRF-PR";"DEL04-PR";"UOP01-DEL04-PR"
761681;2026-03-30;"segunda-feira";"06:30:00";"SP";116;143;"SAO JOSE DOS CAMPOS";"Ausência de reação do condutor";"Engavetamento";"Com Vítimas Feridas";"Pleno dia";"Decrescente";"Nublado";"Dupla";"Reta";"Não";3;0;1;0;0;2;1;3;-23,1767155;-45,8340128;"SPRF-SP";"DEL02-SP";"UOP01-DEL02-SP"
761687;2026-03-02;"segunda-feira";"19:30:00";"BA";116;796,3;"VITORIA DA CONQUISTA";"Reação tardia ou ineficiente do condutor";"Colisão traseira";"Com Vítimas Feridas";"Plena Noite";"Crescente";"Nevoeiro/Neblina";"Simples";"Reta";"Não";6;0;2;2;2;0;4;2;-14,731218;-40,641182;"SPRF-BA";"DEL08-BA";"UOP02-DEL08-BA"
761696;2026-03-30;"segunda-feira";"00:39:00";"PA";163;484;"ITAITUBA";"Reação tardia ou ineficiente do condutor";"Tombamento";"Sem Vítimas";"Plena Noite";"Crescente";"Céu Claro";"Simples";"Declive;Reta";"Não";1;0;0;0;0;1;0;1;-5,643904;-55,79045;"SPRF-PA";"DEL05-PA";"UOP03-DEL05-PA"
761702;2026-03-30;"segunda-feira";"09:21:00";"MG";40;567,7;"NOVA LIMA";"Reação tardia ou ineficiente do condutor";"Colisão lateral sentido oposto";"Com Vítimas Fatais";"Pleno dia";"Decrescente";"Nublado";"Simples";"Reta;Declive";"Sim";8;1;3;1;1;2;4;5;-20,189114;-43,96965;"SPRF-MG";"DEL01-MG";"UOP02-DEL01-MG"
761709;2026-03-30;"segunda-feira";"09:07:00";"MG";365;625,8;"UBERLANDIA";"Ausência de reação do condutor";"Colisão lateral mesmo sentido";"Com Vítimas Feridas";"Pleno dia";"Crescente";"Céu Claro";"Dupla";"Ponte";"Sim";4;0;1;0;3;0;1;3;-18,91007241;-48,30612302;"SPRF-MG";"DEL15-MG";"UOP01-DEL15-MG"
761711;2026-03-30;"segunda-feira";"08:25:00";"GO";60;89,3;"ANAPOLIS";"Ausência de reação do condutor";"Colisão traseira";"Sem Vítimas";"Pleno dia";"Crescente";"Céu Claro";"Simples";"Interseção de Vias;Curva";"Sim";2;0;0;0;2;0;0;2;-16,33696541;-48,89666855;"SPRF-GO";"DEL02-GO";"UOP01-DEL02-GO"
761717;2026-03-30;"segunda-feira";"09:00:00";"ES";101;297;"VIANA";"Condutor deixou de manter distância do veículo da frente";"Colisão lateral mesmo sentido";"Com Vítimas Feridas";"Pleno dia";"Crescente";"Céu Claro";"Dupla";"Reta";"Sim";7;0;1;0;5;1;1;7;-20,351;-40,413;"SPRF-ES";"DEL01-ES";"UOP01-DEL01-ES"
761719;2026-03-30;"segunda-feira";"08:00:00";"MG";381;570,5;"ITAGUARA";"Ausência de reação do condutor";"Saída de leito carroçável";"Com Vítimas Feridas";"Pleno dia";"Decrescente";"Céu Claro";"Dupla";"Curva";"Não";2;0;1;0;0;1;1;2;-20,422093;-44,537028;"SPRF-MG";"DEL04-MG";"UOP03-DEL04-MG"
761726;2026-03-30;"segunda-feira";"00:25:00";"BA";101;609;"MASCOTE";"Velocidade Incompatível";"Saída de leito carroçável";"Com Vítimas Feridas";"Plena Noite";"Decrescente";"Nevoeiro/Neblina";"Simples";"Curva";"Não";3;0;2;0;0;1;2;2;-15,578195;-39,408345;"SPRF-BA";"DEL05-BA";"UOP02-DEL05-BA"
761729;2026-03-30;"segunda-feira";"11:40:00";"SC";101;195;"BIGUACU";"Demais falhas mecânicas ou elétricas";"Saída de leito carroçável";"Com Vítimas Feridas";"Pleno dia";"Decrescente";"Nublado";"Múltipla";"Reta";"Sim";1;0;1;0;0;0;1;1;-27,51006038;-48,64409208;"SPRF-SC";"DEL01-SC";"UOP01-DEL01-SC"
761733;2026-03-30;"segunda-feira";"10:30:00";"SC";280;216,5;"TRES BARRAS";"Ultrapassagem Indevida";"Colisão frontal";"Com Vítimas Fatais";"Pleno dia";"Decrescente";"Céu Claro";"Simples";"Reta";"Não";3;1;0;1;0;1;1;3;-26,17841813;-50,23108272;"SPRF-SC";"DEL06-SC";"UOP04-DEL06-SC"
761737;2026-03-30;"segunda-feira";"08:15:00";"MS";163;18;"MUNDO NOVO";"Acessar a via sem observar a presença dos outros veículos";"Colisão transversal";"Sem Vítimas";"Pleno dia";"Crescente";"Céu Claro";"Simples";"Reta";"Sim";4;0;0;0;3;2;0;4;-23,94;-54,3;"SPRF-MS";"DEL09-MS";"UOP02-DEL09-MS"
761744;2026-03-30;"segunda-feira";"08:15:00";"MG";116;127,7;"ITAOBIM";"Demais falhas mecânicas ou elétricas";"Tombamento";"Com Vítimas Feridas";"Pleno dia";"Decrescente";"Nublado";"Simples";"Declive;Curva";"Não";2;0;1;0;0;1;1;2;-16,668792;-41,500388;"SPRF-MG";"DEL11-MG";"UOP02-DEL11-MG"
761746;2026-03-30;"segunda-feira";"11:44:00";"TO";153;402;"MIRANORTE";"Condutor deixou de manter distância do veículo da frente";"Colisão traseira";"Com Vítimas Feridas";"Pleno dia";"Crescente";"Nublado";"Simples";"Declive;Reta";"Não";3;0;1;0;1;4;1;6;-9,433602;-48,574228;"SPRF-TO";"DEL02-TO";"UOP02-DEL02-TO"
761750;2026-03-30;"segunda-feira";"08:00:00";"MT";163;850;"SINOP";"Demais falhas mecânicas ou elétricas";"Colisão com objeto";"Com Vítimas Feridas";"Pleno dia";"Crescente";"Céu Claro";"Simples";"Reta;Em Obras";"Não";3;0;0;2;0;3;2;5;-11,725861;-55,460035;"SPRF-MT";"DEL06-MT";"UOP02-DEL06-MT"
761754;2026-03-30;"segunda-feira";"09:10:00";"RS";158;261,4;"JULIO DE CASTILHOS";"Ausência de reação do condutor";"Colisão lateral sentido oposto";"Com Vítimas Feridas";"Pleno dia";"Decrescente";"Céu Claro";"Simples";"Reta";"Não";4;0;1;0;2;4;1;7;-29,213872;-53,671664;"SPRF-RS";"DEL10-RS";"UOP02-DEL10-RS"
761761;2026-03-10;"terça-feira";"09:30:00";"MS";163;138,6;"NAVIRAI";"Demais falhas mecânicas ou elétricas";"Incêndio";"Sem Vítimas";"Pleno dia";"Decrescente";"Nublado";"Simples";"Reta";"Não";2;0;0;0;1;2;0;3;-23,009522;-54,334193;"SPRF-MS";"DEL09-MS";"UOP01-DEL09-MS"
761765;2026-03-30;"segunda-feira";"11:30:00";"BA";242;425;"SEABRA";"Mal súbito do condutor";"Colisão frontal";"Com Vítimas Feridas";"Pleno dia";"Decrescente";"Céu Claro";"Simples";"Reta";"Não";3;0;1;0;2;0;1;2;-12,40011373;-41,87756538;"SPRF-BA";"DEL06-BA";"UOP01-DEL06-BA"
761769;2026-02-13;"sexta-feira";"08:00:00";"PE";101;71,8;"RECIFE";"Acessar a via sem observar a presença dos outros veículos";"Colisão traseira";"Com Vítimas Fatais";"Pleno dia";"Decrescente";"Nublado";"Dupla";"Reta";"Sim";2;1;0;0;1;0;0;2;-8,08414;-34,94426;"SPRF-PE";"DEL01-PE";"UOP01-DEL01-PE"
761770;2026-03-30;"segunda-feira";"12:30:00";"MT";364;474;"JANGADA";"Demais falhas mecânicas ou elétricas";"Tombamento";"Com Vítimas Feridas";"Pleno dia";"Decrescente";"Céu Claro";"Simples";"Curva";"Não";2;0;1;0;0;2;1;3;-15,38550667;-56,39568686;"SPRF-MT";"DEL01-MT";"UOP02-DEL01-MT"
761778;2026-03-30;"segunda-feira";"06:30:00";"RN";101;13;"TOUROS";"Condutor Dormindo";"Saída de leito carroçável";"Com Vítimas Feridas";"Pleno dia";"Decrescente";"Céu Claro";"Simples";"Reta";"Não";2;0;1;0;1;0;1;1;-5,26858;-35,47293;"SPRF-RN";"DEL02-RN";"UOP01-DEL02-RN"
761780;2026-02-14;"sábado";"17:15:00";"BA";235;348;"JUAZEIRO";"Acessar a via sem observar a presença dos outros veículos";"Colisão transversal";"Com Vítimas Feridas";"Pleno dia";"Crescente";"Céu Claro";"Dupla";"Reta";"Sim";3;0;0;1;1;1;1;3;-9,448127;-40,48738;"SPRF-PE";"DEL06-PE";"UOP01-DEL06-PE"
761781;2026-03-30;"segunda-feira";"14:30:00";"SP";116;302;"SAO LOURENCO DA SERRA";"Ausência de reação do condutor";"Colisão lateral mesmo sentido";"Com Vítimas Feridas";"Pleno dia";"Decrescente";"Céu Claro";"Dupla";"Reta";"Não";4;0;2;0;1;2;2;4;-23,81358593;-46,92309089;"SPRF-SP";"DEL04-SP";"UOP01-DEL04-SP"
761785;2026-03-30;"segunda-feira";"08:40:00";"MT";364;342,7;"SANTO ANTONIO DO LEVERGER";"Problema com o freio";"Engavetamento";"Com Vítimas Feridas";"Pleno dia";"Crescente";"Céu Claro";"Dupla";"Declive;Curva";"Não";4;0;1;0;3;0;1;3;-15,81532198;-55,53836489;"SPRF-MT";"DEL05-MT";"UOP02-DEL05-MT"
761788;2026-03-30;"segunda-feira";"15:30:00";"RJ";393;170;"TRES RIOS";"Ausência de reação do condutor";"Tombamento";"Com Vítimas Feridas";"Pleno dia";"Decrescente";"Céu Claro";"Simples";"Curva";"Não";2;0;1;0;0;1;1;2;-22,12494796;-43,18279836;"SPRF-RJ";"DEL05-RJ";"UOP03-DEL05-RJ"
761791;2026-03-30;"segunda-feira";"16:10:00";"TO";153;135;"ARAGUAINA";"Reação tardia ou ineficiente do condutor";"Atropelamento de Pedestre";"Com Vítimas Fatais";"Pleno dia";"Decrescente";"Nublado";"Simples";"Reta";"Sim";3;1;0;0;1;1;0;3;-7,135601;-48,200529;"SPRF-TO";"DEL02-TO";"UOP01-DEL02-TO"
761802;2026-03-30;"segunda-feira";"16:05:00";"SC";280;151,9;"MAFRA";"Reação tardia ou ineficiente do condutor";"Colisão lateral sentido oposto";"Sem Vítimas";"Pleno dia";"Crescente";"Chuva";"Simples";"Reta";"Não";3;0;0;0;1;3;0;4;-26,22907;-49,70504;"SPRF-SC";"DEL06-SC";"UOP03-DEL06-SC"
761805;2026-03-30;"segunda-feira";"17:00:00";"PR";116;119;"CURITIBA";"Reação tardia ou ineficiente do condutor";"Colisão transversal";"Com Vítimas Feridas";"Pleno dia";"Crescente";"Sol";"Dupla";"Declive;Reta";"Sim";4;0;0;1;2;2;1;5;-25,579747;-49,312958;"SPRF-PR";"DEL01-PR";"UOP03-DEL01-PR"
761806;2026-03-30;"segunda-feira";"17:30:00";"PI";135;360;"BOM JESUS";"Ultrapassagem Indevida";"Colisão frontal";"Com Vítimas Fatais";"Anoitecer";"Decrescente";"Nublado";"Simples";"Curva";"Não";9;2;3;2;1;1;5;4;-9,136885;-44,38976;"SPRF-PI";"DEL03-PI";"UOP02-DEL03-PI"
761807;2026-03-30;"segunda-feira";"16:40:00";"PE";101;61;"RECIFE";"Condutor deixou de manter distância do veículo da frente";"Colisão traseira";"Sem Vítimas";"Anoitecer";"Crescente";"Nublado";"Dupla";"Reta";"Sim";3;0;0;0;1;2;0;3;-7,99573;-34,93912;"SPRF-PE";"DEL01-PE";"UOP02-DEL01-PE"