"id";"data_inversa";"dia_semana";"horario";"uf";"br";"km";"municipio";"causa_acidente";"tipo_acidente";"classificacao_acidente";"fase_dia";"sentido_via";"condicao_metereologica";"tipo_pista";"tracado_via";"uso_solo";"pessoas";"mortos";"feridos_leves";"feridos_graves";"ilesos";"ignorados";"feridos";"veiculos";"latitude";"longitude";"regional";"delegacia";"uop"
762112;2026-03-16;"segunda-feira";"06:40:00";"BA";324;622;"SALVADOR";"Condutor deixou de manter distância do veículo da frente";"Tombamento";"Sem Vítimas";"Pleno dia";"Crescente";"Céu Claro";"Dupla";"Reta";"Sim";4;0;0;0;2;2;0;3;-12,929689;-38,46975;"SPRF-BA";"DEL01-BA";"UOP01-DEL01-BA"
762170;2026-03-20;"sexta-feira";"19:50:00";"MG";40;584;"ITABIRITO";"Condutor deixou de manter distância do veículo da frente";"Colisão traseira";"Com Vítimas Fatais";"Plena Noite";"Crescente";"Chuva";"Simples";"Curva";"Não";5;1;1;0;3;0;1;4;-20,32443141;-43,93075943;"SPRF-MG";"DEL01-MG";"UOP02-DEL01-MG"
762174;2026-03-22;"domingo";"07:45:00";"MT";163;937;"ITAUBA";"Transitar na contramão";"Colisão frontal";"Com Vítimas Fatais";"Pleno dia";"Decrescente";"Céu Claro";"Simples";"Curva";"Não";4;1;0;1;1;3;1;5;-10,995675;-55,24294667;"SPRF-MT";"DEL06-MT";"UOP02-DEL06-MT"
762188;2026-03-12;"quinta-feira";"23:50:00";"MS";163;792;"PEDRO GOMES";"Ausência de reação do condutor";"Colisão traseira";"Com Vítimas Feridas";"Plena Noite";"Crescente";"Céu Claro";"Simples";"Aclive;Reta";"Não";3;0;1;0;1;2;1;4;-18,02800596;-54,68297839;"SPRF-MS";"DEL06-MS";"UOP01-DEL06-MS"
762323;2026-03-21;"sábado";"13:30:00";"GO";452;20;"RIO VERDE";"Reação tardia ou ineficiente do condutor";"Colisão com objeto";"Com Vítimas Feridas";"Pleno dia";"Crescente";"Ignorado";"Dupla";"Curva";"Não";2;0;0;1;0;1;1;2;-17,868265;-50,734198;"SPRF-GO";"DEL04-GO";"UOP01-DEL04-GO"
762330;2026-03-20;"sexta-feira";"20:10:00";"RJ";40;124;"RIO DE JANEIRO";"Manobra de mudança de faixa";"Colisão lateral mesmo sentido";"Com Vítimas Feridas";"Plena Noite";"Decrescente";"Céu Claro";"Dupla";"Reta";"Sim";4;0;3;0;1;0;3;3;-22,81184743;-43,2878684;"SPRF-RJ";"DEL01-RJ";"UOP02-DEL01-RJ"
762352;2026-03-15;"domingo";"11:00:00";"MT";163;850,9;"SINOP";"Retorno proibido";"Saída de leito carroçável";"Com Vítimas Feridas";"Pleno dia";"Decrescente";"Céu Claro";"Simples";"Reta";"Não";3;0;2;0;1;0;2;2;-11,72258725;-55,45915604;"SPRF-MT";"DEL06-MT";"UOP02-DEL06-MT"
762381;2026-03-30;"segunda-feira";"04:00:00";"PE";101;51,6;"PAULISTA";"Velocidade Incompatível";"Tombamento";"Com Vítimas Feridas";"Pleno dia";"Crescente";"Céu Claro";"Dupla";"Viaduto";"Sim";2;0;1;0;0;1;1;2;-7,921047;-34,892063;"SPRF-PE";"DEL01-PE";"UOP02-DEL01-PE"
762382;2026-03-09;"segunda-feira";"21:30:00";"AL";101;80;"RIO LARGO";"Demais falhas mecânicas ou elétricas";"Tombamento";"Com Vítimas Feridas";"Plena Noite";"Crescente";"Ignorado";"Dupla";"Aclive;Curva";"Não";2;0;1;0;0;1;1;2;-9,447061;-35,846499;"SPRF-AL";"DEL01-AL";"UOP01-DEL01-AL"
762386;2026-03-29;"domingo";"15:30:00";"PR";476;232;"LAPA";"Demais falhas mecânicas ou elétricas";"Incêndio";"Sem Vítimas";"Pleno dia";"Crescente";"Céu Claro";"Simples";"Reta";"Não";1;0;0;0;1;0;0;1;-25,78975226;-49,85640337;"SPRF-PR";"DEL02-PR";"UOP03-DEL02-PR"
762394;2026-03-31;"terça-feira";"21:30:00";"RJ";116;254,3;"PIRAI";"Avarias e/ou desgaste excessivo no pneu";"Capotamento";"Com Vítimas Feridas";"Plena Noite";"Crescente";"Nublado";"Múltipla";"Curva";"Não";6;0;1;0;4;2;1;6;-22,57798641;-43,98643598;"SPRF-RJ";"DEL07-RJ";"UOP01-DEL07-RJ"
762436;2026-03-09;"segunda-feira";"12:23:00";"SC";282;389;"JOACABA";"Objeto estático sobre o leito carroçável";"Derramamento de carga";"Com Vítimas Feridas";"Pleno dia";"Crescente";"Sol";"Simples";"Curva;Aclive";"Não";2;0;0;1;0;1;1;2;-27,179819;-51,536911;"SPRF-SC";"DEL07-SC";"UOP05-DEL07-SC"
762581;2026-03-14;"sábado";"09:14:00";"SC";101;10,8;"GARUVA";"Manobra de mudança de faixa";"Colisão traseira";"Com Vítimas Feridas";"Pleno dia";"Crescente";"Céu Claro";"Dupla";"Reta";"Sim";5;0;1;0;3;1;1;3;-26,07753941;-48,86142536;"SPRF-SC";"DEL03-SC";"UOP01-DEL03-SC"
762591;2026-03-22;"domingo";"18:45:00";"PA";163;250;"NOVO PROGRESSO";"Velocidade Incompatível";"Saída de leito carroçável";"Sem Vítimas";"Plena Noite";"Decrescente";"Ignorado";"Simples";"Reta";"Não";2;0;0;0;0;2;0;2;-7,08862768;-55,40250778;"SPRF-PA";"DEL05-PA";"UOP03-DEL05-PA"
762598;2026-02-02;"segunda-feira";"15:45:00";"MG";381;943;"EXTREMA";"Reação tardia ou ineficiente do condutor";"Colisão traseira";"Com Vítimas Feridas";"Pleno dia";"Crescente";"Céu Claro";"Múltipla";"Reta";"Sim";3;0;0;1;1;3;1;5;-22,8383866;-46,32810686;"SPRF-MG";"DEL16-MG";"UOP03-DEL16-MG"
762604;2026-03-30;"segunda-feira";"05:20:00";"PI";407;427;"PICOS";"Reação tardia ou ineficiente do condutor";"Colisão transversal";"Com Vítimas Feridas";"Amanhecer";"Crescente";"Céu Claro";"Simples";"Reta";"Sim";3;0;1;0;2;0;1;2;-7,11108;-41,411838;"SPRF-PI";"DEL04-PI";"UOP01-DEL04-PI"
762640;2026-03-21;"sábado";"21:45:00";"MS";163;110,3;"ITAQUIRAI";"Acessar a via sem observar a presença dos outros veículos";"Colisão lateral mesmo sentido";"Com Vítimas Feridas";"Plena Noite";"Decrescente";"Céu Claro";"Dupla";"Reta;Retorno Regulamentado";"Não";7;0;5;0;1;1;5;3;-23,16765453;-54,19913705;"SPRF-MS";"DEL09-MS";"UOP01-DEL09-MS"
762652;2026-03-08;"domingo";"10:25:00";"MA";226;563;"PORTO FRANCO";"Transitar na contramão";"Saída de leito carroçável";"Com Vítimas Feridas";"Pleno dia";"Crescente";"Nublado";"Simples";"Reta";"Não";3;0;0;1;0;4;1;5;-6,31653;-47,32396;"SPRF-MA";"DEL04-MA";"UOP02-DEL04-MA"
762666;2026-03-18;"quarta-feira";"08:30:00";"BA";110;352;"CATU";"Velocidade Incompatível";"Capotamento";"Com Vítimas Feridas";"Pleno dia";"Decrescente";"Sol";"Simples";"Curva";"Não";3;0;2;0;0;1;2;2;-12,247113;-38,396845;"SPRF-BA";"DEL01-BA";"UOP04-DEL01-BA"
762977;2026-03-26;"quinta-feira";"13:00:00";"BA";116;495,8;"RAFAEL JAMBEIRO";"Transitar na contramão";"Colisão frontal";"Com Vítimas Feridas";"Pleno dia";"Crescente";"Céu Claro";"Simples";"Aclive";"Sim";7;0;5;0;1;1;5;3;-12,5830849;-39,52154014;"SPRF-BA";"DEL02-BA";"UOP01-DEL02-BA"
763197;2026-03-26;"quinta-feira";"13:10:00";"BA";116;504,8;"SANTA TERESINHA";"Sinalização mal posicionada";"Colisão traseira";"Com Vítimas Feridas";"Pleno dia";"Crescente";"Céu Claro";"Simples";"Curva";"Não";3;0;1;0;0;2;1;3;-12,62852244;-39,59605618;"SPRF-BA";"DEL02-BA";"UOP01-DEL02-BA"
763435;2026-02-27;"sexta-feira";"01:55:00";"MG";40;433;"PARAOPEBA";"Manobra de mudança de faixa";"Saída de leito carroçável";"Com Vítimas Feridas";"Plena Noite";"Decrescente";"Céu Claro";"Dupla";"Reta";"Não";1;0;1;0;0;0;1;1;-19,2568363;-44,42035678;"SPRF-MG";"DEL02-MG";"UOP01-DEL02-MG"
763475;2026-03-06;"sexta-feira";"15:22:00";"MS";267;473;"GUIA LOPES DA LAGUNA";"Velocidade Incompatível";"Colisão lateral mesmo sentido";"Sem Vítimas";"Pleno dia";"Crescente";"Céu Claro";"Dupla";"Curva";"Não";6;0;0;0;5;2;0;5;-21,44313228;-56,09571253;"SPRF-MS";"DEL05-MS";"UOP01-DEL05-MS"
763584;2026-03-29;"domingo";"14:51:00";"MS";163;288;"DOURADINA";"Transitar na contramão";"Colisão lateral sentido oposto";"Com Vítimas Feridas";"Pleno dia";"Crescente";"Céu Claro";"Simples";"Reta";"Não";5;0;1;0;2;2;1;4;-22,0845958;-54,570558;"SPRF-MS";"DEL04-MS";"UOP01-DEL04-MS"
763591;2026-03-18;"quarta-feira";"16:40:00";"RJ";40;117;"DUQUE DE CAXIAS";"Reação tardia ou ineficiente do condutor";"Colisão com objeto";"Com Vítimas Feridas";"Pleno dia";"Crescente";"Nublado";"Dupla";"Reta";"Sim";4;0;2;0;1;1;2;3;-22,75255777;-43,28769279;"SPRF-RJ";"DEL01-RJ";"UOP02-DEL01-RJ"
763641;2026-03-30;"segunda-feira";"17:30:00";"SC";470;55;"BLUMENAU";"Reação tardia ou ineficiente do condutor";"Colisão lateral mesmo sentido";"Sem Vítimas";"Pleno dia";"Crescente";"Nublado";"Múltipla";"Interseção de Vias";"Não";2;0;0;0;2;0;0;2;-26,87387006;-49,1136059;"SPRF-SC";"DEL04-SC";"UOP01-DEL04-SC"
763675;2026-03-23;"segunda-feira";"06:55:00";"DF";40;2,5;"BRASILIA";"Velocidade Incompatível";"Colisão traseira";"Com Vítimas Feridas";"Pleno dia";"Decrescente";"Céu Claro";"Dupla";"Reta";"Sim";3;0;1;0;1;1;1;3;-15,99208475;-47,98628703;"SPRF-DF";"DEL01-DF";"UOP01-DEL01-DF"
763697;2026-03-26;"quinta-feira";"12:10:00";"AL";101;29;"JOAQUIM GOMES";"Ausência de reação do condutor";"Colisão frontal";"Com Vítimas Feridas";"Pleno dia";"Crescente";"Garoa/Chuvisco";"Simples";"Curva";"Não";4;0;3;0;0;2;3;4;-9,077485;-35,743659;"SPRF-AL";"DEL01-AL";"UOP02-DEL01-AL"
763735;2026-03-14;"sábado";"12:00:00";"RJ";116;142;"DUQUE DE CAXIAS";"Ultrapassagem Indevida";"Colisão lateral mesmo sentido";"Com Vítimas Feridas";"Pleno dia";"Crescente";"Nublado";"Simples";"Reta";"Não";2;0;0;1;1;0;1;2;-22,64718636;-43,22633777;"SPRF-RJ";"DEL01-RJ";"UOP02-DEL01-RJ"
763777;2026-03-19;"quinta-feira";"11:40:00";"GO";153;656;"GOIATUBA";"Condutor deixou de manter distância do veículo da frente";"Colisão traseira";"Com Vítimas Fatais";"Pleno dia";"Crescente";"Nublado";"Dupla";"Aclive;Reta";"Não";3;1;0;1;1;0;1;2;-18,0281751;-49,2640262;"SPRF-GO";"DEL03-GO";"UOP01-DEL03-GO"
763803;2026-02-01;"domingo";"07:28:00";"PA";163;209;"NOVO PROGRESSO";"Transitar na contramão";"Colisão lateral sentido oposto";"Sem Vítimas";"Pleno dia";"Decrescente";"Céu Claro";"Simples";"Curva";"Não";4;0;0;0;0;10;0;10;-7,89388822;-55,17764211;"SPRF-PA";"DEL05-PA";"UOP03-DEL05-PA"
763882;2026-03-28;"sábado";"12:30:00";"PE";104;75,9;"CARUARU";"Transitar na contramão";"Colisão lateral sentido oposto";"Com Vítimas Fatais";"Pleno dia";"Crescente";"Chuva";"Simples";"Reta";"Não";6;1;2;2;0;1;4;2;-8,36887;-35,98456;"SPRF-PE";"DEL02-PE";"UOP01-DEL02-PE"
763896;2026-03-02;"segunda-feira";"00:10:00";"BA";116;570;"BREJOES";"Demais falhas mecânicas ou elétricas";"Colisão lateral mesmo sentido";"Com Vítimas Feridas";"Plena Noite";"Decrescente";"Garoa/Chuvisco";"Simples";"Aclive;Reta";"Não";2;0;0;1;0;1;1;2;-13,0293526;-39,96222687;"SPRF-BA";"DEL03-BA";"UOP02-DEL03-BA"
763916;2026-03-12;"quinta-feira";"16:40:00";"SC";470;2,2;"NAVEGANTES";"Condutor deixou de manter distância do veículo da frente";"Colisão traseira";"Com Vítimas Feridas";"Pleno dia";"Decrescente";"Nublado";"Dupla";"Reta";"Não";3;0;1;0;0;2;1;3;-26,87729852;-48,6665353;"SPRF-SC";"DEL04-SC";"UOP04-DEL04-SC"
763940;2026-02-20;"sexta-feira";"11:10:00";"PR";277;440,5;"VIRMOND";"Velocidade Incompatível";"Tombamento";"Com Vítimas Feridas";"Pleno dia";"Decrescente";"Céu Claro";"Simples";"Curva;Declive";"Não";2;0;1;0;0;1;1;2;-25,37709;-52,25369;"SPRF-PR";"DEL04-PR";"UOP02-DEL04-PR"
763945;2026-01-23;"sexta-feira";"10:20:00";"RJ";101;330;"RIO DE JANEIRO";"Ausência de reação do condutor";"Colisão lateral mesmo sentido";"Sem Vítimas";"Pleno dia";"Crescente";"Chuva";"Dupla";"Reta";"Sim";4;0;0;0;3;1;0;3;-22,86858331;-43,17935944;"SPRF-RJ";"DEL02-RJ";"UOP01-DEL02-RJ"
763967;2026-03-23;"segunda-feira";"09:00:00";"BA";242;415;"SEABRA";"Demais falhas mecânicas ou elétricas";"Colisão traseira";"Com Vítimas Feridas";"Pleno dia";"Decrescente";"Chuva";"Simples";"Reta;Ponte;Declive";"Sim";9;0;3;0;4;5;3;12;-12,428138;-41,776041;"SPRF-BA";"DEL06-BA";"UOP01-DEL06-BA"
763969;2026-01-25;"domingo";"22:40:00";"SP";116;348;"MIRACATU";"Reação tardia ou ineficiente do condutor";"Tombamento";"Com Vítimas Feridas";"Plena Noite";"Crescente";"Chuva";"Dupla";"Curva;Aclive";"Não";1;0;1;0;0;0;1;1;-24,04933134;-47,20004657;"SPRF-SP";"DEL04-SP";"UOP03-DEL04-SP"
764386;2026-03-17;"terça-feira";"18:40:00";"GO";20;107;"FLORES DE GOIAS";"Ultrapassagem Indevida";"Colisão frontal";"Com Vítimas Fatais";"Anoitecer";"Crescente";"Céu Claro";"Simples";"Reta";"Não";2;1;0;0;1;0;0;2;-14,911802;-46,939768;"SPRF-DF";"DEL02-DF";"UOP03-DEL02-DF"
764651;2026-03-19;"quinta-feira";"12:30:00";"RJ";393;257,2;"BARRA DO PIRAI";"Ausência de reação do condutor";"Colisão lateral sentido oposto";"Com Vítimas Fatais";"Pleno dia";"Crescente";"Nublado";"Simples";"Reta";"Não";5;1;1;0;2;3;1;7;-22,462602;-43,852819;"SPRF-RJ";"DEL05-RJ";"UOP04-DEL05-RJ"
764661;2026-03-05;"quinta-feira";"01:21:00";"MT";163;1056;"GUARANTA DO NORTE";"Pista esburacada";"Colisão lateral sentido oposto";"Com Vítimas Feridas";"Plena Noite";"Crescente";"Nevoeiro/Neblina";"Simples";"Reta";"Não";3;0;0;1;1;3;1;5;-10,028307;-54,90944;"SPRF-MT";"DEL06-MT";"UOP03-DEL06-MT"
764670;2026-03-12;"quinta-feira";"13:00:00";"PA";163;30;"NOVO PROGRESSO";"Demais falhas mecânicas ou elétricas";"Incêndio";"Com Vítimas Feridas";"Pleno dia";"Crescente";"Céu Claro";"Simples";"Reta";"Não";2;0;1;0;0;3;1;4;-9,27720222;-54,82679368;"SPRF-MT";"DEL06-MT";"UOP03-DEL06-MT"
764851;2026-03-16;"segunda-feira";"12:15:00";"BA";324;556;"AMELIA RODRIGUES";"Ausência de reação do condutor";"Engavetamento";"Com Vítimas Fatais";"Pleno dia";"Crescente";"Céu Claro";"Dupla";"Reta";"Não";12;1;5;0;5;3;5;14;-12,482922;-38,666562;"SPRF-BA";"DEL11-BA";"UOP02-DEL11-BA"
764984;2026-03-17;"terça-feira";"10:30:00";"MG";459;47,7;"SANTA RITA DE CALDAS";"Acessar a via sem observar a presença dos outros veículos";"Tombamento";"Com Vítimas Feridas";"Pleno dia";"Crescente";"Céu Claro";"Simples";"Reta";"Não";2;0;1;0;1;0;1;2;-22,02548;-46,30523;"SPRF-MG";"DEL09-MG";"UOP01-DEL09-MG"
764987;2026-03-18;"quarta-feira";"04:30:00";"RJ";116;99;"GUAPIMIRIM";"Velocidade Incompatível";"Tombamento";"Com Vítimas Feridas";"Plena Noite";"Crescente";"Céu Claro";"Simples";"Curva";"Não";1;0;1;0;0;0;1;1;-22,48608366;-43,00135366;"SPRF-RJ";"DEL04-RJ";"UOP01-DEL04-RJ"
765016;2026-02-21;"sábado";"19:00:00";"TO";226;19;"PALMEIRAS DO TOCANTINS";"Manobra de mudança de faixa";"Colisão frontal";"Com Vítimas Fatais";"Plena Noite";"Crescente";"Nublado";"Simples";"Reta";"Não";5;2;1;0;1;1;1;4;-6,630418;-47,610815;"SPRF-TO";"DEL02-TO";"UOP03-DEL02-TO"
765018;2026-03-20;"sexta-feira";"15:15:00";"MG";251;271;"SALINAS";"Ausência de reação do condutor";"Colisão traseira";"Com Vítimas Fatais";"Pleno dia";"Decrescente";"Nublado";"Simples";"Reta";"Não";4;2;1;0;0;3;1;5;-15,986703;-42,030335;"SPRF-MG";"DEL12-MG";"UOP02-DEL12-MG"
765065;2026-03-18;"quarta-feira";"00:10:00";"PR";116;108;"CURITIBA";"Transitar na contramão";"Colisão frontal";"Com Vítimas Feridas";"Plena Noite";"Crescente";"Céu Claro";"Dupla";"Reta";"Não";2;0;1;0;1;0;1;2;-25,561783;-49,260793;"SPRF-PR";"DEL01-PR";"UOP03-DEL01-PR"
765159;2026-03-12;"quinta-feira";"02:58:00";"MG";365;593;"ARAGUARI";"Demais falhas mecânicas ou elétricas";"Incêndio";"Sem Vítimas";"Plena Noite";"Decrescente";"Céu Claro";"Simples";"Aclive";"Não";2;0;0;0;1;1;0;2;-18,88259469;-48,04415703;"SPRF-MG";"DEL15-MG";"UOP02-DEL15-MG"
765268;2026-02-22;"domingo";"12:50:00";"BA";324;607;"SIMOES FILHO";"Reação tardia ou ineficiente do condutor";"Engavetamento";"Com Vítimas Feridas";"Pleno dia";"Decrescente";"Chuva";"Dupla";"Declive;Reta";"Sim";28;0;5;1;21;2;6;16;-12,8134523;-38,4050931;"SPRF-BA";"DEL01-BA";"UOP01-DEL01-BA"
765271;2026-02-27;"sexta-feira";"02:45:00";"SP";116;349;"MIRACATU";"Demais falhas mecânicas ou elétricas";"Incêndio";"Sem Vítimas";"Plena Noite";"Decrescente";"Garoa/Chuvisco";"Dupla";"Reta;Aclive";"Não";2;0;0;0;1;1;0;2;-24,056167;-47,219607;"SPRF-SP";"DEL04-SP";"UOP03-DEL04-SP"
765331;2026-03-18;"quarta-feira";"09:00:00";"MG";251;262;"SALINAS";"Reação tardia ou ineficiente do condutor";"Tombamento";"Com Vítimas Feridas";"Pleno dia";"Crescente";"Céu Claro";"Simples";"Reta";"Não";2;0;1;0;0;2;1;3;-16,005091;-41,929665;"SPRF-MG";"DEL12-MG";"UOP02-DEL12-MG"
765432;2026-03-31;"terça-feira";"18:19:00";"TO";226;22,8;"PALMEIRAS DO TOCANTINS";"Acessar a via sem observar a presença dos outros veículos";"Colisão transversal";"Com Vítimas Feridas";"Plena Noite";"Crescente";"Céu Claro";"Simples";"Reta";"Não";3;0;0;1;1;1;1;3;-6,635464;-47,641233;"SPRF-TO";"DEL02-TO";"UOP03-DEL02-TO"
765663;2026-03-31;"terça-feira";"05:30:00";"MG";40;462,9;"SETE LAGOAS";"Manobra de mudança de faixa";"Colisão traseira";"Com Vítimas Fatais";"Plena Noite";"Crescente";"Céu Claro";"Dupla";"Declive;Reta";"Não";5;1;0;0;3;1;0;4;-19,42187162;-44,3388918;"SPRF-MG";"DEL02-MG";"UOP01-DEL02-MG"
765762;2026-01-23;"sexta-feira";"23:30:00";"SP";116;546;"BARRA DO TURVO";"Reação tardia ou ineficiente do condutor";"Engavetamento";"Com Vítimas Feridas";"Plena Noite";"Crescente";"Chuva";"Múltipla";"Declive;Curva";"Não";14;0;3;0;10;5;3;16;-24,94687279;-48,42780304;"SPRF-SP";"DEL05-SP";"UOP02-DEL05-SP"
765849;2026-03-09;"segunda-feira";"09:37:00";"SC";101;337;"TUBARAO";"Demais falhas mecânicas ou elétricas";"Colisão com objeto";"Com Vítimas Feridas";"Pleno dia";"Crescente";"Céu Claro";"Dupla";"Declive";"Sim";2;0;1;0;1;0;1;2;-28,4978;-49,0445;"SPRF-SC";"DEL02-SC";"UOP01-DEL02-SC"
765868;2026-02-06;"sexta-feira";"04:00:00";"MG";381;594,7;"CARMOPOLIS DE MINAS";"Ausência de reação do condutor";"Colisão traseira";"Com Vítimas Fatais";"Plena Noite";"Decrescente";"Nublado";"Dupla";"Aclive;Reta";"Não";14;1;7;5;0;1;12;2;-20,57430528;-44,68170829;"SPRF-MG";"DEL04-MG";"UOP01-DEL04-MG"
766314;2026-01-18;"domingo";"15:10:00";"ES";101;219;"IBIRACU";"Carga excessiva e/ou mal acondicionada";"Tombamento";"Com Vítimas Feridas";"Pleno dia";"Crescente";"Céu Claro";"Dupla";"Curva";"Não";2;0;1;0;0;1;1;2;-19,84140733;-40,38380226;"SPRF-ES";"DEL02-ES";"UOP01-DEL02-ES"
766853;2026-03-22;"domingo";"05:30:00";"AM";174;1075;"PRESIDENTE FIGUEIREDO";"Pista esburacada";"Tombamento";"Sem Vítimas";"Amanhecer";"Decrescente";"Céu Claro";"Simples";"Reta;Declive";"Não";2;0;0;0;1;3;0;4;-1,38904;-60,33663;"SPRF-AM";"DEL01-AM";"UOP02-DEL01-AM"
766913;2026-03-27;"sexta-feira";"07:20:00";"AL";101;51,8;"FLEXEIRAS";"Pista Escorregadia";"Tombamento";"Com Vítimas Fatais";"Pleno dia";"Decrescente";"Chuva";"Dupla";"Curva";"Não";2;1;1;0;0;0;1;1;-9,249097;-35,757556;"SPRF-AL";"DEL01-AL";"UOP02-DEL01-AL"
766939;2026-03-07;"sábado";"14:20:00";"PI";135;556,4;"SAO GONCALO DO GURGUEIA";"Reação tardia ou ineficiente do condutor";"Saída de leito carroçável";"Com Vítimas Feridas";"Pleno dia";"Crescente";"Céu Claro";"Simples";"Curva";"Não";2;0;1;0;0;1;1;2;-10,143192;-45,19908;"SPRF-PI";"DEL03-PI";"UOP02-DEL03-PI"
766983;2026-03-25;"quarta-feira";"13:30:00";"SP";116;539;"BARRA DO TURVO";"Reação tardia ou ineficiente do condutor";"Colisão traseira";"Com Vítimas Feridas";"Pleno dia";"Decrescente";"Céu Claro";"Dupla";"Reta";"Não";4;0;1;0;2;3;1;6;-24,96667328;-48,34468715;"SPRF-SP";"DEL05-SP";"UOP02-DEL05-SP"
767114;2026-03-10;"terça-feira";"01:00:00";"AM";319;614;"HUMAITA";"Demais falhas mecânicas ou elétricas";"Incêndio";"Sem Vítimas";"Plena Noite";"Crescente";"Ignorado";"Simples";"Reta";"Não";2;0;0;0;0;2;0;2;-7,20025;-63,133917;"SPRF-AM";"DEL01-AM";"UOP04-DEL01-AM"
767200;2026-03-24;"terça-feira";"00:55:00";"RN";304;123;"ITAJA";"Demais falhas mecânicas ou elétricas";"Incêndio";"Sem Vítimas";"Plena Noite";"Crescente";"Céu Claro";"Simples";"Reta;Declive";"Não";1;0;0;0;1;0;0;1;-5,65322719;-36,81724548;"SPRF-RN";"DEL04-RN";"UOP01-DEL04-RN"
767214;2026-03-15;"domingo";"15:00:00";"SC";101;259,2;"GAROPABA";"Manobra de mudança de faixa";"Colisão lateral mesmo sentido";"Com Vítimas Feridas";"Pleno dia";"Decrescente";"Céu Claro";"Múltipla";"Curva";"Não";3;0;2;0;1;0;2;2;-28,0179089;-48,69511914;"SPRF-SC";"DEL02-SC";"UOP03-DEL02-SC"
767313;2026-03-23;"segunda-feira";"17:00:00";"BA";101;397;"IBIRAPITANGA";"Velocidade Incompatível";"Tombamento";"Com Vítimas Feridas";"Anoitecer";"Decrescente";"Céu Claro";"Simples";"Declive;Curva";"Não";2;0;0;1;0;1;1;2;-13,98876292;-39,46604061;"SPRF-BA";"DEL05-BA";"UOP03-DEL05-BA"
746684;2026-01-19;"segunda-feira";"08:42:00";"PB";230;159;"CAMPINA GRANDE";"Ultrapassagem Indevida";"Colisão lateral mesmo sentido";"Com Vítimas Feridas";"Pleno dia";"Decrescente";"Céu Claro";"Dupla";"Desvio Temporário;Em Obras;Reta";"Sim";2;0;0;1;1;0;1;2;-7,253101;-35,932585;"SPRF-PB";"DEL02-PB";"UOP01-DEL02-PB"
747335;2026-01-22;"quinta-feira";"13:05:00";"RO";364;242,5;"CACOAL";"Demais falhas mecânicas ou elétricas";"Colisão com objeto";"Sem Vítimas";"Pleno dia";"Crescente";"Nublado";"Simples";"Reta;Declive";"Não";3;0;0;0;3;0;0;2;-11,440412;-61,492537;"SPRF-RO";"DEL02-RO";"UOP02-DEL02-RO"
747900;2026-01-25;"domingo";"06:00:00";"PB";230;165,7;"CAMPINA GRANDE";"Condutor deixou de manter distância do veículo da frente";"Colisão traseira";"Com Vítimas Feridas";"Pleno dia";"Crescente";"Nublado";"Simples";"Declive;Reta";"Sim";5;0;4;0;1;0;4;2;-7,20093;-35,952453;"SPRF-PB";"DEL02-PB";"UOP02-DEL02-PB"
747960;2026-01-25;"domingo";"17:54:00";"ES";101;277,4;"SERRA";"Demais falhas mecânicas ou elétricas";"Engavetamento";"Sem Vítimas";"Pleno dia";"Crescente";"Céu Claro";"Dupla";"Reta";"Não";4;0;0;0;2;2;0;4;-20,21496;-40,32358;"SPRF-ES";"DEL02-ES";"UOP01-DEL02-ES"
749936;2026-02-04;"quarta-feira";"05:50:00";"SE";101;117;"ITAPORANGA DAJUDA";"Ausência de reação do condutor";"Colisão traseira";"Com Vítimas Feridas";"Amanhecer";"Decrescente";"Céu Claro";"Dupla";"Reta";"Não";2;0;1;0;0;1;1;2;-11,0168416;-37,320441;"SPRF-SE";"DEL02-SE";"UOP01-DEL02-SE"
750969;2026-02-08;"domingo";"14:10:00";"BA";116;615;"JAGUAQUARA";"Ultrapassagem Indevida";"Colisão lateral mesmo sentido";"Com Vítimas Feridas";"Pleno dia";"Crescente";"Céu Claro";"Simples";"Reta;Declive";"Não";5;0;4;0;0;1;4;2;-13,48311873;-40,04241943;"SPRF-BA";"DEL03-BA";"UOP02-DEL03-BA"
752296;2026-02-14;"sábado";"10:45:00";"RO";319;140;"PORTO VELHO";"Condutor deixou de manter distância do veículo da frente";"Colisão traseira";"Com Vítimas Feridas";"Pleno dia";"Decrescente";"Nublado";"Múltipla";"Reta";"Sim";4;0;2;0;2;0;2;3;-8,74181539;-63,88953209;"SPRF-RO";"DEL01-RO";"UOP01-DEL01-RO"
753077;2026-02-18;"quarta-feira";"08:30:00";"CE";222;68;"SAO GONCALO DO AMARANTE";"Manobra de mudança de faixa";"Colisão frontal";"Com Vítimas Feridas";"Pleno dia";"Crescente";"Chuva";"Simples";"Reta";"Não";5;0;0;1;2;2;1;4;-3,671026;-39,196456;"SPRF-CE";"DEL01-CE";"UOP03-DEL01-CE"
754053;2026-02-22;"domingo";"22:10:00";"ES";101;57;"SAO MATEUS";"Reação tardia ou ineficiente do condutor";"Colisão traseira";"Sem Vítimas";"Plena Noite";"Crescente";"Céu Claro";"Simples";"Reta";"Não";3;0;0;0;3;0;0;2;-18,64894333;-39,87363195;"SPRF-ES";"DEL04-ES";"UOP02-DEL04-ES"
755838;2026-03-03;"terça-feira";"13:00:00";"PB";101;99;"CONDE";"Acessar a via sem observar a presença dos outros veículos";"Colisão transversal";"Com Vítimas Feridas";"Pleno dia";"Decrescente";"Céu Claro";"Dupla";"Reta";"Sim";3;0;1;1;0;1;2;2;-7,260607;-34,935795;"SPRF-PB";"DEL01-PB";"UOP01-DEL01-PB"