"id";"data_inversa";"dia_semana";"horario";"uf";"br";"km";"municipio";"causa_acidente";"tipo_acidente";"classificacao_acidente";"fase_dia";"sentido_via";"condicao_metereologica";"tipo_pista";"tracado_via";"uso_solo";"pessoas";"mortos";"feridos_leves";"feridos_graves";"ilesos";"ignorados";"feridos";"veiculos";"latitude";"longitude";"regional";"delegacia";"uop"
754819;2026-02-26;"quinta-feira";"11:20:00";"MS";463;0,1;"DOURADOS";"Transitar na contramão";"Colisão lateral sentido oposto";"Com Vítimas Feridas";"Pleno dia";"Decrescente";"Céu Claro";"Simples";"Reta";"Sim";4;0;1;0;2;1;1;3;-22,2590386;-54,80578601;"SPRF-MS";"DEL04-MS";"UOP01-DEL04-MS"
755506;2026-03-01;"domingo";"19:20:00";"BA";101;6;"RIO REAL";"Acessar a via sem observar a presença dos outros veículos";"Colisão transversal";"Com Vítimas Feridas";"Plena Noite";"Decrescente";"Nublado";"Simples";"Reta";"Não";3;0;1;0;1;1;1;3;-11,538342;-37,847298;"SPRF-SE";"DEL02-SE";"UOP03-DEL02-SE"
755558;2026-03-01;"domingo";"19:30:00";"BA";349;1021;"CORRENTINA";"Manobra de mudança de faixa";"Colisão frontal";"Com Vítimas Feridas";"Plena Noite";"Crescente";"Céu Claro";"Simples";"Reta";"Não";3;0;0;1;1;1;1;3;-13,62238121;-45,26744843;"SPRF-BA";"DEL10-BA";"UOP02-DEL10-BA"
755726;2026-03-02;"segunda-feira";"21:20:00";"SC";101;209,7;"SAO JOSE";"Reação tardia ou ineficiente do condutor";"Colisão traseira";"Com Vítimas Feridas";"Plena Noite";"Crescente";"Ignorado";"Dupla";"Declive;Reta";"Sim";5;0;3;0;1;1;3;4;-27,61421248;-48,64335028;"SPRF-SC";"DEL01-SC";"UOP01-DEL01-SC"
755795;2026-02-13;"sexta-feira";"14:15:00";"SC";470;53,5;"BLUMENAU";"Reação tardia ou ineficiente do condutor";"Colisão transversal";"Com Vítimas Feridas";"Pleno dia";"Decrescente";"Nublado";"Simples";"Em Obras;Curva";"Sim";3;0;1;0;1;1;1;3;-26,87031514;-49,10616159;"SPRF-SC";"DEL04-SC";"UOP01-DEL04-SC"
756258;2026-03-05;"quinta-feira";"15:00:00";"BA";349;1043;"CORRENTINA";"Velocidade Incompatível";"Saída de leito carroçável";"Sem Vítimas";"Pleno dia";"Decrescente";"Nublado";"Simples";"Reta";"Não";2;0;0;0;1;1;0;2;-13,63554669;-45,54834367;"SPRF-BA";"DEL10-BA";"UOP02-DEL10-BA"
756469;2026-03-06;"sexta-feira";"16:30:00";"AP";210;1,7;"MACAPA";"Pista esburacada";"Colisão lateral sentido oposto";"Com Vítimas Feridas";"Pleno dia";"Crescente";"Nublado";"Múltipla";"Reta";"Sim";3;0;1;0;1;1;1;3;0,08273364;-51,0783428;"SPRF-AP";"DEL01-AP";"UOP01-DEL01-AP"
756550;2026-03-06;"sexta-feira";"18:30:00";"PA";155;328;"MARABA";"Ausência de reação do condutor";"Colisão com objeto";"Com Vítimas Feridas";"Anoitecer";"Decrescente";"Céu Claro";"Simples";"Curva";"Não";3;0;0;1;1;1;1;3;-5,47965295;-49,0758816;"SPRF-PA";"DEL03-PA";"UOP01-DEL03-PA"
756561;2026-03-06;"sexta-feira";"21:00:00";"PR";116;110;"CURITIBA";"Reação tardia ou ineficiente do condutor";"Colisão traseira";"Sem Vítimas";"Plena Noite";"Crescente";"Céu Claro";"Dupla";"Reta";"Não";4;0;0;0;3;1;0;3;-25,56240253;-49,25891697;"SPRF-PR";"DEL01-PR";"UOP03-DEL01-PR"
757149;2026-03-09;"segunda-feira";"09:45:00";"SC";470;193;"POUSO REDONDO";"Ultrapassagem Indevida";"Colisão frontal";"Com Vítimas Feridas";"Pleno dia";"Crescente";"Chuva";"Simples";"Declive;Curva";"Não";6;0;1;0;4;1;1;4;-27,30202016;-50,08147113;"SPRF-SC";"DEL04-SC";"UOP02-DEL04-SC"
757609;2026-03-11;"quarta-feira";"10:00:00";"PE";424;17;"PEDRA";"Acessar a via sem observar a presença dos outros veículos";"Colisão traseira";"Com Vítimas Feridas";"Pleno dia";"Crescente";"Céu Claro";"Simples";"Reta";"Sim";4;0;1;0;2;1;1;3;-8,500062;-36,949117;"SPRF-PE";"DEL04-PE";"UOP02-DEL04-PE"
757862;2026-03-12;"quinta-feira";"06:00:00";"RO";364;649;"CANDEIAS DO JAMARI";"Reação tardia ou ineficiente do condutor";"Saída de leito carroçável";"Sem Vítimas";"Amanhecer";"Decrescente";"Céu Claro";"Simples";"Reta";"Não";2;0;0;0;1;1;0;2;-8,87138669;-63,44226837;"SPRF-RO";"DEL01-RO";"UOP04-DEL01-RO"
757936;2026-03-12;"quinta-feira";"22:59:00";"MG";50;52,5;"ARAGUARI";"Acumulo de água sobre o pavimento";"Capotamento";"Com Vítimas Feridas";"Plena Noite";"Crescente";"Chuva";"Dupla";"Declive";"Não";4;0;3;0;0;1;3;2;-18,75581423;-48,24074619;"SPRF-MG";"DEL15-MG";"UOP02-DEL15-MG"
758037;2026-03-13;"sexta-feira";"11:45:00";"SP";101;52;"UBATUBA";"Acessar a via sem observar a presença dos outros veículos";"Colisão transversal";"Com Vítimas Feridas";"Pleno dia";"Decrescente";"Nublado";"Simples";"Rotatória";"Sim";3;0;1;0;1;1;1;3;-23,46261121;-45,06416607;"SPRF-SP";"DEL06-SP";"UOP01-DEL06-SP"
758057;2026-02-02;"segunda-feira";"14:45:00";"GO";60;442;"JATAI";"Acumulo de água sobre o pavimento";"Saída de leito carroçável";"Com Vítimas Feridas";"Pleno dia";"Decrescente";"Garoa/Chuvisco";"Dupla";"Reta;Aclive";"Não";2;0;1;0;0;1;1;2;-17,843165;-51,455648;"SPRF-GO";"DEL05-GO";"UOP01-DEL05-GO"
758316;2026-03-14;"sábado";"14:10:00";"RR";174;582;"AMAJARI";"Demais falhas mecânicas ou elétricas";"Colisão com objeto";"Com Vítimas Feridas";"Pleno dia";"Crescente";"Céu Claro";"Simples";"Reta";"Não";6;0;1;0;4;1;1;4;3,46482585;-60,91094367;"SPRF-RR";"DEL01-RR";"UOP03-DEL01-RR"
758424;2026-03-15;"domingo";"02:11:00";"PB";101;118;"CAAPORA";"Avarias e/ou desgaste excessivo no pneu";"Colisão lateral mesmo sentido";"Com Vítimas Feridas";"Plena Noite";"Decrescente";"Céu Claro";"Dupla";"Aclive;Reta";"Não";8;0;2;0;5;1;2;3;-7,4253854;-34,9643356;"SPRF-PB";"DEL01-PB";"UOP01-DEL01-PB"
758631;2026-03-15;"domingo";"21:50:00";"RS";290;415;"SAO GABRIEL";"Ausência de reação do condutor";"Saída de leito carroçável";"Com Vítimas Feridas";"Plena Noite";"Crescente";"Céu Claro";"Simples";"Reta";"Não";6;0;3;0;2;1;3;2;-30,36235942;-54,29838181;"SPRF-RS";"DEL11-RS";"UOP02-DEL11-RS"
758770;2026-03-16;"segunda-feira";"15:55:00";"RS";116;254;"SAPUCAIA DO SUL";"Condutor deixou de manter distância do veículo da frente";"Colisão lateral mesmo sentido";"Com Vítimas Feridas";"Pleno dia";"Crescente";"Nublado";"Múltipla";"Reta";"Sim";3;0;2;0;0;1;2;3;-29,82258799;-51,17139816;"SPRF-RS";"DEL01-RS";"UOP02-DEL01-RS"
759041;2026-03-17;"terça-feira";"18:01:00";"RO";425;79;"NOVA MAMORE";"Desrespeitar a preferência no cruzamento";"Colisão transversal";"Com Vítimas Feridas";"Pleno dia";"Decrescente";"Céu Claro";"Simples";"Interseção de Vias";"Sim";5;0;2;0;1;2;2;4;-10,40868092;-65,32970578;"SPRF-RO";"DEL01-RO";"UOP03-DEL01-RO"
759404;2026-03-19;"quinta-feira";"18:00:00";"PR";116;17;"COLOMBO";"Ausência de reação do condutor";"Derramamento de carga";"Com Vítimas Feridas";"Anoitecer";"Crescente";"Nublado";"Dupla";"Declive;Reta";"Sim";3;0;1;0;1;1;1;3;-25,389214;-49,193327;"SPRF-PR";"DEL01-PR";"UOP02-DEL01-PR"
759609;2026-03-20;"sexta-feira";"13:10:00";"MT";364;208;"RONDONOPOLIS";"Manobra de mudança de faixa";"Colisão traseira";"Com Vítimas Feridas";"Pleno dia";"Crescente";"Sol";"Dupla";"Reta";"Não";4;0;1;2;0;1;3;3;-16,43914483;-54,67821123;"SPRF-MT";"DEL02-MT";"UOP01-DEL02-MT"
759633;2026-03-20;"sexta-feira";"17:08:00";"SC";282;30;"SANTO AMARO DA IMPERATRIZ";"Retorno proibido";"Colisão transversal";"Com Vítimas Feridas";"Pleno dia";"Decrescente";"Céu Claro";"Simples";"Curva";"Não";3;0;1;0;1;1;1;3;-27,6887;-48,7928;"SPRF-SC";"DEL01-SC";"UOP03-DEL01-SC"
759899;2026-03-21;"sábado";"21:50:00";"RS";290;311;"CACAPAVA DO SUL";"Transitar na contramão";"Colisão frontal";"Com Vítimas Feridas";"Pleno dia";"Decrescente";"Nublado";"Simples";"Reta";"Não";8;0;0;1;5;2;1;4;-30,34214352;-53,32602588;"SPRF-RS";"DEL09-RS";"UOP02-DEL09-RS"
759995;2026-03-22;"domingo";"07:40:00";"RN";406;11,9;"MACAU";"Reação tardia ou ineficiente do condutor";"Colisão traseira";"Com Vítimas Fatais";"Pleno dia";"Crescente";"Céu Claro";"Simples";"Reta";"Não";4;1;0;1;1;1;1;3;-5,173912;-36,543632;"SPRF-RN";"DEL02-RN";"UOP01-DEL02-RN"
760148;2026-03-22;"domingo";"17:15:00";"MG";40;759,7;"EWBANK DA CAMARA";"Velocidade Incompatível";"Saída de leito carroçável";"Sem Vítimas";"Pleno dia";"Decrescente";"Nublado";"Simples";"Curva";"Não";2;0;0;0;0;2;0;2;-21,53703;-43,51131;"SPRF-MG";"DEL05-MG";"UOP01-DEL05-MG"
760340;2026-03-23;"segunda-feira";"15:30:00";"SC";282;514;"XAXIM";"Reação tardia ou ineficiente do condutor";"Colisão traseira";"Sem Vítimas";"Pleno dia";"Decrescente";"Nublado";"Simples";"Aclive;Curva";"Não";4;0;0;0;3;1;0;3;-26,91628663;-52,49208067;"SPRF-SC";"DEL07-SC";"UOP01-DEL07-SC"
760412;2026-03-24;"terça-feira";"05:55:00";"GO";153;227;"HIDROLINA";"Animais na Pista";"Colisão lateral sentido oposto";"Com Vítimas Feridas";"Amanhecer";"Crescente";"Céu Claro";"Simples";"Reta";"Não";4;0;3;0;0;2;3;4;-14,749223;-49,252383;"SPRF-GO";"DEL07-GO";"UOP02-DEL07-GO"
760722;2026-03-25;"quarta-feira";"21:00:00";"MG";116;228;"TEOFILO OTONI";"Acumulo de água sobre o pavimento";"Saída de leito carroçável";"Com Vítimas Feridas";"Plena Noite";"Crescente";"Chuva";"Simples";"Curva";"Não";7;0;3;1;2;1;4;2;-17,47295274;-41,49448156;"SPRF-MG";"DEL11-MG";"UOP01-DEL11-MG"
761162;2026-03-27;"sexta-feira";"17:15:00";"SC";101;129,1;"CAMBORIU";"Demais falhas mecânicas ou elétricas";"Colisão com objeto";"Com Vítimas Fatais";"Pleno dia";"Crescente";"Nublado";"Dupla";"Reta";"Sim";3;1;1;0;0;1;1;3;-26,980968;-48,678322;"SPRF-SC";"DEL04-SC";"UOP03-DEL04-SC"
761266;2026-03-28;"sábado";"10:27:00";"DF";40;1;"BRASILIA";"Velocidade Incompatível";"Colisão traseira";"Com Vítimas Feridas";"Pleno dia";"Decrescente";"Céu Claro";"Dupla";"Reta";"Sim";4;0;1;0;1;2;1;4;-15,9876941;-47,98717529;"SPRF-DF";"DEL01-DF";"UOP01-DEL01-DF"
761716;2026-03-30;"segunda-feira";"10:40:00";"DF";70;7,1;"BRASILIA";"Manobra de mudança de faixa";"Colisão lateral mesmo sentido";"Com Vítimas Feridas";"Pleno dia";"Decrescente";"Céu Claro";"Dupla";"Aclive;Reta";"Sim";3;0;1;0;1;1;1;3;-15,78574939;-48,12008645;"SPRF-DF";"DEL03-DF";"UOP02-DEL03-DF"
761812;2026-03-30;"segunda-feira";"16:53:00";"PR";376;127,6;"ALTO PARANA";"Demais falhas mecânicas ou elétricas";"Saída de leito carroçável";"Com Vítimas Feridas";"Pleno dia";"Crescente";"Céu Claro";"Dupla";"Declive;Reta";"Não";4;0;3;0;0;1;3;2;-23,15738516;-52,26414554;"SPRF-PR";"DEL09-PR";"UOP02-DEL09-PR"
762007;2026-03-31;"terça-feira";"17:40:00";"GO";60;101,7;"ANAPOLIS";"Reação tardia ou ineficiente do condutor";"Colisão lateral mesmo sentido";"Com Vítimas Feridas";"Pleno dia";"Crescente";"Céu Claro";"Dupla";"Reta;Interseção de Vias";"Sim";3;0;1;0;1;1;1;3;-16,403438;-48,978603;"SPRF-GO";"DEL02-GO";"UOP01-DEL02-GO"
763976;2026-03-19;"quinta-feira";"04:00:00";"AL";316;136;"ESTRELA DE ALAGOAS";"Condutor Dormindo";"Saída de leito carroçável";"Sem Vítimas";"Plena Noite";"Crescente";"Céu Claro";"Simples";"Reta";"Não";2;0;0;0;1;1;0;2;-9,388102;-36,784495;"SPRF-AL";"DEL03-AL";"UOP01-DEL03-AL"
742884;2026-01-01;"quinta-feira";"00:05:00";"SC";101;145;"ITAPEMA";"Reação tardia ou ineficiente do condutor";"Queda de ocupante de veículo";"Com Vítimas Feridas";"Plena Noite";"Crescente";"Nublado";"Dupla";"Reta";"Sim";1;0;1;0;0;0;1;1;-27,08476806;-48,60635638;"SPRF-SC";"DEL04-SC";"UOP03-DEL04-SC"
742885;2026-01-01;"quinta-feira";"00:20:00";"PR";376;639,3;"TIJUCAS DO SUL";"Ingestão de álcool pelo condutor";"Saída de leito carroçável";"Sem Vítimas";"Plena Noite";"Decrescente";"Nublado";"Dupla";"Reta;Aclive";"Não";1;0;0;0;1;0;0;1;-25,783081;-49,120916;"SPRF-PR";"DEL01-PR";"UOP04-DEL01-PR"
742888;2026-01-01;"quinta-feira";"00:05:00";"MG";262;108;"SANTO ANTONIO DO GRAMA";"Animais na Pista";"Atropelamento de Animal";"Sem Vítimas";"Plena Noite";"Decrescente";"Céu Claro";"Simples";"Curva";"Não";1;0;0;0;1;0;0;1;-20,27038974;-42,57027627;"SPRF-MG";"DEL03-MG";"UOP03-DEL03-MG"
742889;2026-01-01;"quinta-feira";"00:10:00";"PR";376;174,4;"MARINGA";"Manobra de mudança de faixa";"Colisão lateral mesmo sentido";"Com Vítimas Feridas";"Plena Noite";"Decrescente";"Céu Claro";"Dupla";"Interseção de Vias;Reta";"Sim";3;0;1;1;1;0;2;2;-23,4157461;-51,95414022;"SPRF-PR";"DEL09-PR";"UOP01-DEL09-PR"
742891;2026-01-01;"quinta-feira";"01:10:00";"SC";101;164;"TIJUCAS";"Velocidade Incompatível";"Colisão traseira";"Com Vítimas Feridas";"Plena Noite";"Crescente";"Nublado";"Dupla";"Ponte;Declive";"Sim";3;0;2;0;0;1;2;2;-27,24354098;-48,63071172;"SPRF-SC";"DEL04-SC";"UOP03-DEL04-SC"
742892;2026-01-01;"quinta-feira";"01:30:00";"MG";381;480;"CONTAGEM";"Ausência de reação do condutor";"Colisão traseira";"Sem Vítimas";"Plena Noite";"Decrescente";"Chuva";"Múltipla";"Curva";"Não";2;0;0;0;2;0;0;2;-19,95826078;-44,0581546;"SPRF-MG";"DEL01-MG";"UOP03-DEL01-MG"
742893;2026-01-01;"quinta-feira";"00:45:00";"PE";232;251;"ARCOVERDE";"Ausência de reação do condutor";"Colisão traseira";"Com Vítimas Feridas";"Plena Noite";"Crescente";"Céu Claro";"Simples";"Reta";"Sim";2;0;1;0;1;0;1;2;-8,42342;-37,05349;"SPRF-PE";"DEL04-PE";"UOP02-DEL04-PE"
742894;2026-01-01;"quinta-feira";"02:00:00";"PR";376;650;"TIJUCAS DO SUL";"Ausência de reação do condutor";"Queda de ocupante de veículo";"Com Vítimas Feridas";"Plena Noite";"Decrescente";"Garoa/Chuvisco";"Dupla";"Reta;Declive";"Não";1;0;1;0;0;0;1;1;-25,845107;-49,07222;"SPRF-PR";"DEL01-PR";"UOP04-DEL01-PR"
742896;2026-01-01;"quinta-feira";"01:45:00";"SP";153;113;"UBARANA";"Ausência de reação do condutor";"Saída de leito carroçável";"Sem Vítimas";"Plena Noite";"Decrescente";"Nublado";"Simples";"Reta;Aclive";"Não";1;0;0;0;0;1;0;1;-21,14714743;-49,70374553;"SPRF-SP";"DEL09-SP";"UOP01-DEL09-SP"
742898;2026-01-01;"quinta-feira";"03:10:00";"PR";369;165,7;"CAMBE";"Ingestão de álcool pelo condutor";"Capotamento";"Com Vítimas Feridas";"Plena Noite";"Decrescente";"Garoa/Chuvisco";"Dupla";"Reta";"Sim";1;0;1;0;0;0;1;1;-23,29586717;-51,30167714;"SPRF-PR";"DEL07-PR";"UOP01-DEL07-PR"
742899;2026-01-01;"quinta-feira";"03:20:00";"RS";290;178,1;"BUTIA";"Ingestão de álcool pelo condutor";"Saída de leito carroçável";"Com Vítimas Feridas";"Plena Noite";"Crescente";"Céu Claro";"Simples";"Reta";"Não";1;0;0;1;0;0;1;1;-30,135532;-51,9983988;"SPRF-RS";"DEL02-RS";"UOP03-DEL02-RS"
742900;2026-01-01;"quinta-feira";"03:00:00";"SC";101;440,7;"SANTA ROSA DO SUL";"Ausência de reação do condutor";"Saída de leito carroçável";"Com Vítimas Feridas";"Plena Noite";"Crescente";"Céu Claro";"Múltipla";"Reta";"Não";3;0;2;0;1;0;2;1;-29,127957;-49,682176;"SPRF-SC";"DEL02-SC";"UOP02-DEL02-SC"
742901;2026-01-01;"quinta-feira";"03:15:00";"PB";230;1;"CABEDELO";"Ingestão de álcool pelo condutor";"Saída de leito carroçável";"Sem Vítimas";"Amanhecer";"Crescente";"Céu Claro";"Simples";"Reta";"Sim";1;0;0;0;0;1;0;1;-6,976325;-34,83149;"SPRF-PB";"DEL01-PB";"UOP01-DEL01-PB"
742902;2026-01-01;"quinta-feira";"03:10:00";"SC";101;58;"ARAQUARI";"Chuva";"Queda de ocupante de veículo";"Com Vítimas Feridas";"Plena Noite";"Decrescente";"Chuva";"Múltipla";"Declive;Reta";"Não";2;0;2;0;0;0;2;1;-26,4395075;-48,80195014;"SPRF-SC";"DEL03-SC";"UOP02-DEL03-SC"
742905;2026-01-01;"quinta-feira";"03:30:00";"PR";277;664,4;"MATELANDIA";"Ausência de reação do condutor";"Saída de leito carroçável";"Com Vítimas Feridas";"Plena Noite";"Crescente";"Céu Claro";"Dupla";"Reta";"Não";1;0;1;0;0;0;1;1;-25,25335616;-53,99593441;"SPRF-PR";"DEL05-PR";"UOP02-DEL05-PR"
742906;2026-01-01;"quinta-feira";"02:40:00";"PE";232;172;"BELO JARDIM";"Animais na Pista";"Atropelamento de Animal";"Com Vítimas Feridas";"Amanhecer";"Decrescente";"Céu Claro";"Simples";"Reta";"Não";2;0;1;0;0;1;1;1;-8,338803;-36,363531;"SPRF-PE";"DEL03-PE";"UOP02-DEL03-PE"
742907;2026-01-01;"quinta-feira";"03:40:00";"PB";230;83;"CALDAS BRANDAO";"Acesso irregular";"Saída de leito carroçável";"Com Vítimas Fatais";"Plena Noite";"Crescente";"Céu Claro";"Dupla";"Curva";"Não";1;1;0;0;0;0;0;1;-7,16305203;-35,34746158;"SPRF-PB";"DEL01-PB";"UOP02-DEL01-PB"
742909;2026-01-01;"quinta-feira";"04:30:00";"SC";282;600,7;"CUNHA PORA";"Demais falhas mecânicas ou elétricas";"Incêndio";"Sem Vítimas";"Plena Noite";"Crescente";"Garoa/Chuvisco";"Simples";"Reta";"Não";1;0;0;0;1;0;0;1;-26,8107449;-53,1678675;"SPRF-SC";"DEL07-SC";"UOP02-DEL07-SC"
742910;2026-01-01;"quinta-feira";"05:00:00";"MG";381;816;"CAREACU";"Velocidade Incompatível";"Saída de leito carroçável";"Com Vítimas Feridas";"Amanhecer";"Decrescente";"Chuva";"Dupla";"Curva";"Não";5;0;5;0;0;0;5;1;-22,0381175;-45,6848563;"SPRF-MG";"DEL16-MG";"UOP02-DEL16-MG"
742911;2026-01-01;"quinta-feira";"04:10:00";"SC";470;86,2;"RODEIO";"Ausência de reação do condutor";"Colisão com objeto";"Com Vítimas Feridas";"Plena Noite";"Crescente";"Chuva";"Simples";"Interseção de Vias";"Não";1;0;1;0;0;0;1;1;-26,9494734;-49,35932994;"SPRF-SC";"DEL04-SC";"UOP01-DEL04-SC"
742912;2026-01-01;"quinta-feira";"04:10:00";"PR";376;591,8;"CURITIBA";"Ausência de reação do condutor";"Saída de leito carroçável";"Com Vítimas Feridas";"Amanhecer";"Decrescente";"Chuva";"Dupla";"Viaduto;Reta;Declive;Interseção de Vias";"Sim";2;0;1;0;1;0;1;1;-25,4299937;-49,3660954;"SPRF-PR";"DEL01-PR";"UOP06-DEL01-PR"
742914;2026-01-01;"quinta-feira";"05:30:00";"PR";277;111,9;"CURITIBA";"Ausência de reação do condutor";"Saída de leito carroçável";"Com Vítimas Feridas";"Pleno dia";"Decrescente";"Garoa/Chuvisco";"Dupla";"Curva";"Não";1;0;1;0;0;0;1;1;-25,438017;-49,36575;"SPRF-PR";"DEL03-PR";"UOP03-DEL03-PR"
742915;2026-01-01;"quinta-feira";"05:00:00";"MG";153;165,8;"COMENDADOR GOMES";"Condutor Dormindo";"Colisão com objeto";"Sem Vítimas";"Amanhecer";"Decrescente";"Céu Claro";"Simples";"Curva;Interseção de Vias";"Não";1;0;0;0;0;1;0;1;-19,6707261;-48,98735046;"SPRF-MG";"DEL13-MG";"UOP02-DEL13-MG"
742916;2026-01-01;"quinta-feira";"04:40:00";"RS";448;22;"PORTO ALEGRE";"Reação tardia ou ineficiente do condutor";"Colisão com objeto";"Com Vítimas Fatais";"Plena Noite";"Crescente";"Céu Claro";"Dupla";"Curva";"Não";1;1;0;0;0;0;0;1;-29,97326666;-51,19911187;"SPRF-RS";"DEL01-RS";"UOP01-DEL01-RS"
742917;2026-01-01;"quinta-feira";"02:50:00";"MG";381;478;"CONTAGEM";"Pedestre andava na pista";"Atropelamento de Pedestre";"Com Vítimas Feridas";"Plena Noite";"Decrescente";"Garoa/Chuvisco";"Dupla";"Reta";"Sim";2;0;0;1;0;1;1;2;-19,96222023;-44,03901386;"SPRF-MG";"DEL01-MG";"UOP03-DEL01-MG"
742918;2026-01-01;"quinta-feira";"05:00:00";"MG";381;492,4;"BETIM";"Ultrapassagem Indevida";"Colisão traseira";"Sem Vítimas";"Amanhecer";"Crescente";"Céu Claro";"Múltipla";"Reta";"Sim";3;0;0;0;3;0;0;2;-19,96190795;-44,16185653;"SPRF-MG";"DEL01-MG";"UOP03-DEL01-MG"
742919;2026-01-01;"quinta-feira";"04:00:00";"PE";232;191;"SANHARO";"Curva acentuada";"Capotamento";"Com Vítimas Feridas";"Pleno dia";"Crescente";"Céu Claro";"Simples";"Curva";"Sim";3;0;1;0;2;0;1;2;-8,368075;-36,568699;"SPRF-PE";"DEL03-PE";"UOP02-DEL03-PE"
742920;2026-01-01;"quinta-feira";"05:40:00";"RJ";465;18;"NOVA IGUACU";"Reação tardia ou ineficiente do condutor";"Queda de ocupante de veículo";"Com Vítimas Feridas";"Pleno dia";"Crescente";"Céu Claro";"Simples";"Reta";"Sim";1;0;1;0;0;0;1;1;-22,8333677;-43,61393313;"SPRF-RJ";"DEL06-RJ";"UOP02-DEL06-RJ"
742923;2026-01-01;"quinta-feira";"04:30:00";"AL";101;138;"SAO MIGUEL DOS CAMPOS";"Reação tardia ou ineficiente do condutor";"Atropelamento de Pedestre";"Com Vítimas Feridas";"Amanhecer";"Crescente";"Céu Claro";"Dupla";"Reta";"Sim";2;0;0;1;1;0;1;2;-9,79595726;-36,10885112;"SPRF-AL";"DEL02-AL";"UOP01-DEL02-AL"
742924;2026-01-01;"quinta-feira";"02:40:00";"SP";381;13;"BRAGANCA PAULISTA";"Reação tardia ou ineficiente do condutor";"Colisão lateral mesmo sentido";"Sem Vítimas";"Plena Noite";"Decrescente";"Céu Claro";"Dupla";"Declive;Reta";"Não";2;0;0;0;2;0;0;2;-22,9331141;-46,4696481;"SPRF-SP";"DEL03-SP";"UOP02-DEL03-SP"
742925;2026-01-01;"quinta-feira";"05:03:00";"RJ";40;123;"DUQUE DE CAXIAS";"Ausência de reação do condutor";"Colisão com objeto";"Com Vítimas Feridas";"Pleno dia";"Crescente";"Nublado";"Dupla";"Reta";"Sim";1;0;1;0;0;0;1;1;-22,8035423;-43,2902216;"SPRF-RJ";"DEL01-RJ";"UOP02-DEL01-RJ"
742926;2026-01-01;"quinta-feira";"05:00:00";"TO";10;453,7;"PALMAS";"Reação tardia ou ineficiente do condutor";"Colisão traseira";"Com Vítimas Fatais";"Amanhecer";"Crescente";"Céu Claro";"Dupla";"Reta";"Sim";3;2;0;0;1;0;0;2;-10,31339;-48,29715;"SPRF-TO";"DEL01-TO";"UOP03-DEL01-TO"
742927;2026-01-01;"quinta-feira";"05:30:00";"PR";277;77,8;"CURITIBA";"Reação tardia ou ineficiente do condutor";"Colisão com objeto";"Com Vítimas Feridas";"Amanhecer";"Crescente";"Garoa/Chuvisco";"Dupla";"Reta";"Sim";1;0;1;0;0;0;1;1;-25,48211826;-49,19388056;"SPRF-PR";"DEL01-PR";"UOP07-DEL01-PR"
742929;2026-01-01;"quinta-feira";"04:30:00";"GO";153;493;"GOIANIA";"Ingestão de álcool pelo condutor";"Colisão com objeto";"Com Vítimas Feridas";"Plena Noite";"Crescente";"Céu Claro";"Dupla";"Reta";"Sim";4;0;0;1;1;2;1;2;-16,6420207;-49,2084792;"SPRF-GO";"DEL01-GO";"UOP01-DEL01-GO"
742930;2026-01-01;"quinta-feira";"01:45:00";"MG";40;787;"JUIZ DE FORA";"Reação tardia ou ineficiente do condutor";"Tombamento";"Com Vítimas Feridas";"Plena Noite";"Decrescente";"Céu Claro";"Simples";"Curva";"Não";2;0;2;0;0;0;2;1;-21,73099876;-43,43689442;"SPRF-MG";"DEL05-MG";"UOP01-DEL05-MG"
742931;2026-01-01;"quinta-feira";"05:10:00";"SP";101;25;"UBATUBA";"Velocidade Incompatível";"Tombamento";"Com Vítimas Feridas";"Amanhecer";"Decrescente";"Céu Claro";"Simples";"Curva";"Não";1;0;1;0;0;0;1;1;-23,35596734;-44,9460125;"SPRF-SP";"DEL06-SP";"UOP01-DEL06-SP"
742933;2026-01-01;"quinta-feira";"05:50:00";"SC";282;646,1;"SAO MIGUEL DO OESTE";"Reação tardia ou ineficiente do condutor";"Saída de leito carroçável";"Com Vítimas Feridas";"Amanhecer";"Decrescente";"Nublado";"Simples";"Aclive;Rotatória;Curva";"Sim";1;0;1;0;0;0;1;1;-26,76184901;-53,49965751;"SPRF-SC";"DEL07-SC";"UOP03-DEL07-SC"
742935;2026-01-01;"quinta-feira";"06:30:00";"SC";101;202,5;"SAO JOSE";"Reação tardia ou ineficiente do condutor";"Queda de ocupante de veículo";"Com Vítimas Feridas";"Pleno dia";"Decrescente";"Céu Claro";"Múltipla";"Reta";"Sim";2;0;2;0;0;0;2;1;-27,56128;-48,61657;"SPRF-SC";"DEL01-SC";"UOP01-DEL01-SC"
742937;2026-01-01;"quinta-feira";"05:20:00";"PR";277;6,7;"PARANAGUA";"Reação tardia ou ineficiente do condutor";"Saída de leito carroçável";"Sem Vítimas";"Amanhecer";"Crescente";"Chuva";"Dupla";"Reta";"Sim";1;0;0;0;0;1;0;1;-25,560798;-48,583137;"SPRF-PR";"DEL01-PR";"UOP05-DEL01-PR"
742939;2026-01-01;"quinta-feira";"06:30:00";"GO";40;12,9;"LUZIANIA";"Ausência de reação do condutor";"Colisão traseira";"Sem Vítimas";"Amanhecer";"Crescente";"Céu Claro";"Dupla";"Reta";"Sim";2;0;0;0;1;1;0;2;-16,15114396;-47,93982804;"SPRF-DF";"DEL01-DF";"UOP01-DEL01-DF"
742940;2026-01-01;"quinta-feira";"06:30:00";"RS";285;287,6;"PASSO FUNDO";"Ingestão de álcool pelo condutor";"Saída de leito carroçável";"Com Vítimas Feridas";"Pleno dia";"Crescente";"Céu Claro";"Simples";"Reta";"Sim";2;0;2;0;0;0;2;1;-28,23695191;-52,33131409;"SPRF-RS";"DEL08-RS";"UOP03-DEL08-RS"