"id";"data_inversa";"dia_semana";"horario";"uf";"br";"km";"municipio";"causa_acidente";"tipo_acidente";"classificacao_acidente";"fase_dia";"sentido_via";"condicao_metereologica";"tipo_pista";"tracado_via";"uso_solo";"pessoas";"mortos";"feridos_leves";"feridos_graves";"ilesos";"ignorados";"feridos";"veiculos";"latitude";"longitude";"regional";"delegacia";"uop"
742941;2026-01-01;"quinta-feira";"07:00:00";"PR";277;36,7;"MORRETES";"Reação tardia ou ineficiente do condutor";"Tombamento";"Com Vítimas Feridas";"Pleno dia";"Crescente";"Nublado";"Dupla";"Curva";"Sim";1;0;1;0;0;0;1;1;-25,57271066;-48,84305472;"SPRF-PR";"DEL01-PR";"UOP05-DEL01-PR"
742944;2026-01-01;"quinta-feira";"06:42:00";"DF";20;43;"BRASILIA";"Ausência de reação do condutor";"Colisão traseira";"Com Vítimas Feridas";"Pleno dia";"Crescente";"Céu Claro";"Dupla";"Aclive;Reta";"Não";11;0;2;2;7;0;4;2;-15,56833987;-47,45052337;"SPRF-DF";"DEL02-DF";"UOP01-DEL02-DF"
742946;2026-01-01;"quinta-feira";"06:20:00";"MG";381;894;"CAMBUI";"Reação tardia ou ineficiente do condutor";"Colisão com objeto";"Com Vítimas Feridas";"Pleno dia";"Crescente";"Céu Claro";"Dupla";"Reta;Aclive";"Sim";1;0;0;1;0;0;1;1;-22,581183;-46,045806;"SPRF-MG";"DEL16-MG";"UOP01-DEL16-MG"
742948;2026-01-01;"quinta-feira";"00:30:00";"PR";116;8;"QUATRO BARRAS";"Velocidade Incompatível";"Tombamento";"Sem Vítimas";"Plena Noite";"Decrescente";"Garoa/Chuvisco";"Dupla";"Reta";"Sim";1;0;0;0;0;1;0;1;-25,37000747;-49,11821934;"SPRF-PR";"DEL01-PR";"UOP02-DEL01-PR"
742950;2026-01-01;"quinta-feira";"06:40:00";"MG";381;778;"CAMPANHA";"Ausência de reação do condutor";"Saída de leito carroçável";"Com Vítimas Feridas";"Pleno dia";"Decrescente";"Céu Claro";"Dupla";"Curva";"Não";1;0;1;0;0;0;1;1;-21,8044508;-45,4739252;"SPRF-MG";"DEL16-MG";"UOP02-DEL16-MG"
742951;2026-01-01;"quinta-feira";"07:20:00";"RS";285;367,8;"SALDANHA MARINHO";"Ausência de reação do condutor";"Colisão com objeto";"Sem Vítimas";"Pleno dia";"Crescente";"Nublado";"Simples";"Curva;Declive";"Não";1;0;0;0;1;0;0;1;-28,3870346;-53,04277388;"SPRF-RS";"DEL08-RS";"UOP03-DEL08-RS"
742952;2026-01-01;"quinta-feira";"08:30:00";"SC";101;200,7;"SAO JOSE";"Manobra de mudança de faixa";"Saída de leito carroçável";"Com Vítimas Feridas";"Pleno dia";"Crescente";"Céu Claro";"Múltipla";"Reta";"Sim";2;0;0;1;0;1;1;2;-27,54518;-48,6202;"SPRF-SC";"DEL01-SC";"UOP01-DEL01-SC"
742953;2026-01-01;"quinta-feira";"07:40:00";"MG";381;494;"BETIM";"Ingestão de álcool pelo condutor";"Colisão traseira";"Sem Vítimas";"Pleno dia";"Decrescente";"Céu Claro";"Múltipla";"Reta";"Sim";2;0;0;0;2;0;0;2;-19,96561;-44,17592;"SPRF-MG";"DEL01-MG";"UOP03-DEL01-MG"
742955;2026-01-01;"quinta-feira";"08:10:00";"PI";343;339,1;"TERESINA";"Manobra de mudança de faixa";"Colisão lateral mesmo sentido";"Sem Vítimas";"Pleno dia";"Decrescente";"Céu Claro";"Dupla";"Reta";"Sim";2;0;0;0;2;0;0;2;-5,068117;-42,732077;"SPRF-PI";"DEL01-PI";"UOP01-DEL01-PI"
742956;2026-01-01;"quinta-feira";"08:08:00";"BA";324;2;"FEIRA DE SANTANA";"Reação tardia ou ineficiente do condutor";"Colisão traseira";"Com Vítimas Feridas";"Pleno dia";"Decrescente";"Céu Claro";"Dupla";"Reta";"Sim";3;0;1;1;0;1;2;2;-12,28554184;-38,95336244;"SPRF-BA";"DEL02-BA";"UOP01-DEL02-BA"
742957;2026-01-01;"quinta-feira";"07:30:00";"MG";262;876,7;"CAMPO FLORIDO";"Acessar a via sem observar a presença dos outros veículos";"Colisão transversal";"Sem Vítimas";"Pleno dia";"Crescente";"Céu Claro";"Simples";"Reta;Interseção de Vias";"Sim";3;0;0;0;3;0;0;2;-19,76855;-48,57772;"SPRF-MG";"DEL13-MG";"UOP01-DEL13-MG"
742959;2026-01-01;"quinta-feira";"08:10:00";"MS";163;823;"SONORA";"Ingestão de álcool pelo condutor";"Saída de leito carroçável";"Sem Vítimas";"Pleno dia";"Crescente";"Céu Claro";"Dupla";"Reta";"Não";1;0;0;0;0;1;0;1;-17,722508;-54,75555;"SPRF-MS";"DEL06-MS";"UOP01-DEL06-MS"
742961;2026-01-01;"quinta-feira";"07:20:00";"PR";116;26;"GUARAQUECABA";"Pista Escorregadia";"Saída de leito carroçável";"Com Vítimas Feridas";"Pleno dia";"Decrescente";"Garoa/Chuvisco";"Simples";"Curva";"Não";2;0;1;0;1;0;1;1;-25,1125;-48,47638;"SPRF-PR";"DEL01-PR";"UOP02-DEL01-PR"
742962;2026-01-01;"quinta-feira";"06:25:00";"PE";407;119;"PETROLINA";"Ingestão de álcool pelo condutor";"Atropelamento de Pedestre";"Com Vítimas Fatais";"Pleno dia";"Crescente";"Céu Claro";"Simples";"Reta";"Sim";3;2;0;0;0;1;0;2;-9,34791333;-40,55405569;"SPRF-PE";"DEL06-PE";"UOP01-DEL06-PE"
742963;2026-01-01;"quinta-feira";"07:00:00";"PI";402;75;"LUIS CORREIA";"Ausência de reação do condutor";"Queda de ocupante de veículo";"Com Vítimas Feridas";"Pleno dia";"Crescente";"Céu Claro";"Simples";"Reta";"Sim";1;0;0;1;0;0;1;1;-3,083721;-41,447665;"SPRF-PI";"DEL05-PI";"UOP01-DEL05-PI"
742964;2026-01-01;"quinta-feira";"07:05:00";"PR";277;567,5;"CASCAVEL";"Ausência de reação do condutor";"Saída de leito carroçável";"Com Vítimas Feridas";"Pleno dia";"Decrescente";"Céu Claro";"Simples";"Reta";"Não";4;0;4;0;0;0;4;1;-25,043535;-53,253754;"SPRF-PR";"DEL04-PR";"UOP04-DEL04-PR"
742965;2026-01-01;"quinta-feira";"07:30:00";"RJ";101;391;"RIO DE JANEIRO";"Reação tardia ou ineficiente do condutor";"Colisão lateral mesmo sentido";"Com Vítimas Feridas";"Pleno dia";"Decrescente";"Céu Claro";"Dupla";"Reta";"Não";2;0;1;0;1;0;1;2;-22,88519;-43,71580124;"SPRF-RJ";"DEL03-RJ";"UOP01-DEL03-RJ"
742966;2026-01-01;"quinta-feira";"09:30:00";"SC";282;4,4;"SAO JOSE";"Reação tardia ou ineficiente do condutor";"Saída de leito carroçável";"Com Vítimas Feridas";"Pleno dia";"Crescente";"Céu Claro";"Múltipla";"Reta";"Sim";1;0;0;1;0;0;1;1;-27,59046411;-48,60807538;"SPRF-SC";"DEL01-SC";"UOP01-DEL01-SC"
742967;2026-01-01;"quinta-feira";"07:20:00";"PA";230;8;"ALTAMIRA";"Acessar a via sem observar a presença dos outros veículos";"Colisão transversal";"Com Vítimas Feridas";"Pleno dia";"Crescente";"Nublado";"Simples";"Reta";"Sim";3;0;3;0;0;0;3;2;-3,19224031;-52,2177136;"SPRF-PA";"DEL04-PA";"UOP01-DEL04-PA"
742968;2026-01-01;"quinta-feira";"08:10:00";"MA";135;20;"SAO LUIS";"Ausência de reação do condutor";"Colisão traseira";"Com Vítimas Feridas";"Pleno dia";"Decrescente";"Céu Claro";"Dupla";"Reta";"Sim";3;0;0;2;1;0;2;2;-2,56586257;-44,328284;"SPRF-MA";"DEL01-MA";"UOP01-DEL01-MA"
742970;2026-01-01;"quinta-feira";"03:29:00";"MT";364;467;"VARZEA GRANDE";"Ausência de reação do condutor";"Queda de ocupante de veículo";"Com Vítimas Feridas";"Plena Noite";"Crescente";"Céu Claro";"Simples";"Reta";"Não";1;0;1;0;0;0;1;1;-15,42346177;-56,3445425;"SPRF-MT";"DEL01-MT";"UOP02-DEL01-MT"
742972;2026-01-01;"quinta-feira";"09:10:00";"MS";163;739;"COXIM";"Ausência de reação do condutor";"Saída de leito carroçável";"Com Vítimas Feridas";"Pleno dia";"Decrescente";"Céu Claro";"Simples";"Aclive";"Não";1;0;1;0;0;0;1;1;-18,412;-54,681;"SPRF-MS";"DEL06-MS";"UOP01-DEL06-MS"
742973;2026-01-01;"quinta-feira";"09:45:00";"MA";316;421,3;"PERITORO";"Condutor Dormindo";"Colisão com objeto";"Com Vítimas Feridas";"Pleno dia";"Decrescente";"Nublado";"Simples";"Ponte";"Não";1;0;1;0;0;0;1;1;-4,356755;-44,362925;"SPRF-MA";"DEL03-MA";"UOP01-DEL03-MA"
742974;2026-01-01;"quinta-feira";"07:34:00";"MG";365;748;"ITUIUTABA";"Ausência de reação do condutor";"Queda de ocupante de veículo";"Com Vítimas Feridas";"Pleno dia";"Crescente";"Céu Claro";"Simples";"Aclive;Curva";"Não";1;0;0;1;0;0;1;1;-18,94827014;-49,76660013;"SPRF-MG";"DEL15-MG";"UOP03-DEL15-MG"
742976;2026-01-01;"quinta-feira";"11:23:00";"RS";290;250;"CACHOEIRA DO SUL";"Demais falhas mecânicas ou elétricas";"Tombamento";"Com Vítimas Feridas";"Pleno dia";"Crescente";"Céu Claro";"Simples";"Reta";"Não";2;0;2;0;0;0;2;1;-30,2372701;-52,7253892;"SPRF-RS";"DEL02-RS";"UOP03-DEL02-RS"
742977;2026-01-01;"quinta-feira";"10:00:00";"ES";101;48;"CONCEICAO DA BARRA";"Ingestão de álcool pelo condutor";"Queda de ocupante de veículo";"Com Vítimas Feridas";"Pleno dia";"Crescente";"Sol";"Simples";"Reta";"Não";1;0;1;0;0;0;1;1;-18,56689911;-39,89842156;"SPRF-ES";"DEL04-ES";"UOP02-DEL04-ES"
742978;2026-01-01;"quinta-feira";"10:45:00";"GO";70;2;"AGUAS LINDAS DE GOIAS";"Velocidade Incompatível";"Colisão lateral mesmo sentido";"Com Vítimas Feridas";"Pleno dia";"Decrescente";"Céu Claro";"Dupla";"Curva";"Sim";3;0;1;0;2;0;1;3;-15,76380648;-48,23072361;"SPRF-DF";"DEL03-DF";"UOP02-DEL03-DF"
742980;2026-01-01;"quinta-feira";"11:45:00";"PE";101;162,8;"GAMELEIRA";"Ingestão de álcool pelo condutor";"Saída de leito carroçável";"Com Vítimas Feridas";"Pleno dia";"Decrescente";"Nublado";"Dupla";"Reta;Ponte";"Não";1;0;1;0;0;0;1;1;-8,55065;-35,44565;"SPRF-PE";"DEL01-PE";"UOP03-DEL01-PE"
742981;2026-01-01;"quinta-feira";"07:40:00";"SC";101;254;"PAULO LOPES";"Ausência de reação do condutor";"Saída de leito carroçável";"Sem Vítimas";"Pleno dia";"Crescente";"Céu Claro";"Múltipla";"Interseção de Vias";"Sim";1;0;0;0;0;1;0;1;-27,982501;-48,679381;"SPRF-SC";"DEL02-SC";"UOP03-DEL02-SC"
742982;2026-01-01;"quinta-feira";"06:25:00";"MT";163;936;"ITAUBA";"Ausência de reação do condutor";"Colisão traseira";"Com Vítimas Feridas";"Amanhecer";"Crescente";"Nublado";"Simples";"Declive;Reta";"Sim";2;0;1;0;1;0;1;2;-11,005538;-55,248396;"SPRF-MT";"DEL06-MT";"UOP02-DEL06-MT"
742984;2026-01-01;"quinta-feira";"13:00:00";"SC";470;136,2;"RIO DO SUL";"Reação tardia ou ineficiente do condutor";"Saída de leito carroçável";"Com Vítimas Feridas";"Pleno dia";"Crescente";"Céu Claro";"Simples";"Reta";"Sim";3;0;1;0;2;0;1;1;-27,18418508;-49,60381715;"SPRF-SC";"DEL04-SC";"UOP02-DEL04-SC"
742986;2026-01-01;"quinta-feira";"09:00:00";"PR";373;423;"CANDOI";"Reação tardia ou ineficiente do condutor";"Capotamento";"Com Vítimas Feridas";"Pleno dia";"Decrescente";"Chuva";"Simples";"Aclive;Curva";"Não";2;0;1;0;1;0;1;1;-25,70495947;-52,17407227;"SPRF-PR";"DEL08-PR";"UOP01-DEL08-PR"
742990;2026-01-01;"quinta-feira";"09:20:00";"MA";222;609;"ACAILANDIA";"Demais falhas mecânicas ou elétricas";"Saída de leito carroçável";"Com Vítimas Feridas";"Pleno dia";"Crescente";"Céu Claro";"Simples";"Reta;Declive";"Não";4;0;3;1;0;0;4;1;-4,70253;-46,99095;"SPRF-MA";"DEL04-MA";"UOP03-DEL04-MA"
742991;2026-01-01;"quinta-feira";"13:55:00";"RS";101;72,9;"OSORIO";"Manobra de mudança de faixa";"Colisão lateral mesmo sentido";"Com Vítimas Feridas";"Pleno dia";"Crescente";"Sol";"Dupla";"Curva";"Não";5;0;4;0;1;0;4;2;-29,772688;-50,218318;"SPRF-RS";"DEL03-RS";"UOP01-DEL03-RS"
742992;2026-01-01;"quinta-feira";"13:50:00";"PE";101;21,9;"GOIANA";"Reação tardia ou ineficiente do condutor";"Saída de leito carroçável";"Com Vítimas Feridas";"Pleno dia";"Crescente";"Céu Claro";"Dupla";"Reta";"Não";3;0;2;0;1;0;2;1;-7,675814;-34,928787;"SPRF-PE";"DEL01-PE";"UOP02-DEL01-PE"
742994;2026-01-01;"quinta-feira";"11:15:00";"RO";364;14;"VILHENA";"Acessar a via sem observar a presença dos outros veículos";"Colisão lateral mesmo sentido";"Com Vítimas Feridas";"Pleno dia";"Decrescente";"Céu Claro";"Simples";"Reta";"Não";4;0;2;0;2;0;2;2;-12,73884801;-60,14086101;"SPRF-RO";"DEL04-RO";"UOP01-DEL04-RO"
742995;2026-01-01;"quinta-feira";"14:30:00";"PE";408;87;"SAO LOURENCO DA MATA";"Ausência de reação do condutor";"Colisão traseira";"Sem Vítimas";"Pleno dia";"Crescente";"Céu Claro";"Dupla";"Reta";"Não";2;0;0;0;0;2;0;2;-8,01835;-35,04179;"SPRF-PE";"DEL01-PE";"UOP01-DEL01-PE"
742997;2026-01-01;"quinta-feira";"15:07:00";"MA";316;547,2;"CAXIAS";"Manobra de mudança de faixa";"Saída de leito carroçável";"Com Vítimas Feridas";"Pleno dia";"Crescente";"Céu Claro";"Simples";"Reta";"Não";2;0;0;1;1;0;1;1;-4,88021;-43,38681;"SPRF-MA";"DEL03-MA";"UOP02-DEL03-MA"
742998;2026-01-01;"quinta-feira";"15:00:00";"ES";101;364,6;"ANCHIETA";"Condutor Dormindo";"Tombamento";"Sem Vítimas";"Pleno dia";"Decrescente";"Céu Claro";"Dupla";"Reta";"Não";1;0;0;0;1;0;0;1;-20,731;-40,745;"SPRF-ES";"DEL03-ES";"UOP01-DEL03-ES"
742999;2026-01-01;"quinta-feira";"13:30:00";"PR";376;221,5;"JANDAIA DO SUL";"Chuva";"Saída de leito carroçável";"Com Vítimas Feridas";"Pleno dia";"Crescente";"Chuva";"Dupla";"Curva";"Não";4;0;1;1;2;0;2;1;-23,59419433;-51,61514282;"SPRF-PR";"DEL09-PR";"UOP01-DEL09-PR"
743000;2026-01-01;"quinta-feira";"13:45:00";"RS";290;50,5;"GLORINHA";"Avarias e/ou desgaste excessivo no pneu";"Tombamento";"Com Vítimas Feridas";"Pleno dia";"Crescente";"Céu Claro";"Dupla";"Reta";"Não";2;0;2;0;0;0;2;1;-29,908592;-50,762948;"SPRF-RS";"DEL03-RS";"UOP01-DEL03-RS"
743003;2026-01-01;"quinta-feira";"13:46:00";"SC";101;407;"ARARANGUA";"Acumulo de água sobre o pavimento";"Capotamento";"Com Vítimas Feridas";"Pleno dia";"Crescente";"Chuva";"Dupla";"Reta";"Não";2;0;2;0;0;0;2;1;-28,918898;-49,48962;"SPRF-SC";"DEL02-SC";"UOP02-DEL02-SC"
743005;2026-01-01;"quinta-feira";"15:50:00";"PR";277;35,2;"MORRETES";"Ausência de reação do condutor";"Tombamento";"Com Vítimas Feridas";"Pleno dia";"Crescente";"Sol";"Dupla";"Aclive;Curva";"Não";1;0;1;0;0;0;1;1;-25,57417;-48,82867;"SPRF-PR";"DEL01-PR";"UOP05-DEL01-PR"
743006;2026-01-01;"quinta-feira";"15:35:00";"RS";290;59,9;"GRAVATAI";"Estacionar ou parar em local proibido";"Colisão traseira";"Com Vítimas Feridas";"Pleno dia";"Decrescente";"Sol";"Dupla";"Reta";"Não";4;0;2;0;2;0;2;2;-29,925095;-50,857765;"SPRF-RS";"DEL03-RS";"UOP01-DEL03-RS"
743007;2026-01-01;"quinta-feira";"16:00:00";"MG";381;351;"JOAO MONLEVADE";"Ausência de reação do condutor";"Colisão traseira";"Sem Vítimas";"Pleno dia";"Crescente";"Nublado";"Simples";"Reta";"Sim";2;0;0;0;1;1;0;2;-19,838595;-43,183433;"SPRF-MG";"DEL03-MG";"UOP01-DEL03-MG"
743008;2026-01-01;"quinta-feira";"11:54:00";"SC";153;44,4;"VARGEM BONITA";"Reação tardia ou ineficiente do condutor";"Saída de leito carroçável";"Com Vítimas Feridas";"Pleno dia";"Crescente";"Chuva";"Simples";"Curva";"Não";2;0;2;0;0;0;2;1;-26,88491;-51,75847;"SPRF-SC";"DEL07-SC";"UOP07-DEL07-SC"
743010;2026-01-01;"quinta-feira";"16:30:00";"SP";101;42;"UBATUBA";"Reação tardia ou ineficiente do condutor";"Colisão traseira";"Com Vítimas Feridas";"Pleno dia";"Crescente";"Céu Claro";"Simples";"Reta";"Não";7;0;1;0;6;0;1;2;-23,414204;-45,055538;"SPRF-SP";"DEL06-SP";"UOP01-DEL06-SP"
743011;2026-01-01;"quinta-feira";"15:20:00";"MG";381;799,1;"SAO GONCALO DO SAPUCAI";"Velocidade Incompatível";"Saída de leito carroçável";"Com Vítimas Feridas";"Pleno dia";"Crescente";"Chuva";"Dupla";"Curva";"Não";4;0;3;0;1;0;3;1;-21,90737455;-45,55892944;"SPRF-MG";"DEL16-MG";"UOP02-DEL16-MG"
743012;2026-01-01;"quinta-feira";"15:30:00";"PR";376;384,7;"IMBAU";"Reação tardia ou ineficiente do condutor";"Saída de leito carroçável";"Com Vítimas Feridas";"Pleno dia";"Crescente";"Céu Claro";"Dupla";"Declive;Curva";"Não";2;0;1;0;1;0;1;1;-24,47133;-50,73997;"SPRF-PR";"DEL03-PR";"UOP02-DEL03-PR"
743013;2026-01-01;"quinta-feira";"16:30:00";"RS";158;316;"ITAARA";"Ausência de reação do condutor";"Tombamento";"Com Vítimas Feridas";"Pleno dia";"Crescente";"Céu Claro";"Simples";"Declive;Curva";"Não";2;0;2;0;0;0;2;1;-29,65585454;-53,77374172;"SPRF-RS";"DEL09-RS";"UOP01-DEL09-RS"
743014;2026-01-01;"quinta-feira";"15:20:00";"MA";135;28;"BACABEIRA";"Pedestre andava na pista";"Sinistro pessoal de trânsito";"Com Vítimas Fatais";"Pleno dia";"Decrescente";"Céu Claro";"Dupla";"Reta";"Não";1;1;0;0;0;0;0;1;-2,78856;-44,37408;"SPRF-MA";"DEL01-MA";"UOP01-DEL01-MA"
743015;2026-01-01;"quinta-feira";"16:35:00";"GO";153;529;"HIDROLANDIA";"Ausência de reação do condutor";"Saída de leito carroçável";"Com Vítimas Feridas";"Pleno dia";"Crescente";"Nublado";"Dupla";"Reta;Aclive";"Não";1;0;1;0;0;0;1;1;-16,957537;-49,240285;"SPRF-GO";"DEL01-GO";"UOP03-DEL01-GO"
743016;2026-01-01;"quinta-feira";"16:50:00";"MG";40;471;"SETE LAGOAS";"Acumulo de água sobre o pavimento";"Tombamento";"Com Vítimas Feridas";"Pleno dia";"Crescente";"Chuva";"Dupla";"Túnel;Curva;Declive";"Sim";1;0;1;0;0;0;1;1;-19,47770882;-44,28846359;"SPRF-MG";"DEL02-MG";"UOP01-DEL02-MG"
743017;2026-01-01;"quinta-feira";"16:35:00";"PE";428;185;"PETROLINA";"Ingestão de álcool pelo condutor";"Colisão traseira";"Com Vítimas Feridas";"Pleno dia";"Decrescente";"Céu Claro";"Dupla";"Reta";"Sim";6;0;3;0;3;0;3;2;-9,353087;-40,476457;"SPRF-PE";"DEL06-PE";"UOP01-DEL06-PE"
743018;2026-01-01;"quinta-feira";"07:15:00";"AC";364;284;"SENA MADUREIRA";"Condutor Dormindo";"Saída de leito carroçável";"Com Vítimas Fatais";"Pleno dia";"Decrescente";"Céu Claro";"Simples";"Reta";"Não";3;1;1;1;0;0;2;1;-9,050273;-68,765358;"SPRF-AC";"DEL01-AC";"UOP01-DEL01-AC"
743020;2026-01-01;"quinta-feira";"16:30:00";"PI";343;2,8;"TERESINA";"Ausência de reação do condutor";"Colisão traseira";"Sem Vítimas";"Pleno dia";"Crescente";"Céu Claro";"Dupla";"Reta;Interseção de Vias";"Sim";2;0;0;0;1;1;0;2;-5,08082684;-42,77795451;"SPRF-PI";"DEL01-PI";"UOP01-DEL01-PI"
743021;2026-01-01;"quinta-feira";"17:30:00";"SC";280;24,2;"ARAQUARI";"Acessar a via sem observar a presença dos outros veículos";"Colisão transversal";"Com Vítimas Feridas";"Pleno dia";"Decrescente";"Garoa/Chuvisco";"Simples";"Reta";"Sim";2;0;2;0;0;0;2;1;-26,37864905;-48,7210807;"SPRF-SC";"DEL03-SC";"UOP03-DEL03-SC"
743022;2026-01-01;"quinta-feira";"15:34:00";"PA";230;667;"ALTAMIRA";"Reação tardia ou ineficiente do condutor";"Capotamento";"Com Vítimas Feridas";"Pleno dia";"Decrescente";"Céu Claro";"Simples";"Reta";"Não";4;0;4;0;0;0;4;1;-3,23051031;-52,3011163;"SPRF-PA";"DEL04-PA";"UOP01-DEL04-PA"
743023;2026-01-01;"quinta-feira";"15:05:00";"MG";251;368,7;"GRAO MOGOL";"Ausência de reação do condutor";"Saída de leito carroçável";"Com Vítimas Feridas";"Pleno dia";"Decrescente";"Céu Claro";"Simples";"Reta";"Não";7;0;5;1;1;0;6;1;-16,33165064;-42,69340754;"SPRF-MG";"DEL12-MG";"UOP01-DEL12-MG"
743024;2026-01-01;"quinta-feira";"15:40:00";"RO";364;417,9;"JARU";"Ingestão de álcool pelo condutor";"Colisão lateral sentido oposto";"Com Vítimas Feridas";"Pleno dia";"Decrescente";"Céu Claro";"Simples";"Declive;Curva";"Não";4;0;1;0;3;0;1;2;-10,486033;-62,43289;"SPRF-RO";"DEL03-RO";"UOP02-DEL03-RO"
743025;2026-01-01;"quinta-feira";"17:50:00";"RJ";116;129;"MAGE";"Reação tardia ou ineficiente do condutor";"Colisão traseira";"Com Vítimas Feridas";"Anoitecer";"Decrescente";"Nublado";"Dupla";"Reta";"Não";2;0;1;0;1;0;1;2;-22,65608122;-43,12338905;"SPRF-RJ";"DEL04-RJ";"UOP02-DEL04-RJ"
743026;2026-01-01;"quinta-feira";"16:20:00";"SC";101;59;"ARAQUARI";"Avarias e/ou desgaste excessivo no pneu";"Capotamento";"Com Vítimas Feridas";"Pleno dia";"Crescente";"Chuva";"Dupla";"Declive;Curva";"Não";1;0;1;0;0;0;1;1;-26,44813575;-48,79234314;"SPRF-SC";"DEL03-SC";"UOP02-DEL03-SC"
743027;2026-01-01;"quinta-feira";"17:50:00";"RJ";465;2;"SEROPEDICA";"Trafegar com motocicleta (ou similar) entre as faixas";"Colisão lateral mesmo sentido";"Com Vítimas Feridas";"Pleno dia";"Decrescente";"Nublado";"Simples";"Reta";"Não";4;0;1;0;2;1;1;3;-22,734887;-43,710805;"SPRF-RJ";"DEL06-RJ";"UOP02-DEL06-RJ"
743028;2026-01-01;"quinta-feira";"10:30:00";"CE";226;233,3;"PEDRA BRANCA";"Reação tardia ou ineficiente do condutor";"Colisão frontal";"Com Vítimas Fatais";"Pleno dia";"Crescente";"Céu Claro";"Simples";"Aclive;Curva";"Não";2;2;0;0;0;0;0;2;-5,40147209;-39,82025839;"SPRF-CE";"DEL02-CE";"UOP02-DEL02-CE"
743029;2026-01-01;"quinta-feira";"16:30:00";"SC";101;258;"PAULO LOPES";"Demais falhas mecânicas ou elétricas";"Colisão com objeto";"Com Vítimas Feridas";"Pleno dia";"Decrescente";"Chuva";"Múltipla";"Curva";"Não";3;0;1;0;2;0;1;1;-28,010782;-48,6946;"SPRF-SC";"DEL02-SC";"UOP03-DEL02-SC"
743030;2026-01-01;"quinta-feira";"17:30:00";"BA";420;346,7;"JAGUAQUARA";"Manobra de mudança de faixa";"Colisão frontal";"Com Vítimas Fatais";"Pleno dia";"Crescente";"Céu Claro";"Simples";"Aclive;Curva";"Não";2;1;1;0;0;0;1;2;-13,50646124;-40,00826804;"SPRF-BA";"DEL03-BA";"UOP01-DEL03-BA"
743031;2026-01-01;"quinta-feira";"17:00:00";"PR";376;341;"ORTIGUEIRA";"Transitar na contramão";"Colisão frontal";"Com Vítimas Feridas";"Pleno dia";"Crescente";"Garoa/Chuvisco";"Simples";"Curva";"Não";4;0;2;0;2;0;2;4;-24,25084613;-50,90336611;"SPRF-PR";"DEL07-PR";"UOP02-DEL07-PR"
743033;2026-01-01;"quinta-feira";"17:40:00";"SC";282;33,9;"AGUAS MORNAS";"Velocidade Incompatível";"Colisão frontal";"Com Vítimas Fatais";"Pleno dia";"Crescente";"Chuva";"Simples";"Curva;Aclive";"Não";6;1;0;5;0;0;5;2;-27,703767;-48,818373;"SPRF-SC";"DEL01-SC";"UOP03-DEL01-SC"
743034;2026-01-01;"quinta-feira";"18:00:00";"PR";163;178,3;"LINDOESTE";"Acumulo de água sobre o pavimento";"Saída de leito carroçável";"Com Vítimas Feridas";"Anoitecer";"Crescente";"Chuva";"Dupla";"Curva";"Não";3;0;2;0;1;0;2;1;-25,170436;-53,601942;"SPRF-PR";"DEL05-PR";"UOP05-DEL05-PR"
743036;2026-01-01;"quinta-feira";"18:45:00";"PR";277;16;"PARANAGUA";"Ausência de reação do condutor";"Colisão lateral mesmo sentido";"Com Vítimas Feridas";"Anoitecer";"Crescente";"Céu Claro";"Dupla";"Curva";"Não";2;0;1;0;0;1;1;2;-25,54980263;-48,67300479;"SPRF-PR";"DEL01-PR";"UOP05-DEL01-PR"
743037;2026-01-01;"quinta-feira";"18:28:00";"SP";116;39;"CACHOEIRA PAULISTA";"Pista Escorregadia";"Saída de leito carroçável";"Com Vítimas Feridas";"Anoitecer";"Crescente";"Céu Claro";"Simples";"Curva";"Sim";1;0;0;1;0;0;1;1;-22,66980837;-44,9918139;"SPRF-SP";"DEL08-SP";"UOP02-DEL08-SP"
743039;2026-01-01;"quinta-feira";"18:30:00";"MG";262;380,2;"JUATUBA";"Velocidade Incompatível";"Saída de leito carroçável";"Sem Vítimas";"Plena Noite";"Crescente";"Chuva";"Dupla";"Curva;Declive";"Não";3;0;0;0;3;0;0;1;-19,93025;-44,40819;"SPRF-MG";"DEL01-MG";"UOP03-DEL01-MG"
743040;2026-01-01;"quinta-feira";"18:50:00";"SC";101;224,8;"PALHOCA";"Trafegar com motocicleta (ou similar) entre as faixas";"Colisão lateral mesmo sentido";"Com Vítimas Feridas";"Anoitecer";"Decrescente";"Nublado";"Dupla";"Reta";"Não";3;0;1;0;2;0;1;2;-27,72984;-48,64207;"SPRF-SC";"DEL01-SC";"UOP02-DEL01-SC"
743041;2026-01-01;"quinta-feira";"17:40:00";"CE";222;233,3;"SOBRAL";"Reação tardia ou ineficiente do condutor";"Saída de leito carroçável";"Com Vítimas Feridas";"Plena Noite";"Crescente";"Céu Claro";"Simples";"Reta";"Não";3;0;2;0;0;1;2;1;-3,712298;-40,4272;"SPRF-CE";"DEL04-CE";"UOP01-DEL04-CE"
743043;2026-01-01;"quinta-feira";"17:20:00";"MT";174;288;"PONTES E LACERDA";"Demais falhas mecânicas ou elétricas";"Incêndio";"Sem Vítimas";"Pleno dia";"Crescente";"Nublado";"Simples";"Aclive;Reta";"Sim";1;0;0;0;1;0;0;1;-15,2500741;-59,3110298;"SPRF-MT";"DEL04-MT";"UOP01-DEL04-MT"
743045;2026-01-01;"quinta-feira";"17:45:00";"MT";163;55,9;"RONDONOPOLIS";"Demais falhas mecânicas ou elétricas";"Saída de leito carroçável";"Com Vítimas Feridas";"Anoitecer";"Decrescente";"Chuva";"Dupla";"Declive;Reta";"Não";2;0;2;0;0;0;2;1;-17,018291;-54,761481;"SPRF-MT";"DEL02-MT";"UOP03-DEL02-MT"