"id";"data_inversa";"dia_semana";"horario";"uf";"br";"km";"municipio";"causa_acidente";"tipo_acidente";"classificacao_acidente";"fase_dia";"sentido_via";"condicao_metereologica";"tipo_pista";"tracado_via";"uso_solo";"pessoas";"mortos";"feridos_leves";"feridos_graves";"ilesos";"ignorados";"feridos";"veiculos";"latitude";"longitude";"regional";"delegacia";"uop"
743046;2026-01-01;"quinta-feira";"19:15:00";"ES";262;41,2;"DOMINGOS MARTINS";"Reação tardia ou ineficiente do condutor";"Queda de ocupante de veículo";"Com Vítimas Fatais";"Plena Noite";"Decrescente";"Céu Claro";"Simples";"Reta";"Não";4;1;0;0;0;3;0;3;-20,385403;-40,648202;"SPRF-ES";"DEL01-ES";"UOP01-DEL01-ES"
743047;2026-01-01;"quinta-feira";"17:20:00";"MG";262;6;"MARTINS SOARES";"Ausência de reação do condutor";"Colisão frontal";"Com Vítimas Feridas";"Pleno dia";"Crescente";"Nublado";"Simples";"Aclive;Reta";"Não";3;0;1;0;2;0;1;2;-20,252517;-41,809818;"SPRF-MG";"DEL06-MG";"UOP03-DEL06-MG"
743048;2026-01-01;"quinta-feira";"19:40:00";"PE";101;34;"ITAPISSUMA";"Acessar a via sem observar a presença dos outros veículos";"Colisão transversal";"Com Vítimas Feridas";"Plena Noite";"Crescente";"Céu Claro";"Dupla";"Interseção de Vias;Reta";"Não";3;0;2;0;1;0;2;2;-7,77009462;-34,93522374;"SPRF-PE";"DEL01-PE";"UOP02-DEL01-PE"
743050;2026-01-01;"quinta-feira";"18:20:00";"MG";381;526;"BRUMADINHO";"Reação tardia ou ineficiente do condutor";"Colisão lateral mesmo sentido";"Com Vítimas Feridas";"Anoitecer";"Crescente";"Chuva";"Dupla";"Declive;Curva";"Não";4;0;1;0;3;0;1;2;-20,151491;-44,326207;"SPRF-MG";"DEL04-MG";"UOP03-DEL04-MG"
743051;2026-01-01;"quinta-feira";"18:25:00";"PB";230;215,1;"SOLEDADE";"Ingestão de álcool pelo condutor";"Colisão frontal";"Com Vítimas Feridas";"Plena Noite";"Crescente";"Céu Claro";"Simples";"Reta";"Sim";2;0;0;1;1;0;1;2;-7,060545;-36,355468;"SPRF-PB";"DEL02-PB";"UOP02-DEL02-PB"
743052;2026-01-01;"quinta-feira";"19:30:00";"RJ";101;322;"NITEROI";"Reação tardia ou ineficiente do condutor";"Colisão com objeto";"Com Vítimas Feridas";"Plena Noite";"Decrescente";"Céu Claro";"Dupla";"Reta";"Não";5;0;4;0;1;0;4;1;-22,87832;-43,110528;"SPRF-RJ";"DEL02-RJ";"UOP01-DEL02-RJ"
743053;2026-01-01;"quinta-feira";"19:30:00";"RN";304;295;"MACAIBA";"Ausência de sinalização";"Tombamento";"Com Vítimas Feridas";"Plena Noite";"Crescente";"Céu Claro";"Dupla";"Desvio Temporário;Em Obras;Reta";"Não";2;0;2;0;0;0;2;1;-5,867125;-35,3663383;"SPRF-RN";"DEL01-RN";"UOP02-DEL01-RN"
743054;2026-01-01;"quinta-feira";"18:00:00";"RJ";101;390;"ITAGUAI";"Acessar a via sem observar a presença dos outros veículos";"Colisão transversal";"Com Vítimas Feridas";"Pleno dia";"Decrescente";"Céu Claro";"Dupla";"Curva";"Sim";2;0;1;0;1;0;1;2;-22,8589137;-43,759107;"SPRF-RJ";"DEL03-RJ";"UOP01-DEL03-RJ"
743055;2026-01-01;"quinta-feira";"19:10:00";"PE";232;5;"RECIFE";"Reação tardia ou ineficiente do condutor";"Colisão com objeto";"Com Vítimas Fatais";"Plena Noite";"Crescente";"Céu Claro";"Simples";"Curva";"Não";2;1;0;0;1;0;0;1;-8,06576;-34,94055;"SPRF-PE";"DEL01-PE";"UOP01-DEL01-PE"
743056;2026-01-01;"quinta-feira";"16:34:00";"AC";364;138;"RIO BRANCO";"Desrespeitar a preferência no cruzamento";"Colisão transversal";"Sem Vítimas";"Pleno dia";"Crescente";"Céu Claro";"Dupla";"Rotatória";"Não";2;0;0;0;1;1;0;2;-9,96060836;-67,85660505;"SPRF-AC";"DEL01-AC";"UOP01-DEL01-AC"
743057;2026-01-01;"quinta-feira";"16:55:00";"BA";324;560;"AMELIA RODRIGUES";"Ingestão de álcool pelo condutor";"Saída de leito carroçável";"Com Vítimas Feridas";"Pleno dia";"Decrescente";"Céu Claro";"Dupla";"Reta";"Não";5;0;0;1;4;0;1;1;-12,495525;-38,649007;"SPRF-BA";"DEL01-BA";"UOP01-DEL01-BA"
743059;2026-01-01;"quinta-feira";"20:20:00";"SC";101;214,9;"PALHOCA";"Ausência de reação do condutor";"Saída de leito carroçável";"Com Vítimas Feridas";"Plena Noite";"Decrescente";"Garoa/Chuvisco";"Múltipla";"Reta;Ponte";"Sim";1;0;1;0;0;0;1;1;-27,65118;-48,67506;"SPRF-SC";"DEL01-SC";"UOP02-DEL01-SC"
743060;2026-01-01;"quinta-feira";"16:45:00";"PR";376;311;"ORTIGUEIRA";"Reação tardia ou ineficiente do condutor";"Capotamento";"Com Vítimas Feridas";"Pleno dia";"Crescente";"Chuva";"Dupla";"Curva";"Não";3;0;2;0;1;0;2;1;-23,98118;-51,08556;"SPRF-PR";"DEL07-PR";"UOP02-DEL07-PR"
743061;2026-01-01;"quinta-feira";"18:15:00";"PR";376;519;"PONTA GROSSA";"Ausência de reação do condutor";"Saída de leito carroçável";"Sem Vítimas";"Anoitecer";"Decrescente";"Chuva";"Simples";"Curva;Declive";"Não";1;0;0;0;1;0;0;1;-25,26945787;-49,93648694;"SPRF-PR";"DEL03-PR";"UOP04-DEL03-PR"
743063;2026-01-01;"quinta-feira";"17:45:00";"PR";376;519;"PONTA GROSSA";"Velocidade Incompatível";"Saída de leito carroçável";"Com Vítimas Feridas";"Pleno dia";"Decrescente";"Nublado";"Dupla";"Curva;Declive";"Não";5;0;1;0;4;0;1;1;-25,270277;-49,939167;"SPRF-PR";"DEL03-PR";"UOP04-DEL03-PR"
743064;2026-01-01;"quinta-feira";"20:10:00";"MG";381;357;"SAO GONCALO DO RIO ABAIXO";"Reação tardia ou ineficiente do condutor";"Colisão frontal";"Com Vítimas Feridas";"Plena Noite";"Crescente";"Chuva";"Simples";"Curva;Aclive";"Não";4;0;2;0;2;0;2;2;-19,854536;-43,226762;"SPRF-MG";"DEL03-MG";"UOP01-DEL03-MG"
743065;2026-01-01;"quinta-feira";"16:45:00";"MG";381;521,4;"BRUMADINHO";"Pista Escorregadia";"Saída de leito carroçável";"Com Vítimas Feridas";"Pleno dia";"Decrescente";"Chuva";"Dupla";"Curva;Aclive";"Não";4;0;1;0;3;0;1;1;-20,121676;-44,301072;"SPRF-MG";"DEL04-MG";"UOP03-DEL04-MG"
743066;2026-01-01;"quinta-feira";"20:40:00";"RS";290;18,5;"SANTO ANTONIO DA PATRULHA";"Demais falhas mecânicas ou elétricas";"Incêndio";"Sem Vítimas";"Plena Noite";"Crescente";"Céu Claro";"Dupla";"Reta";"Não";1;0;0;0;1;0;0;1;-29,883168;-50,440663;"SPRF-RS";"DEL03-RS";"UOP01-DEL03-RS"
743067;2026-01-01;"quinta-feira";"19:20:00";"MG";116;609,2;"SAO JOAO DO MANHUACU";"Velocidade Incompatível";"Saída de leito carroçável";"Com Vítimas Feridas";"Anoitecer";"Decrescente";"Nublado";"Simples";"Curva";"Não";2;0;2;0;0;0;2;1;-20,417;-42,153;"SPRF-MG";"DEL07-MG";"UOP02-DEL07-MG"
743068;2026-01-01;"quinta-feira";"21:00:00";"GO";153;436;"ANAPOLIS";"Ausência de reação do condutor";"Queda de ocupante de veículo";"Com Vítimas Feridas";"Plena Noite";"Crescente";"Nublado";"Dupla";"Reta";"Sim";1;0;1;0;0;0;1;1;-16,2912213;-48,9319278;"SPRF-GO";"DEL02-GO";"UOP01-DEL02-GO"
743069;2026-01-01;"quinta-feira";"21:30:00";"MG";40;559;"NOVA LIMA";"Condutor Dormindo";"Saída de leito carroçável";"Com Vítimas Feridas";"Plena Noite";"Decrescente";"Nublado";"Múltipla";"Interseção de Vias;Declive";"Não";3;0;1;0;2;0;1;2;-20,13040076;-43,96424957;"SPRF-MG";"DEL01-MG";"UOP02-DEL01-MG"
743070;2026-01-01;"quinta-feira";"21:30:00";"PE";101;65;"RECIFE";"Ausência de reação do condutor";"Saída de leito carroçável";"Com Vítimas Feridas";"Plena Noite";"Crescente";"Céu Claro";"Múltipla";"Reta";"Não";1;0;1;0;0;0;1;1;-8,03172149;-34,94265964;"SPRF-PE";"DEL01-PE";"UOP01-DEL01-PE"
743071;2026-01-01;"quinta-feira";"20:40:00";"BA";116;21;"VITORIA DA CONQUISTA";"Ausência de reação do condutor";"Tombamento";"Com Vítimas Feridas";"Plena Noite";"Decrescente";"Céu Claro";"Simples";"Reta";"Não";1;0;1;0;0;0;1;1;-14,883363;-40,807773;"SPRF-BA";"DEL08-BA";"UOP01-DEL08-BA"
743072;2026-01-01;"quinta-feira";"21:10:00";"RN";427;150,9;"SERRA NEGRA DO NORTE";"Ausência de reação do condutor";"Colisão com objeto";"Com Vítimas Fatais";"Plena Noite";"Crescente";"Céu Claro";"Simples";"Ponte;Reta";"Sim";5;1;0;0;1;3;0;2;-6,65944987;-37,38767624;"SPRF-RN";"DEL03-RN";"UOP01-DEL03-RN"
743073;2026-01-01;"quinta-feira";"20:00:00";"BA";407;205;"CAEM";"Acessar a via sem observar a presença dos outros veículos";"Colisão traseira";"Com Vítimas Feridas";"Plena Noite";"Crescente";"Céu Claro";"Simples";"Reta";"Não";3;0;0;2;0;1;2;2;-11,14269789;-40,05974579;"SPRF-BA";"DEL04-BA";"UOP02-DEL04-BA"
743076;2026-01-01;"quinta-feira";"21:26:00";"AL";101;246,9;"PORTO REAL DO COLEGIO";"Velocidade Incompatível";"Capotamento";"Sem Vítimas";"Plena Noite";"Decrescente";"Céu Claro";"Dupla";"Reta";"Sim";1;0;0;0;0;1;0;1;-10,1975204;-36,8224462;"SPRF-AL";"DEL02-AL";"UOP02-DEL02-AL"
743078;2026-01-01;"quinta-feira";"21:40:00";"RJ";101;436,9;"MANGARATIBA";"Ingestão de álcool pelo condutor";"Queda de ocupante de veículo";"Com Vítimas Feridas";"Plena Noite";"Crescente";"Céu Claro";"Simples";"Reta";"Não";1;0;1;0;0;0;1;1;-22,96474443;-44,0837688;"SPRF-RJ";"DEL03-RJ";"UOP02-DEL03-RJ"
743082;2026-01-01;"quinta-feira";"20:40:00";"RJ";40;114;"DUQUE DE CAXIAS";"Reação tardia ou ineficiente do condutor";"Colisão com objeto";"Com Vítimas Feridas";"Plena Noite";"Decrescente";"Céu Claro";"Simples";"Reta";"Não";2;0;1;0;1;0;1;1;-22,71766025;-43,289596;"SPRF-RJ";"DEL01-RJ";"UOP02-DEL01-RJ"
743083;2026-01-01;"quinta-feira";"09:20:00";"MT";163;607;"NOVA MUTUM";"Ausência de reação do condutor";"Saída de leito carroçável";"Sem Vítimas";"Pleno dia";"Decrescente";"Céu Claro";"Dupla";"Reta";"Não";1;0;0;0;1;0;0;1;-13,740111;-56,050065;"SPRF-MT";"DEL01-MT";"UOP01-DEL01-MT"
743085;2026-01-01;"quinta-feira";"21:45:00";"BA";324;611,2;"SIMOES FILHO";"Afundamento ou ondulação no pavimento";"Tombamento";"Com Vítimas Feridas";"Plena Noite";"Decrescente";"Céu Claro";"Dupla";"Reta";"Não";1;0;1;0;0;0;1;1;-12,840483;-38,415167;"SPRF-BA";"DEL01-BA";"UOP01-DEL01-BA"
743086;2026-01-01;"quinta-feira";"20:16:00";"PA";163;570;"TRAIRAO";"Animais na Pista";"Atropelamento de Animal";"Com Vítimas Feridas";"Plena Noite";"Decrescente";"Céu Claro";"Simples";"Declive;Reta";"Não";2;0;0;2;0;0;2;1;-5,050557;-56,17529;"SPRF-PA";"DEL05-PA";"UOP03-DEL05-PA"
743087;2026-01-01;"quinta-feira";"22:30:00";"SP";381;11;"VARGEM";"Acumulo de água sobre o pavimento";"Saída de leito carroçável";"Com Vítimas Feridas";"Plena Noite";"Crescente";"Chuva";"Dupla";"Declive;Reta";"Não";1;0;1;0;0;0;1;1;-22,9262449;-46,45598227;"SPRF-SP";"DEL03-SP";"UOP02-DEL03-SP"
743088;2026-01-01;"quinta-feira";"21:44:00";"RO";364;699;"PORTO VELHO";"Transtornos Mentais (exceto suicidio)";"Colisão com objeto";"Sem Vítimas";"Plena Noite";"Decrescente";"Nublado";"Dupla";"Reta";"Sim";1;0;0;0;1;0;0;1;-8,800469;-63,764695;"SPRF-RO";"DEL01-RO";"UOP01-DEL01-RO"
743089;2026-01-01;"quinta-feira";"23:20:00";"SP";116;43,2;"CANAS";"Avarias e/ou desgaste excessivo no pneu";"Queda de ocupante de veículo";"Com Vítimas Feridas";"Plena Noite";"Crescente";"Céu Claro";"Dupla";"Reta";"Não";1;0;1;0;0;0;1;1;-22,698898;-45,032446;"SPRF-SP";"DEL08-SP";"UOP02-DEL08-SP"
743092;2026-01-01;"quinta-feira";"23:40:00";"RJ";116;111;"GUAPIMIRIM";"Pedestre andava na pista";"Atropelamento de Pedestre";"Com Vítimas Feridas";"Plena Noite";"Decrescente";"Chuva";"Dupla";"Reta";"Sim";2;0;1;0;0;1;1;2;-22,55120872;-42,98999938;"SPRF-RJ";"DEL04-RJ";"UOP02-DEL04-RJ"
743094;2026-01-01;"quinta-feira";"22:16:00";"MT";163;1106;"GUARANTA DO NORTE";"Ingestão de álcool pelo condutor";"Saída de leito carroçável";"Sem Vítimas";"Pleno dia";"Crescente";"Céu Claro";"Simples";"Reta";"Não";1;0;0;0;1;0;0;1;-9,58593962;-54,8905921;"SPRF-MT";"DEL06-MT";"UOP03-DEL06-MT"
743095;2026-01-01;"quinta-feira";"22:00:00";"PR";376;342;"ORTIGUEIRA";"Reação tardia ou ineficiente do condutor";"Colisão com objeto";"Com Vítimas Feridas";"Plena Noite";"Decrescente";"Nublado";"Simples";"Reta";"Não";2;0;0;2;0;0;2;1;-24,174555;-50,965187;"SPRF-PR";"DEL07-PR";"UOP02-DEL07-PR"
743096;2026-01-02;"sexta-feira";"00:05:00";"SP";116;190;"SANTA ISABEL";"Ausência de reação do condutor";"Capotamento";"Com Vítimas Feridas";"Plena Noite";"Crescente";"Chuva";"Dupla";"Curva";"Não";2;0;1;0;1;0;1;1;-23,36910779;-46,23682523;"SPRF-SP";"DEL01-SP";"UOP01-DEL01-SP"
743097;2026-01-02;"sexta-feira";"01:00:00";"SC";101;123;"BALNEARIO CAMBORIU";"Ingestão de álcool pelo condutor";"Colisão traseira";"Com Vítimas Feridas";"Pleno dia";"Crescente";"Nublado";"Dupla";"Rotatória;Viaduto;Reta";"Sim";5;0;2;0;3;0;2;3;-27,0107242;-48,6127265;"SPRF-SC";"DEL04-SC";"UOP04-DEL04-SC"
743100;2026-01-02;"sexta-feira";"01:00:00";"PR";376;158,8;"MANDAGUACU";"Ausência de reação do condutor";"Saída de leito carroçável";"Com Vítimas Feridas";"Plena Noite";"Crescente";"Céu Claro";"Dupla";"Retorno Regulamentado;Reta";"Sim";1;0;1;0;0;0;1;1;-23,358908;-52,088218;"SPRF-PR";"DEL09-PR";"UOP02-DEL09-PR"
743101;2026-01-01;"quinta-feira";"21:30:00";"MS";163;653;"RIO VERDE DE MATO GROSSO";"Entrada inopinada do pedestre";"Atropelamento de Pedestre";"Com Vítimas Feridas";"Plena Noite";"Crescente";"Céu Claro";"Simples";"Curva";"Não";2;0;1;1;0;0;2;2;-19,03550702;-54,81679916;"SPRF-MS";"DEL06-MS";"UOP02-DEL06-MS"
743102;2026-01-02;"sexta-feira";"01:33:00";"GO";364;150;"JATAI";"Animais na Pista";"Queda de ocupante de veículo";"Com Vítimas Feridas";"Plena Noite";"Crescente";"Chuva";"Dupla";"Aclive";"Não";1;0;0;1;0;0;1;1;-18,153508;-51,43965;"SPRF-GO";"DEL05-GO";"UOP02-DEL05-GO"
743103;2026-01-02;"sexta-feira";"03:00:00";"SP";381;79;"SAO PAULO";"Animais na Pista";"Atropelamento de Animal";"Com Vítimas Feridas";"Plena Noite";"Decrescente";"Nublado";"Múltipla";"Reta";"Não";2;0;1;0;1;0;1;1;-23,4090074;-46,58082835;"SPRF-SP";"DEL03-SP";"UOP01-DEL03-SP"
743104;2026-01-02;"sexta-feira";"03:05:00";"SP";381;85;"SAO PAULO";"Reação tardia ou ineficiente do condutor";"Colisão traseira";"Sem Vítimas";"Plena Noite";"Decrescente";"Céu Claro";"Múltipla";"Curva";"Sim";7;0;0;0;3;4;0;2;-23,468254;-46,570541;"SPRF-SP";"DEL03-SP";"UOP01-DEL03-SP"
743105;2026-01-02;"sexta-feira";"03:30:00";"SP";381;33;"ATIBAIA";"Velocidade Incompatível";"Colisão com objeto";"Com Vítimas Feridas";"Plena Noite";"Crescente";"Chuva";"Dupla";"Curva";"Sim";1;0;1;0;0;0;1;1;-23,07510269;-46,56608895;"SPRF-SP";"DEL03-SP";"UOP02-DEL03-SP"
743108;2026-01-02;"sexta-feira";"04:10:00";"PR";369;473;"CORBELIA";"Transitar na contramão";"Colisão frontal";"Com Vítimas Feridas";"Plena Noite";"Crescente";"Nevoeiro/Neblina";"Simples";"Reta";"Sim";2;0;1;1;0;0;2;2;-24,7142;-53,2463;"SPRF-PR";"DEL04-PR";"UOP03-DEL04-PR"
743110;2026-01-02;"sexta-feira";"04:40:00";"MG";381;926;"ITAPEVA";"Chuva";"Colisão com objeto";"Com Vítimas Feridas";"Amanhecer";"Decrescente";"Chuva";"Dupla";"Curva";"Não";1;0;1;0;0;0;1;1;-22,7672064;-46,219264;"SPRF-MG";"DEL16-MG";"UOP03-DEL16-MG"
743111;2026-01-02;"sexta-feira";"04:30:00";"MS";158;95;"PARANAIBA";"Velocidade Incompatível";"Atropelamento de Pedestre";"Com Vítimas Feridas";"Amanhecer";"Crescente";"Céu Claro";"Dupla";"Reta;Aclive";"Sim";2;0;1;1;0;0;2;2;-19,683678;-51,200654;"SPRF-MS";"DEL08-MS";"UOP01-DEL08-MS"
743113;2026-01-01;"quinta-feira";"21:15:00";"RS";116;258;"ESTEIO";"Reação tardia ou ineficiente do condutor";"Tombamento";"Com Vítimas Feridas";"Plena Noite";"Crescente";"Céu Claro";"Múltipla";"Reta";"Sim";1;0;1;0;0;0;1;1;-29,86549975;-51,18078339;"SPRF-RS";"DEL01-RS";"UOP02-DEL01-RS"
743114;2026-01-02;"sexta-feira";"05:20:00";"MG";381;936,5;"EXTREMA";"Velocidade Incompatível";"Capotamento";"Com Vítimas Feridas";"Pleno dia";"Crescente";"Chuva";"Dupla";"Curva";"Sim";1;0;0;1;0;0;1;1;-22,80896283;-46,27955708;"SPRF-MG";"DEL16-MG";"UOP03-DEL16-MG"
743116;2026-01-02;"sexta-feira";"05:55:00";"MG";381;873,8;"ESTIVA";"Velocidade Incompatível";"Colisão com objeto";"Sem Vítimas";"Pleno dia";"Decrescente";"Chuva";"Dupla";"Curva";"Não";1;0;0;0;1;0;0;1;-22,41921826;-45,96468254;"SPRF-MG";"DEL16-MG";"UOP01-DEL16-MG"
743117;2026-01-01;"quinta-feira";"23:30:00";"MG";381;485,8;"BETIM";"Velocidade Incompatível";"Colisão traseira";"Com Vítimas Feridas";"Plena Noite";"Crescente";"Céu Claro";"Múltipla";"Reta";"Sim";2;0;1;0;0;1;1;2;-19,9561096;-44,10361497;"SPRF-MG";"DEL01-MG";"UOP03-DEL01-MG"
743118;2026-01-02;"sexta-feira";"06:30:00";"MG";381;890,5;"CAMBUI";"Velocidade Incompatível";"Colisão com objeto";"Com Vítimas Feridas";"Pleno dia";"Decrescente";"Nublado";"Dupla";"Curva";"Não";3;0;3;0;0;0;3;1;-22,54111922;-46,03762221;"SPRF-MG";"DEL16-MG";"UOP01-DEL16-MG"
743120;2026-01-02;"sexta-feira";"06:00:00";"MG";381;891,3;"CAMBUI";"Condutor deixou de manter distância do veículo da frente";"Queda de ocupante de veículo";"Com Vítimas Feridas";"Pleno dia";"Decrescente";"Nublado";"Dupla";"Reta";"Não";1;0;1;0;0;0;1;1;-22,53411761;-46,03446543;"SPRF-MG";"DEL16-MG";"UOP01-DEL16-MG"
743123;2026-01-01;"quinta-feira";"19:45:00";"RJ";493;81,7;"JAPERI";"Ingestão de álcool pelo condutor";"Saída de leito carroçável";"Com Vítimas Fatais";"Plena Noite";"Decrescente";"Chuva";"Dupla";"Reta";"Não";5;3;0;2;0;0;2;1;-22,66481;-43,5881231;"SPRF-RJ";"DEL01-RJ";"UOP03-DEL01-RJ"
743124;2026-01-02;"sexta-feira";"07:45:00";"SP";116;154;"SAO JOSE DOS CAMPOS";"Ausência de reação do condutor";"Colisão traseira";"Com Vítimas Feridas";"Pleno dia";"Decrescente";"Céu Claro";"Múltipla";"Reta";"Sim";2;0;1;0;1;0;1;2;-23,24112087;-45,92272706;"SPRF-SP";"DEL02-SP";"UOP01-DEL02-SP"
743125;2026-01-02;"sexta-feira";"06:30:00";"RN";226;125,3;"LAJES PINTADAS";"Reação tardia ou ineficiente do condutor";"Saída de leito carroçável";"Com Vítimas Feridas";"Pleno dia";"Crescente";"Céu Claro";"Simples";"Reta;Declive";"Não";2;0;0;2;0;0;2;1;-6,17643;-36,119642;"SPRF-RN";"DEL03-RN";"UOP02-DEL03-RN"
743126;2026-01-02;"sexta-feira";"06:45:00";"RS";116;563;"PEDRO OSORIO";"Acessar a via sem observar a presença dos outros veículos";"Colisão transversal";"Com Vítimas Feridas";"Pleno dia";"Crescente";"Céu Claro";"Simples";"Interseção de Vias";"Não";3;0;0;1;2;0;1;2;-31,92655518;-52,72574751;"SPRF-RS";"DEL07-RS";"UOP03-DEL07-RS"
743133;2026-01-02;"sexta-feira";"05:15:00";"MG";381;907;"CAMBUI";"Velocidade Incompatível";"Capotamento";"Com Vítimas Feridas";"Amanhecer";"Decrescente";"Chuva";"Dupla";"Curva";"Não";2;0;1;0;1;0;1;1;-22,674575;-46,09723;"SPRF-MG";"DEL16-MG";"UOP03-DEL16-MG"
743134;2026-01-01;"quinta-feira";"22:00:00";"MA";222;423;"SANTA LUZIA";"Condutor Dormindo";"Saída de leito carroçável";"Com Vítimas Fatais";"Plena Noite";"Decrescente";"Céu Claro";"Simples";"Declive;Reta";"Não";2;1;0;1;0;0;1;1;-4,034224;-45,785349;"SPRF-MA";"DEL02-MA";"UOP01-DEL02-MA"
743135;2026-01-02;"sexta-feira";"07:20:00";"PE";407;103,9;"PETROLINA";"Ultrapassagem Indevida";"Colisão frontal";"Com Vítimas Feridas";"Pleno dia";"Crescente";"Céu Claro";"Simples";"Declive;Curva";"Não";5;0;1;1;3;0;2;2;-9,213457;-40,632337;"SPRF-PE";"DEL06-PE";"UOP01-DEL06-PE"
743136;2026-01-02;"sexta-feira";"07:15:00";"SC";280;14,9;"SAO FRANCISCO DO SUL";"Acessar a via sem observar a presença dos outros veículos";"Colisão transversal";"Com Vítimas Feridas";"Pleno dia";"Crescente";"Céu Claro";"Simples";"Reta;Interseção de Vias";"Sim";4;0;2;0;2;0;2;3;-26,33590975;-48,65377633;"SPRF-SC";"DEL03-SC";"UOP03-DEL03-SC"
743137;2026-01-02;"sexta-feira";"07:10:00";"RO";364;346;"JI-PARANA";"Ausência de reação do condutor";"Queda de ocupante de veículo";"Com Vítimas Feridas";"Pleno dia";"Decrescente";"Céu Claro";"Simples";"Declive";"Sim";1;0;1;0;0;0;1;1;-10,86186;-61,974688;"SPRF-RO";"DEL02-RO";"UOP01-DEL02-RO"
743139;2026-01-02;"sexta-feira";"01:20:00";"BA";110;48;"SANTA BRIGIDA";"Reação tardia ou ineficiente do condutor";"Saída de leito carroçável";"Com Vítimas Feridas";"Plena Noite";"Crescente";"Ignorado";"Simples";"Aclive;Reta";"Não";2;0;1;1;0;0;2;1;-9,82523361;-38,25925319;"SPRF-BA";"DEL07-BA";"UOP01-DEL07-BA"
743140;2026-01-02;"sexta-feira";"06:00:00";"MG";381;615,4;"OLIVEIRA";"Pista Escorregadia";"Saída de leito carroçável";"Com Vítimas Feridas";"Amanhecer";"Crescente";"Chuva";"Dupla";"Declive;Curva";"Não";6;0;0;1;5;0;1;1;-20,717806;-44,766056;"SPRF-MG";"DEL04-MG";"UOP01-DEL04-MG"
743143;2026-01-02;"sexta-feira";"05:36:00";"MT";163;623;"NOVA MUTUM";"Chuva";"Saída de leito carroçável";"Com Vítimas Feridas";"Amanhecer";"Decrescente";"Chuva";"Dupla";"Reta";"Não";2;0;1;0;1;0;1;1;-13,594;-56,031;"SPRF-MT";"DEL01-MT";"UOP01-DEL01-MT"
743144;2026-01-02;"sexta-feira";"07:00:00";"RO";364;714;"PORTO VELHO";"Transitar na contramão";"Colisão frontal";"Sem Vítimas";"Pleno dia";"Decrescente";"Céu Claro";"Dupla";"Aclive;Curva;Viaduto";"Sim";2;0;0;0;1;1;0;2;-8,8080384;-63,7599744;"SPRF-RO";"DEL01-RO";"UOP01-DEL01-RO"
743145;2026-01-02;"sexta-feira";"08:50:00";"MG";381;442;"SANTA LUZIA";"Condutor Dormindo";"Saída de leito carroçável";"Com Vítimas Feridas";"Pleno dia";"Crescente";"Céu Claro";"Simples";"Reta";"Sim";2;0;2;0;0;0;2;1;-19,82517271;-43,83330345;"SPRF-MG";"DEL01-MG";"UOP01-DEL01-MG"
743148;2026-01-02;"sexta-feira";"08:55:00";"PR";277;61,4;"SAO JOSE DOS PINHAIS";"Reação tardia ou ineficiente do condutor";"Engavetamento";"Sem Vítimas";"Pleno dia";"Decrescente";"Céu Claro";"Dupla";"Reta";"Não";3;0;0;0;3;0;0;3;-25,54801717;-49,05017853;"SPRF-PR";"DEL01-PR";"UOP01-DEL01-PR"
743149;2026-01-02;"sexta-feira";"08:24:00";"SP";116;212;"GUARULHOS";"Entrada inopinada do pedestre";"Atropelamento de Pedestre";"Com Vítimas Feridas";"Pleno dia";"Decrescente";"Céu Claro";"Múltipla";"Reta";"Sim";2;0;2;0;0;0;2;2;-23,43867603;-46,4343946;"SPRF-SP";"DEL01-SP";"UOP01-DEL01-SP"
743150;2026-01-01;"quinta-feira";"20:49:00";"BA";367;23;"PORTO SEGURO";"Condutor deixou de manter distância do veículo da frente";"Colisão lateral mesmo sentido";"Com Vítimas Feridas";"Plena Noite";"Crescente";"Céu Claro";"Simples";"Reta";"Não";2;0;1;0;1;0;1;2;-16,438;-39,083;"SPRF-BA";"DEL09-BA";"UOP03-DEL09-BA"
743151;2026-01-01;"quinta-feira";"14:17:00";"BA";367;70;"EUNAPOLIS";"Condutor deixou de manter distância do veículo da frente";"Colisão lateral mesmo sentido";"Com Vítimas Feridas";"Pleno dia";"Crescente";"Céu Claro";"Simples";"Reta";"Não";3;0;1;1;0;1;2;2;-16,394;-39,467;"SPRF-BA";"DEL09-BA";"UOP03-DEL09-BA"
743152;2026-01-02;"sexta-feira";"08:40:00";"SC";101;124,3;"ITAJAI";"Condutor deixou de manter distância do veículo da frente";"Colisão traseira";"Com Vítimas Feridas";"Pleno dia";"Decrescente";"Céu Claro";"Múltipla";"Reta";"Sim";2;0;1;0;1;0;1;2;-26,94900478;-48,6831665;"SPRF-SC";"DEL04-SC";"UOP04-DEL04-SC"
743154;2026-01-02;"sexta-feira";"06:00:00";"PI";226;225,7;"ALTOS";"Transitar na contramão";"Colisão frontal";"Com Vítimas Fatais";"Pleno dia";"Crescente";"Nublado";"Simples";"Reta";"Não";2;1;0;1;0;0;1;2;-5,028916;-42,421325;"SPRF-PI";"DEL01-PI";"UOP01-DEL01-PI"
743155;2026-01-02;"sexta-feira";"09:10:00";"GO";70;9,4;"AGUAS LINDAS DE GOIAS";"Acesso irregular";"Colisão transversal";"Com Vítimas Feridas";"Pleno dia";"Crescente";"Céu Claro";"Dupla";"Reta";"Sim";1;0;1;0;0;0;1;1;-15,7360886;-48,28437785;"SPRF-DF";"DEL03-DF";"UOP02-DEL03-DF"