"id";"data_inversa";"dia_semana";"horario";"uf";"br";"km";"municipio";"causa_acidente";"tipo_acidente";"classificacao_acidente";"fase_dia";"sentido_via";"condicao_metereologica";"tipo_pista";"tracado_via";"uso_solo";"pessoas";"mortos";"feridos_leves";"feridos_graves";"ilesos";"ignorados";"feridos";"veiculos";"latitude";"longitude";"regional";"delegacia";"uop"
743264;2026-01-02;"sexta-feira";"16:10:00";"MG";381;932;"EXTREMA";"Ausência de reação do condutor";"Saída de leito carroçável";"Com Vítimas Feridas";"Pleno dia";"Decrescente";"Chuva";"Dupla";"Curva";"Não";1;0;1;0;0;0;1;1;-22,79264626;-46,25049368;"SPRF-MG";"DEL16-MG";"UOP03-DEL16-MG"
743265;2026-01-02;"sexta-feira";"16:05:00";"MG";381;877;"ESTIVA";"Chuva";"Saída de leito carroçável";"Com Vítimas Feridas";"Pleno dia";"Decrescente";"Chuva";"Dupla";"Aclive;Curva";"Não";4;0;1;1;2;0;2;1;-22,439183;-45,98459;"SPRF-MG";"DEL16-MG";"UOP01-DEL16-MG"
743267;2026-01-02;"sexta-feira";"13:45:00";"MG";116;526,8;"CARATINGA";"Transtornos Mentais (exceto suicidio)";"Atropelamento de Pedestre";"Com Vítimas Feridas";"Pleno dia";"Decrescente";"Céu Claro";"Simples";"Reta";"Sim";2;0;0;1;1;0;1;2;-19,7879859;-42,13570118;"SPRF-MG";"DEL06-MG";"UOP02-DEL06-MG"
743268;2026-01-02;"sexta-feira";"15:00:00";"RJ";116;215;"SEROPEDICA";"Demais falhas mecânicas ou elétricas";"Atropelamento de Pedestre";"Com Vítimas Feridas";"Pleno dia";"Crescente";"Nublado";"Dupla";"Reta;Aclive";"Não";3;0;2;0;1;0;2;2;-22,70998634;-43,73601437;"SPRF-RJ";"DEL06-RJ";"UOP02-DEL06-RJ"
743270;2026-01-02;"sexta-feira";"15:15:00";"MG";381;226;"BELO ORIENTE";"Transitar na contramão";"Colisão transversal";"Com Vítimas Fatais";"Pleno dia";"Crescente";"Céu Claro";"Simples";"Reta;Interseção de Vias";"Não";2;1;0;0;1;0;0;2;-19,336988;-42,425358;"SPRF-MG";"DEL06-MG";"UOP01-DEL06-MG"
743273;2026-01-02;"sexta-feira";"19:00:00";"SC";101;146;"ITAPEMA";"Trafegar com motocicleta (ou similar) entre as faixas";"Colisão lateral mesmo sentido";"Com Vítimas Feridas";"Anoitecer";"Decrescente";"Céu Claro";"Dupla";"Reta";"Sim";2;0;1;0;1;0;1;2;-27,08724528;-48,61018745;"SPRF-SC";"DEL04-SC";"UOP03-DEL04-SC"
743274;2026-01-02;"sexta-feira";"17:30:00";"PR";116;53;"CAMPINA GRANDE DO SUL";"Chuva";"Saída de leito carroçável";"Com Vítimas Feridas";"Pleno dia";"Crescente";"Chuva";"Dupla";"Curva;Declive";"Não";1;0;1;0;0;0;1;1;-25,257251;-48,913383;"SPRF-PR";"DEL01-PR";"UOP02-DEL01-PR"
743276;2026-01-02;"sexta-feira";"15:30:00";"MG";381;568,3;"ITAGUARA";"Acumulo de água sobre o pavimento";"Saída de leito carroçável";"Com Vítimas Feridas";"Pleno dia";"Crescente";"Chuva";"Dupla";"Curva";"Não";1;0;1;0;0;0;1;1;-20,40223732;-44,51007843;"SPRF-MG";"DEL04-MG";"UOP03-DEL04-MG"
743277;2026-01-02;"sexta-feira";"20:45:00";"RS";386;342,6;"LAJEADO";"Velocidade Incompatível";"Tombamento";"Com Vítimas Feridas";"Plena Noite";"Crescente";"Nublado";"Múltipla";"Reta";"Sim";1;0;1;0;0;0;1;1;-29,43458423;-52,00588552;"SPRF-RS";"DEL04-RS";"UOP01-DEL04-RS"
743278;2026-01-02;"sexta-feira";"20:00:00";"RJ";101;192;"CASIMIRO DE ABREU";"Condutor deixou de manter distância do veículo da frente";"Colisão traseira";"Sem Vítimas";"Plena Noite";"Crescente";"Chuva";"Múltipla";"Reta";"Não";2;0;0;0;2;0;0;2;-22,47546857;-42,08846061;"SPRF-RJ";"DEL08-RJ";"UOP04-DEL08-RJ"
743279;2026-01-02;"sexta-feira";"19:00:00";"ES";101;120,4;"LINHARES";"Reação tardia ou ineficiente do condutor";"Queda de ocupante de veículo";"Com Vítimas Feridas";"Plena Noite";"Crescente";"Céu Claro";"Simples";"Reta";"Não";2;0;2;0;0;0;2;1;-19,1476921;-40,0770645;"SPRF-ES";"DEL04-ES";"UOP01-DEL04-ES"
743281;2026-01-02;"sexta-feira";"17:30:00";"AL";316;269,3;"SATUBA";"Transitar no Acostamento";"Atropelamento de Pedestre";"Com Vítimas Feridas";"Pleno dia";"Decrescente";"Céu Claro";"Simples";"Reta;Ponte";"Sim";2;0;0;1;0;1;1;2;-9,57645;-35,832686;"SPRF-AL";"DEL02-AL";"UOP01-DEL02-AL"
743285;2026-01-02;"sexta-feira";"19:40:00";"SP";116;71;"APARECIDA";"Acessar a via sem observar a presença dos outros veículos";"Atropelamento de Pedestre";"Com Vítimas Fatais";"Plena Noite";"Crescente";"Céu Claro";"Dupla";"Reta";"Sim";2;1;0;0;1;0;0;2;-22,85099488;-45,22734102;"SPRF-SP";"DEL08-SP";"UOP01-DEL08-SP"
743286;2026-01-02;"sexta-feira";"18:20:00";"GO";70;305,7;"ITAPIRAPUA";"Ausência de reação do condutor";"Colisão traseira";"Com Vítimas Feridas";"Anoitecer";"Decrescente";"Nublado";"Simples";"Reta";"Não";2;0;0;1;0;1;1;2;-15,856768;-50,75756;"SPRF-GO";"DEL04-GO";"UOP02-DEL04-GO"
743287;2026-01-02;"sexta-feira";"18:50:00";"SC";470;322,8;"CAMPOS NOVOS";"Ultrapassagem Indevida";"Colisão lateral sentido oposto";"Com Vítimas Feridas";"Anoitecer";"Decrescente";"Céu Claro";"Simples";"Reta";"Não";3;0;2;0;1;0;2;2;-27,43758382;-51,2442255;"SPRF-SC";"DEL07-SC";"UOP06-DEL07-SC"
743289;2026-01-02;"sexta-feira";"21:05:00";"PI";316;3,4;"TERESINA";"Condutor desrespeitou a iluminação vermelha do semáforo";"Colisão transversal";"Sem Vítimas";"Plena Noite";"Decrescente";"Nublado";"Múltipla";"Viaduto;Interseção de Vias";"Sim";2;0;0;0;2;0;0;2;-5,13574;-42,789233;"SPRF-PI";"DEL01-PI";"UOP02-DEL01-PI"
743291;2026-01-02;"sexta-feira";"21:10:00";"GO";60;172,4;"ABADIA DE GOIAS";"Mal súbito do condutor";"Queda de ocupante de veículo";"Com Vítimas Feridas";"Plena Noite";"Crescente";"Chuva";"Dupla";"Reta";"Não";1;0;1;0;0;0;1;1;-16,75014158;-49,42872159;"SPRF-GO";"DEL01-GO";"UOP02-DEL01-GO"
743292;2026-01-02;"sexta-feira";"21:40:00";"RJ";101;75;"CAMPOS DOS GOYTACAZES";"Entrada inopinada do pedestre";"Atropelamento de Pedestre";"Com Vítimas Feridas";"Plena Noite";"Decrescente";"Chuva";"Simples";"Curva";"Sim";5;0;1;0;4;0;1;2;-21,81719;-41,3979;"SPRF-RJ";"DEL08-RJ";"UOP02-DEL08-RJ"
743295;2026-01-02;"sexta-feira";"20:30:00";"RO";364;426,1;"JARU";"Pedestre cruzava a pista fora da faixa";"Atropelamento de Pedestre";"Com Vítimas Feridas";"Plena Noite";"Crescente";"Chuva";"Múltipla";"Reta;Aclive";"Sim";2;0;1;0;1;0;1;2;-10,43220422;-62,47981424;"SPRF-RO";"DEL03-RO";"UOP02-DEL03-RO"
743296;2026-01-02;"sexta-feira";"20:15:00";"MT";364;501;"ROSARIO OESTE";"Demais falhas na via";"Queda de ocupante de veículo";"Com Vítimas Feridas";"Plena Noite";"Decrescente";"Céu Claro";"Simples";"Reta";"Não";1;0;1;0;0;0;1;1;-15,13513514;-56,51905176;"SPRF-MT";"DEL01-MT";"UOP01-DEL01-MT"
743298;2026-01-02;"sexta-feira";"22:50:00";"RS";386;47,3;"SEBERI";"Pista esburacada";"Queda de ocupante de veículo";"Com Vítimas Feridas";"Plena Noite";"Decrescente";"Céu Claro";"Simples";"Reta";"Sim";2;0;2;0;0;0;2;1;-27,46551;-53,40471;"SPRF-RS";"DEL08-RS";"UOP02-DEL08-RS"
743299;2026-01-02;"sexta-feira";"20:50:00";"SC";101;138;"BALNEARIO CAMBORIU";"Reação tardia ou ineficiente do condutor";"Colisão traseira";"Com Vítimas Feridas";"Plena Noite";"Decrescente";"Nublado";"Múltipla";"Reta";"Sim";2;0;1;0;1;0;1;2;-27,018053;-48,610484;"SPRF-SC";"DEL04-SC";"UOP03-DEL04-SC"
743301;2026-01-02;"sexta-feira";"21:50:00";"CE";116;482,2;"MILAGRES";"Ingestão de álcool pelo condutor";"Colisão frontal";"Com Vítimas Feridas";"Plena Noite";"Decrescente";"Céu Claro";"Simples";"Reta";"Não";2;0;0;1;1;0;1;2;-7,317638;-38,938073;"SPRF-CE";"DEL05-CE";"UOP03-DEL05-CE"
743302;2026-01-02;"sexta-feira";"23:40:00";"RJ";101;332;"RIO DE JANEIRO";"Avarias e/ou desgaste excessivo no pneu";"Queda de ocupante de veículo";"Com Vítimas Feridas";"Plena Noite";"Crescente";"Nublado";"Dupla";"Reta";"Sim";2;0;0;1;1;0;1;1;-22,88043237;-43,21275633;"SPRF-RJ";"DEL02-RJ";"UOP01-DEL02-RJ"
743303;2026-01-02;"sexta-feira";"20:30:00";"MT";174;106;"CACERES";"Manobra de mudança de faixa";"Colisão lateral mesmo sentido";"Com Vítimas Feridas";"Plena Noite";"Crescente";"Céu Claro";"Simples";"Reta";"Não";5;0;2;0;3;0;2;2;-15,8256734;-57,925184;"SPRF-MT";"DEL03-MT";"UOP01-DEL03-MT"
743304;2026-01-02;"sexta-feira";"23:45:00";"RJ";465;16;"SEROPEDICA";"Ausência de reação do condutor";"Tombamento";"Com Vítimas Feridas";"Plena Noite";"Decrescente";"Nublado";"Simples";"Reta";"Não";1;0;1;0;0;0;1;1;-22,7147776;-43,7223424;"SPRF-RJ";"DEL06-RJ";"UOP02-DEL06-RJ"
743305;2026-01-03;"sábado";"01:20:00";"ES";101;47,9;"CONCEICAO DA BARRA";"Reação tardia ou ineficiente do condutor";"Tombamento";"Com Vítimas Feridas";"Plena Noite";"Crescente";"Nublado";"Simples";"Reta";"Não";1;0;1;0;0;0;1;1;-18,56714489;-39,89810143;"SPRF-ES";"DEL04-ES";"UOP02-DEL04-ES"
743306;2026-01-03;"sábado";"01:20:00";"RJ";116;193;"NOVA IGUACU";"Ausência de reação do condutor";"Queda de ocupante de veículo";"Com Vítimas Fatais";"Plena Noite";"Crescente";"Céu Claro";"Dupla";"Reta";"Sim";2;1;1;0;0;0;1;1;-22,73977319;-43,53057861;"SPRF-RJ";"DEL06-RJ";"UOP01-DEL06-RJ"
743308;2026-01-03;"sábado";"01:17:00";"PE";101;66;"RECIFE";"Ausência de reação do condutor";"Colisão transversal";"Com Vítimas Feridas";"Plena Noite";"Crescente";"Céu Claro";"Dupla";"Reta;Viaduto";"Sim";2;0;0;1;1;0;1;2;-8,0393;-34,94205;"SPRF-PE";"DEL01-PE";"UOP01-DEL01-PE"
743309;2026-01-03;"sábado";"01:40:00";"SP";116;5,7;"QUELUZ";"Objeto estático sobre o leito carroçável";"Colisão traseira";"Com Vítimas Feridas";"Plena Noite";"Decrescente";"Nublado";"Dupla";"Reta";"Sim";2;0;1;0;1;0;1;2;-22,53081678;-44,75071123;"SPRF-SP";"DEL08-SP";"UOP02-DEL08-SP"
743310;2026-01-03;"sábado";"02:00:00";"PR";277;473,9;"NOVA LARANJEIRAS";"Condutor Dormindo";"Saída de leito carroçável";"Sem Vítimas";"Plena Noite";"Crescente";"Céu Claro";"Simples";"Declive;Curva";"Não";1;0;0;0;1;0;0;1;-25,31437632;-52,52675428;"SPRF-PR";"DEL04-PR";"UOP02-DEL04-PR"
743311;2026-01-03;"sábado";"01:40:00";"CE";20;281,5;"CANINDE";"Pista esburacada";"Tombamento";"Com Vítimas Fatais";"Plena Noite";"Crescente";"Céu Claro";"Simples";"Reta";"Não";2;1;0;0;0;1;0;2;-4,566972;-39,359225;"SPRF-CE";"DEL02-CE";"UOP01-DEL02-CE"
743313;2026-01-02;"sexta-feira";"21:55:00";"GO";153;257;"SAO LUIZ DO NORTE";"Ingestão de álcool pelo condutor";"Saída de leito carroçável";"Sem Vítimas";"Plena Noite";"Crescente";"Nublado";"Simples";"Reta";"Não";1;0;0;0;1;0;0;1;-14,98196;-49,398422;"SPRF-GO";"DEL07-GO";"UOP02-DEL07-GO"
743314;2026-01-03;"sábado";"03:00:00";"SC";101;79,7;"ARAQUARI";"Ausência de reação do condutor";"Colisão com objeto";"Com Vítimas Feridas";"Plena Noite";"Decrescente";"Nevoeiro/Neblina";"Dupla";"Curva";"Não";2;0;1;0;1;0;1;2;-26,59556907;-48,72249842;"SPRF-SC";"DEL03-SC";"UOP02-DEL03-SC"
743315;2026-01-03;"sábado";"01:30:00";"TO";226;2,9;"AGUIARNOPOLIS";"Ausência de reação do condutor";"Colisão com objeto";"Com Vítimas Feridas";"Plena Noite";"Crescente";"Nublado";"Simples";"Reta;Aclive";"Não";2;0;2;0;0;0;2;1;-6,565477;-47,483445;"SPRF-TO";"DEL02-TO";"UOP03-DEL02-TO"
743316;2026-01-03;"sábado";"01:25:00";"SC";470;285,8;"BRUNOPOLIS";"Pedestre andava na pista";"Atropelamento de Pedestre";"Com Vítimas Fatais";"Plena Noite";"Decrescente";"Céu Claro";"Simples";"Aclive;Reta";"Não";10;1;0;0;7;2;0;3;-27,32798859;-50,92416286;"SPRF-SC";"DEL07-SC";"UOP06-DEL07-SC"
743317;2026-01-03;"sábado";"03:30:00";"SC";101;431;"SOMBRIO";"Demais falhas mecânicas ou elétricas";"Colisão com objeto";"Sem Vítimas";"Plena Noite";"Decrescente";"Nevoeiro/Neblina";"Múltipla";"Declive";"Não";1;0;0;0;0;1;0;1;-29,04912358;-49,61941838;"SPRF-SC";"DEL02-SC";"UOP02-DEL02-SC"
743318;2026-01-02;"sexta-feira";"21:20:00";"PI";135;580;"CORRENTE";"Ausência de reação do condutor";"Saída de leito carroçável";"Com Vítimas Fatais";"Plena Noite";"Crescente";"Nublado";"Simples";"Reta";"Não";1;1;0;0;0;0;0;1;-10,356497;-45,166967;"SPRF-PI";"DEL03-PI";"UOP02-DEL03-PI"
743319;2026-01-03;"sábado";"03:15:00";"MG";381;859;"POUSO ALEGRE";"Velocidade Incompatível";"Colisão com objeto";"Sem Vítimas";"Plena Noite";"Decrescente";"Nublado";"Dupla";"Reta";"Não";1;0;0;0;0;1;0;1;-22,31556478;-45,90430498;"SPRF-MG";"DEL16-MG";"UOP01-DEL16-MG"
743320;2026-01-03;"sábado";"03:00:00";"SC";470;88,5;"ASCURRA";"Velocidade Incompatível";"Saída de leito carroçável";"Sem Vítimas";"Plena Noite";"Crescente";"Nublado";"Simples";"Curva";"Sim";1;0;0;0;1;0;0;1;-26,95904452;-49,37559955;"SPRF-SC";"DEL04-SC";"UOP01-DEL04-SC"
743321;2026-01-03;"sábado";"05:00:00";"SC";470;67,3;"INDAIAL";"Retorno proibido";"Colisão lateral sentido oposto";"Com Vítimas Feridas";"Amanhecer";"Crescente";"Céu Claro";"Simples";"Interseção de Vias;Reta";"Sim";3;0;2;0;1;0;2;2;-26,8738052;-49,233427;"SPRF-SC";"DEL04-SC";"UOP01-DEL04-SC"
743322;2026-01-03;"sábado";"05:00:00";"MG";381;374,3;"SAO GONCALO DO RIO ABAIXO";"Condutor Dormindo";"Colisão traseira";"Com Vítimas Feridas";"Amanhecer";"Crescente";"Nublado";"Simples";"Retorno Regulamentado;Reta";"Sim";7;0;1;0;6;0;1;2;-19,83554793;-43,3483386;"SPRF-MG";"DEL01-MG";"UOP01-DEL01-MG"
743323;2026-01-03;"sábado";"05:50:00";"MG";40;522;"CONTAGEM";"Condutor Dormindo";"Colisão transversal";"Com Vítimas Feridas";"Amanhecer";"Crescente";"Céu Claro";"Dupla";"Reta";"Não";2;0;1;0;1;0;1;2;-19,87387387;-44,0467024;"SPRF-MG";"DEL01-MG";"UOP02-DEL01-MG"
743324;2026-01-03;"sábado";"05:50:00";"ES";262;98,8;"VENDA NOVA DO IMIGRANTE";"Ausência de reação do condutor";"Capotamento";"Com Vítimas Feridas";"Pleno dia";"Crescente";"Garoa/Chuvisco";"Simples";"Curva";"Não";1;0;1;0;0;0;1;1;-20,34956;-41,100248;"SPRF-ES";"DEL01-ES";"UOP02-DEL01-ES"
743326;2026-01-03;"sábado";"06:10:00";"MG";50;103,8;"UBERABA";"Velocidade Incompatível";"Saída de leito carroçável";"Com Vítimas Feridas";"Amanhecer";"Crescente";"Chuva";"Dupla";"Retorno Regulamentado";"Não";1;0;1;0;0;0;1;1;-19,16035;-48,16368;"SPRF-MG";"DEL13-MG";"UOP01-DEL13-MG"
743327;2026-01-03;"sábado";"06:20:00";"ES";101;366,2;"ANCHIETA";"Velocidade Incompatível";"Colisão com objeto";"Com Vítimas Feridas";"Amanhecer";"Crescente";"Garoa/Chuvisco";"Simples";"Curva";"Não";2;0;2;0;0;0;2;1;-20,73663858;-40,76034721;"SPRF-ES";"DEL03-ES";"UOP01-DEL03-ES"
743328;2026-01-03;"sábado";"06:25:00";"SE";101;110;"SAO CRISTOVAO";"Ausência de reação do condutor";"Queda de ocupante de veículo";"Com Vítimas Feridas";"Pleno dia";"Decrescente";"Céu Claro";"Dupla";"Reta";"Não";2;0;1;1;0;0;2;1;-10,96899032;-37,27759749;"SPRF-SE";"DEL02-SE";"UOP01-DEL02-SE"
743329;2026-01-03;"sábado";"06:00:00";"ES";262;57,6;"MARECHAL FLORIANO";"Transitar na contramão";"Colisão frontal";"Com Vítimas Feridas";"Pleno dia";"Crescente";"Céu Claro";"Simples";"Curva";"Não";5;0;3;0;1;1;3;3;-20,41183585;-40,75026366;"SPRF-ES";"DEL01-ES";"UOP01-DEL01-ES"
743331;2026-01-03;"sábado";"03:30:00";"BA";116;468;"SANTO ESTEVAO";"Ausência de reação do condutor";"Queda de ocupante de veículo";"Com Vítimas Feridas";"Plena Noite";"Decrescente";"Céu Claro";"Dupla";"Reta";"Não";1;0;1;0;0;0;1;1;-12,47995976;-39,30957602;"SPRF-BA";"DEL02-BA";"UOP01-DEL02-BA"
743332;2026-01-03;"sábado";"07:10:00";"SE";101;59,3;"ROSARIO DO CATETE";"Ultrapassagem Indevida";"Colisão frontal";"Com Vítimas Fatais";"Pleno dia";"Decrescente";"Céu Claro";"Simples";"Em Obras;Reta";"Não";8;2;4;2;0;0;6;2;-10,656715;-37,027262;"SPRF-SE";"DEL02-SE";"UOP02-DEL02-SE"
743333;2026-01-03;"sábado";"06:20:00";"SP";153;83,3;"MIRASSOL";"Demais falhas mecânicas ou elétricas";"Incêndio";"Sem Vítimas";"Amanhecer";"Crescente";"Nublado";"Dupla";"Aclive";"Não";1;0;0;0;1;0;0;1;-20,924762;-49,507224;"SPRF-SP";"DEL09-SP";"UOP01-DEL09-SP"
743334;2026-01-03;"sábado";"07:10:00";"RS";116;260;"CANOAS";"Reação tardia ou ineficiente do condutor";"Queda de ocupante de veículo";"Com Vítimas Feridas";"Pleno dia";"Crescente";"Céu Claro";"Dupla";"Reta";"Não";1;0;1;0;0;0;1;1;-29,88208767;-51,18071984;"SPRF-RS";"DEL01-RS";"UOP01-DEL01-RS"
743336;2026-01-03;"sábado";"07:00:00";"MG";262;588;"CAMPOS ALTOS";"Condutor Dormindo";"Saída de leito carroçável";"Sem Vítimas";"Pleno dia";"Crescente";"Nublado";"Simples";"Reta";"Não";1;0;0;0;1;0;0;1;-19,65519689;-46,21915758;"SPRF-MG";"DEL08-MG";"UOP02-DEL08-MG"
743337;2026-01-03;"sábado";"07:00:00";"RJ";116;148;"DUQUE DE CAXIAS";"Demais falhas mecânicas ou elétricas";"Incêndio";"Sem Vítimas";"Pleno dia";"Crescente";"Céu Claro";"Dupla";"Reta";"Sim";1;0;0;0;1;0;0;1;-22,67262983;-43,28304291;"SPRF-RJ";"DEL01-RJ";"UOP02-DEL01-RJ"
743338;2026-01-02;"sexta-feira";"23:15:00";"MG";116;415,7;"GOVERNADOR VALADARES";"Conversão proibida";"Colisão transversal";"Com Vítimas Feridas";"Plena Noite";"Crescente";"Chuva";"Simples";"Curva";"Sim";4;0;1;1;1;1;2;3;-18,896041;-41,947833;"SPRF-MG";"DEL06-MG";"UOP01-DEL06-MG"
743339;2026-01-03;"sábado";"07:45:00";"SP";116;206;"GUARULHOS";"Ausência de reação do condutor";"Colisão com objeto";"Com Vítimas Fatais";"Pleno dia";"Decrescente";"Céu Claro";"Múltipla";"Reta";"Sim";3;1;0;2;0;0;2;1;-23,419021;-46,38191;"SPRF-SP";"DEL01-SP";"UOP01-DEL01-SP"
743340;2026-01-03;"sábado";"07:30:00";"SP";116;134,2;"SAO JOSE DOS CAMPOS";"Reação tardia ou ineficiente do condutor";"Colisão traseira";"Com Vítimas Feridas";"Pleno dia";"Decrescente";"Céu Claro";"Dupla";"Reta";"Não";4;0;1;1;2;0;2;2;-23,139249;-45,760139;"SPRF-SP";"DEL02-SP";"UOP01-DEL02-SP"
743341;2026-01-03;"sábado";"06:40:00";"RN";101;149;"GOIANINHA";"Acessar a via sem observar a presença dos outros veículos";"Queda de ocupante de veículo";"Com Vítimas Feridas";"Pleno dia";"Decrescente";"Céu Claro";"Dupla";"Reta";"Não";1;0;1;0;0;0;1;1;-6,290775;-35,198405;"SPRF-RN";"DEL01-RN";"UOP01-DEL01-RN"
743342;2026-01-03;"sábado";"07:50:00";"SC";101;152;"PORTO BELO";"Reação tardia ou ineficiente do condutor";"Colisão traseira";"Com Vítimas Feridas";"Pleno dia";"Decrescente";"Céu Claro";"Dupla";"Reta";"Não";2;0;0;1;1;0;1;2;-27,15692046;-48,54171753;"SPRF-SC";"DEL04-SC";"UOP03-DEL04-SC"
743343;2026-01-03;"sábado";"08:00:00";"SC";101;201,4;"SAO JOSE";"Acessar a via sem observar a presença dos outros veículos";"Colisão transversal";"Com Vítimas Feridas";"Pleno dia";"Crescente";"Céu Claro";"Múltipla";"Reta";"Sim";2;0;1;0;1;0;1;2;-27,55351442;-48,61967174;"SPRF-SC";"DEL01-SC";"UOP01-DEL01-SC"
743344;2026-01-03;"sábado";"08:00:00";"RJ";101;516;"ANGRA DOS REIS";"Condutor Dormindo";"Colisão traseira";"Com Vítimas Feridas";"Pleno dia";"Decrescente";"Nublado";"Simples";"Reta";"Não";3;0;1;0;2;0;1;2;-22,93622305;-44,39635277;"SPRF-RJ";"DEL03-RJ";"UOP03-DEL03-RJ"
743346;2026-01-03;"sábado";"07:50:00";"RN";101;82,5;"SAO GONCALO DO AMARANTE";"Reação tardia ou ineficiente do condutor";"Colisão traseira";"Com Vítimas Feridas";"Pleno dia";"Decrescente";"Céu Claro";"Dupla";"Reta";"Sim";2;0;0;1;1;0;1;2;-5,768722;-35,272738;"SPRF-RN";"DEL02-RN";"UOP01-DEL02-RN"
743347;2026-01-03;"sábado";"07:30:00";"BA";116;483;"SANTA BARBARA";"Ultrapassagem Indevida";"Colisão traseira";"Com Vítimas Feridas";"Pleno dia";"Crescente";"Céu Claro";"Simples";"Aclive;Reta";"Não";7;0;3;0;4;0;3;2;-11,86723542;-38,97399902;"SPRF-BA";"DEL02-BA";"UOP01-DEL02-BA"
743348;2026-01-03;"sábado";"08:00:00";"AL";316;83;"SANTANA DO IPANEMA";"Ausência de reação do condutor";"Tombamento";"Com Vítimas Feridas";"Pleno dia";"Decrescente";"Céu Claro";"Simples";"Reta;Aclive";"Sim";1;0;1;0;0;0;1;1;-9,366778;-37,256948;"SPRF-AL";"DEL03-AL";"UOP02-DEL03-AL"
743349;2026-01-03;"sábado";"05:35:00";"MG";381;600,9;"CARMOPOLIS DE MINAS";"Condutor Dormindo";"Colisão com objeto";"Com Vítimas Feridas";"Amanhecer";"Decrescente";"Nublado";"Dupla";"Curva;Declive";"Não";2;0;1;0;1;0;1;1;-20,606705;-44,725473;"SPRF-MG";"DEL04-MG";"UOP01-DEL04-MG"
743350;2026-01-03;"sábado";"08:10:00";"SC";282;4,8;"SAO JOSE";"Condutor deixou de manter distância do veículo da frente";"Colisão traseira";"Com Vítimas Feridas";"Pleno dia";"Crescente";"Céu Claro";"Múltipla";"Reta";"Sim";6;0;1;0;5;0;1;2;-27,588718;-48,611842;"SPRF-SC";"DEL01-SC";"UOP01-DEL01-SC"
743351;2026-01-03;"sábado";"03:30:00";"MG";262;571;"SANTA ROSA DA SERRA";"Conversão proibida";"Saída de leito carroçável";"Sem Vítimas";"Plena Noite";"Crescente";"Ignorado";"Simples";"Retorno Regulamentado";"Não";1;0;0;0;0;1;0;1;-19,65092258;-46,06903967;"SPRF-MG";"DEL08-MG";"UOP02-DEL08-MG"
743352;2026-01-03;"sábado";"07:00:00";"SC";282;601,9;"CUNHA PORA";"Acesso irregular";"Colisão lateral sentido oposto";"Com Vítimas Feridas";"Pleno dia";"Decrescente";"Céu Claro";"Simples";"Interseção de Vias";"Não";4;0;1;0;3;0;1;2;-26,80587277;-53,17957727;"SPRF-SC";"DEL07-SC";"UOP02-DEL07-SC"
743353;2026-01-03;"sábado";"08:37:00";"PB";230;16,4;"JOAO PESSOA";"Condutor deixou de manter distância do veículo da frente";"Colisão traseira";"Com Vítimas Feridas";"Pleno dia";"Decrescente";"Céu Claro";"Dupla";"Reta";"Sim";2;0;0;1;1;0;1;2;-7,11127;-34,842565;"SPRF-PB";"DEL01-PB";"UOP01-DEL01-PB"
743354;2026-01-03;"sábado";"06:30:00";"MG";251;457;"FRANCISCO SA";"Chuva";"Saída de leito carroçável";"Com Vítimas Feridas";"Pleno dia";"Crescente";"Chuva";"Simples";"Curva";"Não";4;0;3;1;0;0;4;1;-16,427132;-43,343295;"SPRF-MG";"DEL12-MG";"UOP01-DEL12-MG"
743355;2026-01-03;"sábado";"09:00:00";"RJ";101;435;"MANGARATIBA";"Reação tardia ou ineficiente do condutor";"Colisão lateral sentido oposto";"Com Vítimas Feridas";"Pleno dia";"Decrescente";"Nublado";"Simples";"Curva;Declive";"Não";3;0;0;1;2;0;1;3;-22,94210781;-44,05737114;"SPRF-RJ";"DEL03-RJ";"UOP02-DEL03-RJ"
743356;2026-01-02;"sexta-feira";"17:10:00";"PI";316;315;"PICOS";"Animais na Pista";"Atropelamento de Animal";"Com Vítimas Feridas";"Anoitecer";"Decrescente";"Céu Claro";"Dupla";"Reta";"Sim";1;0;0;1;0;0;1;1;-7,080182;-41,42863;"SPRF-PI";"DEL04-PI";"UOP01-DEL04-PI"
743357;2026-01-03;"sábado";"09:20:00";"SC";280;22;"ARAQUARI";"Ausência de reação do condutor";"Colisão traseira";"Com Vítimas Feridas";"Pleno dia";"Crescente";"Céu Claro";"Simples";"Reta";"Sim";2;0;1;0;1;0;1;2;-26,37124344;-48,70722055;"SPRF-SC";"DEL03-SC";"UOP03-DEL03-SC"
743358;2026-01-03;"sábado";"09:25:00";"PR";277;8,9;"PARANAGUA";"Avarias e/ou desgaste excessivo no pneu";"Tombamento";"Com Vítimas Feridas";"Pleno dia";"Decrescente";"Sol";"Dupla";"Reta;Aclive";"Não";2;0;1;0;1;0;1;1;-25,56652794;-48,60642163;"SPRF-PR";"DEL01-PR";"UOP05-DEL01-PR"
743359;2026-01-03;"sábado";"07:00:00";"MG";251;444;"GRAO MOGOL";"Velocidade Incompatível";"Saída de leito carroçável";"Com Vítimas Feridas";"Pleno dia";"Crescente";"Chuva";"Simples";"Reta";"Não";5;0;5;0;0;0;5;1;-16,41262162;-43,24321747;"SPRF-MG";"DEL12-MG";"UOP01-DEL12-MG"
743360;2026-01-03;"sábado";"09:20:00";"SP";116;75;"APARECIDA";"Manobra de mudança de faixa";"Colisão traseira";"Com Vítimas Feridas";"Pleno dia";"Decrescente";"Céu Claro";"Dupla";"Reta";"Não";1;0;1;0;0;0;1;1;-22,8750557;-45,2616989;"SPRF-SP";"DEL08-SP";"UOP01-DEL08-SP"
743361;2026-01-03;"sábado";"09:10:00";"PI";343;14,9;"PARNAIBA";"Manobra de mudança de faixa";"Colisão traseira";"Com Vítimas Feridas";"Pleno dia";"Decrescente";"Sol";"Dupla";"Reta;Interseção de Vias";"Sim";2;0;1;0;1;0;1;2;-2,936316;-41,754919;"SPRF-PI";"DEL05-PI";"UOP01-DEL05-PI"