"id";"data_inversa";"dia_semana";"horario";"uf";"br";"km";"municipio";"causa_acidente";"tipo_acidente";"classificacao_acidente";"fase_dia";"sentido_via";"condicao_metereologica";"tipo_pista";"tracado_via";"uso_solo";"pessoas";"mortos";"feridos_leves";"feridos_graves";"ilesos";"ignorados";"feridos";"veiculos";"latitude";"longitude";"regional";"delegacia";"uop"
743655;2026-01-04;"domingo";"16:35:00";"GO";50;173;"CAMPO ALEGRE DE GOIAS";"Ausência de reação do condutor";"Saída de leito carroçável";"Com Vítimas Feridas";"Pleno dia";"Crescente";"Garoa/Chuvisco";"Dupla";"Reta";"Não";1;0;0;1;0;0;1;1;-17,356452;-47,78991;"SPRF-GO";"DEL06-GO";"UOP01-DEL06-GO"
743656;2026-01-04;"domingo";"09:00:00";"BA";324;583;"CANDEIAS";"Ausência de reação do condutor";"Colisão traseira";"Com Vítimas Feridas";"Pleno dia";"Crescente";"Céu Claro";"Múltipla";"Curva";"Não";2;0;1;0;1;0;1;2;-12,626515;-38,480708;"SPRF-BA";"DEL01-BA";"UOP01-DEL01-BA"
743657;2026-01-04;"domingo";"16:00:00";"PB";230;100;"GURINHEM";"Reação tardia ou ineficiente do condutor";"Colisão traseira";"Sem Vítimas";"Pleno dia";"Crescente";"Céu Claro";"Dupla";"Reta";"Não";3;0;0;0;3;0;0;2;-7,199275;-35,492848;"SPRF-PB";"DEL01-PB";"UOP02-DEL01-PB"
743658;2026-01-04;"domingo";"17:08:00";"MG";116;94,9;"MEDINA";"Ausência de reação do condutor";"Saída de leito carroçável";"Com Vítimas Feridas";"Pleno dia";"Decrescente";"Garoa/Chuvisco";"Simples";"Curva";"Não";4;0;1;0;3;0;1;1;-16,39024;-41,47286;"SPRF-MG";"DEL11-MG";"UOP02-DEL11-MG"
743659;2026-01-04;"domingo";"15:10:00";"RJ";101;434;"MANGARATIBA";"Avarias e/ou desgaste excessivo no pneu";"Colisão frontal";"Com Vítimas Feridas";"Pleno dia";"Crescente";"Chuva";"Simples";"Declive;Curva";"Sim";7;0;0;5;2;0;5;2;-22,9374186;-44,04697895;"SPRF-RJ";"DEL03-RJ";"UOP02-DEL03-RJ"
743660;2026-01-04;"domingo";"17:40:00";"ES";101;6,9;"SERRA";"Acessar a via sem observar a presença dos outros veículos";"Colisão traseira";"Com Vítimas Feridas";"Anoitecer";"Crescente";"Céu Claro";"Dupla";"Rotatória;Reta";"Não";4;0;1;1;1;1;2;3;-20,1161645;-40,34342402;"SPRF-ES";"DEL02-ES";"UOP01-DEL02-ES"
743662;2026-01-04;"domingo";"16:30:00";"BA";324;531;"FEIRA DE SANTANA";"Chuva";"Queda de ocupante de veículo";"Com Vítimas Feridas";"Pleno dia";"Decrescente";"Chuva";"Dupla";"Reta";"Não";1;0;1;0;0;0;1;1;-12,33899566;-38,84593964;"SPRF-BA";"DEL11-BA";"UOP02-DEL11-BA"
743663;2026-01-04;"domingo";"16:35:00";"MT";70;379;"CAMPO VERDE";"Reação tardia ou ineficiente do condutor";"Colisão traseira";"Sem Vítimas";"Pleno dia";"Crescente";"Céu Claro";"Simples";"Reta";"Sim";2;0;0;0;2;0;0;2;-15,560657;-55,172687;"SPRF-MT";"DEL05-MT";"UOP02-DEL05-MT"
743664;2026-01-04;"domingo";"17:20:00";"PR";116;83;"PIRAQUARA";"Ingestão de álcool pelo condutor";"Saída de leito carroçável";"Com Vítimas Feridas";"Pleno dia";"Crescente";"Céu Claro";"Dupla";"Curva";"Não";2;0;2;0;0;0;2;1;-25,439375;-49,092015;"SPRF-PR";"DEL01-PR";"UOP02-DEL01-PR"
743665;2026-01-04;"domingo";"17:50:00";"MG";381;479,8;"CONTAGEM";"Ausência de reação do condutor";"Colisão traseira";"Com Vítimas Feridas";"Pleno dia";"Crescente";"Nublado";"Dupla";"Reta;Aclive";"Sim";3;0;2;1;0;0;3;2;-19,962285;-44,04979;"SPRF-MG";"DEL01-MG";"UOP03-DEL01-MG"
743666;2026-01-04;"domingo";"16:00:00";"PR";116;18,8;"COLOMBO";"Ingestão de álcool pelo condutor";"Colisão lateral mesmo sentido";"Sem Vítimas";"Pleno dia";"Crescente";"Céu Claro";"Dupla";"Reta";"Sim";2;0;0;0;2;0;0;2;-25,3872247;-49,17747617;"SPRF-PR";"DEL01-PR";"UOP02-DEL01-PR"
743668;2026-01-04;"domingo";"16:50:00";"GO";20;110,8;"FLORES DE GOIAS";"Ausência de reação do condutor";"Engavetamento";"Com Vítimas Feridas";"Pleno dia";"Decrescente";"Nublado";"Simples";"Reta";"Não";4;0;1;0;3;0;1;3;-14,899636;-46,906447;"SPRF-DF";"DEL02-DF";"UOP03-DEL02-DF"
743669;2026-01-04;"domingo";"12:00:00";"MT";163;873;"SINOP";"Avarias e/ou desgaste excessivo no pneu";"Saída de leito carroçável";"Com Vítimas Feridas";"Pleno dia";"Crescente";"Chuva";"Simples";"Curva;Declive";"Não";3;0;2;0;1;0;2;1;-11,54116858;-55,39349556;"SPRF-MT";"DEL06-MT";"UOP02-DEL06-MT"
743671;2026-01-04;"domingo";"17:00:00";"BA";235;171,3;"CANUDOS";"Acesso irregular";"Colisão lateral mesmo sentido";"Com Vítimas Feridas";"Pleno dia";"Crescente";"Céu Claro";"Dupla";"Retorno Regulamentado";"Não";7;0;1;0;6;0;1;2;-9,907528;-39,029168;"SPRF-BA";"DEL07-BA";"UOP03-DEL07-BA"
743672;2026-01-04;"domingo";"18:10:00";"DF";20;12,9;"BRASILIA";"Ausência de reação do condutor";"Colisão traseira";"Com Vítimas Feridas";"Pleno dia";"Decrescente";"Nublado";"Dupla";"Reta";"Sim";3;0;0;1;2;0;1;2;-15,63861;-47,748653;"SPRF-DF";"DEL02-DF";"UOP01-DEL02-DF"
743673;2026-01-04;"domingo";"16:30:00";"MG";40;619,7;"CONGONHAS";"Velocidade Incompatível";"Saída de leito carroçável";"Com Vítimas Feridas";"Pleno dia";"Decrescente";"Garoa/Chuvisco";"Simples";"Curva";"Não";3;0;0;1;2;0;1;1;-20,578525;-43,808194;"SPRF-MG";"DEL05-MG";"UOP02-DEL05-MG"
743674;2026-01-03;"sábado";"19:00:00";"MS";267;410;"MARACAJU";"Ausência de reação do condutor";"Saída de leito carroçável";"Com Vítimas Feridas";"Plena Noite";"Crescente";"Céu Claro";"Simples";"Reta";"Não";1;0;0;1;0;0;1;1;-21,630635;-55,5739499;"SPRF-MS";"DEL05-MS";"UOP01-DEL05-MS"
743675;2026-01-04;"domingo";"19:00:00";"RS";290;30,2;"SANTO ANTONIO DA PATRULHA";"Demais falhas mecânicas ou elétricas";"Queda de ocupante de veículo";"Com Vítimas Feridas";"Pleno dia";"Crescente";"Céu Claro";"Múltipla";"Reta";"Não";2;0;1;0;1;0;1;1;-29,88405604;-50,56438342;"SPRF-RS";"DEL03-RS";"UOP01-DEL03-RS"
743676;2026-01-04;"domingo";"18:45:00";"PE";101;9;"GOIANA";"Transtornos Mentais (exceto suicidio)";"Colisão transversal";"Com Vítimas Feridas";"Plena Noite";"Crescente";"Céu Claro";"Dupla";"Reta";"Não";2;0;1;0;1;0;1;2;-7,579988;-34,988285;"SPRF-PE";"DEL01-PE";"UOP02-DEL01-PE"
743677;2026-01-04;"domingo";"18:20:00";"TO";153;333;"GUARAI";"Acessar a via sem observar a presença dos outros veículos";"Colisão transversal";"Com Vítimas Feridas";"Anoitecer";"Crescente";"Nublado";"Dupla";"Interseção de Vias";"Sim";5;0;1;0;4;0;1;2;-8,829588;-48,512213;"SPRF-TO";"DEL02-TO";"UOP02-DEL02-TO"
743679;2026-01-04;"domingo";"17:20:00";"RS";116;429;"CRISTAL";"Ausência de reação do condutor";"Tombamento";"Com Vítimas Feridas";"Pleno dia";"Decrescente";"Céu Claro";"Simples";"Reta";"Não";2;0;2;0;0;0;2;1;-31,01676683;-52,05321662;"SPRF-RS";"DEL02-RS";"UOP02-DEL02-RS"
743680;2026-01-04;"domingo";"18:40:00";"SC";101;23,9;"JOINVILLE";"Avarias e/ou desgaste excessivo no pneu";"Tombamento";"Com Vítimas Feridas";"Anoitecer";"Crescente";"Nublado";"Dupla";"Curva";"Não";2;0;1;0;1;0;1;1;-26,17447972;-48,90756933;"SPRF-SC";"DEL03-SC";"UOP01-DEL03-SC"
743681;2026-01-04;"domingo";"17:00:00";"RN";226;201,2;"TENENTE LAURENTINO CRUZ";"Reação tardia ou ineficiente do condutor";"Saída de leito carroçável";"Com Vítimas Fatais";"Pleno dia";"Crescente";"Céu Claro";"Simples";"Reta";"Não";1;1;0;0;0;0;0;1;-6,21897482;-36,70948505;"SPRF-RN";"DEL03-RN";"UOP02-DEL03-RN"
743682;2026-01-04;"domingo";"18:45:00";"SC";101;21,3;"BIGUACU";"Velocidade Incompatível";"Colisão com objeto";"Com Vítimas Feridas";"Anoitecer";"Decrescente";"Nublado";"Dupla";"Curva";"Não";1;0;0;1;0;0;1;1;-27,500467;-48,714557;"SPRF-SC";"DEL01-SC";"UOP02-DEL01-SC"
743683;2026-01-04;"domingo";"17:45:00";"MG";381;925;"ITAPEVA";"Velocidade Incompatível";"Tombamento";"Com Vítimas Fatais";"Pleno dia";"Decrescente";"Nublado";"Dupla";"Declive;Curva";"Não";2;1;0;1;0;0;1;1;-22,770751;-46,20087;"SPRF-MG";"DEL16-MG";"UOP03-DEL16-MG"
743684;2026-01-04;"domingo";"18:03:00";"MT";364;354;"SANTO ANTONIO DO LEVERGER";"Acumulo de água sobre o pavimento";"Saída de leito carroçável";"Com Vítimas Feridas";"Plena Noite";"Crescente";"Chuva";"Dupla";"Reta";"Não";4;0;1;0;3;0;1;1;-15,81139313;-55,37411928;"SPRF-MT";"DEL05-MT";"UOP02-DEL05-MT"
743686;2026-01-04;"domingo";"16:40:00";"PR";277;279,1;"PRUDENTOPOLIS";"Acessar a via sem observar a presença dos outros veículos";"Colisão transversal";"Com Vítimas Feridas";"Pleno dia";"Decrescente";"Céu Claro";"Simples";"Curva";"Não";3;0;0;1;2;0;1;2;-25,35939137;-50,91716181;"SPRF-PR";"DEL08-PR";"UOP02-DEL08-PR"
743688;2026-01-04;"domingo";"16:30:00";"MG";365;460;"PATROCINIO";"Manobra de mudança de faixa";"Colisão frontal";"Com Vítimas Feridas";"Pleno dia";"Decrescente";"Céu Claro";"Simples";"Reta";"Não";4;0;3;1;0;0;4;2;-18,868699;-46,89986184;"SPRF-MG";"DEL10-MG";"UOP01-DEL10-MG"
743690;2026-01-04;"domingo";"18:15:00";"PE";232;180;"BELO JARDIM";"Transitar na contramão";"Colisão frontal";"Com Vítimas Fatais";"Plena Noite";"Crescente";"Céu Claro";"Simples";"Reta";"Sim";2;1;0;1;0;0;1;2;-8,34590632;-36,43582916;"SPRF-PE";"DEL03-PE";"UOP02-DEL03-PE"
743691;2026-01-04;"domingo";"08:15:00";"PR";116;14;"CAMPINA GRANDE DO SUL";"Chuva";"Saída de leito carroçável";"Com Vítimas Feridas";"Pleno dia";"Decrescente";"Garoa/Chuvisco";"Dupla";"Curva";"Não";2;0;1;0;1;0;1;1;-25,09962557;-48,67577299;"SPRF-PR";"DEL01-PR";"UOP02-DEL01-PR"
743692;2026-01-04;"domingo";"19:30:00";"SC";282;19;"PALHOCA";"Conversão proibida";"Colisão transversal";"Com Vítimas Feridas";"Plena Noite";"Decrescente";"Céu Claro";"Simples";"Curva";"Sim";2;0;1;0;1;0;1;2;-27,6761346;-48,6969652;"SPRF-SC";"DEL01-SC";"UOP02-DEL01-SC"
743693;2026-01-04;"domingo";"16:40:00";"SE";235;49;"ITABAIANA";"Ingestão de álcool pelo condutor";"Colisão traseira";"Com Vítimas Feridas";"Pleno dia";"Crescente";"Céu Claro";"Simples";"Reta";"Sim";3;0;0;1;2;0;1;3;-10,707054;-37,42652385;"SPRF-SE";"DEL01-SE";"UOP02-DEL01-SE"
743694;2026-01-04;"domingo";"18:50:00";"MT";364;54,3;"ALTO GARCAS";"Curva acentuada";"Saída de leito carroçável";"Com Vítimas Feridas";"Plena Noite";"Crescente";"Céu Claro";"Simples";"Curva";"Não";1;0;1;0;0;0;1;1;-16,9443328;-53,5330816;"SPRF-MT";"DEL02-MT";"UOP02-DEL02-MT"
743695;2026-01-04;"domingo";"19:35:00";"MT";70;238;"POXOREU";"Avarias e/ou desgaste excessivo no pneu";"Tombamento";"Com Vítimas Feridas";"Plena Noite";"Crescente";"Céu Claro";"Simples";"Reta";"Não";2;0;1;1;0;0;2;1;-15,6227127;-54,0263696;"SPRF-MT";"DEL05-MT";"UOP01-DEL05-MT"
743698;2026-01-04;"domingo";"20:50:00";"RS";392;109;"CANGUCU";"Ausência de reação do condutor";"Saída de leito carroçável";"Com Vítimas Feridas";"Plena Noite";"Crescente";"Céu Claro";"Dupla";"Reta";"Não";1;0;1;0;0;0;1;1;-31,470823;-52,629985;"SPRF-RS";"DEL07-RS";"UOP01-DEL07-RS"
743699;2026-01-04;"domingo";"19:30:00";"RO";364;177,7;"PIMENTA BUENO";"Condutor Dormindo";"Saída de leito carroçável";"Com Vítimas Feridas";"Plena Noite";"Crescente";"Nublado";"Simples";"Reta";"Não";4;0;2;0;2;0;2;1;-11,793367;-61,060793;"SPRF-RO";"DEL02-RO";"UOP02-DEL02-RO"
743700;2026-01-04;"domingo";"20:10:00";"PE";101;70,7;"RECIFE";"Condutor deixou de manter distância do veículo da frente";"Colisão traseira";"Com Vítimas Feridas";"Plena Noite";"Crescente";"Céu Claro";"Dupla";"Reta";"Sim";2;0;1;0;1;0;1;2;-8,072388;-34,942775;"SPRF-PE";"DEL01-PE";"UOP01-DEL01-PE"
743701;2026-01-04;"domingo";"20:30:00";"PR";153;45,1;"SANTO ANTONIO DA PLATINA";"Animais na Pista";"Atropelamento de Animal";"Com Vítimas Feridas";"Plena Noite";"Crescente";"Céu Claro";"Simples";"Reta";"Não";1;0;1;0;0;0;1;1;-23,32560261;-50,06708369;"SPRF-PR";"DEL07-PR";"UOP04-DEL07-PR"
743702;2026-01-04;"domingo";"19:00:00";"MG";116;189,7;"CARAI";"Transitar na contramão";"Colisão frontal";"Com Vítimas Fatais";"Plena Noite";"Crescente";"Chuva";"Simples";"Aclive;Curva";"Não";5;3;1;1;0;0;2;2;-17,16018;-41,495545;"SPRF-MG";"DEL11-MG";"UOP01-DEL11-MG"
743703;2026-01-04;"domingo";"18:46:00";"PI";343;345,9;"TERESINA";"Ausência de reação do condutor";"Colisão traseira";"Com Vítimas Feridas";"Plena Noite";"Decrescente";"Céu Claro";"Simples";"Reta";"Sim";7;0;1;0;5;1;1;3;-5,110915;-42,770777;"SPRF-PI";"DEL01-PI";"UOP01-DEL01-PI"
743704;2026-01-04;"domingo";"19:50:00";"SP";116;450;"REGISTRO";"Condutor deixou de manter distância do veículo da frente";"Colisão traseira";"Com Vítimas Feridas";"Plena Noite";"Decrescente";"Nublado";"Dupla";"Reta";"Sim";7;0;6;0;1;0;6;2;-24,53665179;-47,85893872;"SPRF-SP";"DEL05-SP";"UOP01-DEL05-SP"
743708;2026-01-04;"domingo";"17:45:00";"SC";280;4,6;"SAO FRANCISCO DO SUL";"Desrespeitar a preferência no cruzamento";"Colisão transversal";"Com Vítimas Feridas";"Anoitecer";"Crescente";"Chuva";"Simples";"Rotatória";"Não";2;0;0;1;1;0;1;2;-26,25766;-48,62316;"SPRF-SC";"DEL03-SC";"UOP03-DEL03-SC"
743711;2026-01-04;"domingo";"17:10:00";"MT";163;1025;"PEIXOTO DE AZEVEDO";"Reação tardia ou ineficiente do condutor";"Engavetamento";"Com Vítimas Feridas";"Pleno dia";"Crescente";"Nublado";"Simples";"Declive;Reta";"Não";7;0;1;0;6;0;1;3;-10,273424;-55,0129741;"SPRF-MT";"DEL06-MT";"UOP03-DEL06-MT"
743712;2026-01-04;"domingo";"21:20:00";"MA";10;251;"IMPERATRIZ";"Pista esburacada";"Tombamento";"Com Vítimas Feridas";"Plena Noite";"Crescente";"Céu Claro";"Simples";"Reta";"Sim";1;0;1;0;0;0;1;1;-5,538282;-47,46739;"SPRF-MA";"DEL04-MA";"UOP01-DEL04-MA"
743713;2026-01-04;"domingo";"19:50:00";"RJ";393;281;"VOLTA REDONDA";"Ingestão de álcool pelo condutor";"Colisão traseira";"Sem Vítimas";"Plena Noite";"Crescente";"Céu Claro";"Simples";"Aclive;Reta;Interseção de Vias";"Sim";2;0;0;0;2;0;0;2;-22,47373362;-44,06151149;"SPRF-RJ";"DEL05-RJ";"UOP04-DEL05-RJ"
743714;2026-01-04;"domingo";"22:10:00";"ES";101;128;"SOORETAMA";"Ultrapassagem Indevida";"Colisão frontal";"Com Vítimas Fatais";"Plena Noite";"Decrescente";"Chuva";"Simples";"Declive;Reta";"Não";3;2;0;0;1;0;0;2;-19,210997;-40,094694;"SPRF-ES";"DEL04-ES";"UOP01-DEL04-ES"
743716;2026-01-04;"domingo";"22:40:00";"SC";101;124;"ITAJAI";"Condutor deixou de manter distância do veículo da frente";"Colisão traseira";"Com Vítimas Feridas";"Plena Noite";"Decrescente";"Nublado";"Múltipla";"Reta";"Sim";3;0;0;2;1;0;2;2;-26,93984827;-48,69522572;"SPRF-SC";"DEL04-SC";"UOP04-DEL04-SC"
743717;2026-01-04;"domingo";"16:20:00";"PI";343;97;"CARAUBAS DO PIAUI";"Ausência de reação do condutor";"Saída de leito carroçável";"Com Vítimas Feridas";"Pleno dia";"Decrescente";"Céu Claro";"Simples";"Aclive;Reta";"Não";2;0;1;1;0;0;2;1;-3,5506;-41,71067;"SPRF-PI";"DEL05-PI";"UOP01-DEL05-PI"
743718;2026-01-04;"domingo";"06:45:00";"MG";381;371;"SAO GONCALO DO RIO ABAIXO";"Pista Escorregadia";"Saída de leito carroçável";"Com Vítimas Feridas";"Pleno dia";"Decrescente";"Chuva";"Simples";"Aclive;Curva";"Não";5;0;2;0;3;0;2;1;-19,83873706;-43,33900452;"SPRF-MG";"DEL01-MG";"UOP01-DEL01-MG"
743719;2026-01-04;"domingo";"20:10:00";"RR";401;97;"BONFIM";"Animais na Pista";"Atropelamento de Animal";"Sem Vítimas";"Plena Noite";"Crescente";"Céu Claro";"Simples";"Reta";"Não";2;0;0;0;2;0;0;1;3,269325;-60,02179;"SPRF-RR";"DEL01-RR";"UOP01-DEL01-RR"
743720;2026-01-04;"domingo";"18:33:00";"MT";174;443;"NOVA LACERDA";"Manobra de mudança de faixa";"Colisão lateral mesmo sentido";"Com Vítimas Feridas";"Anoitecer";"Crescente";"Céu Claro";"Simples";"Reta";"Não";2;0;1;0;1;0;1;2;-14,06129081;-59,7435987;"SPRF-MT";"DEL04-MT";"UOP02-DEL04-MT"
743721;2026-01-04;"domingo";"22:50:00";"SP";116;213,9;"GUARULHOS";"Reação tardia ou ineficiente do condutor";"Tombamento";"Com Vítimas Feridas";"Plena Noite";"Crescente";"Nublado";"Múltipla";"Reta";"Sim";1;0;1;0;0;0;1;1;-23,44238022;-46,44447684;"SPRF-SP";"DEL01-SP";"UOP01-DEL01-SP"
743722;2026-01-04;"domingo";"21:05:00";"RS";290;402,7;"SANTA MARGARIDA DO SUL";"Transitar na contramão";"Colisão frontal";"Com Vítimas Fatais";"Plena Noite";"Crescente";"Céu Claro";"Simples";"Curva";"Não";3;1;0;0;2;0;0;2;-30,3588002;-54,1734726;"SPRF-RS";"DEL09-RS";"UOP02-DEL09-RS"
743724;2026-01-04;"domingo";"21:20:00";"ES";262;47;"MARECHAL FLORIANO";"Conversão proibida";"Colisão lateral mesmo sentido";"Com Vítimas Feridas";"Plena Noite";"Crescente";"Chuva";"Simples";"Reta;Aclive";"Não";2;0;1;0;0;1;1;2;-20,41232848;-40,68541254;"SPRF-ES";"DEL01-ES";"UOP01-DEL01-ES"
743725;2026-01-04;"domingo";"19:40:00";"PR";163;143;"CAPITAO LEONIDAS MARQUES";"Ingestão de álcool pelo condutor";"Saída de leito carroçável";"Com Vítimas Fatais";"Plena Noite";"Crescente";"Céu Claro";"Dupla";"Declive;Curva";"Não";2;1;1;0;0;0;1;1;-25,45403779;-53,58154535;"SPRF-PR";"DEL05-PR";"UOP05-DEL05-PR"
743726;2026-01-04;"domingo";"21:56:00";"MS";359;528;"LADARIO";"Ausência de reação do condutor";"Saída de leito carroçável";"Com Vítimas Feridas";"Plena Noite";"Crescente";"Céu Claro";"Simples";"Reta";"Não";1;0;1;0;0;0;1;1;-19,063352;-57,61787;"SPRF-MS";"DEL03-MS";"UOP03-DEL03-MS"
743727;2026-01-04;"domingo";"20:20:00";"RJ";116;275;"BARRA MANSA";"Ultrapassagem Indevida";"Colisão lateral sentido oposto";"Com Vítimas Feridas";"Plena Noite";"Crescente";"Nublado";"Simples";"Curva;Declive";"Sim";6;0;0;2;4;0;2;2;-22,562399;-44,157956;"SPRF-RJ";"DEL07-RJ";"UOP02-DEL07-RJ"
743728;2026-01-04;"domingo";"22:42:00";"PI";343;596,3;"FLORIANO";"Demais falhas mecânicas ou elétricas";"Incêndio";"Sem Vítimas";"Plena Noite";"Decrescente";"Céu Claro";"Simples";"Declive;Reta";"Não";1;0;0;0;1;0;0;1;-6,80731;-43,05233;"SPRF-PI";"DEL03-PI";"UOP01-DEL03-PI"
743729;2026-01-04;"domingo";"21:10:00";"MT";70;682;"CACERES";"Acumulo de água sobre o pavimento";"Saída de leito carroçável";"Com Vítimas Feridas";"Plena Noite";"Decrescente";"Chuva";"Simples";"Curva";"Não";5;0;4;0;1;0;4;1;-16,20321;-57,38726;"SPRF-MT";"DEL03-MT";"UOP02-DEL03-MT"
743730;2026-01-04;"domingo";"23:30:00";"BA";367;36;"PORTO SEGURO";"Animais na Pista";"Atropelamento de Animal";"Com Vítimas Feridas";"Plena Noite";"Decrescente";"Céu Claro";"Simples";"Curva";"Não";5;0;2;0;3;0;2;2;-16,3961131;-39,18437004;"SPRF-BA";"DEL09-BA";"UOP03-DEL09-BA"
743732;2026-01-04;"domingo";"23:25:00";"MG";381;441;"SANTA LUZIA";"Velocidade Incompatível";"Colisão frontal";"Sem Vítimas";"Plena Noite";"Decrescente";"Chuva";"Simples";"Curva";"Não";2;0;0;0;1;1;0;2;-19,82517271;-43,82137299;"SPRF-MG";"DEL01-MG";"UOP01-DEL01-MG"
743733;2026-01-04;"domingo";"20:00:00";"MT";364;182;"PEDRA PRETA";"Pista esburacada";"Saída de leito carroçável";"Com Vítimas Feridas";"Plena Noite";"Decrescente";"Céu Claro";"Simples";"Reta;Aclive";"Não";1;0;1;0;0;0;1;1;-16,5996;-54,50029;"SPRF-MT";"DEL02-MT";"UOP01-DEL02-MT"
743735;2026-01-05;"segunda-feira";"01:00:00";"PE";101;85,4;"JABOATAO DOS GUARARAPES";"Ausência de reação do condutor";"Saída de leito carroçável";"Com Vítimas Feridas";"Plena Noite";"Decrescente";"Céu Claro";"Dupla";"Reta";"Não";2;0;1;0;1;0;1;1;-8,18202;-34,96182;"SPRF-PE";"DEL01-PE";"UOP01-DEL01-PE"
743736;2026-01-04;"domingo";"18:30:00";"BA";324;564;"SAO SEBASTIAO DO PASSE";"Pista esburacada";"Queda de ocupante de veículo";"Com Vítimas Feridas";"Plena Noite";"Crescente";"Céu Claro";"Dupla";"Reta";"Não";2;0;2;0;0;0;2;1;-12,521981;-38,613979;"SPRF-BA";"DEL01-BA";"UOP01-DEL01-BA"
743737;2026-01-05;"segunda-feira";"02:50:00";"PB";104;133;"QUEIMADAS";"Animais na Pista";"Atropelamento de Animal";"Com Vítimas Feridas";"Plena Noite";"Decrescente";"Céu Claro";"Simples";"Reta";"Sim";1;0;0;1;0;0;1;1;-7,301653;-35,892305;"SPRF-PB";"DEL02-PB";"UOP03-DEL02-PB"
743739;2026-01-05;"segunda-feira";"03:00:00";"RJ";101;86;"CAMPOS DOS GOYTACAZES";"Acumulo de água sobre o pavimento";"Saída de leito carroçável";"Com Vítimas Feridas";"Plena Noite";"Decrescente";"Nublado";"Dupla";"Reta";"Não";5;0;4;0;1;0;4;1;-21,826385;-41,48667;"SPRF-RJ";"DEL08-RJ";"UOP02-DEL08-RJ"
743740;2026-01-05;"segunda-feira";"03:30:00";"SC";101;38,5;"JOINVILLE";"Desrespeitar a preferência no cruzamento";"Colisão transversal";"Com Vítimas Feridas";"Plena Noite";"Crescente";"Nublado";"Simples";"Rotatória";"Sim";2;0;1;0;1;0;1;2;-26,29666085;-48,88427703;"SPRF-SC";"DEL03-SC";"UOP01-DEL03-SC"
743741;2026-01-05;"segunda-feira";"02:15:00";"MG";381;154,8;"GOVERNADOR VALADARES";"Ausência de reação do condutor";"Tombamento";"Com Vítimas Feridas";"Plena Noite";"Crescente";"Céu Claro";"Simples";"Curva";"Não";1;0;1;0;0;0;1;1;-18,90677454;-42,00387119;"SPRF-MG";"DEL06-MG";"UOP01-DEL06-MG"
743742;2026-01-05;"segunda-feira";"02:55:00";"MS";158;83,5;"PARANAIBA";"Sinalização mal posicionada";"Saída de leito carroçável";"Com Vítimas Feridas";"Plena Noite";"Crescente";"Céu Claro";"Simples";"Em Obras;Aclive";"Não";4;0;3;0;1;0;3;1;-19,586659;-51,227485;"SPRF-MS";"DEL08-MS";"UOP01-DEL08-MS"
743743;2026-01-05;"segunda-feira";"03:42:00";"SC";470;34,8;"GASPAR";"Condutor Dormindo";"Saída de leito carroçável";"Com Vítimas Feridas";"Plena Noite";"Decrescente";"Nublado";"Dupla";"Em Obras;Reta";"Não";2;0;1;1;0;0;2;1;-26,9128513;-48,9577501;"SPRF-SC";"DEL04-SC";"UOP01-DEL04-SC"
743744;2026-01-05;"segunda-feira";"03:30:00";"PE";232;93;"SAIRE";"Reação tardia ou ineficiente do condutor";"Queda de ocupante de veículo";"Com Vítimas Fatais";"Plena Noite";"Decrescente";"Céu Claro";"Dupla";"Reta;Declive";"Não";1;1;0;0;0;0;0;1;-8,22211362;-35,6824801;"SPRF-PE";"DEL02-PE";"UOP03-DEL02-PE"
743747;2026-01-05;"segunda-feira";"06:20:00";"BA";324;513,8;"FEIRA DE SANTANA";"Conversão proibida";"Colisão transversal";"Sem Vítimas";"Pleno dia";"Decrescente";"Céu Claro";"Simples";"Reta;Interseção de Vias";"Sim";2;0;0;0;2;0;0;2;-12,2325349;-38,9527782;"SPRF-BA";"DEL02-BA";"UOP01-DEL02-BA"
743748;2026-01-04;"domingo";"14:40:00";"GO";70;472;"ARAGARCAS";"Acesso irregular";"Colisão transversal";"Com Vítimas Feridas";"Pleno dia";"Decrescente";"Céu Claro";"Simples";"Reta;Declive";"Sim";3;0;1;1;1;0;2;2;-15,89733469;-52,23338038;"SPRF-GO";"DEL04-GO";"UOP02-DEL04-GO"
743749;2026-01-05;"segunda-feira";"03:50:00";"AL";423;82,8;"DELMIRO GOUVEIA";"Animais na Pista";"Atropelamento de Animal";"Com Vítimas Feridas";"Plena Noite";"Decrescente";"Céu Claro";"Simples";"Reta";"Não";4;0;1;1;2;0;2;1;-9,339424;-38,00946;"SPRF-BA";"DEL07-BA";"UOP01-DEL07-BA"
743751;2026-01-05;"segunda-feira";"05:30:00";"RJ";101;318;"SAO GONCALO";"Reação tardia ou ineficiente do condutor";"Tombamento";"Com Vítimas Feridas";"Pleno dia";"Crescente";"Garoa/Chuvisco";"Dupla";"Reta";"Sim";2;0;2;0;0;0;2;1;-22,84523353;-43,09848474;"SPRF-RJ";"DEL02-RJ";"UOP02-DEL02-RJ"
743752;2026-01-05;"segunda-feira";"07:10:00";"RS";116;143,8;"CAXIAS DO SUL";"Reação tardia ou ineficiente do condutor";"Colisão lateral mesmo sentido";"Com Vítimas Feridas";"Pleno dia";"Crescente";"Céu Claro";"Dupla";"Curva";"Não";2;0;2;0;0;0;2;2;-29,126482;-51,128047;"SPRF-RS";"DEL05-RS";"UOP01-DEL05-RS"