"id";"data_inversa";"dia_semana";"horario";"uf";"br";"km";"municipio";"causa_acidente";"tipo_acidente";"classificacao_acidente";"fase_dia";"sentido_via";"condicao_metereologica";"tipo_pista";"tracado_via";"uso_solo";"pessoas";"mortos";"feridos_leves";"feridos_graves";"ilesos";"ignorados";"feridos";"veiculos";"latitude";"longitude";"regional";"delegacia";"uop"
743753;2026-01-05;"segunda-feira";"06:45:00";"PE";101;51;"PAULISTA";"Pedestre cruzava a pista fora da faixa";"Atropelamento de Pedestre";"Com Vítimas Feridas";"Pleno dia";"Decrescente";"Céu Claro";"Múltipla";"Reta";"Sim";2;0;0;1;1;0;1;2;-7,91861384;-34,89571095;"SPRF-PE";"DEL01-PE";"UOP02-DEL01-PE"
743754;2026-01-04;"domingo";"22:20:00";"SP";116;545;"BARRA DO TURVO";"Reação tardia ou ineficiente do condutor";"Capotamento";"Com Vítimas Feridas";"Plena Noite";"Crescente";"Chuva";"Múltipla";"Curva;Declive";"Não";4;0;1;0;3;0;1;1;-24,94784605;-48,42410535;"SPRF-SP";"DEL05-SP";"UOP02-DEL05-SP"
743756;2026-01-05;"segunda-feira";"00:25:00";"BA";367;30;"PORTO SEGURO";"Reação tardia ou ineficiente do condutor";"Colisão com objeto";"Com Vítimas Feridas";"Plena Noite";"Decrescente";"Céu Claro";"Simples";"Reta";"Não";2;0;1;1;0;0;2;1;-16,416;-39,158;"SPRF-BA";"DEL09-BA";"UOP03-DEL09-BA"
743758;2026-01-05;"segunda-feira";"07:00:00";"SP";116;308;"SAO LOURENCO DA SERRA";"Velocidade Incompatível";"Colisão frontal";"Com Vítimas Feridas";"Pleno dia";"Decrescente";"Garoa/Chuvisco";"Dupla";"Curva";"Sim";1;0;1;0;0;0;1;1;-23,85977984;-46,94552422;"SPRF-SP";"DEL04-SP";"UOP01-DEL04-SP"
743761;2026-01-05;"segunda-feira";"07:40:00";"PR";277;637,3;"CEU AZUL";"Ausência de reação do condutor";"Saída de leito carroçável";"Com Vítimas Feridas";"Pleno dia";"Crescente";"Céu Claro";"Simples";"Reta";"Sim";2;0;1;0;0;1;1;1;-25,14259342;-53,83276876;"SPRF-PR";"DEL05-PR";"UOP02-DEL05-PR"
743762;2026-01-04;"domingo";"04:50:00";"RJ";101;311,1;"SAO GONCALO";"Ausência de reação do condutor";"Colisão com objeto";"Sem Vítimas";"Amanhecer";"Decrescente";"Céu Claro";"Dupla";"Reta";"Não";1;0;0;0;1;0;0;1;-22,81293;-43,073376;"SPRF-RJ";"DEL02-RJ";"UOP02-DEL02-RJ"
743763;2026-01-05;"segunda-feira";"08:00:00";"ES";101;343,2;"GUARAPARI";"Avarias e/ou desgaste excessivo no pneu";"Colisão com objeto";"Com Vítimas Feridas";"Pleno dia";"Decrescente";"Chuva";"Dupla";"Curva";"Não";1;0;1;0;0;0;1;1;-20,6632368;-40,5930098;"SPRF-ES";"DEL03-ES";"UOP01-DEL03-ES"
743764;2026-01-05;"segunda-feira";"08:00:00";"BA";324;529;"FEIRA DE SANTANA";"Frear bruscamente";"Engavetamento";"Sem Vítimas";"Pleno dia";"Decrescente";"Céu Claro";"Dupla";"Reta";"Não";6;0;0;0;6;0;0;6;-12,33193;-38,856365;"SPRF-BA";"DEL11-BA";"UOP02-DEL11-BA"
743765;2026-01-05;"segunda-feira";"06:45:00";"GO";50;198;"CAMPO ALEGRE DE GOIAS";"Condutor Dormindo";"Saída de leito carroçável";"Com Vítimas Feridas";"Pleno dia";"Crescente";"Chuva";"Dupla";"Declive;Reta";"Não";2;0;1;0;1;0;1;1;-17,57465;-47,821317;"SPRF-GO";"DEL06-GO";"UOP01-DEL06-GO"
743767;2026-01-05;"segunda-feira";"06:20:00";"TO";153;590;"SANTA RITA DO TOCANTINS";"Condutor Dormindo";"Saída de leito carroçável";"Com Vítimas Feridas";"Amanhecer";"Crescente";"Céu Claro";"Simples";"Reta";"Não";5;0;2;0;3;0;2;1;-11,01249;-48,90831;"SPRF-TO";"DEL01-TO";"UOP01-DEL01-TO"
743771;2026-01-05;"segunda-feira";"08:00:00";"RJ";40;119;"DUQUE DE CAXIAS";"Manobra de mudança de faixa";"Colisão lateral mesmo sentido";"Com Vítimas Feridas";"Pleno dia";"Crescente";"Nublado";"Dupla";"Reta";"Sim";2;0;1;0;1;0;1;2;-22,766762;-43,286843;"SPRF-RJ";"DEL01-RJ";"UOP02-DEL01-RJ"
743773;2026-01-05;"segunda-feira";"09:10:00";"PR";376;421,1;"TIBAGI";"Ausência de reação do condutor";"Saída de leito carroçável";"Com Vítimas Feridas";"Pleno dia";"Decrescente";"Céu Claro";"Dupla";"Curva";"Não";3;0;0;1;2;0;1;1;-24,71494;-50,54824;"SPRF-PR";"DEL03-PR";"UOP02-DEL03-PR"
743774;2026-01-05;"segunda-feira";"09:15:00";"MG";262;364,5;"JUATUBA";"Velocidade Incompatível";"Saída de leito carroçável";"Com Vítimas Feridas";"Pleno dia";"Crescente";"Chuva";"Dupla";"Curva;Declive";"Não";1;0;1;0;0;0;1;1;-19,9566;-44,3447;"SPRF-MG";"DEL01-MG";"UOP03-DEL01-MG"
743777;2026-01-05;"segunda-feira";"07:50:00";"RJ";101;282;"ITABORAI";"Pista Escorregadia";"Queda de ocupante de veículo";"Com Vítimas Feridas";"Pleno dia";"Decrescente";"Garoa/Chuvisco";"Dupla";"Viaduto";"Sim";1;0;1;0;0;0;1;1;-22,7353564;-42,80426762;"SPRF-RJ";"DEL02-RJ";"UOP02-DEL02-RJ"
743778;2026-01-05;"segunda-feira";"09:00:00";"ES";101;349,9;"ANCHIETA";"Velocidade Incompatível";"Colisão com objeto";"Com Vítimas Feridas";"Pleno dia";"Crescente";"Chuva";"Dupla";"Curva";"Não";2;0;1;1;0;0;2;1;-20,659053;-40,647867;"SPRF-ES";"DEL03-ES";"UOP01-DEL03-ES"
743779;2026-01-05;"segunda-feira";"09:35:00";"GO";50;95;"CRISTALINA";"Manobra de mudança de faixa";"Colisão frontal";"Com Vítimas Feridas";"Pleno dia";"Crescente";"Nublado";"Simples";"Viaduto;Curva";"Sim";2;0;1;0;1;0;1;2;-16,753788;-47,603763;"SPRF-DF";"DEL01-DF";"UOP02-DEL01-DF"
743780;2026-01-05;"segunda-feira";"08:30:00";"SE";101;57;"ROSARIO DO CATETE";"Reação tardia ou ineficiente do condutor";"Eventos atípicos";"Com Vítimas Feridas";"Pleno dia";"Crescente";"Céu Claro";"Simples";"Reta";"Não";2;0;1;0;1;0;1;2;-10,64465399;-37,01855835;"SPRF-SE";"DEL02-SE";"UOP02-DEL02-SE"
743781;2026-01-05;"segunda-feira";"10:20:00";"PB";230;22,5;"JOAO PESSOA";"Ausência de reação do condutor";"Engavetamento";"Com Vítimas Feridas";"Pleno dia";"Decrescente";"Céu Claro";"Dupla";"Reta";"Sim";4;0;2;0;2;0;2;3;-7,156232;-34,85729;"SPRF-PB";"DEL01-PB";"UOP01-DEL01-PB"
743783;2026-01-05;"segunda-feira";"09:40:00";"RJ";493;6;"ITABORAI";"Acesso irregular";"Colisão lateral mesmo sentido";"Com Vítimas Feridas";"Pleno dia";"Decrescente";"Céu Claro";"Simples";"Reta;Em Obras";"Sim";2;0;1;0;1;0;1;2;-22,73439026;-42,95259476;"SPRF-RJ";"DEL02-RJ";"UOP02-DEL02-RJ"
743784;2026-01-05;"segunda-feira";"10:00:00";"DF";70;10;"BRASILIA";"Reação tardia ou ineficiente do condutor";"Saída de leito carroçável";"Com Vítimas Feridas";"Pleno dia";"Crescente";"Chuva";"Dupla";"Reta";"Não";1;0;1;0;0;0;1;1;-15,788342;-48,14513;"SPRF-DF";"DEL03-DF";"UOP02-DEL03-DF"
743788;2026-01-05;"segunda-feira";"10:25:00";"GO";60;46;"ALEXANIA";"Chuva";"Saída de leito carroçável";"Com Vítimas Feridas";"Pleno dia";"Decrescente";"Chuva";"Dupla";"Curva;Aclive";"Não";1;0;1;0;0;0;1;1;-16,144391;-48,600591;"SPRF-GO";"DEL02-GO";"UOP01-DEL02-GO"
743789;2026-01-05;"segunda-feira";"10:05:00";"BA";324;527;"FEIRA DE SANTANA";"Condutor deixou de manter distância do veículo da frente";"Colisão traseira";"Com Vítimas Feridas";"Pleno dia";"Decrescente";"Céu Claro";"Dupla";"Reta";"Não";2;0;1;0;1;0;1;2;-12,321912;-38,869597;"SPRF-BA";"DEL11-BA";"UOP02-DEL11-BA"
743790;2026-01-05;"segunda-feira";"11:20:00";"TO";153;794;"TALISMA";"Reação tardia ou ineficiente do condutor";"Saída de leito carroçável";"Com Vítimas Feridas";"Pleno dia";"Crescente";"Garoa/Chuvisco";"Simples";"Reta";"Não";1;0;1;0;0;0;1;1;-12,7953;-49,09104538;"SPRF-TO";"DEL01-TO";"UOP02-DEL01-TO"
743791;2026-01-05;"segunda-feira";"10:25:00";"SC";101;86;"BARRA VELHA";"Ausência de reação do condutor";"Engavetamento";"Sem Vítimas";"Pleno dia";"Decrescente";"Céu Claro";"Dupla";"Reta";"Não";3;0;0;0;3;0;0;3;-26,6404008;-48,69449615;"SPRF-SC";"DEL03-SC";"UOP02-DEL03-SC"
743792;2026-01-05;"segunda-feira";"10:00:00";"RJ";101;514;"ANGRA DOS REIS";"Ausência de reação do condutor";"Tombamento";"Com Vítimas Feridas";"Pleno dia";"Decrescente";"Nublado";"Simples";"Curva";"Não";2;0;2;0;0;0;2;1;-23,00626335;-44,47432458;"SPRF-RJ";"DEL03-RJ";"UOP03-DEL03-RJ"
743795;2026-01-05;"segunda-feira";"10:40:00";"GO";20;173,2;"ALVORADA DO NORTE";"Manobra de mudança de faixa";"Colisão transversal";"Com Vítimas Fatais";"Pleno dia";"Crescente";"Céu Claro";"Simples";"Reta";"Não";8;2;3;3;0;0;6;2;-14,553807;-46,557967;"SPRF-DF";"DEL02-DF";"UOP03-DEL02-DF"
743796;2026-01-05;"segunda-feira";"10:46:00";"RN";101;20,4;"TOUROS";"Acessar a via sem observar a presença dos outros veículos";"Colisão lateral mesmo sentido";"Com Vítimas Feridas";"Pleno dia";"Decrescente";"Céu Claro";"Simples";"Reta";"Não";3;0;2;0;1;0;2;2;-5,297965;-35,426143;"SPRF-RN";"DEL02-RN";"UOP01-DEL02-RN"
743798;2026-01-05;"segunda-feira";"10:55:00";"MG";40;698,7;"BARBACENA";"Retorno proibido";"Colisão transversal";"Com Vítimas Feridas";"Pleno dia";"Decrescente";"Céu Claro";"Simples";"Aclive;Reta";"Não";3;0;0;2;1;0;2;2;-21,19364405;-43,75102468;"SPRF-MG";"DEL05-MG";"UOP02-DEL05-MG"
743800;2026-01-05;"segunda-feira";"10:37:00";"RJ";101;322;"NITEROI";"Ausência de reação do condutor";"Colisão traseira";"Com Vítimas Feridas";"Pleno dia";"Crescente";"Nublado";"Dupla";"Reta";"Sim";2;0;1;0;1;0;1;2;-22,87664967;-43,11056614;"SPRF-RJ";"DEL02-RJ";"UOP01-DEL02-RJ"
743801;2026-01-05;"segunda-feira";"09:20:00";"PE";232;387;"SERRA TALHADA";"Condutor deixou de manter distância do veículo da frente";"Colisão traseira";"Com Vítimas Feridas";"Pleno dia";"Decrescente";"Céu Claro";"Simples";"Reta";"Não";3;0;2;0;1;0;2;2;-8,03219404;-38,11883958;"SPRF-PE";"DEL04-PE";"UOP01-DEL04-PE"
743802;2026-01-05;"segunda-feira";"12:00:00";"SC";101;202,5;"SAO JOSE";"Ausência de reação do condutor";"Colisão traseira";"Com Vítimas Feridas";"Pleno dia";"Crescente";"Sol";"Múltipla";"Reta;Interseção de Vias";"Sim";2;0;1;0;1;0;1;2;-27,56111;-48,61694;"SPRF-SC";"DEL01-SC";"UOP01-DEL01-SC"
743804;2026-01-05;"segunda-feira";"11:40:00";"SP";101;48;"UBATUBA";"Velocidade Incompatível";"Colisão traseira";"Com Vítimas Feridas";"Pleno dia";"Crescente";"Garoa/Chuvisco";"Simples";"Reta";"Não";2;0;1;0;1;0;1;2;-23,441681;-45,085999;"SPRF-SP";"DEL06-SP";"UOP01-DEL06-SP"
743806;2026-01-05;"segunda-feira";"11:00:00";"PI";343;338,5;"TERESINA";"Reação tardia ou ineficiente do condutor";"Colisão traseira";"Com Vítimas Feridas";"Pleno dia";"Crescente";"Céu Claro";"Dupla";"Reta";"Sim";2;0;1;0;1;0;1;2;-5,064803;-42,727048;"SPRF-PI";"DEL01-PI";"UOP01-DEL01-PI"
743807;2026-01-05;"segunda-feira";"12:30:00";"SC";101;194,5;"BIGUACU";"Reação tardia ou ineficiente do condutor";"Colisão lateral mesmo sentido";"Com Vítimas Feridas";"Pleno dia";"Decrescente";"Céu Claro";"Múltipla";"Curva;Aclive";"Sim";3;0;1;0;2;0;1;2;-27,49548995;-48,6568993;"SPRF-SC";"DEL01-SC";"UOP01-DEL01-SC"
743809;2026-01-05;"segunda-feira";"12:12:00";"MG";153;84;"PRATA";"Ausência de reação do condutor";"Saída de leito carroçável";"Com Vítimas Feridas";"Pleno dia";"Crescente";"Garoa/Chuvisco";"Simples";"Reta";"Não";2;0;1;0;1;0;1;1;-19,100473;-48,981404;"SPRF-MG";"DEL15-MG";"UOP03-DEL15-MG"
743810;2026-01-05;"segunda-feira";"12:00:00";"SC";470;52,4;"BLUMENAU";"Acessar a via sem observar a presença dos outros veículos";"Colisão transversal";"Com Vítimas Feridas";"Pleno dia";"Crescente";"Nublado";"Simples";"Interseção de Vias;Reta;Em Obras";"Sim";3;0;1;0;2;0;1;2;-26,863594;-49,097832;"SPRF-SC";"DEL04-SC";"UOP01-DEL04-SC"
743811;2026-01-05;"segunda-feira";"10:40:00";"PI";316;311;"PICOS";"Ultrapassagem Indevida";"Colisão lateral mesmo sentido";"Com Vítimas Feridas";"Pleno dia";"Decrescente";"Céu Claro";"Simples";"Reta";"Sim";4;0;2;0;2;0;2;2;-7,07874495;-41,46191692;"SPRF-PI";"DEL04-PI";"UOP01-DEL04-PI"
743812;2026-01-05;"segunda-feira";"11:51:00";"MG";381;497;"BETIM";"Condutor deixou de manter distância do veículo da frente";"Colisão traseira";"Com Vítimas Feridas";"Pleno dia";"Crescente";"Chuva";"Dupla";"Reta";"Sim";2;0;1;0;1;0;1;1;-19,9964654;-44,20886391;"SPRF-MG";"DEL01-MG";"UOP03-DEL01-MG"
743813;2026-01-05;"segunda-feira";"12:00:00";"PE";232;79,9;"GRAVATA";"Transitar na contramão";"Colisão transversal";"Com Vítimas Feridas";"Pleno dia";"Crescente";"Céu Claro";"Simples";"Reta";"Sim";2;0;0;1;1;0;1;2;-8,1955715;-35,568806;"SPRF-PE";"DEL02-PE";"UOP02-DEL02PE"
743815;2026-01-05;"segunda-feira";"12:20:00";"MG";381;526;"BRUMADINHO";"Chuva";"Capotamento";"Com Vítimas Feridas";"Pleno dia";"Crescente";"Chuva";"Dupla";"Curva";"Não";2;0;1;0;1;0;1;1;-20,15085901;-44,32625265;"SPRF-MG";"DEL04-MG";"UOP03-DEL04-MG"
743817;2026-01-05;"segunda-feira";"11:40:00";"BA";242;269;"BOA VISTA DO TUPIM";"Acessar a via sem observar a presença dos outros veículos";"Colisão traseira";"Com Vítimas Feridas";"Pleno dia";"Crescente";"Céu Claro";"Simples";"Reta;Declive";"Não";5;0;4;0;1;0;4;2;-12,45003086;-40,6111207;"SPRF-BA";"DEL06-BA";"UOP02-DEL06-BA"
743818;2026-01-05;"segunda-feira";"12:12:00";"SC";101;132,2;"BALNEARIO CAMBORIU";"Manobra de mudança de faixa";"Colisão traseira";"Com Vítimas Feridas";"Pleno dia";"Decrescente";"Céu Claro";"Dupla";"Reta";"Sim";2;0;1;0;1;0;1;2;-26,99721;-48,65343;"SPRF-SC";"DEL04-SC";"UOP03-DEL04-SC"
743820;2026-01-05;"segunda-feira";"09:57:00";"MG";116;174,2;"PADRE PARAISO";"Ultrapassagem Indevida";"Saída de leito carroçável";"Com Vítimas Feridas";"Pleno dia";"Decrescente";"Sol";"Simples";"Curva;Declive";"Não";2;0;2;0;0;0;2;1;-17,050878;-41,45758;"SPRF-MG";"DEL11-MG";"UOP02-DEL11-MG"
743824;2026-01-05;"segunda-feira";"09:35:00";"MG";40;452,2;"CAETANOPOLIS";"Velocidade Incompatível";"Engavetamento";"Com Vítimas Feridas";"Pleno dia";"Crescente";"Chuva";"Dupla";"Declive;Reta";"Sim";4;0;2;0;2;0;2;3;-19,33411;-44,361008;"SPRF-MG";"DEL02-MG";"UOP01-DEL02-MG"
743826;2026-01-05;"segunda-feira";"10:40:00";"MG";381;643,4;"SANTO ANTONIO DO AMPARO";"Afundamento ou ondulação no pavimento";"Saída de leito carroçável";"Com Vítimas Feridas";"Pleno dia";"Decrescente";"Chuva";"Dupla";"Curva";"Não";2;0;1;0;1;0;1;1;-20,9230045;-44,87287188;"SPRF-MG";"DEL04-MG";"UOP01-DEL04-MG"
743827;2026-01-05;"segunda-feira";"08:20:00";"RJ";101;87;"CAMPOS DOS GOYTACAZES";"Chuva";"Saída de leito carroçável";"Com Vítimas Feridas";"Pleno dia";"Decrescente";"Chuva";"Dupla";"Curva;Declive";"Não";4;0;2;2;0;0;4;1;-21,830163;-41,499469;"SPRF-RJ";"DEL08-RJ";"UOP02-DEL08-RJ"
743829;2026-01-05;"segunda-feira";"12:10:00";"RS";293;249,4;"DOM PEDRITO";"Acessar a via sem observar a presença dos outros veículos";"Colisão transversal";"Com Vítimas Feridas";"Pleno dia";"Decrescente";"Céu Claro";"Simples";"Curva;Interseção de Vias";"Sim";5;0;0;1;2;2;1;4;-30,97556;-54,64778;"SPRF-RS";"DEL11-RS";"UOP01-DEL11-RS"
743830;2026-01-05;"segunda-feira";"13:35:00";"RN";101;100,2;"PARNAMIRIM";"Condutor deixou de manter distância do veículo da frente";"Colisão traseira";"Com Vítimas Feridas";"Pleno dia";"Crescente";"Céu Claro";"Dupla";"Aclive;Reta";"Sim";2;0;1;0;1;0;1;2;-5,8846853;-35,2276011;"SPRF-RN";"DEL01-RN";"UOP01-DEL01-RN"
743831;2026-01-05;"segunda-feira";"08:24:00";"MA";10;123;"ESTREITO";"Acessar a via sem observar a presença dos outros veículos";"Colisão transversal";"Com Vítimas Feridas";"Pleno dia";"Decrescente";"Céu Claro";"Simples";"Interseção de Vias";"Não";2;0;0;1;0;1;1;2;-6,6047146;-47,4326637;"SPRF-MA";"DEL04-MA";"UOP02-DEL04-MA"
743832;2026-01-05;"segunda-feira";"09:15:00";"RS";116;349,5;"TAPES";"Reação tardia ou ineficiente do condutor";"Saída de leito carroçável";"Com Vítimas Feridas";"Pleno dia";"Decrescente";"Céu Claro";"Dupla";"Curva;Declive";"Não";6;0;1;0;5;0;1;1;-30,70323952;-51,57947212;"SPRF-RS";"DEL02-RS";"UOP02-DEL02-RS"
743833;2026-01-05;"segunda-feira";"10:30:00";"RJ";40;91;"PETROPOLIS";"Acumulo de água sobre o pavimento";"Queda de ocupante de veículo";"Com Vítimas Feridas";"Pleno dia";"Decrescente";"Chuva";"Dupla";"Curva;Aclive";"Não";2;0;1;0;1;0;1;1;-22,56067761;-43,22613716;"SPRF-RJ";"DEL01-RJ";"UOP01-DEL01-RJ"
743834;2026-01-05;"segunda-feira";"12:30:00";"BA";407;191,8;"PONTO NOVO";"Ultrapassagem Indevida";"Colisão frontal";"Com Vítimas Feridas";"Pleno dia";"Crescente";"Céu Claro";"Simples";"Reta";"Não";2;0;1;0;1;0;1;2;-11,03632;-40,09618;"SPRF-BA";"DEL04-BA";"UOP02-DEL04-BA"
743835;2026-01-05;"segunda-feira";"12:40:00";"RJ";101;58;"CAMPOS DOS GOYTACAZES";"Ausência de reação do condutor";"Colisão traseira";"Com Vítimas Feridas";"Pleno dia";"Crescente";"Chuva";"Simples";"Interseção de Vias;Reta";"Sim";2;0;1;0;1;0;1;2;-21,708415;-41,309015;"SPRF-RJ";"DEL08-RJ";"UOP01-DEL08-RJ"
743836;2026-01-05;"segunda-feira";"11:00:00";"RJ";40;81;"PETROPOLIS";"Acumulo de água sobre o pavimento";"Colisão com objeto";"Com Vítimas Feridas";"Pleno dia";"Crescente";"Chuva";"Dupla";"Curva";"Não";4;0;1;0;3;0;1;1;-22,51009299;-43,23183203;"SPRF-RJ";"DEL01-RJ";"UOP01-DEL01-RJ"
743837;2026-01-05;"segunda-feira";"12:20:00";"MS";163;208,9;"CAARAPO";"Acessar a via sem observar a presença dos outros veículos";"Colisão transversal";"Com Vítimas Feridas";"Pleno dia";"Decrescente";"Céu Claro";"Simples";"Reta";"Sim";6;0;1;0;5;0;1;2;-22,63158836;-54,8190207;"SPRF-MS";"DEL04-MS";"UOP02-DEL04-MS"
743840;2026-01-05;"segunda-feira";"13:36:00";"MG";381;526,9;"BRUMADINHO";"Velocidade Incompatível";"Colisão com objeto";"Com Vítimas Feridas";"Pleno dia";"Decrescente";"Nublado";"Dupla";"Curva";"Não";1;0;1;0;0;0;1;1;-20,15721;-44,32866;"SPRF-MG";"DEL04-MG";"UOP03-DEL04-MG"
743843;2026-01-05;"segunda-feira";"15:01:00";"RN";405;2;"MOSSORO";"Acessar a via sem observar a presença dos outros veículos";"Colisão transversal";"Com Vítimas Feridas";"Pleno dia";"Crescente";"Céu Claro";"Dupla";"Reta";"Sim";2;0;1;0;1;0;1;2;-5,19316784;-37,37396389;"SPRF-RN";"DEL04-RN";"UOP02-DEL04-RN"
743844;2026-01-05;"segunda-feira";"15:00:00";"RJ";101;95;"CAMPOS DOS GOYTACAZES";"Ausência de reação do condutor";"Colisão com objeto";"Com Vítimas Feridas";"Pleno dia";"Decrescente";"Garoa/Chuvisco";"Dupla";"Curva";"Não";3;0;2;0;1;0;2;1;-21,82596671;-41,49089813;"SPRF-RJ";"DEL08-RJ";"UOP02-DEL08-RJ"
743845;2026-01-05;"segunda-feira";"14:10:00";"RJ";101;328;"RIO DE JANEIRO";"Ausência de reação do condutor";"Colisão traseira";"Com Vítimas Feridas";"Pleno dia";"Crescente";"Nublado";"Múltipla";"Reta";"Sim";2;0;1;0;1;0;1;2;-22,86947919;-43,17594901;"SPRF-RJ";"DEL02-RJ";"UOP01-DEL02-RJ"
743847;2026-01-05;"segunda-feira";"13:30:00";"PR";369;35;"ANDIRA";"Ausência de reação do condutor";"Colisão traseira";"Com Vítimas Fatais";"Pleno dia";"Crescente";"Céu Claro";"Simples";"Aclive;Reta";"Não";3;1;0;0;1;1;0;3;-23,03103374;-50,21431088;"SPRF-PR";"DEL07-PR";"UOP05-DEL07-PR"
743848;2026-01-05;"segunda-feira";"14:30:00";"PI";343;1,5;"TERESINA";"Transitar na contramão";"Saída de leito carroçável";"Com Vítimas Feridas";"Pleno dia";"Decrescente";"Céu Claro";"Dupla";"Reta";"Sim";2;0;0;1;0;1;1;2;-5,08156246;-42,7652362;"SPRF-PI";"DEL05-PI";"UOP01-DEL05-PI"
743852;2026-01-05;"segunda-feira";"15:30:00";"GO";60;102;"ANAPOLIS";"Ingestão de álcool pelo condutor";"Queda de ocupante de veículo";"Sem Vítimas";"Pleno dia";"Crescente";"Nublado";"Dupla";"Reta";"Sim";1;0;0;0;1;0;0;1;-16,40433;-48,97852;"SPRF-GO";"DEL02-GO";"UOP01-DEL02-GO"
743853;2026-01-05;"segunda-feira";"15:30:00";"RS";116;254;"SAPUCAIA DO SUL";"Ausência de reação do condutor";"Colisão traseira";"Sem Vítimas";"Pleno dia";"Crescente";"Céu Claro";"Múltipla";"Em Obras;Reta;Interseção de Vias";"Sim";2;0;0;0;2;0;0;2;-29,82375251;-51,17157788;"SPRF-RS";"DEL01-RS";"UOP02-DEL01-RS"
743854;2026-01-05;"segunda-feira";"13:00:00";"GO";153;385;"SAO FRANCISCO DE GOIAS";"Animais na Pista";"Atropelamento de Animal";"Com Vítimas Feridas";"Pleno dia";"Crescente";"Chuva";"Simples";"Reta";"Não";2;0;1;0;1;0;1;1;-15,94635135;-49,19119513;"SPRF-GO";"DEL02-GO";"UOP02-DEL02-GO"
743855;2026-01-05;"segunda-feira";"14:30:00";"GO";153;330;"JARAGUA";"Avarias e/ou desgaste excessivo no pneu";"Colisão lateral sentido oposto";"Com Vítimas Feridas";"Pleno dia";"Crescente";"Chuva";"Simples";"Curva;Aclive";"Não";2;0;1;0;1;0;1;2;-15,54862452;-49,43228066;"SPRF-GO";"DEL02-GO";"UOP02-DEL02-GO"
743856;2026-01-05;"segunda-feira";"15:00:00";"BA";324;537;"AMELIA RODRIGUES";"Acessar a via sem observar a presença dos outros veículos";"Colisão lateral mesmo sentido";"Com Vítimas Feridas";"Pleno dia";"Decrescente";"Céu Claro";"Dupla";"Rotatória";"Não";2;0;1;0;1;0;1;2;-12,376573;-38,802942;"SPRF-BA";"DEL11-BA";"UOP02-DEL11-BA"
743857;2026-01-05;"segunda-feira";"15:50:00";"SC";101;193;"BIGUACU";"Manobra de mudança de faixa";"Colisão lateral mesmo sentido";"Com Vítimas Feridas";"Pleno dia";"Decrescente";"Céu Claro";"Múltipla";"Reta;Interseção de Vias";"Sim";2;0;1;0;1;0;1;2;-27,49302;-48,6566;"SPRF-SC";"DEL01-SC";"UOP01-DEL01-SC"
743858;2026-01-05;"segunda-feira";"16:00:00";"PR";116;38;"CAMPINA GRANDE DO SUL";"Ausência de reação do condutor";"Capotamento";"Com Vítimas Feridas";"Pleno dia";"Decrescente";"Chuva";"Dupla";"Curva";"Não";3;0;2;0;1;0;2;1;-25,16488594;-48,86245441;"SPRF-PR";"DEL01-PR";"UOP02-DEL01-PR"
743859;2026-01-05;"segunda-feira";"13:40:00";"BA";135;72;"FORMOSA DO RIO PRETO";"Condutor deixou de manter distância do veículo da frente";"Colisão traseira";"Com Vítimas Feridas";"Pleno dia";"Decrescente";"Céu Claro";"Simples";"Reta";"Não";6;0;0;2;4;0;2;2;-11,339027;-45,899075;"SPRF-BA";"DEL10-BA";"UOP01-DEL10-BA"
743860;2026-01-05;"segunda-feira";"12:14:00";"RO";364;226,8;"CACOAL";"Ausência de reação do condutor";"Colisão traseira";"Com Vítimas Feridas";"Pleno dia";"Decrescente";"Nublado";"Simples";"Reta";"Sim";4;0;0;1;2;1;1;3;-11,497992;-61,372923;"SPRF-RO";"DEL02-RO";"UOP02-DEL02-RO"
743861;2026-01-05;"segunda-feira";"12:20:00";"RJ";101;293;"ITABORAI";"Ultrapassagem Indevida";"Colisão lateral mesmo sentido";"Com Vítimas Feridas";"Pleno dia";"Crescente";"Nublado";"Dupla";"Reta";"Não";2;0;1;0;1;0;1;2;-22,75520923;-42,89136529;"SPRF-RJ";"DEL02-RJ";"UOP02-DEL02-RJ"
743863;2026-01-05;"segunda-feira";"06:00:00";"BA";20;6;"CORRENTINA";"Velocidade Incompatível";"Saída de leito carroçável";"Com Vítimas Feridas";"Pleno dia";"Decrescente";"Nublado";"Simples";"Reta";"Não";3;0;0;1;2;0;1;1;-13,96629355;-46,19320393;"SPRF-BA";"DEL10-BA";"UOP02-DEL10-BA"
743864;2026-01-05;"segunda-feira";"13:15:00";"RS";386;154,9;"ALMIRANTE TAMANDARE DO SUL";"Demais falhas mecânicas ou elétricas";"Incêndio";"Com Vítimas Feridas";"Pleno dia";"Decrescente";"Céu Claro";"Simples";"Declive;Curva";"Não";1;0;1;0;0;0;1;1;-28,07881324;-52,86817901;"SPRF-RS";"DEL08-RS";"UOP01-DEL08-RS"
743865;2026-01-05;"segunda-feira";"15:15:00";"SC";101;124;"ITAJAI";"Trafegar com motocicleta (ou similar) entre as faixas";"Colisão lateral mesmo sentido";"Com Vítimas Feridas";"Pleno dia";"Decrescente";"Céu Claro";"Dupla";"Reta";"Não";2;0;1;0;1;0;1;2;-26,94150545;-48,69470478;"SPRF-SC";"DEL04-SC";"UOP04-DEL04-SC"
743866;2026-01-05;"segunda-feira";"14:00:00";"MT";163;71,9;"RONDONOPOLIS";"Ausência de reação do condutor";"Saída de leito carroçável";"Sem Vítimas";"Pleno dia";"Crescente";"Chuva";"Dupla";"Reta";"Não";2;0;0;0;2;0;0;1;-16,88209;-54,71514;"SPRF-MT";"DEL02-MT";"UOP03-DEL02-MT"