"id";"data_inversa";"dia_semana";"horario";"uf";"br";"km";"municipio";"causa_acidente";"tipo_acidente";"classificacao_acidente";"fase_dia";"sentido_via";"condicao_metereologica";"tipo_pista";"tracado_via";"uso_solo";"pessoas";"mortos";"feridos_leves";"feridos_graves";"ilesos";"ignorados";"feridos";"veiculos";"latitude";"longitude";"regional";"delegacia";"uop"
743867;2026-01-05;"segunda-feira";"15:30:00";"GO";70;48,4;"COCALZINHO DE GOIAS";"Acumulo de água sobre o pavimento";"Saída de leito carroçável";"Com Vítimas Feridas";"Pleno dia";"Crescente";"Chuva";"Simples";"Declive;Curva";"Não";1;0;0;1;0;0;1;1;-15,749288;-48,599438;"SPRF-DF";"DEL03-DF";"UOP02-DEL03-DF"
743868;2026-01-05;"segunda-feira";"14:31:00";"SC";163;70,2;"SAO MIGUEL DO OESTE";"Manobra de mudança de faixa";"Colisão lateral mesmo sentido";"Com Vítimas Feridas";"Pleno dia";"Crescente";"Céu Claro";"Dupla";"Interseção de Vias;Reta";"Sim";3;0;0;1;2;0;1;2;-26,73386966;-53,50788027;"SPRF-SC";"DEL07-SC";"UOP03-DEL07-SC"
743870;2026-01-05;"segunda-feira";"12:51:00";"MT";364;326;"CAMPO VERDE";"Acumulo de água sobre o pavimento";"Saída de leito carroçável";"Com Vítimas Feridas";"Pleno dia";"Decrescente";"Chuva";"Dupla";"Reta";"Não";5;0;4;1;0;0;5;1;-15,81597644;-55,39489031;"SPRF-MT";"DEL05-MT";"UOP02-DEL05-MT"
743871;2026-01-05;"segunda-feira";"12:00:00";"MA";10;354;"ACAILANDIA";"Ultrapassagem Indevida";"Queda de ocupante de veículo";"Com Vítimas Feridas";"Pleno dia";"Crescente";"Sol";"Simples";"Reta";"Não";1;0;1;0;0;0;1;1;-4,6881356;-47,4936289;"SPRF-MA";"DEL04-MA";"UOP03-DEL04-MA"
743873;2026-01-05;"segunda-feira";"16:45:00";"GO";40;6;"VALPARAISO DE GOIAS";"Chuva";"Engavetamento";"Sem Vítimas";"Pleno dia";"Crescente";"Chuva";"Dupla";"Reta";"Sim";3;0;0;0;3;0;0;3;-16,10088502;-47,97727728;"SPRF-DF";"DEL01-DF";"UOP01-DEL01-DF"
743874;2026-01-05;"segunda-feira";"15:40:00";"SC";282;368;"ERVAL VELHO";"Acessar a via sem observar a presença dos outros veículos";"Colisão transversal";"Com Vítimas Feridas";"Pleno dia";"Crescente";"Céu Claro";"Simples";"Reta";"Sim";5;0;0;1;4;0;1;2;-27,283248;-51,43703;"SPRF-SC";"DEL07-SC";"UOP05-DEL07-SC"
743875;2026-01-05;"segunda-feira";"14:00:00";"RJ";40;4;"COMENDADOR LEVY GASPARIAN";"Velocidade Incompatível";"Saída de leito carroçável";"Com Vítimas Feridas";"Pleno dia";"Decrescente";"Chuva";"Simples";"Curva";"Não";3;0;0;3;0;0;3;1;-22,01395533;-43,23546857;"SPRF-RJ";"DEL05-RJ";"UOP02-DEL05-RJ"
743876;2026-01-05;"segunda-feira";"17:30:00";"PR";277;13,8;"PARANAGUA";"Avarias e/ou desgaste excessivo no pneu";"Queda de ocupante de veículo";"Com Vítimas Feridas";"Pleno dia";"Crescente";"Céu Claro";"Dupla";"Reta";"Não";2;0;1;0;1;0;1;1;-25,558755;-48,651073;"SPRF-PR";"DEL01-PR";"UOP05-DEL01-PR"
743877;2026-01-05;"segunda-feira";"17:20:00";"ES";101;267;"SERRA";"Ausência de reação do condutor";"Engavetamento";"Com Vítimas Feridas";"Pleno dia";"Decrescente";"Chuva";"Múltipla";"Reta";"Sim";4;0;1;0;3;0;1;4;-20,1975542;-40,2692167;"SPRF-ES";"DEL02-ES";"UOP01-DEL02-ES"
743878;2026-01-05;"segunda-feira";"13:50:00";"SC";101;116;"ITAJAI";"Reação tardia ou ineficiente do condutor";"Colisão lateral mesmo sentido";"Com Vítimas Feridas";"Pleno dia";"Decrescente";"Céu Claro";"Múltipla";"Reta";"Sim";2;0;1;0;0;1;1;2;-26,87741237;-48,72652936;"SPRF-SC";"DEL04-SC";"UOP04-DEL04-SC"
743879;2026-01-05;"segunda-feira";"17:16:00";"SP";116;206;"GUARULHOS";"Avarias e/ou desgaste excessivo no pneu";"Tombamento";"Com Vítimas Feridas";"Pleno dia";"Decrescente";"Nublado";"Dupla";"Reta";"Sim";2;0;2;0;0;0;2;1;-23,420944;-46,388663;"SPRF-SP";"DEL01-SP";"UOP01-DEL01-SP"
743881;2026-01-05;"segunda-feira";"16:00:00";"MG";262;691,8;"ARAXA";"Reação tardia ou ineficiente do condutor";"Colisão traseira";"Com Vítimas Feridas";"Pleno dia";"Crescente";"Chuva";"Simples";"Curva";"Não";9;0;2;0;7;0;2;2;-19,58948;-47,07802;"SPRF-MG";"DEL08-MG";"UOP01-DEL08-MG"
743883;2026-01-05;"segunda-feira";"16:50:00";"GO";60;39;"ALEXANIA";"Avarias e/ou desgaste excessivo no pneu";"Saída de leito carroçável";"Com Vítimas Feridas";"Pleno dia";"Crescente";"Nublado";"Dupla";"Aclive;Curva";"Não";1;0;1;0;0;0;1;1;-16,111007;-48,56189;"SPRF-DF";"DEL03-DF";"UOP01-DEL03-DF"
743885;2026-01-05;"segunda-feira";"17:10:00";"MG";116;429,5;"ALPERCATA";"Pista Escorregadia";"Tombamento";"Com Vítimas Feridas";"Anoitecer";"Crescente";"Chuva";"Simples";"Reta";"Não";2;0;2;0;0;0;2;2;-18,99485232;-41,98009014;"SPRF-MG";"DEL06-MG";"UOP01-DEL06-MG"
743886;2026-01-05;"segunda-feira";"14:10:00";"RJ";40;7;"COMENDADOR LEVY GASPARIAN";"Pista Escorregadia";"Saída de leito carroçável";"Com Vítimas Feridas";"Pleno dia";"Decrescente";"Garoa/Chuvisco";"Simples";"Curva";"Não";4;0;1;3;0;0;4;1;-22,03108797;-43,22623171;"SPRF-RJ";"DEL05-RJ";"UOP02-DEL05-RJ"
743887;2026-01-05;"segunda-feira";"16:15:00";"MG";40;37,5;"PARACATU";"Ausência de reação do condutor";"Saída de leito carroçável";"Com Vítimas Feridas";"Pleno dia";"Decrescente";"Chuva";"Simples";"Curva;Aclive";"Sim";3;0;3;0;0;0;3;1;-17,20783;-46,903615;"SPRF-MG";"DEL14-MG";"UOP01-DEL14-MG"
743888;2026-01-05;"segunda-feira";"15:25:00";"MG";381;161,8;"GOVERNADOR VALADARES";"Acessar a via sem observar a presença dos outros veículos";"Colisão transversal";"Com Vítimas Feridas";"Pleno dia";"Decrescente";"Chuva";"Simples";"Reta";"Não";10;0;4;0;6;0;4;2;-18,938537;-42,055017;"SPRF-MG";"DEL06-MG";"UOP01-DEL06-MG"
743889;2026-01-05;"segunda-feira";"17:50:00";"SP";116;288;"ITAPECERICA DA SERRA";"Ausência de reação do condutor";"Queda de ocupante de veículo";"Com Vítimas Feridas";"Anoitecer";"Crescente";"Nublado";"Simples";"Retorno Regulamentado;Reta";"Sim";1;0;0;1;0;0;1;1;-23,7061779;-46,87416363;"SPRF-SP";"DEL04-SP";"UOP01-DEL04-SP"
743891;2026-01-05;"segunda-feira";"18:15:00";"RS";386;28;"FREDERICO WESTPHALEN";"Ausência de reação do condutor";"Colisão transversal";"Com Vítimas Feridas";"Pleno dia";"Decrescente";"Céu Claro";"Simples";"Reta";"Não";2;0;0;1;1;0;1;2;-27,31268007;-53,3772254;"SPRF-RS";"DEL08-RS";"UOP02-DEL08-RS"
743893;2026-01-05;"segunda-feira";"18:30:00";"MG";381;485,8;"BETIM";"Demais falhas mecânicas ou elétricas";"Tombamento";"Com Vítimas Feridas";"Plena Noite";"Crescente";"Garoa/Chuvisco";"Múltipla";"Reta;Aclive";"Sim";1;0;1;0;0;0;1;1;-19,9559538;-44,1048169;"SPRF-MG";"DEL01-MG";"UOP03-DEL01-MG"
743894;2026-01-05;"segunda-feira";"18:00:00";"SC";101;124;"ITAJAI";"Reação tardia ou ineficiente do condutor";"Queda de ocupante de veículo";"Com Vítimas Feridas";"Pleno dia";"Decrescente";"Céu Claro";"Múltipla";"Reta";"Sim";1;0;1;0;0;0;1;1;-26,94815934;-48,6827879;"SPRF-SC";"DEL04-SC";"UOP04-DEL04-SC"
743896;2026-01-05;"segunda-feira";"18:25:00";"MG";459;96,1;"POUSO ALEGRE";"Acessar a via sem observar a presença dos outros veículos";"Colisão transversal";"Com Vítimas Feridas";"Pleno dia";"Decrescente";"Chuva";"Simples";"Declive;Interseção de Vias";"Não";5;0;3;0;2;0;3;2;-22,18590489;-45,98428488;"SPRF-MG";"DEL09-MG";"UOP01-DEL09-MG"
743897;2026-01-05;"segunda-feira";"18:45:00";"ES";101;261;"SERRA";"Ausência de reação do condutor";"Colisão traseira";"Com Vítimas Feridas";"Plena Noite";"Crescente";"Chuva";"Dupla";"Curva";"Sim";3;0;1;0;2;0;1;2;-20,1474453;-40,2805346;"SPRF-ES";"DEL02-ES";"UOP01-DEL02-ES"
743898;2026-01-05;"segunda-feira";"19:12:00";"GO";40;4;"VALPARAISO DE GOIAS";"Acesso irregular";"Colisão transversal";"Com Vítimas Feridas";"Plena Noite";"Crescente";"Nublado";"Dupla";"Reta";"Sim";2;0;1;0;1;0;1;2;-16,07088099;-47,98584939;"SPRF-DF";"DEL01-DF";"UOP01-DEL01-DF"
743899;2026-01-05;"segunda-feira";"11:04:00";"MS";262;710,4;"CORUMBA";"Carga excessiva e/ou mal acondicionada";"Colisão com objeto";"Sem Vítimas";"Pleno dia";"Decrescente";"Céu Claro";"Simples";"Reta";"Não";3;0;0;0;3;0;0;1;-19,485721;-57,427611;"SPRF-MS";"DEL03-MS";"UOP03-DEL03-MS"
743903;2026-01-05;"segunda-feira";"19:00:00";"DF";40;0;"BRASILIA";"Acessar a via sem observar a presença dos outros veículos";"Colisão lateral mesmo sentido";"Com Vítimas Feridas";"Plena Noite";"Crescente";"Céu Claro";"Dupla";"Reta";"Sim";3;0;1;0;2;0;1;3;-15,9739545;-47,99059868;"SPRF-DF";"DEL01-DF";"UOP01-DEL01-DF"
743904;2026-01-05;"segunda-feira";"18:15:00";"MG";50;50,9;"ARAGUARI";"Ausência de reação do condutor";"Colisão com objeto";"Com Vítimas Feridas";"Pleno dia";"Decrescente";"Chuva";"Dupla";"Curva";"Não";2;0;2;0;0;0;2;2;-18,74351645;-48,23081417;"SPRF-MG";"DEL15-MG";"UOP02-DEL15-MG"
743905;2026-01-05;"segunda-feira";"18:00:00";"RS";153;49,9;"ERECHIM";"Reação tardia ou ineficiente do condutor";"Tombamento";"Com Vítimas Feridas";"Pleno dia";"Decrescente";"Céu Claro";"Simples";"Interseção de Vias;Reta";"Não";1;0;1;0;0;0;1;1;-27,65561153;-52,27024555;"SPRF-RS";"DEL08-RS";"UOP04-DEL08-RS"
743906;2026-01-05;"segunda-feira";"15:55:00";"MG";365;305,7;"JOAO PINHEIRO";"Acumulo de água sobre o pavimento";"Saída de leito carroçável";"Com Vítimas Feridas";"Pleno dia";"Crescente";"Chuva";"Simples";"Reta";"Não";3;0;3;0;0;0;3;1;-18,171527;-45,782512;"SPRF-MG";"DEL10-MG";"UOP02-DEL010-MG"
743908;2026-01-05;"segunda-feira";"14:30:00";"MG";262;435;"NOVA SERRANA";"Animais na Pista";"Atropelamento de Animal";"Com Vítimas Feridas";"Pleno dia";"Crescente";"Nublado";"Dupla";"Reta";"Não";1;0;1;0;0;0;1;1;-19,87618546;-44,94658023;"SPRF-MG";"DEL08-MG";"UOP03-DEL08-MG"
743910;2026-01-05;"segunda-feira";"19:50:00";"TO";153;439;"MIRACEMA DO TOCANTINS";"Avarias e/ou desgaste excessivo no pneu";"Saída de leito carroçável";"Sem Vítimas";"Plena Noite";"Decrescente";"Chuva";"Simples";"Reta";"Não";1;0;0;0;0;1;0;1;-9,738168;-48,696673;"SPRF-TO";"DEL01-TO";"UOP01-DEL01-TO"
743911;2026-01-05;"segunda-feira";"19:30:00";"PI";343;307,1;"ALTOS";"Acessar a via sem observar a presença dos outros veículos";"Colisão transversal";"Com Vítimas Feridas";"Plena Noite";"Crescente";"Céu Claro";"Simples";"Reta;Interseção de Vias";"Sim";3;0;1;1;1;0;2;2;-5,039713;-42,460033;"SPRF-PI";"DEL01-PI";"UOP01-DEL01-PI"
743912;2026-01-05;"segunda-feira";"16:55:00";"RO";364;197;"PIMENTA BUENO";"Velocidade Incompatível";"Colisão traseira";"Com Vítimas Feridas";"Anoitecer";"Crescente";"Nublado";"Simples";"Interseção de Vias";"Sim";2;0;1;1;0;0;2;2;-11,67856753;-61,18772149;"SPRF-RO";"DEL02-RO";"UOP02-DEL02-RO"
743913;2026-01-05;"segunda-feira";"16:00:00";"RJ";40;104;"DUQUE DE CAXIAS";"Avarias e/ou desgaste excessivo no pneu";"Tombamento";"Com Vítimas Feridas";"Pleno dia";"Crescente";"Nublado";"Dupla";"Reta";"Não";2;0;2;0;0;0;2;1;-22,62807209;-43,28606348;"SPRF-RJ";"DEL01-RJ";"UOP02-DEL01-RJ"
743914;2026-01-05;"segunda-feira";"19:40:00";"SC";280;55;"GUARAMIRIM";"Velocidade Incompatível";"Queda de ocupante de veículo";"Com Vítimas Feridas";"Plena Noite";"Crescente";"Céu Claro";"Dupla";"Reta";"Não";1;0;1;0;0;0;1;1;-26,47963365;-49,00510518;"SPRF-SC";"DEL03-SC";"UOP03-DEL03-SC"
743916;2026-01-05;"segunda-feira";"17:40:00";"RJ";116;261;"PIRAI";"Reação tardia ou ineficiente do condutor";"Colisão com objeto";"Com Vítimas Feridas";"Pleno dia";"Decrescente";"Céu Claro";"Dupla";"Declive;Reta";"Não";4;0;3;1;0;0;4;1;-22,58561086;-44,05441093;"SPRF-RJ";"DEL07-RJ";"UOP02-DEL07-RJ"
743917;2026-01-05;"segunda-feira";"19:20:00";"MT";70;2;"BARRA DO GARCAS";"Acessar a via sem observar a presença dos outros veículos";"Colisão lateral mesmo sentido";"Com Vítimas Feridas";"Plena Noite";"Crescente";"Céu Claro";"Simples";"Reta";"Sim";3;0;1;0;2;0;1;3;-15,888713;-52,2661;"SPRF-MT";"DEL07-MT";"UOP01-DEL07-MT"
743918;2026-01-05;"segunda-feira";"18:50:00";"MA";135;0;"SAO LUIS";"Manobra de mudança de faixa";"Colisão lateral mesmo sentido";"Com Vítimas Feridas";"Plena Noite";"Crescente";"Ignorado";"Múltipla";"Reta";"Sim";2;0;0;1;1;0;1;2;-2,58229;-44,2428516;"SPRF-MA";"DEL01-MA";"UOP01-DEL01-MA"
743921;2026-01-05;"segunda-feira";"20:30:00";"RS";153;48;"ERECHIM";"Reação tardia ou ineficiente do condutor";"Colisão transversal";"Com Vítimas Feridas";"Anoitecer";"Decrescente";"Céu Claro";"Simples";"Interseção de Vias;Viaduto";"Sim";2;0;1;0;1;0;1;2;-27,64833622;-52,25312082;"SPRF-RS";"DEL08-RS";"UOP04-DEL08-RS"
743923;2026-01-05;"segunda-feira";"17:40:00";"MA";10;289;"IMPERATRIZ";"Transitar na contramão";"Colisão lateral sentido oposto";"Com Vítimas Feridas";"Anoitecer";"Crescente";"Sol";"Simples";"Reta;Declive";"Não";3;0;1;0;2;0;1;2;-5,198545;-47,519453;"SPRF-MA";"DEL04-MA";"UOP01-DEL04-MA"
743924;2026-01-05;"segunda-feira";"21:00:00";"ES";101;270,5;"SERRA";"Condutor deixou de manter distância do veículo da frente";"Colisão traseira";"Com Vítimas Feridas";"Plena Noite";"Decrescente";"Chuva";"Múltipla";"Reta;Interseção de Vias";"Sim";2;0;1;0;1;0;1;2;-20,230015;-40,2726609;"SPRF-ES";"DEL02-ES";"UOP01-DEL02-ES"
743926;2026-01-05;"segunda-feira";"22:00:00";"RN";304;37;"MOSSORO";"Velocidade Incompatível";"Saída de leito carroçável";"Com Vítimas Feridas";"Plena Noite";"Crescente";"Céu Claro";"Simples";"Retorno Regulamentado";"Sim";1;0;1;0;0;0;1;1;-5,178719;-37,366408;"SPRF-RN";"DEL04-RN";"UOP02-DEL04-RN"
743927;2026-01-05;"segunda-feira";"18:30:00";"RJ";101;185;"CASIMIRO DE ABREU";"Reação tardia ou ineficiente do condutor";"Tombamento";"Com Vítimas Feridas";"Anoitecer";"Decrescente";"Nublado";"Simples";"Curva";"Não";1;0;1;0;0;0;1;1;-22,4320108;-42,03350767;"SPRF-RJ";"DEL08-RJ";"UOP04-DEL08-RJ"
743928;2026-01-05;"segunda-feira";"20:39:00";"PA";230;9;"ALTAMIRA";"Reação tardia ou ineficiente do condutor";"Queda de ocupante de veículo";"Com Vítimas Feridas";"Plena Noite";"Decrescente";"Céu Claro";"Simples";"Reta";"Sim";2;0;1;0;1;0;1;2;-3,19272;-52,22766;"SPRF-PA";"DEL04-PA";"UOP01-DEL04-PA"
743929;2026-01-05;"segunda-feira";"21:30:00";"BA";324;1;"FEIRA DE SANTANA";"Ausência de reação do condutor";"Colisão lateral mesmo sentido";"Com Vítimas Feridas";"Plena Noite";"Decrescente";"Céu Claro";"Simples";"Reta";"Sim";3;0;1;1;1;0;2;3;-12,28211381;-38,94485791;"SPRF-BA";"DEL02-BA";"UOP01-DEL02-BA"
743931;2026-01-05;"segunda-feira";"21:25:00";"PE";101;42;"IGARASSU";"Acessar a via sem observar a presença dos outros veículos";"Colisão transversal";"Com Vítimas Feridas";"Plena Noite";"Decrescente";"Céu Claro";"Dupla";"Declive";"Sim";2;0;1;1;0;0;2;2;-7,846372;-34,90999;"SPRF-PE";"DEL01-PE";"UOP02-DEL01-PE"
743933;2026-01-05;"segunda-feira";"21:20:00";"SP";116;60,5;"GUARATINGUETA";"Velocidade Incompatível";"Capotamento";"Sem Vítimas";"Plena Noite";"Crescente";"Céu Claro";"Dupla";"Declive;Curva";"Não";1;0;0;0;0;1;0;1;-22,79587462;-45,1664656;"SPRF-SP";"DEL08-SP";"UOP01-DEL08-SP"
743934;2026-01-05;"segunda-feira";"21:20:00";"RS";470;224;"GARIBALDI";"Pedestre - Ingestão de álcool/ substâncias psicoativas";"Atropelamento de Pedestre";"Com Vítimas Feridas";"Plena Noite";"Crescente";"Céu Claro";"Simples";"Curva;Aclive";"Não";2;0;1;0;1;0;1;2;-29,23412794;-51,5161678;"SPRF-RS";"DEL06-RS";"UOP01-DEL06-RS"
743935;2026-01-05;"segunda-feira";"19:05:00";"PE";316;26;"ARARIPINA";"Pedestre andava na pista";"Atropelamento de Pedestre";"Com Vítimas Feridas";"Plena Noite";"Decrescente";"Céu Claro";"Simples";"Reta";"Não";2;0;0;2;0;0;2;2;-7,5904339;-40,495337;"SPRF-PE";"DEL05-PE";"UOP02-DEL05-PE"
743936;2026-01-05;"segunda-feira";"22:45:00";"SC";101;212,6;"PALHOCA";"Reação tardia ou ineficiente do condutor";"Colisão lateral mesmo sentido";"Com Vítimas Feridas";"Plena Noite";"Crescente";"Céu Claro";"Múltipla";"Reta";"Sim";2;0;2;0;0;0;2;2;-27,632;-48,661;"SPRF-SC";"DEL01-SC";"UOP02-DEL01-SC"
743937;2026-01-05;"segunda-feira";"23:40:00";"SP";153;32;"NOVA GRANADA";"Avarias e/ou desgaste excessivo no pneu";"Tombamento";"Com Vítimas Feridas";"Plena Noite";"Crescente";"Céu Claro";"Simples";"Reta";"Não";2;0;2;0;0;0;2;1;-20,56436;-49,320078;"SPRF-SP";"DEL09-SP";"UOP01-DEL09-SP"
743938;2026-01-05;"segunda-feira";"18:40:00";"BA";324;545;"AMELIA RODRIGUES";"Manobra de mudança de faixa";"Queda de ocupante de veículo";"Com Vítimas Feridas";"Plena Noite";"Decrescente";"Céu Claro";"Dupla";"Reta";"Não";1;0;0;1;0;0;1;1;-12,419127;-38,747835;"SPRF-BA";"DEL11-BA";"UOP02-DEL11-BA"
743939;2026-01-06;"terça-feira";"00:22:00";"MG";381;507,5;"SAO JOAQUIM DE BICAS";"Reação tardia ou ineficiente do condutor";"Atropelamento de Pedestre";"Com Vítimas Fatais";"Plena Noite";"Crescente";"Nublado";"Múltipla";"Aclive;Reta";"Sim";2;1;0;0;1;0;0;2;-20,0425;-44,2663;"SPRF-MG";"DEL01-MG";"UOP03-DEL01-MG"
743941;2026-01-06;"terça-feira";"01:00:00";"MG";381;484,2;"BETIM";"Mal súbito do condutor";"Colisão com objeto";"Com Vítimas Feridas";"Plena Noite";"Decrescente";"Céu Claro";"Dupla";"Curva;Aclive";"Sim";1;0;1;0;0;0;1;1;-19,95951;-44,08999;"SPRF-MG";"DEL01-MG";"UOP03-DEL01-MG"
743942;2026-01-06;"terça-feira";"00:40:00";"PR";153;461;"UNIAO DA VITORIA";"Velocidade Incompatível";"Saída de leito carroçável";"Sem Vítimas";"Plena Noite";"Decrescente";"Nublado";"Simples";"Curva";"Não";1;0;0;0;1;0;0;1;-26,25124401;-51,16260256;"SPRF-PR";"DEL02-PR";"UOP03-DEL02-PR"
743943;2026-01-06;"terça-feira";"00:30:00";"SC";101;130,1;"CAMBORIU";"Reação tardia ou ineficiente do condutor";"Colisão frontal";"Com Vítimas Feridas";"Plena Noite";"Crescente";"Nublado";"Simples";"Reta";"Não";2;0;0;2;0;0;2;2;-26,98469;-48,66843;"SPRF-SC";"DEL04-SC";"UOP03-DEL04-SC"
743944;2026-01-06;"terça-feira";"00:15:00";"PR";376;165,5;"MARINGA";"Acessar a via sem observar a presença dos outros veículos";"Colisão traseira";"Com Vítimas Feridas";"Plena Noite";"Decrescente";"Céu Claro";"Dupla";"Aclive;Reta";"Sim";2;0;1;0;1;0;1;2;-23,38393;-52,03027;"SPRF-PR";"DEL09-PR";"UOP01-DEL09-PR"
743945;2026-01-06;"terça-feira";"00:50:00";"RN";226;124,2;"LAJES PINTADAS";"Condutor Dormindo";"Saída de leito carroçável";"Com Vítimas Feridas";"Plena Noite";"Decrescente";"Céu Claro";"Simples";"Reta";"Não";3;0;1;0;2;0;1;1;-6,1807853;-36,1114587;"SPRF-RN";"DEL03-RN";"UOP02-DEL03-RN"
743946;2026-01-06;"terça-feira";"00:00:00";"MS";262;261,1;"RIBAS DO RIO PARDO";"Demais falhas mecânicas ou elétricas";"Incêndio";"Sem Vítimas";"Plena Noite";"Crescente";"Céu Claro";"Simples";"Reta;Aclive";"Não";1;0;0;0;1;0;0;1;-20,41853;-53,944229;"SPRF-MS";"DEL01-MS";"UOP05-DEL01-MS"
743948;2026-01-06;"terça-feira";"02:53:00";"GO";60;186;"GUAPO";"Manobra de mudança de faixa";"Colisão lateral mesmo sentido";"Com Vítimas Feridas";"Plena Noite";"Crescente";"Céu Claro";"Dupla";"Reta";"Não";2;0;1;0;1;0;1;2;-16,817648;-49,53145;"SPRF-GO";"DEL01-GO";"UOP02-DEL01-GO"
743949;2026-01-06;"terça-feira";"01:45:00";"DF";70;11;"BRASILIA";"Acessar a via sem observar a presença dos outros veículos";"Colisão traseira";"Com Vítimas Feridas";"Plena Noite";"Crescente";"Chuva";"Dupla";"Reta";"Não";3;0;2;0;1;0;2;2;-15,79089315;-48,15391051;"SPRF-DF";"DEL03-DF";"UOP02-DEL03-DF"
743950;2026-01-06;"terça-feira";"01:20:00";"MT";70;362,3;"CAMPO VERDE";"Animais na Pista";"Atropelamento de Animal";"Sem Vítimas";"Plena Noite";"Decrescente";"Céu Claro";"Simples";"Declive;Reta";"Não";1;0;0;0;1;0;0;1;-15,4749517;-54,9892667;"SPRF-MT";"DEL05-MT";"UOP02-DEL05-MT"
743951;2026-01-06;"terça-feira";"01:30:00";"ES";262;29,8;"DOMINGOS MARTINS";"Reação tardia ou ineficiente do condutor";"Saída de leito carroçável";"Com Vítimas Feridas";"Plena Noite";"Decrescente";"Chuva";"Simples";"Curva";"Não";1;0;1;0;0;0;1;1;-20,3736692;-40,562613;"SPRF-ES";"DEL01-ES";"UOP01-DEL01-ES"
743952;2026-01-06;"terça-feira";"02:45:00";"MG";381;426,9;"SABARA";"Velocidade Incompatível";"Saída de leito carroçável";"Com Vítimas Feridas";"Plena Noite";"Crescente";"Chuva";"Simples";"Curva;Declive";"Não";1;0;1;0;0;0;1;1;-19,78692944;-43,71809109;"SPRF-MG";"DEL01-MG";"UOP01-DEL01-MG"
743954;2026-01-06;"terça-feira";"04:30:00";"PA";316;97;"IGARAPE-ACU";"Ausência de reação do condutor";"Tombamento";"Com Vítimas Feridas";"Plena Noite";"Decrescente";"Céu Claro";"Simples";"Reta";"Não";1;0;0;1;0;0;1;1;-1,332933;-47,615458;"SPRF-PA";"DEL01-PA";"UOP02-DEL01-PA"
743955;2026-01-05;"segunda-feira";"14:10:00";"BA";418;114;"MUCURI";"Retorno proibido";"Colisão traseira";"Com Vítimas Feridas";"Pleno dia";"Crescente";"Céu Claro";"Simples";"Reta";"Não";2;0;1;0;1;0;1;2;-17,88724579;-40,11051179;"SPRF-BA";"DEL09-BA";"UOP02-DEL09-BA"
743956;2026-01-06;"terça-feira";"06:25:00";"PR";153;42,4;"SANTO ANTONIO DA PLATINA";"Acessar a via sem observar a presença dos outros veículos";"Colisão transversal";"Com Vítimas Feridas";"Amanhecer";"Crescente";"Céu Claro";"Simples";"Interseção de Vias";"Sim";2;0;1;0;1;0;1;2;-23,30653676;-50,07033912;"SPRF-PR";"DEL07-PR";"UOP04-DEL07-PR"
743957;2026-01-05;"segunda-feira";"21:30:00";"PR";153;123;"IBAITI";"Demais falhas mecânicas ou elétricas";"Incêndio";"Sem Vítimas";"Plena Noite";"Decrescente";"Nublado";"Simples";"Reta";"Não";5;0;0;0;5;0;0;1;-23,95594405;-50,23759724;"SPRF-PR";"DEL07-PR";"UOP04-DEL07-PR"
743958;2026-01-06;"terça-feira";"05:30:00";"MG";50;0,5;"ARAGUARI";"Chuva";"Capotamento";"Sem Vítimas";"Amanhecer";"Crescente";"Chuva";"Dupla";"Aclive;Curva";"Não";2;0;0;0;1;1;0;1;-18,42487394;-48,06560867;"SPRF-MG";"DEL15-MG";"UOP02-DEL15-MG"
743959;2026-01-06;"terça-feira";"07:30:00";"PR";376;161,4;"MARINGA";"Desrespeitar a preferência no cruzamento";"Colisão transversal";"Com Vítimas Feridas";"Pleno dia";"Crescente";"Céu Claro";"Dupla";"Reta;Interseção de Vias";"Sim";3;0;0;1;2;0;1;2;-23,36801745;-52,06660001;"SPRF-PR";"DEL09-PR";"UOP02-DEL09-PR"
743960;2026-01-05;"segunda-feira";"19:00:00";"AP";210;2;"MACAPA";"Condutor deixou de manter distância do veículo da frente";"Colisão traseira";"Sem Vítimas";"Plena Noite";"Decrescente";"Céu Claro";"Simples";"Reta";"Sim";2;0;0;0;2;0;0;2;0,08188245;-51,0783577;"SPRF-AP";"DEL01-AP";"UOP01-DEL01-AP"
743962;2026-01-06;"terça-feira";"07:20:00";"MG";381;877;"POUSO ALEGRE";"Reação tardia ou ineficiente do condutor";"Tombamento";"Com Vítimas Feridas";"Pleno dia";"Crescente";"Nublado";"Dupla";"Reta";"Não";1;0;1;0;0;0;1;1;-22,3973687;-45,95989444;"SPRF-MG";"DEL16-MG";"UOP01-DEL16-MG"
743963;2026-01-06;"terça-feira";"07:10:00";"RS";116;244;"SAO LEOPOLDO";"Condutor deixou de manter distância do veículo da frente";"Tombamento";"Com Vítimas Feridas";"Pleno dia";"Decrescente";"Céu Claro";"Múltipla";"Reta";"Sim";1;0;1;0;0;0;1;1;-29,7422556;-51,15050839;"SPRF-RS";"DEL01-RS";"UOP02-DEL01-RS"
743965;2026-01-06;"terça-feira";"07:00:00";"PR";116;111;"CURITIBA";"Trafegar com motocicleta (ou similar) entre as faixas";"Colisão lateral mesmo sentido";"Com Vítimas Feridas";"Pleno dia";"Decrescente";"Céu Claro";"Dupla";"Reta";"Sim";2;0;1;0;0;1;1;2;-25,55871728;-49,2675647;"SPRF-PR";"DEL01-PR";"UOP03-DEL01-PR"