"id";"data_inversa";"dia_semana";"horario";"uf";"br";"km";"municipio";"causa_acidente";"tipo_acidente";"classificacao_acidente";"fase_dia";"sentido_via";"condicao_metereologica";"tipo_pista";"tracado_via";"uso_solo";"pessoas";"mortos";"feridos_leves";"feridos_graves";"ilesos";"ignorados";"feridos";"veiculos";"latitude";"longitude";"regional";"delegacia";"uop"
743968;2026-01-06;"terça-feira";"06:50:00";"GO";20;141;"FLORES DE GOIAS";"Transitar na contramão";"Colisão frontal";"Com Vítimas Feridas";"Pleno dia";"Decrescente";"Céu Claro";"Simples";"Reta";"Sim";9;0;1;0;8;0;1;2;-14,79823079;-46,7023735;"SPRF-DF";"DEL02-DF";"UOP03-DEL02-DF"
743969;2026-01-06;"terça-feira";"07:05:00";"MG";251;471,5;"FRANCISCO SA";"Condutor deixou de manter distância do veículo da frente";"Colisão traseira";"Sem Vítimas";"Pleno dia";"Crescente";"Chuva";"Simples";"Curva;Declive";"Não";3;0;0;0;3;0;0;2;-16,476573;-43,420649;"SPRF-MG";"DEL12-MG";"UOP01-DEL12-MG"
743971;2026-01-06;"terça-feira";"08:08:00";"PE";101;70;"RECIFE";"Manobra de mudança de faixa";"Colisão lateral mesmo sentido";"Com Vítimas Feridas";"Pleno dia";"Crescente";"Céu Claro";"Dupla";"Interseção de Vias";"Sim";2;0;1;0;1;0;1;2;-8,069493;-34,940215;"SPRF-PE";"DEL01-PE";"UOP01-DEL01-PE"
743972;2026-01-06;"terça-feira";"07:45:00";"SP";116;206;"GUARULHOS";"Trafegar com motocicleta (ou similar) entre as faixas";"Colisão traseira";"Com Vítimas Feridas";"Pleno dia";"Crescente";"Céu Claro";"Dupla";"Reta";"Sim";2;0;1;0;1;0;1;2;-23,41761665;-46,37699096;"SPRF-SP";"DEL01-SP";"UOP01-DEL01-SP"
743973;2026-01-06;"terça-feira";"07:00:00";"RO";319;142;"PORTO VELHO";"Condutor deixou de manter distância do veículo da frente";"Colisão traseira";"Com Vítimas Feridas";"Pleno dia";"Crescente";"Nublado";"Múltipla";"Reta";"Sim";2;0;1;0;0;1;1;2;-8,74867309;-63,88833968;"SPRF-RO";"DEL01-RO";"UOP01-DEL01-RO"
743974;2026-01-06;"terça-feira";"07:30:00";"GO";20;54;"FORMOSA";"Chuva";"Colisão frontal";"Com Vítimas Feridas";"Pleno dia";"Decrescente";"Chuva";"Simples";"Curva";"Não";3;0;2;1;0;0;3;2;-15,300403;-47,146752;"SPRF-DF";"DEL02-DF";"UOP02-DEL02-DF"
743976;2026-01-06;"terça-feira";"08:50:00";"TO";153;149;"ARAGUAINA";"Avarias e/ou desgaste excessivo no pneu";"Tombamento";"Com Vítimas Feridas";"Pleno dia";"Crescente";"Céu Claro";"Simples";"Reta";"Não";2;0;2;0;0;0;2;1;-7,24406367;-48,25481462;"SPRF-TO";"DEL02-TO";"UOP01-DEL02-TO"
743977;2026-01-06;"terça-feira";"07:34:00";"SP";116;60;"GUARATINGUETA";"Ausência de reação do condutor";"Colisão traseira";"Com Vítimas Feridas";"Pleno dia";"Decrescente";"Céu Claro";"Dupla";"Reta";"Não";1;0;1;0;0;0;1;1;-22,80791213;-45,17613071;"SPRF-SP";"DEL08-SP";"UOP01-DEL08-SP"
743978;2026-01-06;"terça-feira";"08:00:00";"SC";470;31,9;"GASPAR";"Desrespeitar a preferência no cruzamento";"Colisão lateral mesmo sentido";"Com Vítimas Feridas";"Pleno dia";"Decrescente";"Nublado";"Simples";"Rotatória";"Não";2;0;1;0;1;0;1;2;-26,90446173;-48,93288938;"SPRF-SC";"DEL04-SC";"UOP01-DEL04-SC"
743980;2026-01-06;"terça-feira";"08:50:00";"RJ";116;192;"NOVA IGUACU";"Avarias e/ou desgaste excessivo no pneu";"Queda de ocupante de veículo";"Com Vítimas Feridas";"Pleno dia";"Decrescente";"Nublado";"Dupla";"Reta";"Sim";1;0;1;0;0;0;1;1;-22,7385188;-43,4928245;"SPRF-RJ";"DEL06-RJ";"UOP01-DEL06-RJ"
743982;2026-01-06;"terça-feira";"09:00:00";"MG";251;475,4;"FRANCISCO SA";"Ultrapassagem Indevida";"Saída de leito carroçável";"Com Vítimas Feridas";"Pleno dia";"Crescente";"Chuva";"Simples";"Reta;Declive";"Não";4;0;1;0;3;0;1;1;-16,46983919;-43,44561077;"SPRF-MG";"DEL12-MG";"UOP01-DEL12-MG"
743983;2026-01-06;"terça-feira";"08:55:00";"SC";101;30;"JOINVILLE";"Ultrapassagem Indevida";"Colisão traseira";"Com Vítimas Feridas";"Pleno dia";"Decrescente";"Nublado";"Dupla";"Aclive;Interseção de Vias;Reta";"Não";3;0;1;0;1;1;1;3;-26,227875;-48,91633;"SPRF-SC";"DEL03-SC";"UOP01-DEL03-SC"
743986;2026-01-06;"terça-feira";"10:20:00";"MG";365;378;"PATOS DE MINAS";"Velocidade Incompatível";"Saída de leito carroçável";"Com Vítimas Fatais";"Pleno dia";"Crescente";"Chuva";"Simples";"Reta";"Não";56;5;24;23;3;1;47;2;-18,57122;-46,25525;"SPRF-MG";"DEL10-MG";"UOP01-DEL10-MG"
743987;2026-01-06;"terça-feira";"10:30:00";"PR";376;98,8;"PARANAVAI";"Velocidade Incompatível";"Saída de leito carroçável";"Com Vítimas Feridas";"Pleno dia";"Crescente";"Céu Claro";"Simples";"Reta;Declive";"Não";3;0;2;1;0;0;3;1;-23,01835442;-52,50421699;"SPRF-PR";"DEL09-PR";"UOP02-DEL09-PR"
743989;2026-01-06;"terça-feira";"08:15:00";"MA";316;264;"SANTA INES";"Acessar a via sem observar a presença dos outros veículos";"Colisão transversal";"Com Vítimas Feridas";"Pleno dia";"Crescente";"Céu Claro";"Simples";"Interseção de Vias;Reta";"Sim";2;0;1;0;0;1;1;2;-3,67459494;-45,35908252;"SPRF-MA";"DEL02-MA";"UOP01-DEL02-MA"
743991;2026-01-06;"terça-feira";"09:50:00";"ES";101;23;"PINHEIROS";"Avarias e/ou desgaste excessivo no pneu";"Tombamento";"Com Vítimas Feridas";"Pleno dia";"Decrescente";"Céu Claro";"Simples";"Reta";"Não";2;0;2;0;0;0;2;1;-18,34439313;-39,95923877;"SPRF-ES";"DEL04-ES";"UOP02-DEL04-ES"
743993;2026-01-06;"terça-feira";"08:50:00";"RS";116;246;"SAO LEOPOLDO";"Frear bruscamente";"Engavetamento";"Com Vítimas Feridas";"Pleno dia";"Crescente";"Céu Claro";"Múltipla";"Reta;Ponte";"Sim";8;0;1;0;6;1;1;6;-29,75763682;-51,15195678;"SPRF-RS";"DEL01-RS";"UOP02-DEL01-RS"
743994;2026-01-06;"terça-feira";"11:10:00";"SP";116;445;"REGISTRO";"Ausência de reação do condutor";"Colisão lateral mesmo sentido";"Com Vítimas Feridas";"Pleno dia";"Decrescente";"Céu Claro";"Dupla";"Reta";"Sim";2;0;1;0;0;1;1;2;-24,47777583;-47,8216192;"SPRF-SP";"DEL05-SP";"UOP01-DEL05-SP"
743996;2026-01-05;"segunda-feira";"20:30:00";"BA";101;577;"CAMACAN";"Reação tardia ou ineficiente do condutor";"Saída de leito carroçável";"Com Vítimas Feridas";"Plena Noite";"Decrescente";"Céu Claro";"Simples";"Reta";"Não";5;0;1;0;4;0;1;1;-15,335814;-39,500971;"SPRF-BA";"DEL05-BA";"UOP02-DEL05-BA"
743997;2026-01-06;"terça-feira";"11:20:00";"MG";40;608,4;"CONGONHAS";"Ausência de reação do condutor";"Colisão traseira";"Com Vítimas Feridas";"Pleno dia";"Crescente";"Céu Claro";"Dupla";"Reta";"Não";3;0;1;0;2;0;1;2;-20,4907017;-43,8372371;"SPRF-MG";"DEL05-MG";"UOP02-DEL05-MG"
744001;2026-01-06;"terça-feira";"09:28:00";"MG";251;475,3;"FRANCISCO SA";"Condutor deixou de manter distância do veículo da frente";"Colisão traseira";"Sem Vítimas";"Pleno dia";"Crescente";"Chuva";"Simples";"Reta;Aclive";"Não";5;0;0;0;5;0;0;2;-16,470232;-43,448643;"SPRF-MG";"DEL12-MG";"UOP01-DEL12-MG"
744005;2026-01-06;"terça-feira";"11:15:00";"PE";101;70,3;"RECIFE";"Reação tardia ou ineficiente do condutor";"Colisão traseira";"Com Vítimas Feridas";"Pleno dia";"Decrescente";"Céu Claro";"Dupla";"Reta";"Sim";4;0;3;0;1;0;3;3;-8,07173;-34,94251;"SPRF-PE";"DEL01-PE";"UOP01-DEL01-PE"
744007;2026-01-06;"terça-feira";"11:40:00";"RS";285;124,3;"VACARIA";"Desrespeitar a preferência no cruzamento";"Colisão transversal";"Com Vítimas Feridas";"Pleno dia";"Decrescente";"Céu Claro";"Simples";"Rotatória";"Sim";2;0;1;0;1;0;1;2;-28,487051;-50,959785;"SPRF-RS";"DEL05-RS";"UOP03-DEL05-RS"
744008;2026-01-06;"terça-feira";"12:30:00";"BA";116;510;"SANTA TERESINHA";"Acessar a via sem observar a presença dos outros veículos";"Colisão transversal";"Com Vítimas Feridas";"Pleno dia";"Crescente";"Céu Claro";"Simples";"Reta";"Não";2;0;0;1;1;0;1;2;-12,6602;-39,6284;"SPRF-BA";"DEL02-BA";"UOP01-DEL02-BA"
744010;2026-01-02;"sexta-feira";"19:20:00";"PR";116;121;"CURITIBA";"Manobra de mudança de faixa";"Colisão lateral mesmo sentido";"Com Vítimas Feridas";"Plena Noite";"Crescente";"Nublado";"Dupla";"Reta";"Não";5;0;1;0;3;1;1;3;-25,59389;-49,316035;"SPRF-PR";"DEL01-PR";"UOP03-DEL01-PR"
744011;2026-01-06;"terça-feira";"11:25:00";"RJ";393;286;"VOLTA REDONDA";"Condutor desrespeitou a iluminação vermelha do semáforo";"Colisão transversal";"Com Vítimas Feridas";"Pleno dia";"Crescente";"Céu Claro";"Simples";"Interseção de Vias;Reta";"Sim";2;0;2;0;0;0;2;2;-22,50668937;-44,07769561;"SPRF-RJ";"DEL05-RJ";"UOP04-DEL05-RJ"
744012;2026-01-06;"terça-feira";"09:40:00";"CE";20;200,9;"BOA VIAGEM";"Condutor deixou de manter distância do veículo da frente";"Colisão traseira";"Com Vítimas Fatais";"Pleno dia";"Crescente";"Céu Claro";"Simples";"Reta;Aclive";"Não";6;1;0;0;5;0;0;2;-5,14352934;-39,74263128;"SPRF-CE";"DEL02-CE";"UOP02-DEL02-CE"
744015;2026-01-06;"terça-feira";"12:35:00";"MG";381;693;"LAVRAS";"Reação tardia ou ineficiente do condutor";"Saída de leito carroçável";"Com Vítimas Feridas";"Pleno dia";"Decrescente";"Céu Claro";"Dupla";"Curva;Declive";"Não";2;0;1;0;1;0;1;1;-21,230525;-45,134001;"SPRF-MG";"DEL04-MG";"UOP02-DEL04-MG"
744016;2026-01-06;"terça-feira";"13:40:00";"RJ";101;108;"CAMPOS DOS GOYTACAZES";"Chuva";"Colisão com objeto";"Com Vítimas Feridas";"Pleno dia";"Crescente";"Chuva";"Dupla";"Reta";"Não";2;0;1;0;1;0;1;1;-21,939824;-41,631794;"SPRF-RJ";"DEL08-RJ";"UOP02-DEL08-RJ"
744018;2026-01-01;"quinta-feira";"01:46:00";"PR";277;12,8;"PARANAGUA";"Ausência de reação do condutor";"Saída de leito carroçável";"Com Vítimas Feridas";"Plena Noite";"Decrescente";"Céu Claro";"Dupla";"Reta";"Não";1;0;1;0;0;0;1;1;-25,56260089;-48,63973467;"SPRF-PR";"DEL01-PR";"UOP05-DEL01-PR"
744020;2026-01-06;"terça-feira";"01:45:00";"MA";226;434,9;"GRAJAU";"Reação tardia ou ineficiente do condutor";"Saída de leito carroçável";"Com Vítimas Feridas";"Plena Noite";"Decrescente";"Nublado";"Simples";"Reta;Declive";"Não";7;0;4;2;1;0;6;1;-5,888192;-46,274363;"SPRF-MA";"DEL04-MA";"UOP02-DEL04-MA"
744021;2026-01-06;"terça-feira";"11:30:00";"RJ";356;92;"CARDOSO MOREIRA";"Velocidade Incompatível";"Saída de leito carroçável";"Com Vítimas Feridas";"Pleno dia";"Crescente";"Chuva";"Simples";"Reta";"Não";1;0;1;0;0;0;1;1;-21,5135969;-41,59590197;"SPRF-RJ";"DEL08-RJ";"UOP03-DEL08-RJ"
744022;2026-01-06;"terça-feira";"11:50:00";"RO";364;35;"VILHENA";"Ausência de reação do condutor";"Saída de leito carroçável";"Com Vítimas Feridas";"Pleno dia";"Decrescente";"Garoa/Chuvisco";"Simples";"Reta";"Não";5;0;5;0;0;0;5;1;-12,66616702;-60,31044961;"SPRF-RO";"DEL04-RO";"UOP01-DEL04-RO"
744025;2026-01-06;"terça-feira";"12:30:00";"GO";20;94;"VILA BOA";"Reação tardia ou ineficiente do condutor";"Colisão com objeto";"Com Vítimas Feridas";"Pleno dia";"Crescente";"Nublado";"Simples";"Reta";"Não";1;0;1;0;0;0;1;1;-14,986632;-47,022832;"SPRF-DF";"DEL02-DF";"UOP02-DEL02-DF"
744027;2026-01-06;"terça-feira";"13:50:00";"SP";116;142,9;"SAO JOSE DOS CAMPOS";"Manobra de mudança de faixa";"Colisão lateral mesmo sentido";"Com Vítimas Feridas";"Pleno dia";"Crescente";"Sol";"Dupla";"Reta";"Sim";2;0;1;0;1;0;1;2;-23,17650012;-45,83430648;"SPRF-SP";"DEL02-SP";"UOP01-DEL02-SP"
744029;2026-01-06;"terça-feira";"12:10:00";"MT";163;538;"DIAMANTINO";"Condutor Dormindo";"Saída de leito carroçável";"Sem Vítimas";"Pleno dia";"Crescente";"Nublado";"Dupla";"Curva;Declive";"Não";2;0;0;0;2;0;0;1;-14,303007;-56,140513;"SPRF-MT";"DEL01-MT";"UOP01-DEL01-MT"
744030;2026-01-06;"terça-feira";"14:51:00";"TO";153;494;"PARAISO DO TOCANTINS";"Acesso irregular";"Colisão transversal";"Com Vítimas Feridas";"Pleno dia";"Crescente";"Garoa/Chuvisco";"Simples";"Reta";"Sim";2;0;1;0;0;1;1;2;-10,15504;-48,88388;"SPRF-TO";"DEL01-TO";"UOP01-DEL01-TO"
744032;2026-01-06;"terça-feira";"13:20:00";"RO";364;422;"JARU";"Reação tardia ou ineficiente do condutor";"Colisão traseira";"Com Vítimas Feridas";"Pleno dia";"Crescente";"Garoa/Chuvisco";"Simples";"Reta";"Sim";2;0;1;0;1;0;1;2;-10,46302412;-62,45376203;"SPRF-RO";"DEL03-RO";"UOP02-DEL03-RO"
744034;2026-01-06;"terça-feira";"14:30:00";"GO";153;512;"APARECIDA DE GOIANIA";"Condutor deixou de manter distância do veículo da frente";"Colisão traseira";"Sem Vítimas";"Pleno dia";"Crescente";"Nublado";"Dupla";"Reta";"Sim";2;0;0;0;2;0;0;2;-16,799892;-49,238968;"SPRF-GO";"DEL01-GO";"UOP03-DEL01-GO"
744035;2026-01-06;"terça-feira";"14:05:00";"BA";242;415;"SEABRA";"Demais falhas mecânicas ou elétricas";"Colisão com objeto";"Com Vítimas Feridas";"Pleno dia";"Decrescente";"Nublado";"Simples";"Aclive;Reta";"Sim";2;0;1;0;1;0;1;2;-12,42793303;-41,77406357;"SPRF-BA";"DEL06-BA";"UOP01-DEL06-BA"
744037;2026-01-06;"terça-feira";"13:05:00";"RJ";101;482;"ANGRA DOS REIS";"Acessar a via sem observar a presença dos outros veículos";"Colisão transversal";"Com Vítimas Feridas";"Pleno dia";"Decrescente";"Céu Claro";"Dupla";"Reta;Interseção de Vias";"Sim";2;0;1;0;1;0;1;2;-23,00462105;-44,29805338;"SPRF-RJ";"DEL03-RJ";"UOP03-DEL03-RJ"
744039;2026-01-06;"terça-feira";"14:50:00";"SC";101;156;"PORTO BELO";"Reação tardia ou ineficiente do condutor";"Colisão traseira";"Com Vítimas Feridas";"Pleno dia";"Decrescente";"Céu Claro";"Dupla";"Reta";"Sim";2;0;1;0;1;0;1;2;-27,17648106;-48,611715;"SPRF-SC";"DEL04-SC";"UOP03-DEL04-SC"
744040;2026-01-06;"terça-feira";"15:40:00";"ES";101;290;"CARIACICA";"Ausência de reação do condutor";"Colisão traseira";"Com Vítimas Feridas";"Pleno dia";"Decrescente";"Céu Claro";"Dupla";"Curva";"Sim";2;0;1;0;1;0;1;2;-20,289805;-40,391664;"SPRF-ES";"DEL01-ES";"UOP01-DEL01-ES"
744043;2026-01-06;"terça-feira";"05:40:00";"MG";365;107,5;"JEQUITAI";"Objeto estático sobre o leito carroçável";"Colisão com objeto";"Com Vítimas Feridas";"Amanhecer";"Decrescente";"Chuva";"Simples";"Reta;Declive";"Não";40;0;39;1;0;0;40;1;-17,2093246;-44,57425833;"SPRF-MG";"DEL12-MG";"UOP01-DEL12-MG"
744044;2026-01-06;"terça-feira";"16:00:00";"MG";40;723,3;"BARBACENA";"Chuva";"Saída de leito carroçável";"Com Vítimas Feridas";"Pleno dia";"Decrescente";"Chuva";"Dupla";"Declive;Curva";"Não";1;0;1;0;0;0;1;1;-21,31060578;-43,60334158;"SPRF-MG";"DEL05-MG";"UOP01-DEL05-MG"
744045;2026-01-06;"terça-feira";"15:00:00";"RS";448;1;"ESTEIO";"Avarias e/ou desgaste excessivo no pneu";"Tombamento";"Com Vítimas Feridas";"Pleno dia";"Decrescente";"Céu Claro";"Dupla";"Curva";"Sim";3;0;1;0;0;2;1;2;-29,8342089;-51,18088099;"SPRF-RS";"DEL01-RS";"UOP02-DEL01-RS"
744050;2026-01-06;"terça-feira";"16:50:00";"RJ";101;472;"ANGRA DOS REIS";"Reação tardia ou ineficiente do condutor";"Queda de ocupante de veículo";"Com Vítimas Feridas";"Pleno dia";"Decrescente";"Céu Claro";"Simples";"Reta";"Sim";2;0;1;1;0;0;2;1;-22,98843647;-44,23710563;"SPRF-RJ";"DEL03-RJ";"UOP03-DEL03-RJ"
744051;2026-01-06;"terça-feira";"16:40:00";"RJ";101;428;"MANGARATIBA";"Acessar a via sem observar a presença dos outros veículos";"Colisão transversal";"Com Vítimas Feridas";"Pleno dia";"Crescente";"Céu Claro";"Simples";"Reta;Interseção de Vias";"Não";2;0;1;0;1;0;1;2;-22,93526911;-43,99813978;"SPRF-RJ";"DEL03-RJ";"UOP02-DEL03-RJ"
744053;2026-01-06;"terça-feira";"17:00:00";"SC";101;207;"SAO JOSE";"Reação tardia ou ineficiente do condutor";"Colisão lateral mesmo sentido";"Com Vítimas Feridas";"Pleno dia";"Crescente";"Céu Claro";"Múltipla";"Reta";"Sim";3;0;1;0;2;0;1;3;-27,5945;-48,61905;"SPRF-SC";"DEL01-SC";"UOP01-DEL01-SC"
744058;2026-01-06;"terça-feira";"18:00:00";"PR";376;182;"MARINGA";"Acessar a via sem observar a presença dos outros veículos";"Colisão lateral mesmo sentido";"Com Vítimas Feridas";"Pleno dia";"Crescente";"Céu Claro";"Múltipla";"Rotatória;Interseção de Vias";"Sim";2;0;1;0;1;0;1;2;-23,43207;-51,8878;"SPRF-PR";"DEL09-PR";"UOP01-DEL09-PR"
744059;2026-01-06;"terça-feira";"17:35:00";"SP";101;52;"UBATUBA";"Ausência de reação do condutor";"Colisão lateral mesmo sentido";"Com Vítimas Feridas";"Pleno dia";"Crescente";"Céu Claro";"Simples";"Curva";"Sim";3;0;1;0;2;0;1;3;-23,46480509;-45,06237397;"SPRF-SP";"DEL06-SP";"UOP01-DEL06-SP"
744060;2026-01-06;"terça-feira";"17:30:00";"SC";101;150;"ITAPEMA";"Demais falhas mecânicas ou elétricas";"Colisão com objeto";"Com Vítimas Feridas";"Pleno dia";"Crescente";"Céu Claro";"Dupla";"Reta";"Não";2;0;0;1;1;0;1;2;-27,1248965;-48,60941783;"SPRF-SC";"DEL04-SC";"UOP03-DEL04-SC"
744061;2026-01-06;"terça-feira";"14:20:00";"BA";407;126;"SENHOR DO BONFIM";"Acesso irregular";"Colisão transversal";"Com Vítimas Feridas";"Pleno dia";"Decrescente";"Céu Claro";"Dupla";"Rotatória";"Sim";3;0;1;0;1;1;1;3;-10,458645;-40,178358;"SPRF-BA";"DEL04-BA";"UOP01-DEL04-BA"
744062;2026-01-06;"terça-feira";"17:10:00";"SP";381;82;"SAO PAULO";"Acessar a via sem observar a presença dos outros veículos";"Atropelamento de Pedestre";"Com Vítimas Feridas";"Pleno dia";"Decrescente";"Céu Claro";"Múltipla";"Reta";"Não";3;0;0;1;1;1;1;2;-23,45615769;-46,5711813;"SPRF-SP";"DEL03-SP";"UOP01-DEL03-SP"
744063;2026-01-06;"terça-feira";"17:20:00";"BA";324;513;"FEIRA DE SANTANA";"Animais na Pista";"Atropelamento de Animal";"Com Vítimas Feridas";"Anoitecer";"Decrescente";"Céu Claro";"Simples";"Reta";"Sim";1;0;0;1;0;0;1;1;-12,231213;-38,95884681;"SPRF-BA";"DEL02-BA";"UOP01-DEL02-BA"
744064;2026-01-06;"terça-feira";"17:00:00";"MG";116;408;"GOVERNADOR VALADARES";"Acumulo de óleo sobre o pavimento";"Tombamento";"Com Vítimas Feridas";"Pleno dia";"Decrescente";"Chuva";"Dupla";"Retorno Regulamentado";"Sim";2;0;1;0;1;0;1;1;-18,85133597;-41,97785036;"SPRF-MG";"DEL06-MG";"UOP01-DEL06-MG"
744065;2026-01-06;"terça-feira";"17:52:00";"PE";232;107;"BEZERROS";"Demais falhas mecânicas ou elétricas";"Incêndio";"Sem Vítimas";"Plena Noite";"Crescente";"Céu Claro";"Dupla";"Declive;Reta";"Não";1;0;0;0;1;0;0;1;-8,27147;-35,80101;"SPRF-PE";"DEL02-PE";"UOP03-DEL02-PE"
744066;2026-01-06;"terça-feira";"13:40:00";"MT";70;667;"CACERES";"Acumulo de água sobre o pavimento";"Saída de leito carroçável";"Com Vítimas Feridas";"Pleno dia";"Decrescente";"Chuva";"Simples";"Reta";"Não";5;0;2;0;3;0;2;1;-16,094834;-57,290508;"SPRF-MT";"DEL03-MT";"UOP02-DEL03-MT"
744068;2026-01-06;"terça-feira";"14:40:00";"MT";174;462;"COMODORO";"Acumulo de água sobre o pavimento";"Saída de leito carroçável";"Com Vítimas Feridas";"Pleno dia";"Crescente";"Chuva";"Simples";"Curva";"Não";1;0;1;0;0;0;1;1;-13,80155875;-59,76786733;"SPRF-MT";"DEL04-MT";"UOP02-DEL04-MT"
744070;2026-01-06;"terça-feira";"17:40:00";"RJ";393;167;"TRES RIOS";"Velocidade Incompatível";"Colisão transversal";"Com Vítimas Feridas";"Pleno dia";"Decrescente";"Céu Claro";"Simples";"Reta";"Sim";3;0;2;0;1;0;2;2;-22,12102;-43,16291;"SPRF-RJ";"DEL05-RJ";"UOP01-DEL05-RJ"
744071;2026-01-06;"terça-feira";"18:25:00";"SP";116;143;"SAO JOSE DOS CAMPOS";"Reação tardia ou ineficiente do condutor";"Colisão traseira";"Com Vítimas Feridas";"Anoitecer";"Crescente";"Céu Claro";"Dupla";"Reta";"Não";2;0;1;0;0;1;1;2;-23,17742996;-45,83633423;"SPRF-SP";"DEL02-SP";"UOP01-DEL02-SP"
744073;2026-01-06;"terça-feira";"18:50:00";"SP";116;135;"SAO JOSE DOS CAMPOS";"Avarias e/ou desgaste excessivo no pneu";"Tombamento";"Com Vítimas Feridas";"Plena Noite";"Crescente";"Céu Claro";"Dupla";"Reta";"Não";1;0;1;0;0;0;1;1;-23,1497343;-45,7799262;"SPRF-SP";"DEL02-SP";"UOP01-DEL02-SP"
744074;2026-01-06;"terça-feira";"17:40:00";"RO";174;13;"VILHENA";"Desrespeitar a preferência no cruzamento";"Colisão transversal";"Com Vítimas Feridas";"Pleno dia";"Crescente";"Nublado";"Dupla";"Interseção de Vias;Reta";"Sim";3;0;2;0;1;0;2;2;-12,740519;-60,131836;"SPRF-RO";"DEL04-RO";"UOP01-DEL04-RO"
744075;2026-01-06;"terça-feira";"18:10:00";"MT";163;747;"SORRISO";"Acessar a via sem observar a presença dos outros veículos";"Colisão transversal";"Com Vítimas Feridas";"Anoitecer";"Decrescente";"Céu Claro";"Dupla";"Retorno Regulamentado;Curva;Interseção de Vias";"Sim";2;0;1;1;0;0;2;2;-12,59339242;-55,74358499;"SPRF-MT";"DEL06-MT";"UOP01-DEL06-MT"
744078;2026-01-06;"terça-feira";"19:45:00";"PR";277;73,1;"SAO JOSE DOS PINHAIS";"Objeto estático sobre o leito carroçável";"Colisão com objeto";"Com Vítimas Feridas";"Plena Noite";"Crescente";"Nublado";"Dupla";"Reta";"Sim";1;0;1;0;0;0;1;1;-25,500962;-49,151481;"SPRF-PR";"DEL01-PR";"UOP07-DEL01-PR"
744079;2026-01-06;"terça-feira";"19:00:00";"BA";367;28,4;"PORTO SEGURO";"Manobra de mudança de faixa";"Colisão lateral mesmo sentido";"Com Vítimas Feridas";"Plena Noite";"Decrescente";"Céu Claro";"Simples";"Curva";"Sim";4;0;1;1;2;0;2;2;-16,417307;-39,110742;"SPRF-BA";"DEL09-BA";"UOP03-DEL09-BA"
744080;2026-01-06;"terça-feira";"09:50:00";"PR";116;12,5;"COLOMBO";"Acumulo de óleo sobre o pavimento";"Tombamento";"Com Vítimas Feridas";"Pleno dia";"Crescente";"Céu Claro";"Dupla";"Curva;Viaduto;Interseção de Vias;Retorno Regulamentado";"Sim";1;0;1;0;0;0;1;1;-25,37623993;-49,15201354;"SPRF-PR";"DEL01-PR";"UOP02-DEL01-PR"
744082;2026-01-06;"terça-feira";"17:50:00";"PB";230;14;"CABEDELO";"Ausência de reação do condutor";"Colisão traseira";"Com Vítimas Feridas";"Plena Noite";"Crescente";"Céu Claro";"Dupla";"Reta";"Sim";2;0;0;1;1;0;1;2;-7,09182;-34,84834;"SPRF-PB";"DEL01-PB";"UOP01-DEL01-PB"
744085;2026-01-06;"terça-feira";"17:30:00";"PB";230;380;"CONDADO";"Transitar na contramão";"Colisão frontal";"Com Vítimas Fatais";"Plena Noite";"Decrescente";"Céu Claro";"Simples";"Reta";"Não";3;1;0;1;1;0;1;2;-6,913478;-37,633918;"SPRF-PB";"DEL03-PB";"UOP02-DEL03-PB"
744086;2026-01-06;"terça-feira";"19:50:00";"MG";381;732,3;"CARMO DA CACHOEIRA";"Velocidade Incompatível";"Saída de leito carroçável";"Com Vítimas Feridas";"Plena Noite";"Decrescente";"Nublado";"Dupla";"Curva";"Não";3;0;1;0;2;0;1;1;-21,41471922;-45,21286011;"SPRF-MG";"DEL16-MG";"UOP02-DEL16-MG"
744087;2026-01-06;"terça-feira";"19:10:00";"MA";135;15,6;"SAO LUIS";"Acessar a via sem observar a presença dos outros veículos";"Atropelamento de Pedestre";"Com Vítimas Feridas";"Plena Noite";"Decrescente";"Céu Claro";"Dupla";"Aclive;Reta";"Sim";2;0;0;1;0;1;1;2;-2,699675;-44,308137;"SPRF-MA";"DEL01-MA";"UOP01-DEL01-MA"
744088;2026-01-06;"terça-feira";"19:47:00";"SP";116;307,5;"SAO LOURENCO DA SERRA";"Reação tardia ou ineficiente do condutor";"Saída de leito carroçável";"Com Vítimas Feridas";"Plena Noite";"Decrescente";"Céu Claro";"Dupla";"Curva";"Sim";2;0;2;0;0;0;2;1;-23,854837;-46,93987;"SPRF-SP";"DEL04-SP";"UOP01-DEL04-SP"
744089;2026-01-06;"terça-feira";"19:30:00";"PE";316;83;"OURICURI";"Ausência de reação do condutor";"Colisão traseira";"Com Vítimas Feridas";"Plena Noite";"Crescente";"Céu Claro";"Simples";"Reta";"Sim";2;0;0;1;0;1;1;2;-7,87462;-40,085282;"SPRF-PE";"DEL05-PE";"UOP02-DEL05-PE"
744090;2026-01-06;"terça-feira";"19:20:00";"SC";101;146;"ITAPEMA";"Manobra de mudança de faixa";"Colisão lateral mesmo sentido";"Com Vítimas Feridas";"Anoitecer";"Decrescente";"Nublado";"Dupla";"Reta";"Sim";3;0;2;0;1;0;2;2;-27,08702173;-48,60978381;"SPRF-SC";"DEL04-SC";"UOP03-DEL04-SC"