"id";"data_inversa";"dia_semana";"horario";"uf";"br";"km";"municipio";"causa_acidente";"tipo_acidente";"classificacao_acidente";"fase_dia";"sentido_via";"condicao_metereologica";"tipo_pista";"tracado_via";"uso_solo";"pessoas";"mortos";"feridos_leves";"feridos_graves";"ilesos";"ignorados";"feridos";"veiculos";"latitude";"longitude";"regional";"delegacia";"uop"
744091;2026-01-06;"terça-feira";"19:30:00";"RS";290;404,6;"SANTA MARGARIDA DO SUL";"Demais falhas mecânicas ou elétricas";"Incêndio";"Sem Vítimas";"Pleno dia";"Decrescente";"Céu Claro";"Simples";"Reta";"Não";1;0;0;0;1;0;0;1;-30,364437;-54,203467;"SPRF-RS";"DEL09-RS";"UOP02-DEL09-RS"
744092;2026-01-06;"terça-feira";"19:20:00";"RO";364;193,2;"PIMENTA BUENO";"Ausência de reação do condutor";"Colisão traseira";"Com Vítimas Feridas";"Plena Noite";"Decrescente";"Nublado";"Simples";"Reta";"Não";1;0;1;0;0;0;1;1;-11,70531638;-61,16617799;"SPRF-RO";"DEL02-RO";"UOP02-DEL02-RO"
744093;2026-01-06;"terça-feira";"21:15:00";"GO";40;25;"LUZIANIA";"Reação tardia ou ineficiente do condutor";"Colisão com objeto";"Com Vítimas Feridas";"Plena Noite";"Decrescente";"Chuva";"Simples";"Desvio Temporário;Curva";"Não";1;0;1;0;0;0;1;1;-16,25427175;-47,89936066;"SPRF-DF";"DEL01-DF";"UOP01-DEL01-DF"
744094;2026-01-06;"terça-feira";"20:20:00";"PB";104;142;"QUEIMADAS";"Reação tardia ou ineficiente do condutor";"Saída de leito carroçável";"Sem Vítimas";"Plena Noite";"Decrescente";"Céu Claro";"Simples";"Curva";"Sim";1;0;0;0;0;1;0;1;-7,385056;-35,895705;"SPRF-PB";"DEL02-PB";"UOP03-DEL02-PB"
744095;2026-01-06;"terça-feira";"20:30:00";"PR";476;169,8;"CONTENDA";"Acessar a via sem observar a presença dos outros veículos";"Atropelamento de Pedestre";"Com Vítimas Fatais";"Plena Noite";"Decrescente";"Nublado";"Simples";"Curva;Aclive";"Sim";3;1;0;0;1;1;0;2;-25,67191;-49,51007;"SPRF-PR";"DEL01-PR";"UOP06-DEL01-PR"
744096;2026-01-06;"terça-feira";"21:10:00";"PR";163;139;"CAPITAO LEONIDAS MARQUES";"Problema na suspensão";"Saída de leito carroçável";"Sem Vítimas";"Plena Noite";"Crescente";"Céu Claro";"Simples";"Curva";"Não";1;0;0;0;0;1;0;1;-25,4807838;-53,59088677;"SPRF-PR";"DEL05-PR";"UOP05-DEL05-PR"
744104;2026-01-06;"terça-feira";"23:45:00";"MS";376;32;"VICENTINA";"Animais na Pista";"Atropelamento de Animal";"Com Vítimas Feridas";"Plena Noite";"Crescente";"Céu Claro";"Simples";"Reta";"Não";1;0;1;0;0;0;1;1;-22,398585;-54,462827;"SPRF-MS";"DEL04-MS";"UOP01-DEL04-MS"
744106;2026-01-07;"quarta-feira";"01:10:00";"MS";262;552,4;"MIRANDA";"Ausência de reação do condutor";"Colisão frontal";"Sem Vítimas";"Plena Noite";"Crescente";"Céu Claro";"Simples";"Reta";"Sim";6;0;0;0;5;1;0;3;-20,26735;-56,33599;"SPRF-MS";"DEL03-MS";"UOP02-DEL03-MS"
744107;2026-01-07;"quarta-feira";"02:20:00";"MG";267;154,8;"LIMA DUARTE";"Ausência de reação do condutor";"Atropelamento de Pedestre";"Com Vítimas Feridas";"Plena Noite";"Crescente";"Ignorado";"Simples";"Reta";"Não";3;0;0;1;2;0;1;2;-21,8138352;-43,73769879;"SPRF-MG";"DEL05-MG";"UOP01-DEL05-MG"
744109;2026-01-07;"quarta-feira";"02:59:00";"PE";232;16;"JABOATAO DOS GUARARAPES";"Animais na Pista";"Atropelamento de Animal";"Sem Vítimas";"Plena Noite";"Crescente";"Céu Claro";"Dupla";"Reta";"Não";2;0;0;0;2;0;0;1;-8,09389;-35,03492;"SPRF-PE";"DEL01-PE";"UOP01-DEL01-PE"
744111;2026-01-07;"quarta-feira";"03:39:00";"PE";232;7;"RECIFE";"Velocidade Incompatível";"Saída de leito carroçável";"Com Vítimas Feridas";"Plena Noite";"Decrescente";"Céu Claro";"Múltipla";"Reta;Retorno Regulamentado";"Não";2;0;2;0;0;0;2;1;-8,07532778;-34,96687381;"SPRF-PE";"DEL01-PE";"UOP01-DEL01-PE"
744112;2026-01-07;"quarta-feira";"04:00:00";"SC";101;206;"SAO JOSE";"Ausência de reação do condutor";"Tombamento";"Com Vítimas Feridas";"Plena Noite";"Decrescente";"Céu Claro";"Dupla";"Reta";"Sim";1;0;1;0;0;0;1;1;-27,591135;-48,61793;"SPRF-SC";"DEL01-SC";"UOP01-DEL01-SC"
744114;2026-01-07;"quarta-feira";"04:45:00";"SP";116;208,8;"GUARULHOS";"Condutor Dormindo";"Queda de ocupante de veículo";"Com Vítimas Feridas";"Plena Noite";"Crescente";"Céu Claro";"Dupla";"Reta";"Sim";1;0;1;0;0;0;1;1;-23,42388098;-46,39900494;"SPRF-SP";"DEL01-SP";"UOP01-DEL01-SP"
744115;2026-01-07;"quarta-feira";"05:30:00";"MG";381;343;"JOAO MONLEVADE";"Reação tardia ou ineficiente do condutor";"Queda de ocupante de veículo";"Com Vítimas Feridas";"Amanhecer";"Decrescente";"Garoa/Chuvisco";"Simples";"Curva";"Não";1;0;1;0;0;0;1;1;-19,866;-43,125;"SPRF-MG";"DEL03-MG";"UOP01-DEL03-MG"
744118;2026-01-07;"quarta-feira";"04:40:00";"MT";163;119,5;"RONDONOPOLIS";"Demais falhas mecânicas ou elétricas";"Incêndio";"Sem Vítimas";"Amanhecer";"Decrescente";"Céu Claro";"Dupla";"Reta";"Sim";1;0;0;0;1;0;0;1;-16,49051382;-54,64710955;"SPRF-MT";"DEL02-MT";"UOP01-DEL02-MT"
744121;2026-01-07;"quarta-feira";"06:40:00";"PA";316;56,4;"CASTANHAL";"Conversão proibida";"Colisão lateral sentido oposto";"Sem Vítimas";"Pleno dia";"Decrescente";"Céu Claro";"Dupla";"Reta";"Sim";4;0;0;0;4;0;0;2;-1,29952;-47,97199;"SPRF-PA";"DEL01-PA";"UOP01-DEL01-PA"
744122;2026-01-06;"terça-feira";"23:40:00";"RO";425;55;"NOVA MAMORE";"Animais na Pista";"Saída de leito carroçável";"Com Vítimas Feridas";"Plena Noite";"Crescente";"Céu Claro";"Simples";"Reta;Em Obras";"Não";4;0;2;0;2;0;2;1;-10,186962;-65,289305;"SPRF-RO";"DEL01-RO";"UOP03-DEL01-RO"
744124;2026-01-07;"quarta-feira";"04:30:00";"GO";153;258;"SAO LUIZ DO NORTE";"Transitar na contramão";"Saída de leito carroçável";"Sem Vítimas";"Plena Noite";"Decrescente";"Chuva";"Simples";"Aclive;Reta";"Não";47;0;0;0;47;0;0;2;-14,989078;-49,410228;"SPRF-GO";"DEL07-GO";"UOP02-DEL07-GO"
744128;2026-01-07;"quarta-feira";"06:38:00";"PE";101;92;"CABO DE SANTO AGOSTINHO";"Manobra de mudança de faixa";"Colisão lateral mesmo sentido";"Com Vítimas Feridas";"Pleno dia";"Crescente";"Sol";"Dupla";"Reta";"Não";2;0;1;0;1;0;1;2;-8,2353;-35,00026;"SPRF-PE";"DEL01-PE";"UOP01-DEL01-PE"
744131;2026-01-07;"quarta-feira";"07:14:00";"PI";343;2,2;"TERESINA";"Reação tardia ou ineficiente do condutor";"Colisão com objeto";"Com Vítimas Feridas";"Pleno dia";"Crescente";"Céu Claro";"Dupla";"Reta";"Sim";1;0;0;1;0;0;1;1;-5,081525;-42,770052;"SPRF-PI";"DEL01-PI";"UOP01-DEL01-PI"
744132;2026-01-07;"quarta-feira";"07:14:00";"ES";101;139,3;"LINHARES";"Acessar a via sem observar a presença dos outros veículos";"Colisão transversal";"Com Vítimas Feridas";"Pleno dia";"Decrescente";"Céu Claro";"Simples";"Reta;Retorno Regulamentado";"Não";2;0;0;1;1;0;1;2;-19,3133046;-40,07835953;"SPRF-ES";"DEL04-ES";"UOP01-DEL04-ES"
744133;2026-01-06;"terça-feira";"08:52:00";"PE";232;408;"SERRA TALHADA";"Acessar a via sem observar a presença dos outros veículos";"Colisão lateral mesmo sentido";"Com Vítimas Feridas";"Pleno dia";"Decrescente";"Céu Claro";"Simples";"Interseção de Vias;Reta";"Sim";2;0;0;1;1;0;1;2;-7,982575;-38,287133;"SPRF-PE";"DEL04-PE";"UOP01-DEL04-PE"
744134;2026-01-07;"quarta-feira";"07:30:00";"PR";376;178,2;"MARINGA";"Reação tardia ou ineficiente do condutor";"Colisão traseira";"Com Vítimas Feridas";"Pleno dia";"Crescente";"Céu Claro";"Múltipla";"Reta";"Sim";2;0;1;0;1;0;1;2;-23,417158;-51,919243;"SPRF-PR";"DEL09-PR";"UOP01-DEL09-PR"
744135;2026-01-07;"quarta-feira";"07:15:00";"PB";230;364;"MALTA";"Acessar a via sem observar a presença dos outros veículos";"Colisão transversal";"Com Vítimas Feridas";"Pleno dia";"Decrescente";"Céu Claro";"Simples";"Reta";"Não";2;0;1;0;1;0;1;2;-6,904922;-37,516365;"SPRF-PB";"DEL03-PB";"UOP02-DEL03-PB"
744136;2026-01-07;"quarta-feira";"08:00:00";"PB";101;84,5;"BAYEUX";"Acessar a via sem observar a presença dos outros veículos";"Colisão lateral mesmo sentido";"Com Vítimas Feridas";"Pleno dia";"Crescente";"Céu Claro";"Simples";"Reta";"Não";2;0;1;0;0;1;1;2;-7,1421371;-34,9205561;"SPRF-PB";"DEL01-PB";"UOP01-DEL01-PB"
744137;2026-01-07;"quarta-feira";"07:20:00";"SC";280;29,5;"ARAQUARI";"Transitar no Acostamento";"Atropelamento de Pedestre";"Com Vítimas Feridas";"Pleno dia";"Decrescente";"Céu Claro";"Simples";"Curva";"Sim";3;0;1;0;1;1;1;2;-26,41320428;-48,75788212;"SPRF-SC";"DEL03-SC";"UOP03-DEL03-SC"
744140;2026-01-07;"quarta-feira";"08:00:00";"PI";343;2;"TERESINA";"Ausência de reação do condutor";"Colisão transversal";"Sem Vítimas";"Pleno dia";"Crescente";"Céu Claro";"Dupla";"Reta";"Sim";2;0;0;0;2;0;0;2;-5,08146517;-42,76782274;"SPRF-PI";"DEL01-PI";"UOP01-DEL01-PI"
744141;2026-01-07;"quarta-feira";"08:00:00";"GO";70;4;"AGUAS LINDAS DE GOIAS";"Condutor Dormindo";"Capotamento";"Sem Vítimas";"Amanhecer";"Crescente";"Céu Claro";"Dupla";"Reta";"Sim";1;0;0;0;1;0;0;1;-15,75984599;-48,24630024;"SPRF-DF";"DEL03-DF";"UOP02-DEL03-DF"
744142;2026-01-07;"quarta-feira";"07:20:00";"MG";262;399;"PARA DE MINAS";"Velocidade Incompatível";"Tombamento";"Com Vítimas Feridas";"Pleno dia";"Decrescente";"Nublado";"Dupla";"Curva";"Não";1;0;1;0;0;0;1;1;-19,88604596;-44,63388562;"SPRF-MG";"DEL01-MG";"UOP03-DEL01-MG"
744144;2026-01-07;"quarta-feira";"07:30:00";"SC";101;206,8;"SAO JOSE";"Trafegar com motocicleta (ou similar) entre as faixas";"Colisão traseira";"Com Vítimas Feridas";"Pleno dia";"Decrescente";"Sol";"Múltipla";"Reta";"Sim";2;0;1;0;1;0;1;2;-27,59828003;-48,62084119;"SPRF-SC";"DEL01-SC";"UOP01-DEL01-SC"
744146;2026-01-07;"quarta-feira";"08:05:00";"BA";324;525;"FEIRA DE SANTANA";"Acessar a via sem observar a presença dos outros veículos";"Colisão lateral mesmo sentido";"Com Vítimas Feridas";"Pleno dia";"Decrescente";"Céu Claro";"Dupla";"Reta";"Sim";3;0;1;0;2;0;1;2;-12,31059712;-38,88453889;"SPRF-BA";"DEL11-BA";"UOP02-DEL11-BA"
744148;2026-01-07;"quarta-feira";"08:42:00";"SP";116;125;"CACAPAVA";"Condutor deixou de manter distância do veículo da frente";"Colisão traseira";"Com Vítimas Feridas";"Pleno dia";"Crescente";"Céu Claro";"Dupla";"Reta";"Não";2;0;1;0;1;0;1;2;-23,09739808;-45,68443537;"SPRF-SP";"DEL02-SP";"UOP02-DEL02-SP"
744151;2026-01-07;"quarta-feira";"09:50:00";"SP";381;86,3;"SAO PAULO";"Entrada inopinada do pedestre";"Atropelamento de Pedestre";"Com Vítimas Feridas";"Pleno dia";"Decrescente";"Céu Claro";"Múltipla";"Reta";"Sim";2;0;0;1;1;0;1;2;-23,46356127;-46,57138824;"SPRF-SP";"DEL03-SP";"UOP01-DEL03-SP"
744153;2026-01-07;"quarta-feira";"07:00:00";"MT";364;269;"JACIARA";"Acessar a via sem observar a presença dos outros veículos";"Colisão transversal";"Com Vítimas Feridas";"Pleno dia";"Crescente";"Céu Claro";"Simples";"Reta";"Sim";2;0;1;0;1;0;1;2;-15,971748;-54,940017;"SPRF-MT";"DEL02-MT";"UOP01-DEL02-MT"
744155;2026-01-07;"quarta-feira";"09:15:00";"SC";282;54;"AGUAS MORNAS";"Retorno proibido";"Colisão lateral mesmo sentido";"Com Vítimas Feridas";"Pleno dia";"Crescente";"Céu Claro";"Simples";"Reta";"Não";5;0;1;0;4;0;1;2;-27,68663862;-48,97112545;"SPRF-SC";"DEL01-SC";"UOP03-DEL01-SC"
744157;2026-01-07;"quarta-feira";"10:05:00";"RN";101;72,9;"EXTREMOZ";"Acessar a via sem observar a presença dos outros veículos";"Colisão traseira";"Com Vítimas Feridas";"Pleno dia";"Decrescente";"Céu Claro";"Simples";"Aclive";"Não";2;0;1;0;1;0;1;2;-5,702687;-35,26487;"SPRF-RN";"DEL02-RN";"UOP01-DEL02-RN"
744159;2026-01-07;"quarta-feira";"09:21:00";"MG";381;603,6;"OLIVEIRA";"Avarias e/ou desgaste excessivo no pneu";"Saída de leito carroçável";"Com Vítimas Feridas";"Pleno dia";"Crescente";"Chuva";"Dupla";"Curva;Declive";"Não";3;0;2;0;1;0;2;1;-20,623394;-44,733753;"SPRF-MG";"DEL04-MG";"UOP01-DEL04-MG"
744162;2026-01-07;"quarta-feira";"11:09:00";"MG";381;615;"OLIVEIRA";"Velocidade Incompatível";"Saída de leito carroçável";"Com Vítimas Feridas";"Pleno dia";"Crescente";"Chuva";"Dupla";"Curva;Declive";"Não";2;0;1;0;1;0;1;1;-20,70025093;-44,74885225;"SPRF-MG";"DEL04-MG";"UOP01-DEL04-MG"
744163;2026-01-03;"sábado";"15:09:00";"PE";101;68;"RECIFE";"Desrespeitar a preferência no cruzamento";"Colisão traseira";"Com Vítimas Feridas";"Pleno dia";"Crescente";"Céu Claro";"Dupla";"Rotatória";"Sim";2;0;1;0;0;1;1;2;-8,05274;-34,94586;"SPRF-PE";"DEL01-PE";"UOP01-DEL01-PE"
744165;2026-01-07;"quarta-feira";"10:00:00";"PB";104;132,6;"QUEIMADAS";"Conversão proibida";"Colisão transversal";"Com Vítimas Feridas";"Pleno dia";"Decrescente";"Nublado";"Simples";"Reta";"Não";2;0;1;0;1;0;1;2;-7,304331;-35,893073;"SPRF-PB";"DEL02-PB";"UOP03-DEL02-PB"
744166;2026-01-07;"quarta-feira";"10:00:00";"PB";230;2;"CABEDELO";"Ausência de reação do condutor";"Colisão traseira";"Com Vítimas Feridas";"Pleno dia";"Decrescente";"Céu Claro";"Simples";"Reta";"Sim";3;0;1;0;2;0;1;2;-6,97722716;-34,83116627;"SPRF-PB";"DEL01-PB";"UOP01-DEL01-PB"
744167;2026-01-07;"quarta-feira";"11:30:00";"PI";135;227;"COLONIA DO GURGUEIA";"Acessar a via sem observar a presença dos outros veículos";"Colisão transversal";"Com Vítimas Feridas";"Pleno dia";"Crescente";"Céu Claro";"Simples";"Reta";"Sim";2;0;0;1;1;0;1;2;-8,202403;-43,79403;"SPRF-PI";"DEL03-PI";"UOP02-DEL03-PI"
744169;2026-01-07;"quarta-feira";"11:36:00";"CE";116;41;"HORIZONTE";"Manobra de mudança de faixa";"Colisão transversal";"Com Vítimas Feridas";"Pleno dia";"Decrescente";"Nublado";"Múltipla";"Declive;Reta";"Sim";2;0;1;0;1;0;1;2;-4,1110695;-38,4913491;"SPRF-CE";"DEL01-CE";"UOP02-DEL01-CE"
744172;2026-01-07;"quarta-feira";"06:30:00";"BA";101;615;"MASCOTE";"Acessar a via sem observar a presença dos outros veículos";"Colisão transversal";"Com Vítimas Fatais";"Pleno dia";"Crescente";"Céu Claro";"Simples";"Curva";"Não";2;1;0;0;1;0;0;2;-15,55250874;-39,39787209;"SPRF-BA";"DEL05-BA";"UOP02-DEL05-BA"
744173;2026-01-04;"domingo";"07:40:00";"RJ";116;174;"SAO JOAO DE MERITI";"Ausência de reação do condutor";"Colisão com objeto";"Com Vítimas Feridas";"Pleno dia";"Crescente";"Nublado";"Dupla";"Reta";"Não";1;0;1;0;0;0;1;1;-22,79236426;-43,36717844;"SPRF-RJ";"DEL06-RJ";"UOP01-DEL06-RJ"
744175;2026-01-07;"quarta-feira";"10:50:00";"MA";135;80;"SANTA RITA";"Demais falhas mecânicas ou elétricas";"Colisão com objeto";"Com Vítimas Feridas";"Pleno dia";"Crescente";"Céu Claro";"Simples";"Reta";"Não";1;0;1;0;0;0;1;1;-3,22193;-44,36208;"SPRF-MA";"DEL01-MA";"UOP02-DEL01-MA"
744177;2026-01-07;"quarta-feira";"12:07:00";"MG";381;627,6;"OLIVEIRA";"Ausência de reação do condutor";"Saída de leito carroçável";"Com Vítimas Feridas";"Pleno dia";"Crescente";"Chuva";"Dupla";"Aclive;Reta";"Não";5;0;4;0;1;0;4;1;-20,817608;-44,797176;"SPRF-MG";"DEL04-MG";"UOP01-DEL04-MG"
744178;2026-01-07;"quarta-feira";"11:57:00";"MG";381;630;"OLIVEIRA";"Velocidade Incompatível";"Saída de leito carroçável";"Com Vítimas Feridas";"Pleno dia";"Crescente";"Chuva";"Dupla";"Declive";"Não";2;0;1;0;1;0;1;1;-20,814553;-44,79208499;"SPRF-MG";"DEL04-MG";"UOP01-DEL04-MG"
744179;2026-01-07;"quarta-feira";"12:03:00";"SP";116;204,5;"ARUJA";"Reação tardia ou ineficiente do condutor";"Colisão traseira";"Sem Vítimas";"Pleno dia";"Decrescente";"Chuva";"Dupla";"Reta";"Sim";3;0;0;0;1;2;0;3;-23,41311981;-46,36105511;"SPRF-SP";"DEL01-SP";"UOP01-DEL01-SP"
744181;2026-01-06;"terça-feira";"19:11:00";"AC";364;734;"CRUZEIRO DO SUL";"Transitar na contramão";"Colisão frontal";"Com Vítimas Feridas";"Plena Noite";"Decrescente";"Nublado";"Simples";"Reta";"Sim";3;0;0;1;1;1;1;3;-7,74149435;-72,48373657;"SPRF-AC";"DEL01-AC";"UOP03-DEL01-AC"
744182;2026-01-07;"quarta-feira";"10:30:00";"SC";280;139,4;"RIO NEGRINHO";"Reação tardia ou ineficiente do condutor";"Colisão transversal";"Com Vítimas Feridas";"Pleno dia";"Decrescente";"Céu Claro";"Simples";"Curva";"Não";2;0;1;0;1;0;1;2;-26,25377;-49,60667;"SPRF-SC";"DEL06-SC";"UOP03-DEL06-SC"
744183;2026-01-07;"quarta-feira";"11:00:00";"RS";293;141;"CANDIOTA";"Problema com o freio";"Eventos atípicos";"Sem Vítimas";"Pleno dia";"Crescente";"Céu Claro";"Simples";"Reta";"Não";2;0;0;0;2;0;0;1;-31,44326619;-53,68913144;"SPRF-RS";"DEL11-RS";"UOP03-DEL11-RS"
744184;2026-01-07;"quarta-feira";"10:00:00";"BA";110;341;"ALAGOINHAS";"Acessar a via sem observar a presença dos outros veículos";"Colisão transversal";"Com Vítimas Feridas";"Pleno dia";"Decrescente";"Sol";"Dupla";"Reta";"Sim";2;0;1;0;1;0;1;2;-12,16483712;-38,413014;"SPRF-BA";"DEL01-BA";"UOP04-DEL01-BA"
744185;2026-01-07;"quarta-feira";"12:15:00";"MG";381;855;"POUSO ALEGRE";"Mal súbito do condutor";"Saída de leito carroçável";"Com Vítimas Feridas";"Pleno dia";"Crescente";"Céu Claro";"Dupla";"Reta";"Não";3;0;1;0;2;0;1;1;-22,27855979;-45,89447057;"SPRF-MG";"DEL16-MG";"UOP01-DEL16-MG"
744186;2026-01-07;"quarta-feira";"11:40:00";"SC";101;328;"TUBARAO";"Reação tardia ou ineficiente do condutor";"Colisão traseira";"Sem Vítimas";"Pleno dia";"Decrescente";"Céu Claro";"Dupla";"Reta";"Não";3;0;0;0;3;0;0;3;-28,452843;-48,975445;"SPRF-SC";"DEL02-SC";"UOP01-DEL02-SC"
744187;2026-01-07;"quarta-feira";"10:00:00";"CE";222;316;"TIANGUA";"Conversão proibida";"Colisão transversal";"Com Vítimas Feridas";"Pleno dia";"Decrescente";"Nublado";"Simples";"Reta";"Não";5;0;2;2;1;0;4;2;-3,75804;-41,02348;"SPRF-CE";"DEL04-CE";"UOP02-DEL04-CE"
744188;2026-01-07;"quarta-feira";"12:30:00";"MG";365;384;"PATOS DE MINAS";"Chuva";"Capotamento";"Com Vítimas Fatais";"Pleno dia";"Decrescente";"Chuva";"Simples";"Reta";"Não";1;1;0;0;0;0;0;1;-18,597;-46,2799;"SPRF-MG";"DEL10-MG";"UOP01-DEL10-MG"
744190;2026-01-07;"quarta-feira";"09:00:00";"BA";116;410;"FEIRA DE SANTANA";"Velocidade Incompatível";"Colisão traseira";"Com Vítimas Feridas";"Pleno dia";"Decrescente";"Céu Claro";"Dupla";"Reta";"Não";3;0;1;0;2;0;1;2;-12,122024;-38,968323;"SPRF-BA";"DEL02-BA";"UOP01-DEL02-BA"
744191;2026-01-07;"quarta-feira";"12:30:00";"RJ";116;186;"NOVA IGUACU";"Ausência de reação do condutor";"Engavetamento";"Com Vítimas Feridas";"Pleno dia";"Crescente";"Nublado";"Dupla";"Reta";"Sim";6;0;1;0;5;0;1;4;-22,740763;-43,456439;"SPRF-RJ";"DEL06-RJ";"UOP01-DEL06-RJ"
744192;2026-01-07;"quarta-feira";"13:20:00";"MS";163;243;"DOURADOS";"Ingestão de álcool pelo condutor";"Saída de leito carroçável";"Sem Vítimas";"Pleno dia";"Crescente";"Céu Claro";"Dupla";"Reta";"Não";1;0;0;0;1;0;0;1;-22,36718626;-54,7983226;"SPRF-MS";"DEL04-MS";"UOP02-DEL04-MS"
744195;2026-01-07;"quarta-feira";"14:00:00";"GO";60;3,4;"SANTO ANTONIO DO DESCOBERTO";"Chuva";"Saída de leito carroçável";"Com Vítimas Feridas";"Pleno dia";"Crescente";"Chuva";"Dupla";"Declive";"Sim";1;0;1;0;0;0;1;1;-16,080703;-48,270548;"SPRF-DF";"DEL03-DF";"UOP01-DEL03-DF"
744196;2026-01-07;"quarta-feira";"14:05:00";"PE";101;75;"RECIFE";"Condutor deixou de manter distância do veículo da frente";"Colisão lateral mesmo sentido";"Com Vítimas Feridas";"Pleno dia";"Crescente";"Céu Claro";"Dupla";"Reta";"Sim";2;0;1;0;1;0;1;2;-8,113973;-34,945115;"SPRF-PE";"DEL01-PE";"UOP01-DEL01-PE"
744198;2026-01-07;"quarta-feira";"08:55:00";"BA";116;422;"FEIRA DE SANTANA";"Acessar a via sem observar a presença dos outros veículos";"Colisão frontal";"Com Vítimas Feridas";"Pleno dia";"Crescente";"Sol";"Dupla";"Viaduto;Rotatória";"Sim";2;0;1;0;1;0;1;2;-12,22861962;-38,96470475;"SPRF-BA";"DEL02-BA";"UOP01-DEL02-BA"
744201;2026-01-07;"quarta-feira";"14:30:00";"PE";101;64;"RECIFE";"Manobra de mudança de faixa";"Colisão lateral mesmo sentido";"Com Vítimas Feridas";"Pleno dia";"Crescente";"Sol";"Múltipla";"Reta;Interseção de Vias";"Sim";2;0;1;0;1;0;1;2;-8,018832;-34,942313;"SPRF-PE";"DEL01-PE";"UOP01-DEL01-PE"
744205;2026-01-07;"quarta-feira";"10:45:00";"RJ";116;189;"NOVA IGUACU";"Demais falhas mecânicas ou elétricas";"Queda de ocupante de veículo";"Com Vítimas Feridas";"Pleno dia";"Crescente";"Nublado";"Dupla";"Reta;Em Obras";"Sim";2;0;1;0;1;0;1;1;-22,737965;-43,491091;"SPRF-RJ";"DEL06-RJ";"UOP01-DEL06-RJ"
744207;2026-01-07;"quarta-feira";"13:45:00";"MS";163;261;"DOURADOS";"Transitar no Acostamento";"Tombamento";"Com Vítimas Feridas";"Pleno dia";"Crescente";"Céu Claro";"Simples";"Reta";"Não";1;0;1;0;0;0;1;1;-22,2429205;-54,77040466;"SPRF-MS";"DEL04-MS";"UOP01-DEL04-MS"
744208;2026-01-07;"quarta-feira";"08:30:00";"BA";116;422;"FEIRA DE SANTANA";"Reação tardia ou ineficiente do condutor";"Colisão lateral mesmo sentido";"Com Vítimas Feridas";"Pleno dia";"Decrescente";"Céu Claro";"Dupla";"Interseção de Vias;Curva";"Sim";2;0;1;0;1;0;1;2;-12,25416268;-38,92830849;"SPRF-BA";"DEL02-BA";"UOP01-DEL02-BA"
744210;2026-01-07;"quarta-feira";"14:35:00";"MS";163;31;"MUNDO NOVO";"Ausência de reação do condutor";"Colisão traseira";"Com Vítimas Feridas";"Pleno dia";"Crescente";"Céu Claro";"Simples";"Reta";"Não";5;0;1;1;3;0;2;2;-23,83754;-54,334284;"SPRF-MS";"DEL09-MS";"UOP02-DEL09-MS"
744211;2026-01-07;"quarta-feira";"14:20:00";"PB";230;7,2;"CABEDELO";"Acesso irregular";"Colisão lateral mesmo sentido";"Com Vítimas Feridas";"Pleno dia";"Decrescente";"Céu Claro";"Dupla";"Interseção de Vias;Reta";"Sim";3;0;1;0;2;0;1;2;-7,04602864;-34,84755635;"SPRF-PB";"DEL01-PB";"UOP01-DEL01-PB"
744213;2026-01-07;"quarta-feira";"10:42:00";"MT";364;492,2;"CUIABA";"Avarias e/ou desgaste excessivo no pneu";"Saída de leito carroçável";"Com Vítimas Feridas";"Pleno dia";"Crescente";"Céu Claro";"Dupla";"Reta";"Não";1;0;1;0;0;0;1;1;-15,687781;-55,910209;"SPRF-MT";"DEL01-MT";"UOP01-DEL01-MT"
744215;2026-01-07;"quarta-feira";"14:20:00";"RJ";40;31,8;"AREAL";"Velocidade Incompatível";"Colisão com objeto";"Com Vítimas Feridas";"Pleno dia";"Crescente";"Nublado";"Dupla";"Curva";"Não";2;0;2;0;0;0;2;1;-22,199297;-43,157471;"SPRF-RJ";"DEL05-RJ";"UOP02-DEL05-RJ"
744216;2026-01-07;"quarta-feira";"16:00:00";"PR";116;0,5;"QUATRO BARRAS";"Velocidade Incompatível";"Colisão com objeto";"Com Vítimas Feridas";"Pleno dia";"Crescente";"Sol";"Dupla";"Retorno Regulamentado";"Sim";3;0;3;0;0;0;3;1;-25,34672155;-49,04642344;"SPRF-PR";"DEL01-PR";"UOP02-DEL01-PR"
744217;2026-01-07;"quarta-feira";"16:22:00";"PE";101;50;"ABREU E LIMA";"Acessar a via sem observar a presença dos outros veículos";"Colisão transversal";"Sem Vítimas";"Pleno dia";"Decrescente";"Céu Claro";"Múltipla";"Reta;Retorno Regulamentado";"Sim";2;0;0;0;1;1;0;2;-7,914739;-34,898754;"SPRF-PE";"DEL01-PE";"UOP02-DEL01-PE"
744218;2026-01-07;"quarta-feira";"16:00:00";"GO";153;535;"HIDROLANDIA";"Avarias e/ou desgaste excessivo no pneu";"Saída de leito carroçável";"Com Vítimas Feridas";"Pleno dia";"Crescente";"Chuva";"Dupla";"Reta;Declive";"Não";1;0;1;0;0;0;1;1;-16,983027;-49,229672;"SPRF-GO";"DEL01-GO";"UOP03-DEL01-GO"
744220;2026-01-07;"quarta-feira";"14:30:00";"MG";381;651,2;"SANTO ANTONIO DO AMPARO";"Chuva";"Colisão com objeto";"Com Vítimas Feridas";"Pleno dia";"Crescente";"Chuva";"Dupla";"Curva";"Não";1;0;1;0;0;0;1;1;-20,95802316;-44,921422;"SPRF-MG";"DEL04-MG";"UOP02-DEL04-MG"
744221;2026-01-07;"quarta-feira";"14:20:00";"MG";381;652,5;"SANTO ANTONIO DO AMPARO";"Velocidade Incompatível";"Saída de leito carroçável";"Com Vítimas Feridas";"Pleno dia";"Crescente";"Chuva";"Dupla";"Declive;Curva";"Não";1;0;1;0;0;0;1;1;-20,96360567;-44,92997235;"SPRF-MG";"DEL04-MG";"UOP02-DEL04-MG"