"id";"data_inversa";"dia_semana";"horario";"uf";"br";"km";"municipio";"causa_acidente";"tipo_acidente";"classificacao_acidente";"fase_dia";"sentido_via";"condicao_metereologica";"tipo_pista";"tracado_via";"uso_solo";"pessoas";"mortos";"feridos_leves";"feridos_graves";"ilesos";"ignorados";"feridos";"veiculos";"latitude";"longitude";"regional";"delegacia";"uop"
744222;2026-01-07;"quarta-feira";"15:15:00";"PE";428;145,6;"PETROLINA";"Reação tardia ou ineficiente do condutor";"Saída de leito carroçável";"Com Vítimas Feridas";"Pleno dia";"Crescente";"Céu Claro";"Simples";"Reta";"Não";2;0;0;1;1;0;1;1;-9,042303;-40,294972;"SPRF-PE";"DEL06-PE";"UOP01-DEL06-PE"
744223;2026-01-07;"quarta-feira";"16:50:00";"ES";101;297,8;"CARIACICA";"Trafegar com motocicleta (ou similar) entre as faixas";"Colisão traseira";"Com Vítimas Feridas";"Pleno dia";"Crescente";"Céu Claro";"Dupla";"Reta";"Não";2;0;1;0;1;0;1;2;-20,34818896;-40,41185544;"SPRF-ES";"DEL01-ES";"UOP01-DEL01-ES"
744225;2026-01-07;"quarta-feira";"17:30:00";"SC";280;18;"BALNEARIO BARRA DO SUL";"Ausência de reação do condutor";"Colisão traseira";"Com Vítimas Feridas";"Pleno dia";"Decrescente";"Céu Claro";"Simples";"Curva";"Não";2;0;1;0;1;0;1;2;-26,36848348;-48,66898723;"SPRF-SC";"DEL03-SC";"UOP03-DEL03-SC"
744228;2026-01-07;"quarta-feira";"16:37:00";"RJ";40;78;"PETROPOLIS";"Avarias e/ou desgaste excessivo no pneu";"Saída de leito carroçável";"Com Vítimas Feridas";"Pleno dia";"Crescente";"Chuva";"Dupla";"Declive;Curva";"Não";4;0;2;0;2;0;2;1;-22,48572;-43,227084;"SPRF-RJ";"DEL01-RJ";"UOP01-DEL01-RJ"
744229;2026-01-07;"quarta-feira";"16:30:00";"AL";104;30,7;"UNIAO DOS PALMARES";"Transitar na contramão";"Colisão transversal";"Com Vítimas Feridas";"Pleno dia";"Crescente";"Céu Claro";"Simples";"Reta";"Não";3;0;0;2;1;0;2;2;-9,131209;-36,028478;"SPRF-AL";"DEL01-AL";"UOP02-DEL01-AL"
744231;2026-01-07;"quarta-feira";"18:10:00";"MG";365;573;"INDIANOPOLIS";"Demais falhas mecânicas ou elétricas";"Colisão com objeto";"Sem Vítimas";"Pleno dia";"Crescente";"Nublado";"Simples";"Reta";"Não";1;0;0;0;1;0;0;1;-18,908136;-47,88435;"SPRF-MG";"DEL15-MG";"UOP02-DEL15-MG"
744232;2026-01-07;"quarta-feira";"18:00:00";"TO";153;486;"PARAISO DO TOCANTINS";"Transitar na contramão";"Colisão frontal";"Com Vítimas Fatais";"Pleno dia";"Crescente";"Céu Claro";"Simples";"Aclive;Reta";"Não";3;1;0;0;2;0;0;2;-10,097425;-48,867943;"SPRF-TO";"DEL01-TO";"UOP01-DEL01-TO"
744234;2026-01-07;"quarta-feira";"17:30:00";"RS";448;17;"CANOAS";"Demais falhas mecânicas ou elétricas";"Incêndio";"Sem Vítimas";"Pleno dia";"Crescente";"Céu Claro";"Dupla";"Reta";"Não";1;0;0;0;1;0;0;1;-29,92775861;-51,21729306;"SPRF-RS";"DEL01-RS";"UOP01-DEL01-RS"
744235;2026-01-07;"quarta-feira";"14:20:00";"MA";135;21;"SAO LUIS";"Reação tardia ou ineficiente do condutor";"Colisão traseira";"Com Vítimas Feridas";"Pleno dia";"Decrescente";"Céu Claro";"Dupla";"Reta";"Sim";3;0;1;0;2;0;1;2;-2,56605;-44,32566;"SPRF-MA";"DEL01-MA";"UOP01-DEL01-MA"
744236;2026-01-07;"quarta-feira";"17:30:00";"SC";116;30;"ITAIOPOLIS";"Velocidade Incompatível";"Tombamento";"Com Vítimas Feridas";"Pleno dia";"Decrescente";"Céu Claro";"Simples";"Interseção de Vias";"Não";2;0;2;0;0;0;2;1;-26,3154727;-49,9678331;"SPRF-SC";"DEL06-SC";"UOP01-DEL06-SC"
744237;2026-01-07;"quarta-feira";"16:40:00";"MA";316;271,2;"BELA VISTA DO MARANHAO";"Acesso irregular";"Colisão lateral mesmo sentido";"Com Vítimas Feridas";"Pleno dia";"Decrescente";"Céu Claro";"Simples";"Interseção de Vias";"Sim";4;0;2;0;2;0;2;2;-3,70598667;-45,3045693;"SPRF-MA";"DEL02-MA";"UOP01-DEL02-MA"
744238;2026-01-07;"quarta-feira";"17:51:00";"PE";101;85;"JABOATAO DOS GUARARAPES";"Trafegar com motocicleta (ou similar) entre as faixas";"Colisão traseira";"Com Vítimas Feridas";"Anoitecer";"Decrescente";"Céu Claro";"Dupla";"Viaduto;Reta";"Não";3;0;2;0;0;1;2;2;-8,179523;-34,95791;"SPRF-PE";"DEL01-PE";"UOP01-DEL01-PE"
744239;2026-01-07;"quarta-feira";"18:00:00";"SC";116;54,2;"PAPANDUVA";"Velocidade Incompatível";"Saída de leito carroçável";"Com Vítimas Feridas";"Pleno dia";"Crescente";"Céu Claro";"Simples";"Declive;Reta";"Sim";2;0;2;0;0;0;2;1;-26,3940931;-50,1694046;"SPRF-SC";"DEL06-SC";"UOP02-DEL06-SC"
744241;2026-01-07;"quarta-feira";"18:35:00";"GO";40;4,3;"VALPARAISO DE GOIAS";"Pista Escorregadia";"Tombamento";"Com Vítimas Feridas";"Anoitecer";"Crescente";"Chuva";"Dupla";"Reta;Declive";"Sim";1;0;1;0;0;0;1;1;-16,08966;-47,98451;"SPRF-DF";"DEL01-DF";"UOP01-DEL01-DF"
744242;2026-01-07;"quarta-feira";"17:10:00";"RJ";493;109;"SEROPEDICA";"Ausência de reação do condutor";"Saída de leito carroçável";"Com Vítimas Feridas";"Pleno dia";"Crescente";"Nublado";"Múltipla";"Reta";"Não";1;0;1;0;0;0;1;1;-22,79469853;-43,78429413;"SPRF-RJ";"DEL01-RJ";"UOP03-DEL01-RJ"
744243;2026-01-07;"quarta-feira";"18:10:00";"SC";101;204,4;"SAO JOSE";"Transitar na calçada";"Atropelamento de Pedestre";"Com Vítimas Feridas";"Pleno dia";"Decrescente";"Céu Claro";"Múltipla";"Reta";"Sim";2;0;1;0;1;0;1;2;-27,578456;-48,613423;"SPRF-SC";"DEL01-SC";"UOP01-DEL01-SC"
744244;2026-01-07;"quarta-feira";"17:26:00";"SP";116;215,5;"GUARULHOS";"Reação tardia ou ineficiente do condutor";"Colisão lateral mesmo sentido";"Com Vítimas Feridas";"Pleno dia";"Decrescente";"Nublado";"Múltipla";"Reta;Declive";"Sim";2;0;1;0;1;0;1;2;-23,45042872;-46,46196937;"SPRF-SP";"DEL01-SP";"UOP01-DEL01-SP"
744245;2026-01-07;"quarta-feira";"18:00:00";"PR";116;103;"SAO JOSE DOS PINHAIS";"Desrespeitar a preferência no cruzamento";"Colisão transversal";"Com Vítimas Feridas";"Pleno dia";"Crescente";"Céu Claro";"Simples";"Interseção de Vias";"Não";2;0;1;0;1;0;1;2;-25,571062;-49,196785;"SPRF-PR";"DEL01-PR";"UOP07-DEL01-PR"
744246;2026-01-07;"quarta-feira";"18:00:00";"PE";423;22;"SAO CAITANO";"Ingestão de álcool pelo condutor";"Saída de leito carroçável";"Sem Vítimas";"Anoitecer";"Crescente";"Céu Claro";"Simples";"Curva";"Não";1;0;0;0;1;0;0;1;-8,352747;-36,171282;"SPRF-PE";"DEL03-PE";"UOP02-DEL03-PE"
744250;2026-01-06;"terça-feira";"17:30:00";"MS";163;334,4;"RIO BRILHANTE";"Conversão proibida";"Colisão transversal";"Com Vítimas Feridas";"Pleno dia";"Crescente";"Céu Claro";"Dupla";"Reta";"Não";3;0;1;0;2;0;1;2;-21,695339;-54,49634;"SPRF-MS";"DEL02-MS";"UOP02-DEL02-MS"
744251;2026-01-07;"quarta-feira";"18:40:00";"DF";20;7;"BRASILIA";"Velocidade Incompatível";"Engavetamento";"Com Vítimas Feridas";"Plena Noite";"Crescente";"Nublado";"Dupla";"Aclive;Reta";"Sim";11;0;1;0;10;0;1;5;-15,660353;-47,795887;"SPRF-DF";"DEL02-DF";"UOP01-DEL02-DF"
744252;2026-01-07;"quarta-feira";"19:10:00";"SC";101;125;"ITAJAI";"Ausência de reação do condutor";"Colisão lateral mesmo sentido";"Com Vítimas Feridas";"Anoitecer";"Crescente";"Nublado";"Dupla";"Reta";"Não";2;0;0;1;1;0;1;2;-26,94619119;-48,68705168;"SPRF-SC";"DEL04-SC";"UOP04-DEL04-SC"
744253;2026-01-07;"quarta-feira";"19:45:00";"SC";101;143;"ITAPEMA";"Ausência de reação do condutor";"Engavetamento";"Com Vítimas Feridas";"Plena Noite";"Crescente";"Céu Claro";"Dupla";"Reta";"Não";3;0;1;0;2;0;1;3;-27,06861726;-48,59564988;"SPRF-SC";"DEL04-SC";"UOP03-DEL04-SC"
744255;2026-01-07;"quarta-feira";"19:30:00";"PR";116;103;"SAO JOSE DOS PINHAIS";"Manobra de mudança de faixa";"Colisão traseira";"Com Vítimas Feridas";"Plena Noite";"Crescente";"Céu Claro";"Dupla";"Reta";"Sim";3;0;2;0;1;0;2;2;-25,57055418;-49,19180632;"SPRF-PR";"DEL01-PR";"UOP07-DEL01-PR"
744256;2026-01-07;"quarta-feira";"19:00:00";"MS";60;426;"SIDROLANDIA";"Acessar a via sem observar a presença dos outros veículos";"Colisão transversal";"Com Vítimas Feridas";"Plena Noite";"Crescente";"Céu Claro";"Dupla";"Reta;Interseção de Vias";"Sim";2;0;0;1;1;0;1;2;-20,93785643;-54,96298389;"SPRF-MS";"DEL01-MS";"UOP04-DEL01-MS"
744257;2026-01-07;"quarta-feira";"19:30:00";"GO";60;5,5;"SANTO ANTONIO DO DESCOBERTO";"Reação tardia ou ineficiente do condutor";"Saída de leito carroçável";"Com Vítimas Feridas";"Plena Noite";"Decrescente";"Nublado";"Múltipla";"Reta";"Não";3;0;2;0;1;0;2;1;-16,094613;-48,281376;"SPRF-DF";"DEL03-DF";"UOP01-DEL03-DF"
744258;2026-01-07;"quarta-feira";"12:59:00";"ES";101;146;"LINHARES";"Transitar no Acostamento";"Colisão lateral mesmo sentido";"Com Vítimas Feridas";"Pleno dia";"Decrescente";"Céu Claro";"Múltipla";"Reta;Aclive;Interseção de Vias";"Sim";2;0;0;1;1;0;1;2;-19,37001413;-40,0653224;"SPRF-ES";"DEL04-ES";"UOP01-DEL04-ES"
744259;2026-01-07;"quarta-feira";"19:05:00";"SP";101;49,6;"UBATUBA";"Transitar no Acostamento";"Colisão traseira";"Com Vítimas Feridas";"Plena Noite";"Crescente";"Céu Claro";"Simples";"Reta";"Sim";3;0;2;0;0;1;2;2;-23,44804431;-45,07973832;"SPRF-SP";"DEL06-SP";"UOP01-DEL06-SP"
744260;2026-01-07;"quarta-feira";"19:35:00";"MG";381;700,6;"LAVRAS";"Chuva";"Colisão com objeto";"Com Vítimas Feridas";"Plena Noite";"Decrescente";"Chuva";"Dupla";"Aclive;Curva";"Não";1;0;1;0;0;0;1;1;-21,286468;-45,141324;"SPRF-MG";"DEL04-MG";"UOP02-DEL04-MG"
744261;2026-01-07;"quarta-feira";"19:00:00";"PE";424;31;"VENTUROSA";"Animais na Pista";"Atropelamento de Animal";"Com Vítimas Feridas";"Plena Noite";"Crescente";"Céu Claro";"Simples";"Reta";"Não";2;0;0;1;1;0;1;2;-8,59262;-36,86272;"SPRF-PE";"DEL04-PE";"UOP02-DEL04-PE"
744262;2026-01-07;"quarta-feira";"17:07:00";"BA";324;516;"FEIRA DE SANTANA";"Ultrapassagem Indevida";"Colisão frontal";"Com Vítimas Feridas";"Pleno dia";"Crescente";"Céu Claro";"Simples";"Reta";"Sim";2;0;1;0;1;0;1;2;-12,254741;-38,932436;"SPRF-BA";"DEL02-BA";"UOP01-DEL02-BA"
744263;2026-01-07;"quarta-feira";"19:45:00";"TO";10;460;"PALMAS";"Ingestão de álcool pelo condutor";"Colisão traseira";"Com Vítimas Feridas";"Plena Noite";"Crescente";"Céu Claro";"Múltipla";"Aclive";"Sim";3;0;1;0;2;0;1;3;-10,260975;-48,309205;"SPRF-TO";"DEL01-TO";"UOP03-DEL01-TO"
744264;2026-01-07;"quarta-feira";"17:30:00";"RJ";40;123;"DUQUE DE CAXIAS";"Pista Escorregadia";"Tombamento";"Com Vítimas Feridas";"Anoitecer";"Decrescente";"Garoa/Chuvisco";"Múltipla";"Curva";"Sim";1;0;1;0;0;0;1;1;-22,79945;-43,28989;"SPRF-RJ";"DEL01-RJ";"UOP02-DEL01-RJ"
744268;2026-01-07;"quarta-feira";"20:38:00";"ES";101;266;"SERRA";"Reação tardia ou ineficiente do condutor";"Colisão lateral mesmo sentido";"Sem Vítimas";"Plena Noite";"Crescente";"Céu Claro";"Dupla";"Reta";"Não";2;0;0;0;0;2;0;2;-20,183637;-40,266498;"SPRF-ES";"DEL02-ES";"UOP01-DEL02-ES"
744269;2026-01-07;"quarta-feira";"20:22:00";"RN";101;95,5;"NATAL";"Manobra de mudança de faixa";"Colisão lateral mesmo sentido";"Com Vítimas Feridas";"Plena Noite";"Crescente";"Céu Claro";"Dupla";"Reta";"Sim";2;0;1;0;0;1;1;2;-5,84535;-35,208657;"SPRF-RN";"DEL01-RN";"UOP01-DEL01-RN"
744270;2026-01-07;"quarta-feira";"19:55:00";"AL";104;64;"MURICI";"Acessar a via sem observar a presença dos outros veículos";"Atropelamento de Pedestre";"Com Vítimas Feridas";"Plena Noite";"Crescente";"Céu Claro";"Simples";"Reta";"Não";2;0;0;1;1;0;1;2;-9,33306895;-35,89704864;"SPRF-AL";"DEL01-AL";"UOP02-DEL01-AL"
744271;2026-01-07;"quarta-feira";"17:10:00";"MG";116;481,8;"DOM CAVATI";"Avarias e/ou desgaste excessivo no pneu";"Saída de leito carroçável";"Com Vítimas Feridas";"Pleno dia";"Decrescente";"Sol";"Simples";"Reta";"Não";1;0;1;0;0;0;1;1;-19,411943;-42,118008;"SPRF-MG";"DEL06-MG";"UOP02-DEL06-MG"
744272;2026-01-07;"quarta-feira";"21:00:00";"MG";40;524,5;"CONTAGEM";"Entrada inopinada do pedestre";"Atropelamento de Pedestre";"Com Vítimas Fatais";"Plena Noite";"Crescente";"Nublado";"Dupla";"Reta";"Sim";2;1;0;0;0;1;0;2;-19,8816463;-44,0503883;"SPRF-MG";"DEL01-MG";"UOP02-DEL01-MG"
744273;2026-01-07;"quarta-feira";"19:55:00";"MS";158;83;"PARANAIBA";"Acostamento em desnível";"Saída de leito carroçável";"Com Vítimas Feridas";"Plena Noite";"Crescente";"Ignorado";"Simples";"Em Obras;Reta;Declive";"Não";2;0;2;0;0;0;2;1;-19,585621;-51,228249;"SPRF-MS";"DEL08-MS";"UOP01-DEL08-MS"
744274;2026-01-03;"sábado";"15:00:00";"MG";381;482;"BETIM";"Pista Escorregadia";"Colisão com objeto";"Com Vítimas Feridas";"Pleno dia";"Decrescente";"Céu Claro";"Dupla";"Aclive";"Não";5;0;2;0;3;0;2;2;-19,96011866;-44,08092499;"SPRF-MG";"DEL01-MG";"UOP03-DEL01-MG"
744276;2026-01-07;"quarta-feira";"20:10:00";"BA";116;710,6;"MANOEL VITORINO";"Transitar no Acostamento";"Colisão traseira";"Com Vítimas Fatais";"Plena Noite";"Decrescente";"Nublado";"Simples";"Reta";"Não";3;1;0;2;0;0;2;2;-14,156915;-40,249063;"SPRF-BA";"DEL03-BA";"UOP01-DEL03-BA"
744278;2026-01-07;"quarta-feira";"21:20:00";"MG";40;518,5;"RIBEIRAO DAS NEVES";"Entrada inopinada do pedestre";"Atropelamento de Pedestre";"Com Vítimas Feridas";"Plena Noite";"Crescente";"Céu Claro";"Dupla";"Reta";"Sim";2;0;0;2;0;0;2;2;-19,83587509;-44,08014894;"SPRF-MG";"DEL01-MG";"UOP02-DEL01-MG"
744279;2026-01-07;"quarta-feira";"19:42:00";"MA";135;0;"SAO LUIS";"Ingestão de álcool pelo condutor";"Colisão traseira";"Sem Vítimas";"Plena Noite";"Decrescente";"Céu Claro";"Dupla";"Reta";"Sim";2;0;0;0;2;0;0;2;-2,582557;-44,242367;"SPRF-MA";"DEL01-MA";"UOP01-DEL01-MA"
744280;2026-01-07;"quarta-feira";"22:20:00";"SC";101;137;"BALNEARIO CAMBORIU";"Reação tardia ou ineficiente do condutor";"Tombamento";"Com Vítimas Feridas";"Plena Noite";"Decrescente";"Céu Claro";"Dupla";"Reta";"Não";1;0;1;0;0;0;1;1;-27,02270794;-48,60685229;"SPRF-SC";"DEL04-SC";"UOP03-DEL04-SC"
744283;2026-01-07;"quarta-feira";"22:00:00";"SP";101;47;"UBATUBA";"Condutor deixou de manter distância do veículo da frente";"Colisão lateral mesmo sentido";"Com Vítimas Feridas";"Plena Noite";"Crescente";"Céu Claro";"Simples";"Rotatória";"Sim";2;0;1;0;1;0;1;2;-23,43368887;-45,08619547;"SPRF-SP";"DEL06-SP";"UOP01-DEL06-SP"
744284;2026-01-07;"quarta-feira";"21:30:00";"PE";232;415;"SERRA TALHADA";"Animais na Pista";"Atropelamento de Animal";"Sem Vítimas";"Plena Noite";"Decrescente";"Nublado";"Simples";"Reta";"Não";1;0;0;0;1;0;0;1;-7,996422;-38,345982;"SPRF-PE";"DEL04-PE";"UOP01-DEL04-PE"
744285;2026-01-07;"quarta-feira";"18:00:00";"PI";222;4,6;"SAO JOAO DA FRONTEIRA";"Acessar a via sem observar a presença dos outros veículos";"Colisão transversal";"Com Vítimas Feridas";"Plena Noite";"Decrescente";"Céu Claro";"Simples";"Reta";"Sim";2;0;0;1;0;1;1;2;-3,940062;-41,263273;"SPRF-PI";"DEL02-PI";"UOP01-DEL02-PI"
744286;2026-01-07;"quarta-feira";"16:30:00";"RS";116;85,9;"CAMPESTRE DA SERRA";"Ingestão de álcool pelo condutor";"Saída de leito carroçável";"Com Vítimas Feridas";"Pleno dia";"Crescente";"Céu Claro";"Simples";"Curva";"Não";1;0;1;0;0;0;1;1;-28,84065138;-51,12820387;"SPRF-RS";"DEL05-RS";"UOP03-DEL05-RS"
744288;2026-01-07;"quarta-feira";"22:50:00";"SC";470;148;"AGRONOMICA";"Desrespeitar a preferência no cruzamento";"Colisão transversal";"Com Vítimas Feridas";"Plena Noite";"Decrescente";"Céu Claro";"Simples";"Curva";"Sim";3;0;0;1;2;0;1;2;-27,246752;-49,6947943;"SPRF-SC";"DEL04-SC";"UOP02-DEL04-SC"
744289;2026-01-07;"quarta-feira";"20:21:00";"RO";364;346,6;"JI-PARANA";"Acessar a via sem observar a presença dos outros veículos";"Colisão transversal";"Com Vítimas Fatais";"Plena Noite";"Crescente";"Céu Claro";"Simples";"Aclive;Reta";"Sim";3;1;0;0;2;0;0;3;-10,86179556;-61,9744854;"SPRF-RO";"DEL02-RO";"UOP01-DEL02-RO"
744291;2026-01-07;"quarta-feira";"23:50:00";"SC";101;133;"BALNEARIO CAMBORIU";"Ausência de reação do condutor";"Engavetamento";"Sem Vítimas";"Plena Noite";"Decrescente";"Céu Claro";"Múltipla";"Interseção de Vias";"Sim";3;0;0;0;3;0;0;3;-26,99674669;-48,65389891;"SPRF-SC";"DEL04-SC";"UOP03-DEL04-SC"
744293;2026-01-07;"quarta-feira";"23:50:00";"SC";101;131;"BALNEARIO CAMBORIU";"Acumulo de areia ou detritos sobre o pavimento";"Tombamento";"Com Vítimas Feridas";"Plena Noite";"Decrescente";"Céu Claro";"Múltipla";"Reta";"Sim";1;0;1;0;0;0;1;1;-26,99216225;-48,66146056;"SPRF-SC";"DEL04-SC";"UOP03-DEL04-SC"
744294;2026-01-08;"quinta-feira";"00:10:00";"MG";381;346,8;"JOAO MONLEVADE";"Reação tardia ou ineficiente do condutor";"Saída de leito carroçável";"Com Vítimas Feridas";"Pleno dia";"Decrescente";"Céu Claro";"Simples";"Reta";"Não";4;0;1;0;3;0;1;1;-19,85379;-43,136432;"SPRF-MG";"DEL03-MG";"UOP01-DEL03-MG"
744295;2026-01-07;"quarta-feira";"23:30:00";"BA";116;818,5;"VITORIA DA CONQUISTA";"Conversão proibida";"Queda de ocupante de veículo";"Com Vítimas Feridas";"Plena Noite";"Decrescente";"Chuva";"Simples";"Declive;Reta";"Não";2;0;1;0;0;1;1;2;-14,82484315;-40,82050631;"SPRF-BA";"DEL08-BA";"UOP01-DEL08-BA"
744296;2026-01-08;"quinta-feira";"00:30:00";"AL";101;138;"SAO MIGUEL DOS CAMPOS";"Velocidade Incompatível";"Colisão com objeto";"Com Vítimas Feridas";"Plena Noite";"Decrescente";"Céu Claro";"Simples";"Desvio Temporário;Em Obras";"Sim";2;0;0;2;0;0;2;1;-9,8071386;-36,115709;"SPRF-AL";"DEL02-AL";"UOP01-DEL02-AL"
744297;2026-01-08;"quinta-feira";"00:50:00";"SC";101;199;"SAO JOSE";"Ingestão de álcool pelo condutor";"Tombamento";"Sem Vítimas";"Plena Noite";"Crescente";"Céu Claro";"Dupla";"Reta";"Sim";1;0;0;0;0;1;0;1;-27,53612755;-48,6279187;"SPRF-SC";"DEL01-SC";"UOP01-DEL01-SC"
744298;2026-01-07;"quarta-feira";"21:57:00";"PE";101;82;"JABOATAO DOS GUARARAPES";"Chuva";"Queda de ocupante de veículo";"Com Vítimas Fatais";"Plena Noite";"Decrescente";"Chuva";"Dupla";"Reta";"Sim";2;1;1;0;0;0;1;1;-8,173838;-34,94099;"SPRF-PE";"DEL01-PE";"UOP01-DEL01-PE"
744299;2026-01-07;"quarta-feira";"23:45:00";"SC";282;271,5;"SAO JOSE DO CERRITO";"Demais falhas mecânicas ou elétricas";"Incêndio";"Sem Vítimas";"Plena Noite";"Decrescente";"Nublado";"Simples";"Reta";"Não";1;0;0;0;1;0;0;1;-27,61693;-50,6804;"SPRF-SC";"DEL05-SC";"UOP02-DEL05-SC"
744303;2026-01-08;"quinta-feira";"00:00:00";"MT";163;745;"SORRISO";"Pista Escorregadia";"Saída de leito carroçável";"Sem Vítimas";"Plena Noite";"Decrescente";"Chuva";"Dupla";"Declive;Reta";"Não";1;0;0;0;1;0;0;1;-12,60927941;-55,75653389;"SPRF-MT";"DEL06-MT";"UOP01-DEL06-MT"
744304;2026-01-08;"quinta-feira";"00:50:00";"RJ";101;437;"MANGARATIBA";"Ingestão de álcool pelo condutor";"Saída de leito carroçável";"Sem Vítimas";"Plena Noite";"Decrescente";"Nublado";"Simples";"Curva";"Não";1;0;0;0;1;0;0;1;-22,948204;-44,066019;"SPRF-RJ";"DEL03-RJ";"UOP02-DEL03-RJ"
744305;2026-01-08;"quinta-feira";"02:15:00";"SC";282;472;"VARGEAO";"Transitar na contramão";"Colisão frontal";"Com Vítimas Feridas";"Plena Noite";"Crescente";"Céu Claro";"Simples";"Reta";"Não";7;0;1;0;6;0;1;2;-26,861308;-52,120101;"SPRF-SC";"DEL07-SC";"UOP01-DEL07-SC"
744306;2026-01-08;"quinta-feira";"05:20:00";"ES";101;277;"SERRA";"Ausência de reação do condutor";"Colisão lateral mesmo sentido";"Com Vítimas Feridas";"Amanhecer";"Decrescente";"Sol";"Dupla";"Reta";"Sim";2;0;0;1;1;0;1;2;-20,21382667;-40,32207118;"SPRF-ES";"DEL02-ES";"UOP01-DEL02-ES"
744307;2026-01-08;"quinta-feira";"04:30:00";"RJ";116;121,9;"MAGE";"Acessar a via sem observar a presença dos outros veículos";"Atropelamento de Pedestre";"Com Vítimas Fatais";"Amanhecer";"Decrescente";"Céu Claro";"Dupla";"Reta";"Não";3;1;0;0;2;0;0;2;-22,630168;-43,050592;"SPRF-RJ";"DEL04-RJ";"UOP02-DEL04-RJ"
744308;2026-01-08;"quinta-feira";"04:50:00";"RS";116;240;"NOVO HAMBURGO";"Ausência de sinalização";"Colisão com objeto";"Com Vítimas Feridas";"Plena Noite";"Crescente";"Nublado";"Dupla";"Declive;Interseção de Vias";"Sim";2;0;2;0;0;0;2;1;-29,70105408;-51,14631341;"SPRF-RS";"DEL01-RS";"UOP02-DEL01-RS"
744309;2026-01-08;"quinta-feira";"04:40:00";"MG";381;503;"BETIM";"Acessar a via sem observar a presença dos outros veículos";"Atropelamento de Pedestre";"Com Vítimas Fatais";"Plena Noite";"Decrescente";"Céu Claro";"Dupla";"Reta";"Sim";2;1;0;0;1;0;0;2;-20,02768014;-44,233037;"SPRF-MG";"DEL01-MG";"UOP03-DEL01-MG"
744312;2026-01-08;"quinta-feira";"03:00:00";"GO";153;696;"ITUMBIARA";"Manobra de mudança de faixa";"Saída de leito carroçável";"Com Vítimas Feridas";"Plena Noite";"Decrescente";"Garoa/Chuvisco";"Dupla";"Reta";"Não";4;0;2;0;2;0;2;1;-18,350228;-49,219212;"SPRF-GO";"DEL03-GO";"UOP02-DEL03-GO"
744313;2026-01-08;"quinta-feira";"04:00:00";"SC";101;158;"PORTO BELO";"Demais falhas mecânicas ou elétricas";"Incêndio";"Sem Vítimas";"Plena Noite";"Crescente";"Céu Claro";"Dupla";"Reta";"Sim";1;0;0;0;0;1;0;1;-27,19652015;-48,61376703;"SPRF-SC";"DEL04-SC";"UOP03-DEL04-SC"
744314;2026-01-07;"quarta-feira";"23:55:00";"SC";101;115;"ITAJAI";"Ausência de reação do condutor";"Tombamento";"Com Vítimas Feridas";"Plena Noite";"Decrescente";"Nublado";"Múltipla";"Reta";"Não";1;0;1;0;0;0;1;1;-26,87579529;-48,72758657;"SPRF-SC";"DEL04-SC";"UOP04-DEL04-SC"
744316;2026-01-08;"quinta-feira";"05:42:00";"MG";40;475,9;"SETE LAGOAS";"Transitar na contramão";"Colisão frontal";"Com Vítimas Feridas";"Amanhecer";"Decrescente";"Céu Claro";"Simples";"Aclive;Reta";"Sim";2;0;0;2;0;0;2;2;-19,51230799;-44,27097559;"SPRF-MG";"DEL02-MG";"UOP01-DEL02-MG"
744318;2026-01-08;"quinta-feira";"06:20:00";"RJ";116;323;"ITATIAIA";"Condutor Dormindo";"Colisão com objeto";"Com Vítimas Feridas";"Pleno dia";"Crescente";"Sol";"Simples";"Retorno Regulamentado";"Sim";1;0;0;1;0;0;1;1;-22,48770179;-44,55194084;"SPRF-RJ";"DEL07-RJ";"UOP02-DEL07-RJ"
744319;2026-01-08;"quinta-feira";"07:15:00";"SC";101;119,2;"ITAJAI";"Acessar a via sem observar a presença dos outros veículos";"Colisão traseira";"Com Vítimas Feridas";"Pleno dia";"Crescente";"Céu Claro";"Múltipla";"Interseção de Vias;Reta";"Sim";3;0;1;0;2;0;1;3;-26,90560907;-48,71501715;"SPRF-SC";"DEL04-SC";"UOP04-DEL04-SC"
744321;2026-01-08;"quinta-feira";"07:05:00";"RJ";495;31;"PETROPOLIS";"Conversão proibida";"Colisão transversal";"Com Vítimas Feridas";"Pleno dia";"Crescente";"Sol";"Simples";"Reta";"Sim";2;0;1;0;1;0;1;2;-22,396481;-43,123718;"SPRF-RJ";"DEL05-RJ";"UOP02-DEL05-RJ"
744324;2026-01-08;"quinta-feira";"07:25:00";"RJ";101;323;"NITEROI";"Ausência de reação do condutor";"Engavetamento";"Com Vítimas Feridas";"Pleno dia";"Crescente";"Céu Claro";"Múltipla";"Reta";"Sim";4;0;1;0;3;0;1;3;-22,87396094;-43,12786102;"SPRF-RJ";"DEL02-RJ";"UOP01-DEL02-RJ"
744325;2026-01-08;"quinta-feira";"05:00:00";"MG";365;318;"SAO GONCALO DO ABAETE";"Reação tardia ou ineficiente do condutor";"Colisão frontal";"Com Vítimas Feridas";"Amanhecer";"Decrescente";"Ignorado";"Simples";"Aclive;Reta";"Não";10;0;5;3;2;0;8;2;-18,24348312;-45,86387873;"SPRF-MG";"DEL10-MG";"UOP02-DEL010-MG"
744327;2026-01-07;"quarta-feira";"23:45:00";"PR";373;414;"FOZ DO JORDAO";"Avarias e/ou desgaste excessivo no pneu";"Saída de leito carroçável";"Com Vítimas Feridas";"Plena Noite";"Crescente";"Céu Claro";"Simples";"Reta";"Não";1;0;0;1;0;0;1;1;-25,66383288;-52,12073771;"SPRF-PR";"DEL08-PR";"UOP01-DEL08-PR"