"id";"data_inversa";"dia_semana";"horario";"uf";"br";"km";"municipio";"causa_acidente";"tipo_acidente";"classificacao_acidente";"fase_dia";"sentido_via";"condicao_metereologica";"tipo_pista";"tracado_via";"uso_solo";"pessoas";"mortos";"feridos_leves";"feridos_graves";"ilesos";"ignorados";"feridos";"veiculos";"latitude";"longitude";"regional";"delegacia";"uop"
744329;2026-01-08;"quinta-feira";"07:55:00";"PB";230;26,1;"JOAO PESSOA";"Ausência de reação do condutor";"Colisão traseira";"Com Vítimas Feridas";"Pleno dia";"Crescente";"Céu Claro";"Dupla";"Reta";"Não";2;0;1;0;1;0;1;2;-7,169277;-34,878634;"SPRF-PB";"DEL01-PB";"UOP01-DEL01-PB"
744330;2026-01-08;"quinta-feira";"08:00:00";"SP";101;40;"UBATUBA";"Acessar a via sem observar a presença dos outros veículos";"Colisão transversal";"Com Vítimas Feridas";"Pleno dia";"Decrescente";"Sol";"Simples";"Reta";"Não";2;0;1;0;1;0;1;2;-23,41765901;-45,03851342;"SPRF-SP";"DEL06-SP";"UOP01-DEL06-SP"
744332;2026-01-07;"quarta-feira";"06:30:00";"SC";101;137,7;"BALNEARIO CAMBORIU";"Ingestão de álcool pelo condutor";"Saída de leito carroçável";"Sem Vítimas";"Pleno dia";"Crescente";"Céu Claro";"Múltipla";"Reta";"Sim";1;0;0;0;1;0;0;1;-27,021937;-48,608908;"SPRF-SC";"DEL04-SC";"UOP03-DEL04-SC"
744333;2026-01-08;"quinta-feira";"07:30:00";"SC";101;149;"ITAPEMA";"Ausência de reação do condutor";"Atropelamento de Pedestre";"Com Vítimas Feridas";"Pleno dia";"Crescente";"Céu Claro";"Dupla";"Reta";"Sim";2;0;1;0;1;0;1;2;-27,10431346;-48,61671058;"SPRF-SC";"DEL04-SC";"UOP03-DEL04-SC"
744334;2026-01-08;"quinta-feira";"07:35:00";"MS";163;483;"CAMPO GRANDE";"Reação tardia ou ineficiente do condutor";"Colisão traseira";"Com Vítimas Feridas";"Pleno dia";"Crescente";"Céu Claro";"Simples";"Reta";"Sim";3;0;1;0;2;0;1;2;-20,457451;-54,54662;"SPRF-MS";"DEL01-MS";"UOP02-DEL01-MS"
744335;2026-01-08;"quinta-feira";"08:40:00";"RJ";101;322;"NITEROI";"Condutor deixou de manter distância do veículo da frente";"Tombamento";"Com Vítimas Feridas";"Pleno dia";"Decrescente";"Céu Claro";"Dupla";"Curva;Declive";"Não";1;0;0;1;0;0;1;1;-22,87925927;-43,11216474;"SPRF-RJ";"DEL02-RJ";"UOP01-DEL02-RJ"
744336;2026-01-08;"quinta-feira";"07:30:00";"PE";101;46,7;"ABREU E LIMA";"Reação tardia ou ineficiente do condutor";"Colisão traseira";"Com Vítimas Feridas";"Pleno dia";"Crescente";"Sol";"Múltipla";"Reta";"Sim";2;0;0;1;1;0;1;2;-7,887;-34,904;"SPRF-PE";"DEL01-PE";"UOP02-DEL01-PE"
744337;2026-01-08;"quinta-feira";"08:20:00";"PR";277;80,2;"CURITIBA";"Manobra de mudança de faixa";"Colisão lateral mesmo sentido";"Com Vítimas Feridas";"Pleno dia";"Crescente";"Sol";"Dupla";"Reta";"Sim";2;0;1;0;1;0;1;2;-25,46854772;-49,2136367;"SPRF-PR";"DEL01-PR";"UOP03-DEL01-PR"
744338;2026-01-08;"quinta-feira";"06:00:00";"MT";163;747;"SORRISO";"Acessar a via sem observar a presença dos outros veículos";"Colisão transversal";"Com Vítimas Feridas";"Pleno dia";"Decrescente";"Céu Claro";"Dupla";"Retorno Regulamentado";"Sim";3;0;1;0;2;0;1;2;-12,59343487;-55,74356586;"SPRF-MT";"DEL06-MT";"UOP01-DEL06-MT"
744341;2026-01-08;"quinta-feira";"08:40:00";"SE";101;112;"SAO CRISTOVAO";"Reação tardia ou ineficiente do condutor";"Queda de ocupante de veículo";"Com Vítimas Feridas";"Pleno dia";"Decrescente";"Céu Claro";"Dupla";"Reta";"Não";1;0;0;1;0;0;1;1;-10,9579388;-37,2346376;"SPRF-SE";"DEL02-SE";"UOP01-DEL02-SE"
744344;2026-01-08;"quinta-feira";"08:35:00";"MG";50;42;"ARAGUARI";"Velocidade Incompatível";"Colisão traseira";"Com Vítimas Feridas";"Pleno dia";"Decrescente";"Nublado";"Dupla";"Reta";"Não";8;0;5;0;3;0;5;2;-18,694269;-48,182042;"SPRF-MG";"DEL15-MG";"UOP02-DEL15-MG"
744345;2026-01-08;"quinta-feira";"05:15:00";"PB";230;199,9;"POCINHOS";"Ausência de reação do condutor";"Colisão com objeto";"Sem Vítimas";"Amanhecer";"Decrescente";"Nublado";"Simples";"Reta;Ponte";"Não";2;0;0;0;0;2;0;1;-7,10539614;-36,23271704;"SPRF-PB";"DEL02-PB";"UOP02-DEL02-PB"
744348;2026-01-08;"quinta-feira";"02:50:00";"RJ";116;210;"SEROPEDICA";"Demais falhas mecânicas ou elétricas";"Incêndio";"Sem Vítimas";"Plena Noite";"Decrescente";"Céu Claro";"Múltipla";"Reta";"Não";2;0;0;0;2;0;0;1;-22,71655241;-43,71590702;"SPRF-RJ";"DEL06-RJ";"UOP02-DEL06-RJ"
744349;2026-01-08;"quinta-feira";"08:55:00";"ES";101;289;"CARIACICA";"Reação tardia ou ineficiente do condutor";"Colisão lateral mesmo sentido";"Com Vítimas Fatais";"Pleno dia";"Crescente";"Céu Claro";"Dupla";"Declive;Reta";"Não";2;1;0;0;0;1;0;2;-20,283148;-40,393053;"SPRF-ES";"DEL01-ES";"UOP01-DEL01-ES"
744350;2026-01-08;"quinta-feira";"08:15:00";"SC";101;135;"BALNEARIO CAMBORIU";"Ausência de reação do condutor";"Colisão traseira";"Com Vítimas Feridas";"Pleno dia";"Decrescente";"Céu Claro";"Múltipla";"Reta";"Sim";3;0;2;0;1;0;2;2;-27,00522062;-48,62505762;"SPRF-SC";"DEL04-SC";"UOP03-DEL04-SC"
744351;2026-01-08;"quinta-feira";"08:00:00";"PB";101;79,8;"SANTA RITA";"Afundamento ou ondulação no pavimento";"Colisão com objeto";"Com Vítimas Feridas";"Pleno dia";"Crescente";"Céu Claro";"Dupla";"Curva";"Sim";2;0;1;0;1;0;1;2;-7,11696668;-34,94984999;"SPRF-PB";"DEL01-PB";"UOP03-DEL01-PB"
744352;2026-01-08;"quinta-feira";"08:06:00";"PR";277;590,3;"CASCAVEL";"Ultrapassagem Indevida";"Colisão traseira";"Com Vítimas Fatais";"Pleno dia";"Decrescente";"Céu Claro";"Simples";"Declive;Reta";"Sim";4;1;0;1;1;1;1;3;-24,973714;-53,437561;"SPRF-PR";"DEL04-PR";"UOP01-DEL04-PR"
744354;2026-01-07;"quarta-feira";"00:50:00";"DF";70;2;"BRASILIA";"Animais na Pista";"Atropelamento de Animal";"Sem Vítimas";"Plena Noite";"Crescente";"Chuva";"Múltipla";"Reta";"Sim";2;0;0;0;1;1;0;2;-15,797765;-48,072326;"SPRF-DF";"DEL03-DF";"UOP02-DEL03-DF"
744356;2026-01-08;"quinta-feira";"09:30:00";"PB";230;17,8;"JOAO PESSOA";"Ausência de reação do condutor";"Colisão traseira";"Com Vítimas Feridas";"Pleno dia";"Decrescente";"Céu Claro";"Dupla";"Reta";"Não";4;0;1;0;3;0;1;4;-7,120905;-34,845;"SPRF-PB";"DEL01-PB";"UOP01-DEL01-PB"
744358;2026-01-08;"quinta-feira";"09:28:00";"PB";101;83;"BAYEUX";"Ausência de reação do condutor";"Colisão lateral mesmo sentido";"Com Vítimas Feridas";"Pleno dia";"Crescente";"Céu Claro";"Dupla";"Reta";"Sim";3;0;2;0;0;1;2;2;-7,1350978;-34,9282426;"SPRF-PB";"DEL01-PB";"UOP01-DEL01-PB"
744360;2026-01-08;"quinta-feira";"10:00:00";"PB";101;82;"BAYEUX";"Ausência de reação do condutor";"Engavetamento";"Com Vítimas Feridas";"Pleno dia";"Crescente";"Céu Claro";"Dupla";"Viaduto";"Sim";6;0;1;0;5;0;1;3;-7,1328014;-34,9325904;"SPRF-PB";"DEL01-PB";"UOP01-DEL01-PB"
744361;2026-01-08;"quinta-feira";"10:15:00";"MG";381;577;"ITAGUARA";"Ingestão de álcool pelo condutor";"Colisão com objeto";"Sem Vítimas";"Pleno dia";"Decrescente";"Sol";"Dupla";"Curva";"Não";1;0;0;0;1;0;0;1;-20,46494821;-44,57699776;"SPRF-MG";"DEL04-MG";"UOP01-DEL04-MG"
744362;2026-01-08;"quinta-feira";"10:30:00";"SC";101;123;"ITAJAI";"Ausência de reação do condutor";"Tombamento";"Com Vítimas Feridas";"Pleno dia";"Decrescente";"Céu Claro";"Múltipla";"Reta";"Sim";2;0;1;0;1;0;1;2;-26,94178687;-48,69380951;"SPRF-SC";"DEL04-SC";"UOP04-DEL04-SC"
744365;2026-01-08;"quinta-feira";"08:40:00";"MA";135;99;"ITAPECURU MIRIM";"Condutor deixou de manter distância do veículo da frente";"Colisão traseira";"Com Vítimas Feridas";"Pleno dia";"Decrescente";"Céu Claro";"Simples";"Reta";"Não";3;0;1;0;1;1;1;2;-3,35518;-44,46642;"SPRF-MA";"DEL01-MA";"UOP02-DEL01-MA"
744366;2026-01-07;"quarta-feira";"19:30:00";"PA";230;798;"URUARA";"Pista Escorregadia";"Saída de leito carroçável";"Com Vítimas Fatais";"Plena Noite";"Decrescente";"Chuva";"Simples";"Reta";"Não";2;1;1;0;0;0;1;1;-3,61860795;-53,34223925;"SPRF-PA";"DEL04-PA";"UOP01-DEL04-PA"
744368;2026-01-08;"quinta-feira";"09:55:00";"PR";116;103,7;"SAO JOSE DOS PINHAIS";"Ausência de reação do condutor";"Engavetamento";"Com Vítimas Feridas";"Pleno dia";"Crescente";"Céu Claro";"Dupla";"Reta";"Sim";5;0;1;0;4;0;1;3;-25,571312;-49,196367;"SPRF-PR";"DEL01-PR";"UOP07-DEL01-PR"
744369;2026-01-08;"quinta-feira";"10:45:00";"SC";280;24,1;"ARAQUARI";"Acessar a via sem observar a presença dos outros veículos";"Colisão transversal";"Com Vítimas Feridas";"Pleno dia";"Crescente";"Céu Claro";"Simples";"Reta";"Não";3;0;1;0;2;0;1;2;-26,378433;-48,721151;"SPRF-SC";"DEL03-SC";"UOP03-DEL03-SC"
744370;2026-01-08;"quinta-feira";"09:00:00";"SC";101;281,5;"IMBITUBA";"Ausência de reação do condutor";"Capotamento";"Sem Vítimas";"Pleno dia";"Decrescente";"Nublado";"Múltipla";"Reta";"Não";3;0;0;0;2;1;0;1;-28,156282;-48,690466;"SPRF-SC";"DEL02-SC";"UOP03-DEL02-SC"
744372;2026-01-01;"quinta-feira";"23:30:00";"SP";381;8;"VARGEM";"Ausência de reação do condutor";"Tombamento";"Com Vítimas Fatais";"Plena Noite";"Decrescente";"Chuva";"Dupla";"Curva";"Não";7;1;5;0;1;0;5;1;-22,91411844;-46,42683344;"SPRF-SP";"DEL03-SP";"UOP02-DEL03-SP"
744376;2026-01-08;"quinta-feira";"11:10:00";"ES";101;207;"IBIRACU";"Retorno proibido";"Colisão transversal";"Com Vítimas Feridas";"Pleno dia";"Crescente";"Céu Claro";"Dupla";"Curva";"Não";3;0;1;0;2;0;1;2;-19,779883;-40,37149;"SPRF-ES";"DEL02-ES";"UOP01-DEL02-ES"
744377;2026-01-08;"quinta-feira";"11:00:00";"GO";40;72,4;"CRISTALINA";"Condutor Dormindo";"Capotamento";"Com Vítimas Feridas";"Pleno dia";"Decrescente";"Nublado";"Dupla";"Reta";"Não";3;0;1;2;0;0;3;1;-16,62135;-47,74984;"SPRF-DF";"DEL01-DF";"UOP02-DEL01-DF"
744378;2026-01-08;"quinta-feira";"09:45:00";"PA";230;116;"MARABA";"Reação tardia ou ineficiente do condutor";"Tombamento";"Com Vítimas Feridas";"Pleno dia";"Decrescente";"Chuva";"Dupla";"Retorno Regulamentado;Reta";"Sim";1;0;1;0;0;0;1;1;-5,35891209;-49,08419967;"SPRF-PA";"DEL03-PA";"UOP01-DEL03-PA"
744379;2026-01-08;"quinta-feira";"12:00:00";"ES";101;258;"SERRA";"Animais na Pista";"Atropelamento de Animal";"Com Vítimas Feridas";"Pleno dia";"Decrescente";"Sol";"Dupla";"Reta";"Sim";2;0;2;0;0;0;2;1;-20,13104745;-40,29565126;"SPRF-ES";"DEL02-ES";"UOP01-DEL02-ES"
744380;2026-01-08;"quinta-feira";"10:00:00";"BA";116;493,4;"RAFAEL JAMBEIRO";"Reação tardia ou ineficiente do condutor";"Saída de leito carroçável";"Com Vítimas Feridas";"Pleno dia";"Crescente";"Céu Claro";"Dupla";"Interseção de Vias";"Não";3;0;3;0;0;0;3;1;-12,57834405;-39,5103664;"SPRF-BA";"DEL02-BA";"UOP01-DEL02-BA"
744385;2026-01-08;"quinta-feira";"07:00:00";"BA";135;300;"SANTA MARIA DA VITORIA";"Reação tardia ou ineficiente do condutor";"Colisão traseira";"Com Vítimas Feridas";"Pleno dia";"Crescente";"Céu Claro";"Simples";"Reta";"Não";2;0;0;1;1;0;1;2;-13,033;-44,618;"SPRF-BA";"DEL10-BA";"UOP02-DEL10-BA"
744387;2026-01-08;"quinta-feira";"12:40:00";"PR";376;635;"SAO JOSE DOS PINHAIS";"Ausência de reação do condutor";"Colisão lateral mesmo sentido";"Com Vítimas Feridas";"Pleno dia";"Crescente";"Céu Claro";"Dupla";"Aclive;Reta";"Não";3;0;1;0;2;0;1;2;-25,74662;-49,130273;"SPRF-PR";"DEL01-PR";"UOP04-DEL01-PR"
744388;2026-01-08;"quinta-feira";"10:20:00";"SC";101;379,7;"ICARA";"Demais falhas mecânicas ou elétricas";"Tombamento";"Com Vítimas Feridas";"Pleno dia";"Crescente";"Céu Claro";"Múltipla";"Reta";"Não";1;0;1;0;0;0;1;1;-28,792235;-49,349597;"SPRF-SC";"DEL02-SC";"UOP02-DEL02-SC"
744392;2026-01-08;"quinta-feira";"12:20:00";"SP";116;111;"TAUBATE";"Reação tardia ou ineficiente do condutor";"Colisão traseira";"Com Vítimas Feridas";"Pleno dia";"Decrescente";"Céu Claro";"Dupla";"Reta";"Sim";2;0;0;1;1;0;1;2;-23,0370597;-45,55711031;"SPRF-SP";"DEL02-SP";"UOP02-DEL02-SP"
744395;2026-01-08;"quinta-feira";"12:45:00";"RS";448;9,5;"CANOAS";"Ausência de reação do condutor";"Queda de ocupante de veículo";"Com Vítimas Feridas";"Pleno dia";"Crescente";"Céu Claro";"Simples";"Viaduto;Curva";"Não";1;0;0;1;0;0;1;1;-29,87995031;-51,23666016;"SPRF-RS";"DEL01-RS";"UOP02-DEL01-RS"
744396;2026-01-08;"quinta-feira";"13:15:00";"SC";470;14;"ILHOTA";"Ingestão de álcool pelo condutor";"Capotamento";"Sem Vítimas";"Pleno dia";"Decrescente";"Nublado";"Dupla";"Curva";"Não";1;0;0;0;0;1;0;1;-26,84344048;-48,79432261;"SPRF-SC";"DEL04-SC";"UOP04-DEL04-SC"
744397;2026-01-08;"quinta-feira";"12:05:00";"MG";116;303,2;"ITAMBACURI";"Reação tardia ou ineficiente do condutor";"Colisão lateral mesmo sentido";"Com Vítimas Feridas";"Pleno dia";"Decrescente";"Céu Claro";"Simples";"Aclive;Curva";"Não";5;0;0;1;3;1;1;4;-18,017837;-41,645152;"SPRF-MG";"DEL11-MG";"UOP01-DEL11-MG"
744401;2026-01-08;"quinta-feira";"13:30:00";"PR";373;176;"PONTA GROSSA";"Ausência de reação do condutor";"Colisão traseira";"Com Vítimas Feridas";"Pleno dia";"Decrescente";"Sol";"Dupla";"Reta";"Sim";2;0;1;0;1;0;1;2;-25,058441;-50,222626;"SPRF-PR";"DEL03-PR";"UOP01-DEL03-PR"
744403;2026-01-08;"quinta-feira";"14:30:00";"MG";381;886;"ESTIVA";"Velocidade Incompatível";"Tombamento";"Sem Vítimas";"Pleno dia";"Crescente";"Céu Claro";"Dupla";"Curva";"Não";1;0;0;0;0;1;0;1;-22,51446;-46,02112;"SPRF-MG";"DEL16-MG";"UOP01-DEL16-MG"
744406;2026-01-08;"quinta-feira";"13:30:00";"PI";343;591;"FLORIANO";"Reação tardia ou ineficiente do condutor";"Colisão transversal";"Com Vítimas Feridas";"Pleno dia";"Decrescente";"Sol";"Dupla";"Reta;Interseção de Vias;Retorno Regulamentado";"Sim";2;0;2;0;0;0;2;2;-6,78019;-43,02626;"SPRF-PI";"DEL03-PI";"UOP01-DEL03-PI"
744408;2026-01-08;"quinta-feira";"11:20:00";"PI";343;338,5;"TERESINA";"Acessar a via sem observar a presença dos outros veículos";"Colisão transversal";"Com Vítimas Feridas";"Pleno dia";"Decrescente";"Céu Claro";"Dupla";"Reta";"Sim";2;0;1;0;1;0;1;2;-5,064675;-42,726897;"SPRF-PI";"DEL01-PI";"UOP01-DEL01-PI"
744409;2026-01-08;"quinta-feira";"13:46:00";"MG";381;949;"EXTREMA";"Chuva";"Colisão com objeto";"Com Vítimas Feridas";"Pleno dia";"Crescente";"Chuva";"Dupla";"Reta";"Não";4;0;3;1;0;0;4;1;-22,87537899;-46,36751739;"SPRF-MG";"DEL16-MG";"UOP03-DEL16-MG"
744410;2026-01-08;"quinta-feira";"14:30:00";"ES";101;94,2;"JAGUARE";"Acessar a via sem observar a presença dos outros veículos";"Colisão transversal";"Com Vítimas Feridas";"Pleno dia";"Crescente";"Céu Claro";"Simples";"Rotatória;Declive;Reta";"Sim";3;0;2;1;0;0;3;2;-18,93317838;-39,97292725;"SPRF-ES";"DEL04-ES";"UOP02-DEL04-ES"
744411;2026-01-08;"quinta-feira";"15:40:00";"SC";470;62,7;"INDAIAL";"Reação tardia ou ineficiente do condutor";"Colisão lateral sentido oposto";"Sem Vítimas";"Pleno dia";"Decrescente";"Chuva";"Simples";"Curva";"Sim";2;0;0;0;1;1;0;2;-26,872173;-49,193196;"SPRF-SC";"DEL04-SC";"UOP01-DEL04-SC"
744412;2026-01-06;"terça-feira";"19:00:00";"RS";287;386,5;"SANTIAGO";"Desrespeitar a preferência no cruzamento";"Colisão transversal";"Com Vítimas Feridas";"Anoitecer";"Crescente";"Céu Claro";"Simples";"Aclive;Reta";"Não";7;0;7;0;0;0;7;2;-29,26813135;-54,8048687;"SPRF-RS";"DEL12-RS";"UOP02-DEL12-RS"
744413;2026-01-08;"quinta-feira";"15:00:00";"GO";60;397;"RIO VERDE";"Chuva";"Eventos atípicos";"Com Vítimas Feridas";"Pleno dia";"Crescente";"Chuva";"Dupla";"Curva;Declive";"Não";2;0;2;0;0;0;2;1;-17,821815;-51,040875;"SPRF-GO";"DEL04-GO";"UOP02-DEL04-GO"
744415;2026-01-08;"quinta-feira";"15:30:00";"RJ";101;334;"RIO DE JANEIRO";"Ausência de reação do condutor";"Colisão traseira";"Com Vítimas Feridas";"Pleno dia";"Decrescente";"Céu Claro";"Múltipla";"Reta";"Sim";2;0;1;0;1;0;1;2;-22,87174665;-43,20407867;"SPRF-RJ";"DEL02-RJ";"UOP01-DEL02-RJ"
744416;2026-01-08;"quinta-feira";"16:00:00";"PR";277;39,1;"MORRETES";"Reação tardia ou ineficiente do condutor";"Saída de leito carroçável";"Com Vítimas Feridas";"Pleno dia";"Decrescente";"Céu Claro";"Dupla";"Reta";"Não";1;0;1;0;0;0;1;1;-25,5794;-48,863;"SPRF-PR";"DEL01-PR";"UOP05-DEL01-PR"
744417;2026-01-08;"quinta-feira";"15:30:00";"PE";428;184,4;"PETROLINA";"Reação tardia ou ineficiente do condutor";"Colisão traseira";"Sem Vítimas";"Pleno dia";"Crescente";"Sol";"Dupla";"Reta";"Sim";3;0;0;0;3;0;0;3;-9,347127;-40,474097;"SPRF-PE";"DEL06-PE";"UOP01-DEL06-PE"
744418;2026-01-08;"quinta-feira";"09:22:00";"RO";364;14;"VILHENA";"Acessar a via sem observar a presença dos outros veículos";"Colisão transversal";"Com Vítimas Feridas";"Pleno dia";"Crescente";"Céu Claro";"Dupla";"Rotatória";"Não";2;0;1;0;1;0;1;2;-12,73889821;-60,13950918;"SPRF-RO";"DEL04-RO";"UOP01-DEL04-RO"
744422;2026-01-08;"quinta-feira";"16:35:00";"SC";282;16,4;"PALHOCA";"Acessar a via sem observar a presença dos outros veículos";"Colisão transversal";"Com Vítimas Feridas";"Pleno dia";"Crescente";"Chuva";"Simples";"Reta";"Sim";2;0;1;0;1;0;1;2;-27,661972;-48,684803;"SPRF-SC";"DEL01-SC";"UOP02-DEL01-SC"
744423;2026-01-08;"quinta-feira";"17:00:00";"SC";101;144;"ITAPEMA";"Ausência de reação do condutor";"Colisão traseira";"Com Vítimas Feridas";"Pleno dia";"Decrescente";"Garoa/Chuvisco";"Dupla";"Reta";"Sim";3;0;1;1;1;0;2;2;-27,07403404;-48,59698026;"SPRF-SC";"DEL04-SC";"UOP03-DEL04-SC"
744425;2026-01-08;"quinta-feira";"15:35:00";"PR";116;49;"CAMPINA GRANDE DO SUL";"Velocidade Incompatível";"Saída de leito carroçável";"Com Vítimas Fatais";"Pleno dia";"Decrescente";"Chuva";"Dupla";"Curva";"Não";2;1;1;0;0;0;1;1;-25,2279017;-48,9072033;"SPRF-PR";"DEL01-PR";"UOP02-DEL01-PR"
744429;2026-01-08;"quinta-feira";"16:05:00";"RS";290;33;"SANTO ANTONIO DA PATRULHA";"Avarias e/ou desgaste excessivo no pneu";"Saída de leito carroçável";"Sem Vítimas";"Pleno dia";"Decrescente";"Céu Claro";"Dupla";"Reta";"Não";1;0;0;0;1;0;0;1;-29,885496;-50,580911;"SPRF-RS";"DEL03-RS";"UOP01-DEL03-RS"
744431;2026-01-08;"quinta-feira";"15:30:00";"SC";470;4;"NAVEGANTES";"Reação tardia ou ineficiente do condutor";"Colisão traseira";"Com Vítimas Feridas";"Pleno dia";"Crescente";"Chuva";"Múltipla";"Viaduto;Retorno Regulamentado";"Sim";2;0;1;0;1;0;1;2;-26,85859699;-48,68939996;"SPRF-SC";"DEL04-SC";"UOP04-DEL04-SC"
744432;2026-01-08;"quinta-feira";"16:20:00";"SC";101;31;"SAO JOSE";"Chuva";"Queda de ocupante de veículo";"Com Vítimas Feridas";"Pleno dia";"Decrescente";"Garoa/Chuvisco";"Múltipla";"Rotatória";"Não";1;0;1;0;0;0;1;1;-27,58632148;-48,69520426;"SPRF-SC";"DEL01-SC";"UOP02-DEL01-SC"
744433;2026-01-08;"quinta-feira";"12:30:00";"AP";156;463;"PRACUUBA";"Avarias e/ou desgaste excessivo no pneu";"Saída de leito carroçável";"Com Vítimas Feridas";"Pleno dia";"Decrescente";"Céu Claro";"Simples";"Reta";"Não";7;0;4;1;1;1;5;2;1,59950457;-50,90686798;"SPRF-AP";"DEL01-AP";"UOP02-DEL01-AP"
744435;2026-01-08;"quinta-feira";"16:30:00";"RJ";101;328;"NITEROI";"Condutor deixou de manter distância do veículo da frente";"Colisão traseira";"Sem Vítimas";"Pleno dia";"Decrescente";"Céu Claro";"Dupla";"Reta";"Sim";2;0;0;0;2;0;0;2;-22,86984866;-43,17054033;"SPRF-RJ";"DEL02-RJ";"UOP01-DEL02-RJ"
744437;2026-01-08;"quinta-feira";"16:50:00";"PE";408;98;"RECIFE";"Acumulo de óleo sobre o pavimento";"Queda de ocupante de veículo";"Com Vítimas Feridas";"Anoitecer";"Decrescente";"Céu Claro";"Simples";"Curva";"Sim";2;0;2;0;0;0;2;1;-8,06770666;-34,99006333;"SPRF-PE";"DEL01-PE";"UOP01-DEL01-PE"
744441;2026-01-08;"quinta-feira";"13:50:00";"BA";242;678;"MUQUEM DE SAO FRANCISCO";"Reação tardia ou ineficiente do condutor";"Colisão lateral sentido oposto";"Com Vítimas Feridas";"Pleno dia";"Crescente";"Céu Claro";"Simples";"Reta";"Não";4;0;1;0;3;0;1;2;-12,21084;-43,79081;"SPRF-BA";"DEL10-BA";"UOP01-DEL10-BA"
744442;2026-01-08;"quinta-feira";"15:06:00";"AL";101;180;"JUNQUEIRO";"Acumulo de água sobre o pavimento";"Saída de leito carroçável";"Com Vítimas Feridas";"Pleno dia";"Crescente";"Chuva";"Dupla";"Curva";"Não";5;0;2;0;0;3;2;1;-9,88847;-36,40198;"SPRF-AL";"DEL02-AL";"UOP02-DEL02-AL"
744443;2026-01-08;"quinta-feira";"17:20:00";"SP";116;51,2;"LORENA";"Avarias e/ou desgaste excessivo no pneu";"Tombamento";"Com Vítimas Feridas";"Pleno dia";"Decrescente";"Sol";"Dupla";"Reta";"Não";2;0;2;0;0;0;2;1;-22,7426496;-45,0934644;"SPRF-SP";"DEL08-SP";"UOP02-DEL08-SP"
744446;2026-01-08;"quinta-feira";"13:40:00";"MT";163;109;"RONDONOPOLIS";"Ingestão de álcool pelo condutor";"Colisão com objeto";"Sem Vítimas";"Pleno dia";"Decrescente";"Céu Claro";"Dupla";"Declive;Reta";"Não";1;0;0;0;1;0;0;1;-16,5707;-54,6839;"SPRF-MT";"DEL02-MT";"UOP01-DEL02-MT"
744448;2026-01-08;"quinta-feira";"18:00:00";"SP";116;154,3;"SAO JOSE DOS CAMPOS";"Reação tardia ou ineficiente do condutor";"Colisão lateral mesmo sentido";"Com Vítimas Feridas";"Anoitecer";"Crescente";"Nublado";"Dupla";"Reta";"Sim";3;0;2;0;1;0;2;2;-23,24516831;-45,92784047;"SPRF-SP";"DEL02-SP";"UOP01-DEL02-SP"
744449;2026-01-08;"quinta-feira";"18:00:00";"PR";376;599,5;"CURITIBA";"Ausência de reação do condutor";"Colisão traseira";"Com Vítimas Feridas";"Pleno dia";"Crescente";"Céu Claro";"Dupla";"Declive;Reta";"Sim";2;0;1;0;1;0;1;2;-25,49946746;-49,34235541;"SPRF-PR";"DEL01-PR";"UOP03-DEL01-PR"
744450;2026-01-08;"quinta-feira";"17:40:00";"RO";364;693;"CANDEIAS DO JAMARI";"Retorno proibido";"Colisão lateral mesmo sentido";"Com Vítimas Feridas";"Anoitecer";"Decrescente";"Céu Claro";"Simples";"Reta";"Sim";3;0;2;0;1;0;2;2;-8,79789098;-63,71291248;"SPRF-RO";"DEL01-RO";"UOP01-DEL01-RO"
744451;2026-01-08;"quinta-feira";"18:40:00";"BA";116;631;"JAGUAQUARA";"Acesso irregular";"Colisão transversal";"Com Vítimas Feridas";"Plena Noite";"Crescente";"Céu Claro";"Simples";"Reta";"Não";2;0;1;0;0;1;1;2;-13,509722;-40,05495363;"SPRF-BA";"DEL03-BA";"UOP01-DEL03-BA"
744453;2026-01-08;"quinta-feira";"17:13:00";"MT";70;416;"CAMPO VERDE";"Chuva";"Saída de leito carroçável";"Com Vítimas Feridas";"Anoitecer";"Decrescente";"Chuva";"Simples";"Reta";"Não";2;0;2;0;0;0;2;1;-15,70601026;-55,3326416;"SPRF-MT";"DEL05-MT";"UOP02-DEL05-MT"
744454;2026-01-08;"quinta-feira";"19:40:00";"SC";101;207,2;"SAO JOSE";"Acessar a via sem observar a presença dos outros veículos";"Colisão lateral mesmo sentido";"Com Vítimas Feridas";"Plena Noite";"Decrescente";"Céu Claro";"Múltipla";"Reta;Interseção de Vias";"Sim";3;0;1;0;1;1;1;3;-27,60224;-48,62955;"SPRF-SC";"DEL01-SC";"UOP01-DEL01-SC"
744455;2026-01-08;"quinta-feira";"18:45:00";"PB";361;23;"SANTA TERESINHA";"Ingestão de álcool pelo condutor";"Tombamento";"Com Vítimas Feridas";"Plena Noite";"Decrescente";"Céu Claro";"Simples";"Reta";"Sim";2;0;1;1;0;0;2;1;-7,085058;-37,45005;"SPRF-PB";"DEL03-PB";"UOP01-DEL03-PB"
744457;2026-01-08;"quinta-feira";"14:15:00";"BA";101;686,4;"ITAGIMIRIM";"Demais falhas mecânicas ou elétricas";"Tombamento";"Com Vítimas Feridas";"Pleno dia";"Crescente";"Nublado";"Simples";"Reta";"Não";2;0;1;1;0;0;2;1;-16,136903;-39,601195;"SPRF-BA";"DEL09-BA";"UOP03-DEL09-BA"