"id";"data_inversa";"dia_semana";"horario";"uf";"br";"km";"municipio";"causa_acidente";"tipo_acidente";"classificacao_acidente";"fase_dia";"sentido_via";"condicao_metereologica";"tipo_pista";"tracado_via";"uso_solo";"pessoas";"mortos";"feridos_leves";"feridos_graves";"ilesos";"ignorados";"feridos";"veiculos";"latitude";"longitude";"regional";"delegacia";"uop"
744578;2026-01-09;"sexta-feira";"15:00:00";"PR";277;491,5;"NOVA LARANJEIRAS";"Ausência de reação do condutor";"Saída de leito carroçável";"Com Vítimas Feridas";"Pleno dia";"Crescente";"Céu Claro";"Simples";"Curva";"Não";1;0;1;0;0;0;1;1;-25,2355785;-52,6461032;"SPRF-PR";"DEL04-PR";"UOP02-DEL04-PR"
744580;2026-01-09;"sexta-feira";"14:54:00";"PB";101;89;"JOAO PESSOA";"Manobra de mudança de faixa";"Colisão lateral mesmo sentido";"Com Vítimas Feridas";"Pleno dia";"Decrescente";"Céu Claro";"Dupla";"Reta";"Sim";2;0;1;0;1;0;1;2;-7,168498;-34,896585;"SPRF-PB";"DEL01-PB";"UOP01-DEL01-PB"
744582;2026-01-09;"sexta-feira";"15:30:00";"MG";40;551;"NOVA LIMA";"Ingestão de álcool pelo condutor";"Colisão lateral mesmo sentido";"Com Vítimas Feridas";"Pleno dia";"Decrescente";"Céu Claro";"Dupla";"Reta";"Sim";2;0;1;0;1;0;1;2;-20,056711;-43,974179;"SPRF-MG";"DEL01-MG";"UOP02-DEL01-MG"
744583;2026-01-09;"sexta-feira";"15:04:00";"SP";116;211;"GUARULHOS";"Ausência de reação do condutor";"Colisão lateral mesmo sentido";"Com Vítimas Feridas";"Pleno dia";"Decrescente";"Céu Claro";"Múltipla";"Reta";"Sim";3;0;1;0;1;1;1;2;-23,43040486;-46,4145169;"SPRF-SP";"DEL01-SP";"UOP01-DEL01-SP"
744585;2026-01-09;"sexta-feira";"16:05:00";"SC";101;149;"ITAPEMA";"Acessar a via sem observar a presença dos outros veículos";"Colisão transversal";"Com Vítimas Feridas";"Pleno dia";"Decrescente";"Céu Claro";"Simples";"Reta";"Sim";2;0;0;1;1;0;1;2;-27,10836;-48,61322;"SPRF-SC";"DEL04-SC";"UOP03-DEL04-SC"
744587;2026-01-09;"sexta-feira";"13:20:00";"MT";174;570;"COMODORO";"Acumulo de água sobre o pavimento";"Capotamento";"Com Vítimas Feridas";"Pleno dia";"Decrescente";"Chuva";"Simples";"Declive;Curva";"Não";4;0;4;0;0;0;4;1;-13,01265615;-59,93524611;"SPRF-MT";"DEL04-MT";"UOP02-DEL04-MT"
744588;2026-01-09;"sexta-feira";"15:20:00";"SP";116;337,4;"JUQUITIBA";"Acostamento em desnível";"Queda de ocupante de veículo";"Com Vítimas Feridas";"Pleno dia";"Decrescente";"Nublado";"Dupla";"Aclive;Curva";"Sim";1;0;1;0;0;0;1;1;-23,98588516;-47,14783301;"SPRF-SP";"DEL04-SP";"UOP03-DEL04-SP"
744589;2026-01-09;"sexta-feira";"16:40:00";"MG";40;512,3;"RIBEIRAO DAS NEVES";"Manobra de mudança de faixa";"Colisão com objeto";"Com Vítimas Fatais";"Pleno dia";"Decrescente";"Céu Claro";"Dupla";"Declive;Reta";"Não";4;1;0;0;3;0;0;4;-19,7856674;-44,1145958;"SPRF-MG";"DEL01-MG";"UOP02-DEL01-MG"
744591;2026-01-09;"sexta-feira";"15:55:00";"CE";222;222,4;"SOBRAL";"Acessar a via sem observar a presença dos outros veículos";"Colisão transversal";"Com Vítimas Feridas";"Pleno dia";"Crescente";"Céu Claro";"Simples";"Reta";"Sim";2;0;0;1;1;0;1;2;-3,71506453;-40,33819199;"SPRF-CE";"DEL04-CE";"UOP01-DEL04-CE"
744592;2026-01-09;"sexta-feira";"16:20:00";"PB";101;82;"BAYEUX";"Ausência de reação do condutor";"Colisão lateral mesmo sentido";"Com Vítimas Feridas";"Pleno dia";"Crescente";"Céu Claro";"Dupla";"Reta";"Não";2;0;1;0;0;1;1;2;-7,13116091;-34,93299276;"SPRF-PB";"DEL01-PB";"UOP01-DEL01-PB"
744594;2026-01-09;"sexta-feira";"16:30:00";"MG";40;552;"NOVA LIMA";"Ausência de reação do condutor";"Engavetamento";"Com Vítimas Feridas";"Pleno dia";"Decrescente";"Céu Claro";"Dupla";"Reta";"Sim";6;0;2;0;4;0;2;4;-20,06170047;-43,97766916;"SPRF-MG";"DEL01-MG";"UOP02-DEL01-MG"
744595;2026-01-09;"sexta-feira";"16:50:00";"SC";101;191,5;"BIGUACU";"Reação tardia ou ineficiente do condutor";"Colisão lateral mesmo sentido";"Com Vítimas Feridas";"Pleno dia";"Crescente";"Céu Claro";"Dupla";"Reta";"Não";2;0;1;0;1;0;1;2;-27,481005;-48,645533;"SPRF-SC";"DEL01-SC";"UOP01-DEL01-SC"
744597;2026-01-09;"sexta-feira";"16:02:00";"MT";364;249;"JUSCIMEIRA";"Ausência de reação do condutor";"Queda de ocupante de veículo";"Com Vítimas Feridas";"Pleno dia";"Crescente";"Céu Claro";"Dupla";"Curva";"Não";1;0;1;0;0;0;1;1;-16,125655;-54,845058;"SPRF-MT";"DEL02-MT";"UOP01-DEL02-MT"
744599;2026-01-09;"sexta-feira";"17:10:00";"SC";280;128,2;"RIO NEGRINHO";"Trafegar com motocicleta (ou similar) entre as faixas";"Colisão transversal";"Com Vítimas Feridas";"Pleno dia";"Decrescente";"Garoa/Chuvisco";"Simples";"Reta";"Não";2;0;0;1;1;0;1;2;-26,244067;-49,515447;"SPRF-SC";"DEL06-SC";"UOP03-DEL06-SC"
744600;2026-01-09;"sexta-feira";"15:10:00";"RJ";116;106;"GUAPIMIRIM";"Pista Escorregadia";"Queda de ocupante de veículo";"Com Vítimas Feridas";"Pleno dia";"Decrescente";"Sol";"Simples";"Aclive;Curva";"Não";2;0;1;1;0;0;2;1;-22,5084239;-42,99978018;"SPRF-RJ";"DEL04-RJ";"UOP01-DEL04-RJ"
744601;2026-01-09;"sexta-feira";"17:00:00";"RJ";101;61;"CAMPOS DOS GOYTACAZES";"Ausência de reação do condutor";"Colisão traseira";"Com Vítimas Feridas";"Pleno dia";"Decrescente";"Céu Claro";"Simples";"Reta";"Sim";6;0;5;0;1;0;5;3;-21,73144724;-41,32361412;"SPRF-RJ";"DEL08-RJ";"UOP01-DEL08-RJ"
744602;2026-01-09;"sexta-feira";"17:20:00";"DF";20;15;"BRASILIA";"Ausência de reação do condutor";"Colisão lateral mesmo sentido";"Com Vítimas Feridas";"Pleno dia";"Crescente";"Céu Claro";"Múltipla";"Reta;Em Obras";"Sim";3;0;1;0;2;0;1;3;-15,63403027;-47,73960829;"SPRF-DF";"DEL02-DF";"UOP01-DEL02-DF"
744603;2026-01-09;"sexta-feira";"16:20:00";"PR";369;17,7;"CAMBARA";"Ingestão de álcool pelo condutor";"Colisão transversal";"Com Vítimas Feridas";"Pleno dia";"Decrescente";"Céu Claro";"Simples";"Interseção de Vias;Reta";"Sim";2;0;2;0;0;0;2;2;-23,03359547;-50,05995361;"SPRF-PR";"DEL07-PR";"UOP05-DEL07-PR"
744605;2026-01-09;"sexta-feira";"13:55:00";"RO";364;333;"JI-PARANA";"Ausência de reação do condutor";"Saída de leito carroçável";"Com Vítimas Feridas";"Pleno dia";"Decrescente";"Céu Claro";"Simples";"Curva";"Não";1;0;1;0;0;0;1;1;-10,954175;-61,92007;"SPRF-RO";"DEL02-RO";"UOP01-DEL02-RO"
744606;2026-01-09;"sexta-feira";"16:25:00";"AL";316;267;"SATUBA";"Ausência de reação do condutor";"Colisão traseira";"Com Vítimas Feridas";"Pleno dia";"Decrescente";"Céu Claro";"Simples";"Reta";"Não";2;0;1;0;1;0;1;2;-9,58326;-35,84016;"SPRF-AL";"DEL02-AL";"UOP01-DEL02-AL"
744607;2026-01-09;"sexta-feira";"16:30:00";"GO";60;370;"RIO VERDE";"Demais falhas mecânicas ou elétricas";"Incêndio";"Com Vítimas Feridas";"Pleno dia";"Decrescente";"Céu Claro";"Dupla";"Reta";"Não";3;0;1;0;2;0;1;1;-17,70294;-50,8463889;"SPRF-GO";"DEL04-GO";"UOP02-DEL04-GO"
744609;2026-01-09;"sexta-feira";"17:15:00";"MS";60;427;"SIDROLANDIA";"Acessar a via sem observar a presença dos outros veículos";"Colisão transversal";"Com Vítimas Fatais";"Pleno dia";"Crescente";"Nublado";"Dupla";"Reta;Interseção de Vias";"Sim";4;1;0;0;3;0;0;2;-20,94413815;-54,96677579;"SPRF-MS";"DEL01-MS";"UOP04-DEL01-MS"
744610;2026-01-09;"sexta-feira";"17:10:00";"GO";153;334;"JARAGUA";"Condutor deixou de manter distância do veículo da frente";"Colisão traseira";"Sem Vítimas";"Pleno dia";"Crescente";"Céu Claro";"Simples";"Aclive;Reta";"Não";4;0;0;0;4;0;0;4;-15,559134;-49,424183;"SPRF-GO";"DEL02-GO";"UOP02-DEL02-GO"
744611;2026-01-09;"sexta-feira";"17:00:00";"MT";174;484;"COMODORO";"Acessar a via sem observar a presença dos outros veículos";"Colisão transversal";"Com Vítimas Feridas";"Pleno dia";"Crescente";"Céu Claro";"Simples";"Interseção de Vias;Reta";"Sim";2;0;1;0;1;0;1;2;-13,6721748;-59,7905833;"SPRF-MT";"DEL04-MT";"UOP02-DEL04-MT"
744613;2026-01-09;"sexta-feira";"17:50:00";"PE";104;48,4;"CARUARU";"Ingestão de álcool pelo condutor";"Capotamento";"Com Vítimas Feridas";"Plena Noite";"Decrescente";"Céu Claro";"Dupla";"Reta";"Não";2;0;1;0;1;0;1;1;-8,1385873;-35,9889297;"SPRF-PE";"DEL02-PE";"UOP01-DEL02-PE"
744614;2026-01-09;"sexta-feira";"17:10:00";"PR";376;349;"ORTIGUEIRA";"Condutor deixou de manter distância do veículo da frente";"Colisão traseira";"Com Vítimas Feridas";"Pleno dia";"Decrescente";"Céu Claro";"Dupla";"Declive;Reta";"Não";10;0;2;0;8;0;2;3;-24,22311288;-50,93006372;"SPRF-PR";"DEL07-PR";"UOP02-DEL07-PR"
744616;2026-01-09;"sexta-feira";"16:30:00";"RJ";116;251;"PIRAI";"Ausência de sinalização";"Queda de ocupante de veículo";"Com Vítimas Feridas";"Pleno dia";"Crescente";"Céu Claro";"Dupla";"Reta;Em Obras;Aclive";"Não";2;0;2;0;0;0;2;1;-22,6669025;-43,8411137;"SPRF-RJ";"DEL07-RJ";"UOP01-DEL07-RJ"
744617;2026-01-09;"sexta-feira";"17:00:00";"RS";290;69,5;"GRAVATAI";"Reação tardia ou ineficiente do condutor";"Colisão traseira";"Com Vítimas Feridas";"Pleno dia";"Decrescente";"Céu Claro";"Dupla";"Reta";"Sim";4;0;2;0;2;0;2;2;-29,946801;-50,951964;"SPRF-RS";"DEL03-RS";"UOP01-DEL03-RS"
744619;2026-01-09;"sexta-feira";"14:50:00";"RJ";393;107;"SAPUCAIA";"Acesso irregular";"Colisão traseira";"Com Vítimas Feridas";"Pleno dia";"Crescente";"Céu Claro";"Simples";"Reta";"Sim";3;0;0;1;1;1;1;3;-21,89273942;-42,70831458;"SPRF-RJ";"DEL05-RJ";"UOP01-DEL05-RJ"
744621;2026-01-09;"sexta-feira";"18:02:00";"MS";463;1;"DOURADOS";"Acesso irregular";"Colisão lateral mesmo sentido";"Com Vítimas Feridas";"Anoitecer";"Decrescente";"Céu Claro";"Simples";"Reta";"Sim";2;0;1;0;0;1;1;2;-22,25913293;-54,81004;"SPRF-MS";"DEL04-MS";"UOP01-DEL04-MS"
744623;2026-01-09;"sexta-feira";"17:07:00";"PI";316;23,8;"TERESINA";"Condutor deixou de manter distância do veículo da frente";"Colisão traseira";"Com Vítimas Feridas";"Pleno dia";"Crescente";"Céu Claro";"Dupla";"Reta";"Não";3;0;0;2;1;0;2;2;-5,293965;-42,713548;"SPRF-PI";"DEL01-PI";"UOP02-DEL01-PI"
744625;2026-01-09;"sexta-feira";"18:00:00";"BA";242;812;"BARREIRAS";"Acessar a via sem observar a presença dos outros veículos";"Colisão transversal";"Com Vítimas Feridas";"Anoitecer";"Crescente";"Céu Claro";"Simples";"Interseção de Vias;Reta";"Não";4;0;1;0;3;0;1;2;-12,12947047;-44,94944572;"SPRF-BA";"DEL10-BA";"UOP01-DEL10-BA"
744626;2026-01-09;"sexta-feira";"18:15:00";"RJ";101;311;"SAO GONCALO";"Trafegar com motocicleta (ou similar) entre as faixas";"Queda de ocupante de veículo";"Com Vítimas Feridas";"Pleno dia";"Decrescente";"Céu Claro";"Dupla";"Reta";"Sim";2;0;1;0;1;0;1;2;-22,8046682;-43,05850983;"SPRF-RJ";"DEL02-RJ";"UOP02-DEL02-RJ"
744627;2026-01-09;"sexta-feira";"17:00:00";"MT";364;400;"CUIABA";"Ausência de reação do condutor";"Saída de leito carroçável";"Com Vítimas Feridas";"Pleno dia";"Crescente";"Nublado";"Dupla";"Reta";"Sim";3;0;1;0;1;1;1;1;-15,664303;-55,964495;"SPRF-MT";"DEL01-MT";"UOP02-DEL01-MT"
744628;2026-01-09;"sexta-feira";"18:44:00";"PE";232;8;"RECIFE";"Objeto estático sobre o leito carroçável";"Colisão com objeto";"Com Vítimas Feridas";"Plena Noite";"Crescente";"Garoa/Chuvisco";"Múltipla";"Reta";"Sim";1;0;0;1;0;0;1;1;-8,07569;-34,97005;"SPRF-PE";"DEL01-PE";"UOP01-DEL01-PE"
744629;2026-01-09;"sexta-feira";"16:20:00";"SC";101;153;"PORTO BELO";"Trafegar com motocicleta (ou similar) entre as faixas";"Colisão lateral mesmo sentido";"Com Vítimas Feridas";"Pleno dia";"Decrescente";"Céu Claro";"Dupla";"Reta";"Sim";3;0;1;1;1;0;2;2;-27,14303525;-48,61002705;"SPRF-SC";"DEL04-SC";"UOP03-DEL04-SC"
744630;2026-01-09;"sexta-feira";"19:02:00";"PE";101;51,8;"PAULISTA";"Ausência de reação do condutor";"Tombamento";"Com Vítimas Feridas";"Plena Noite";"Crescente";"Céu Claro";"Dupla";"Reta";"Sim";1;0;0;1;0;0;1;1;-7,919298;-34,8956171;"SPRF-PE";"DEL01-PE";"UOP02-DEL01-PE"
744632;2026-01-09;"sexta-feira";"17:40:00";"RS";116;253;"SAPUCAIA DO SUL";"Ingestão de álcool pelo condutor";"Colisão traseira";"Sem Vítimas";"Pleno dia";"Crescente";"Céu Claro";"Múltipla";"Reta";"Sim";2;0;0;0;2;0;0;2;-29,81588755;-51,16960502;"SPRF-RS";"DEL01-RS";"UOP02-DEL01-RS"
744633;2026-01-09;"sexta-feira";"19:20:00";"ES";101;267;"SERRA";"Acessar a via sem observar a presença dos outros veículos";"Colisão transversal";"Com Vítimas Feridas";"Plena Noite";"Decrescente";"Céu Claro";"Dupla";"Reta";"Sim";2;0;1;0;1;0;1;2;-20,20586;-40,2691;"SPRF-ES";"DEL02-ES";"UOP01-DEL02-ES"
744634;2026-01-09;"sexta-feira";"16:30:00";"RJ";116;323;"ITATIAIA";"Conversão proibida";"Colisão transversal";"Com Vítimas Feridas";"Pleno dia";"Crescente";"Céu Claro";"Simples";"Reta";"Sim";3;0;1;0;2;0;1;2;-22,48983308;-44,5582494;"SPRF-RJ";"DEL07-RJ";"UOP02-DEL07-RJ"
744636;2026-01-09;"sexta-feira";"19:30:00";"PR";277;80;"CURITIBA";"Trafegar com motocicleta (ou similar) entre as faixas";"Colisão lateral mesmo sentido";"Com Vítimas Feridas";"Plena Noite";"Decrescente";"Garoa/Chuvisco";"Dupla";"Reta";"Não";4;0;1;0;3;0;1;3;-25,46797915;-49,21400607;"SPRF-PR";"DEL01-PR";"UOP03-DEL01-PR"
744637;2026-01-09;"sexta-feira";"19:00:00";"RJ";101;46;"CAMPOS DOS GOYTACAZES";"Acessar a via sem observar a presença dos outros veículos";"Colisão transversal";"Com Vítimas Feridas";"Plena Noite";"Crescente";"Ignorado";"Simples";"Rotatória;Reta;Interseção de Vias";"Sim";4;0;1;0;3;0;1;2;-21,60650497;-41,31677985;"SPRF-RJ";"DEL08-RJ";"UOP01-DEL08-RJ"
744638;2026-01-09;"sexta-feira";"17:40:00";"PI";316;6,8;"TERESINA";"Entrada inopinada do pedestre";"Atropelamento de Pedestre";"Com Vítimas Feridas";"Pleno dia";"Crescente";"Céu Claro";"Múltipla";"Reta";"Sim";6;0;0;4;1;1;4;4;-5,14211627;-42,78485299;"SPRF-PI";"DEL01-PI";"UOP02-DEL01-PI"
744639;2026-01-09;"sexta-feira";"19:30:00";"PE";232;54;"POMBOS";"Entrada inopinada do pedestre";"Atropelamento de Pedestre";"Com Vítimas Feridas";"Plena Noite";"Crescente";"Céu Claro";"Dupla";"Retorno Regulamentado;Reta";"Não";2;0;0;1;1;0;1;2;-8,13010403;-35,35938827;"SPRF-PE";"DEL02-PE";"UOP02-DEL02PE"
744642;2026-01-09;"sexta-feira";"20:20:00";"SC";101;122;"ITAJAI";"Trafegar com motocicleta (ou similar) entre as faixas";"Colisão lateral mesmo sentido";"Com Vítimas Feridas";"Plena Noite";"Crescente";"Nublado";"Dupla";"Reta";"Sim";2;0;1;0;0;1;1;2;-26,933112;-48,70229;"SPRF-SC";"DEL04-SC";"UOP04-DEL04-SC"
744643;2026-01-09;"sexta-feira";"20:30:00";"SP";116;187,5;"SANTA ISABEL";"Objeto estático sobre o leito carroçável";"Colisão com objeto";"Com Vítimas Feridas";"Plena Noite";"Crescente";"Céu Claro";"Dupla";"Reta";"Não";1;0;1;0;0;0;1;1;-23,358017;-46,212382;"SPRF-SP";"DEL01-SP";"UOP01-DEL01-SP"
744645;2026-01-09;"sexta-feira";"19:25:00";"GO";153;175;"CAMPINORTE";"Acessar a via sem observar a presença dos outros veículos";"Colisão transversal";"Com Vítimas Feridas";"Plena Noite";"Crescente";"Céu Claro";"Simples";"Interseção de Vias";"Sim";5;0;2;1;2;0;3;2;-14,31485011;-49,15013587;"SPRF-GO";"DEL07-GO";"UOP02-DEL07-GO"
744647;2026-01-09;"sexta-feira";"20:05:00";"PR";369;122;"JATAIZINHO";"Condutor usando celular";"Atropelamento de Pedestre";"Com Vítimas Fatais";"Plena Noite";"Decrescente";"Céu Claro";"Dupla";"Reta";"Não";2;1;0;0;0;1;0;2;-23,28578839;-50,91388162;"SPRF-PR";"DEL07-PR";"UOP05-DEL07-PR"
744648;2026-01-09;"sexta-feira";"20:20:00";"SP";116;280;"EMBU DAS ARTES";"Reação tardia ou ineficiente do condutor";"Colisão traseira";"Com Vítimas Feridas";"Plena Noite";"Crescente";"Céu Claro";"Dupla";"Aclive;Reta";"Sim";3;0;0;1;2;0;1;3;-23,64507457;-46,84084296;"SPRF-SP";"DEL04-SP";"UOP01-DEL04-SP"
744649;2026-01-09;"sexta-feira";"16:10:00";"RJ";101;326;"RIO DE JANEIRO";"Ausência de reação do condutor";"Queda de ocupante de veículo";"Com Vítimas Feridas";"Pleno dia";"Decrescente";"Céu Claro";"Dupla";"Reta";"Sim";2;0;2;0;0;0;2;1;-22,8704665;-43,16402695;"SPRF-RJ";"DEL02-RJ";"UOP01-DEL02-RJ"
744650;2026-01-09;"sexta-feira";"20:25:00";"PE";423;94,3;"GARANHUNS";"Acessar a via sem observar a presença dos outros veículos";"Colisão transversal";"Com Vítimas Feridas";"Plena Noite";"Decrescente";"Céu Claro";"Simples";"Reta";"Sim";3;0;2;1;0;0;3;2;-8,87858899;-36,47719413;"SPRF-PE";"DEL03-PE";"UOP01-DEL03-PE"
744653;2026-01-09;"sexta-feira";"20:50:00";"CE";116;53;"PACAJUS";"Acostamento em desnível";"Tombamento";"Com Vítimas Feridas";"Plena Noite";"Crescente";"Céu Claro";"Simples";"Reta";"Não";2;0;0;1;0;1;1;1;-4,20162652;-38,47012544;"SPRF-CE";"DEL01-CE";"UOP04-DEL01-CE"
744654;2026-01-09;"sexta-feira";"17:30:00";"MG";153;112;"PRATA";"Conversão proibida";"Colisão transversal";"Com Vítimas Feridas";"Pleno dia";"Crescente";"Sol";"Simples";"Reta";"Não";3;0;1;0;2;0;1;2;-19,32944039;-48,90553699;"SPRF-MG";"DEL15-MG";"UOP03-DEL15-MG"
744656;2026-01-09;"sexta-feira";"21:00:00";"PI";343;3,3;"TERESINA";"Ausência de reação do condutor";"Colisão traseira";"Com Vítimas Feridas";"Plena Noite";"Crescente";"Céu Claro";"Múltipla";"Reta";"Sim";2;0;1;0;1;0;1;2;-5,080633;-42,779733;"SPRF-PI";"DEL01-PI";"UOP01-DEL01-PI"
744657;2026-01-09;"sexta-feira";"21:00:00";"PR";277;115,8;"CAMPO LARGO";"Reação tardia ou ineficiente do condutor";"Colisão com objeto";"Com Vítimas Feridas";"Plena Noite";"Decrescente";"Nublado";"Dupla";"Interseção de Vias;Curva";"Sim";1;0;0;1;0;0;1;1;-25,43711542;-49,44439592;"SPRF-PR";"DEL03-PR";"UOP03-DEL03-PR"
744658;2026-01-09;"sexta-feira";"21:35:00";"SC";101;194,9;"BIGUACU";"Reação tardia ou ineficiente do condutor";"Queda de ocupante de veículo";"Com Vítimas Feridas";"Plena Noite";"Crescente";"Céu Claro";"Múltipla";"Reta";"Sim";1;0;1;0;0;0;1;1;-27,5042314;-48,65092484;"SPRF-SC";"DEL01-SC";"UOP01-DEL01-SC"
744659;2026-01-09;"sexta-feira";"21:00:00";"PE";101;86;"JABOATAO DOS GUARARAPES";"Reação tardia ou ineficiente do condutor";"Colisão com objeto";"Com Vítimas Feridas";"Plena Noite";"Decrescente";"Nublado";"Dupla";"Ponte";"Sim";1;0;0;1;0;0;1;1;-8,18628;-34,97133;"SPRF-PE";"DEL01-PE";"UOP01-DEL01-PE"
744660;2026-01-09;"sexta-feira";"21:00:00";"RJ";101;299;"ITABORAI";"Trafegar com motocicleta (ou similar) entre as faixas";"Atropelamento de Pedestre";"Com Vítimas Feridas";"Plena Noite";"Decrescente";"Céu Claro";"Dupla";"Reta";"Sim";2;0;2;0;0;0;2;2;-22,77315444;-42,93469906;"SPRF-RJ";"DEL02-RJ";"UOP02-DEL02-RJ"
744661;2026-01-09;"sexta-feira";"21:00:00";"MG";40;622,5;"CONSELHEIRO LAFAIETE";"Reação tardia ou ineficiente do condutor";"Colisão traseira";"Com Vítimas Feridas";"Plena Noite";"Decrescente";"Céu Claro";"Simples";"Reta";"Não";3;0;1;0;2;0;1;2;-20,601767;-43,806669;"SPRF-MG";"DEL05-MG";"UOP02-DEL05-MG"
744662;2026-01-09;"sexta-feira";"14:50:00";"PR";163;147,8;"SANTA LUCIA";"Velocidade Incompatível";"Saída de leito carroçável";"Com Vítimas Feridas";"Pleno dia";"Crescente";"Céu Claro";"Simples";"Curva";"Não";1;0;0;1;0;0;1;1;-25,413979;-53,574073;"SPRF-PR";"DEL05-PR";"UOP05-DEL05-PR"
744663;2026-01-09;"sexta-feira";"20:45:00";"MS";163;622,3;"SAO GABRIEL DO OESTE";"Reação tardia ou ineficiente do condutor";"Colisão com objeto";"Com Vítimas Feridas";"Plena Noite";"Crescente";"Nublado";"Dupla";"Reta";"Não";2;0;1;0;1;0;1;1;-19,29435302;-54,63434592;"SPRF-MS";"DEL06-MS";"UOP02-DEL06-MS"
744664;2026-01-09;"sexta-feira";"21:23:00";"ES";101;331,8;"GUARAPARI";"Manobra de mudança de faixa";"Colisão lateral mesmo sentido";"Com Vítimas Feridas";"Plena Noite";"Decrescente";"Céu Claro";"Dupla";"Reta";"Não";3;0;0;1;2;0;1;3;-20,607;-40,508;"SPRF-ES";"DEL03-ES";"UOP01-DEL03-ES"
744665;2026-01-09;"sexta-feira";"19:20:00";"MG";381;839,9;"SAO SEBASTIAO DA BELA VISTA";"Reação tardia ou ineficiente do condutor";"Saída de leito carroçável";"Com Vítimas Feridas";"Plena Noite";"Decrescente";"Nublado";"Dupla";"Reta";"Não";1;0;1;0;0;0;1;1;-22,16422994;-45,83202079;"SPRF-MG";"DEL16-MG";"UOP01-DEL16-MG"
744666;2026-01-09;"sexta-feira";"22:00:00";"RJ";116;189;"NOVA IGUACU";"Velocidade Incompatível";"Colisão lateral mesmo sentido";"Com Vítimas Feridas";"Plena Noite";"Decrescente";"Céu Claro";"Dupla";"Reta";"Sim";2;0;1;0;1;0;1;2;-22,73884755;-43,49444238;"SPRF-RJ";"DEL06-RJ";"UOP01-DEL06-RJ"
744667;2026-01-09;"sexta-feira";"22:08:00";"RJ";116;103;"GUAPIMIRIM";"Ausência de reação do condutor";"Queda de ocupante de veículo";"Com Vítimas Feridas";"Plena Noite";"Decrescente";"Ignorado";"Dupla";"Reta";"Sim";1;0;1;0;0;0;1;1;-22,53797995;-42,98911652;"SPRF-RJ";"DEL04-RJ";"UOP01-DEL04-RJ"
744668;2026-01-09;"sexta-feira";"20:50:00";"SC";282;381;"HERVAL DOESTE";"Reação tardia ou ineficiente do condutor";"Queda de ocupante de veículo";"Com Vítimas Feridas";"Plena Noite";"Crescente";"Garoa/Chuvisco";"Simples";"Reta";"Não";1;0;1;0;0;0;1;1;-27,20557;-51,50151;"SPRF-SC";"DEL07-SC";"UOP05-DEL07-SC"
744669;2026-01-09;"sexta-feira";"22:08:00";"CE";116;163;"RUSSAS";"Ultrapassagem Indevida";"Colisão lateral mesmo sentido";"Com Vítimas Feridas";"Plena Noite";"Decrescente";"Céu Claro";"Simples";"Reta";"Não";4;0;1;1;2;0;2;4;-4,94935383;-37,99342632;"SPRF-CE";"DEL03-CE";"UOP01-DEL03-CE"
744670;2026-01-09;"sexta-feira";"22:50:00";"MG";262;815;"UBERABA";"Demais falhas na via";"Tombamento";"Com Vítimas Feridas";"Plena Noite";"Decrescente";"Céu Claro";"Dupla";"Reta";"Não";2;0;0;1;1;0;1;1;-19,709952;-47,9821824;"SPRF-MG";"DEL13-MG";"UOP01-DEL13-MG"
744671;2026-01-09;"sexta-feira";"18:45:00";"RJ";101;271;"RIO BONITO";"Avarias e/ou desgaste excessivo no pneu";"Queda de ocupante de veículo";"Com Vítimas Feridas";"Plena Noite";"Decrescente";"Céu Claro";"Dupla";"Reta";"Sim";2;0;2;0;0;0;2;1;-22,725759;-42,694204;"SPRF-RJ";"DEL02-RJ";"UOP03-DEL02-RJ"
744672;2026-01-09;"sexta-feira";"17:00:00";"SP";116;549;"BARRA DO TURVO";"Reação tardia ou ineficiente do condutor";"Colisão com objeto";"Com Vítimas Feridas";"Pleno dia";"Decrescente";"Nublado";"Simples";"Reta";"Não";3;0;3;0;0;0;3;1;-24,9660073;-48,462573;"SPRF-SP";"DEL05-SP";"UOP02-DEL05-SP"
744674;2026-01-09;"sexta-feira";"17:15:00";"RJ";116;187;"NOVA IGUACU";"Condutor deixou de manter distância do veículo da frente";"Colisão traseira";"Com Vítimas Feridas";"Pleno dia";"Decrescente";"Céu Claro";"Dupla";"Reta";"Sim";3;0;1;0;2;0;1;3;-22,73845175;-43,47975461;"SPRF-RJ";"DEL06-RJ";"UOP01-DEL06-RJ"
744675;2026-01-09;"sexta-feira";"23:50:00";"PR";376;248;"APUCARANA";"Ausência de reação do condutor";"Saída de leito carroçável";"Com Vítimas Feridas";"Plena Noite";"Decrescente";"Céu Claro";"Dupla";"Declive;Curva";"Não";1;0;1;0;0;0;1;1;-23,610649;-51,398674;"SPRF-PR";"DEL07-PR";"UOP03-DEL07-PR"
744676;2026-01-09;"sexta-feira";"21:25:00";"PB";361;110;"ITAPORANGA";"Ausência de reação do condutor";"Tombamento";"Com Vítimas Fatais";"Plena Noite";"Crescente";"Céu Claro";"Simples";"Reta";"Não";1;1;0;0;0;0;0;1;-7,300996;-38,1333;"SPRF-PB";"DEL03-PB";"UOP01-DEL03-PB"