"id";"data_inversa";"dia_semana";"horario";"uf";"br";"km";"municipio";"causa_acidente";"tipo_acidente";"classificacao_acidente";"fase_dia";"sentido_via";"condicao_metereologica";"tipo_pista";"tracado_via";"uso_solo";"pessoas";"mortos";"feridos_leves";"feridos_graves";"ilesos";"ignorados";"feridos";"veiculos";"latitude";"longitude";"regional";"delegacia";"uop"
745015;2026-01-11;"domingo";"15:45:00";"PR";277;4,9;"PARANAGUA";"Trafegar com motocicleta (ou similar) entre as faixas";"Colisão lateral mesmo sentido";"Com Vítimas Feridas";"Pleno dia";"Crescente";"Nublado";"Simples";"Interseção de Vias;Curva";"Sim";6;0;1;0;5;0;1;2;-25,55646206;-48,56566278;"SPRF-PR";"DEL01-PR";"UOP05-DEL01-PR"
745016;2026-01-11;"domingo";"15:05:00";"SC";470;176;"POUSO REDONDO";"Retorno proibido";"Colisão transversal";"Sem Vítimas";"Pleno dia";"Crescente";"Céu Claro";"Simples";"Reta";"Sim";8;0;0;0;8;0;0;2;-27,2528833;-49,9515933;"SPRF-SC";"DEL04-SC";"UOP02-DEL04-SC"
745017;2026-01-11;"domingo";"01:00:00";"PI";407;569,4;"PAULISTANA";"Ausência de reação do condutor";"Colisão com objeto";"Com Vítimas Fatais";"Plena Noite";"Crescente";"Céu Claro";"Simples";"Reta";"Não";1;1;0;0;0;0;0;1;-8,107988;-41,159463;"SPRF-PI";"DEL04-PI";"UOP01-DEL04-PI"
745018;2026-01-11;"domingo";"15:50:00";"PR";376;229,4;"APUCARANA";"Demais falhas mecânicas ou elétricas";"Saída de leito carroçável";"Com Vítimas Feridas";"Pleno dia";"Crescente";"Céu Claro";"Dupla";"Reta";"Não";2;0;2;0;0;0;2;1;-23,565094;-51,542578;"SPRF-PR";"DEL07-PR";"UOP03-DEL07-PR"
745019;2026-01-11;"domingo";"16:15:00";"PB";101;115;"PEDRAS DE FOGO";"Manobra de mudança de faixa";"Colisão lateral mesmo sentido";"Com Vítimas Feridas";"Pleno dia";"Crescente";"Céu Claro";"Dupla";"Reta";"Não";2;0;1;0;1;0;1;2;-7,4014101;-34,9551623;"SPRF-PB";"DEL01-PB";"UOP01-DEL01-PB"
745020;2026-01-11;"domingo";"16:25:00";"RN";406;169;"SAO GONCALO DO AMARANTE";"Manobra de mudança de faixa";"Colisão lateral mesmo sentido";"Com Vítimas Feridas";"Pleno dia";"Crescente";"Céu Claro";"Dupla";"Declive;Reta";"Sim";3;0;2;0;1;0;2;2;-5,758;-35,301;"SPRF-RN";"DEL02-RN";"UOP01-DEL02-RN"
745021;2026-01-11;"domingo";"16:10:00";"SP";488;4;"APARECIDA";"Acessar a via sem observar a presença dos outros veículos";"Colisão transversal";"Com Vítimas Feridas";"Pleno dia";"Decrescente";"Céu Claro";"Dupla";"Reta";"Sim";2;0;0;1;1;0;1;2;-22,8604054;-45,2536995;"SPRF-SP";"DEL08-SP";"UOP01-DEL08-SP"
745022;2026-01-11;"domingo";"16:30:00";"MG";381;443;"SABARA";"Transitar no Acostamento";"Colisão frontal";"Com Vítimas Feridas";"Pleno dia";"Crescente";"Céu Claro";"Simples";"Reta";"Não";2;0;0;1;0;1;1;2;-19,828272;-43,840682;"SPRF-MG";"DEL01-MG";"UOP01-DEL01-MG"
745023;2026-01-11;"domingo";"16:40:00";"MG";381;487;"BETIM";"Reação tardia ou ineficiente do condutor";"Engavetamento";"Com Vítimas Feridas";"Pleno dia";"Decrescente";"Céu Claro";"Múltipla";"Aclive";"Não";8;0;1;0;7;0;1;3;-19,95617011;-44,11822764;"SPRF-MG";"DEL01-MG";"UOP03-DEL01-MG"
745024;2026-01-11;"domingo";"16:15:00";"MG";381;488;"BETIM";"Reação tardia ou ineficiente do condutor";"Engavetamento";"Com Vítimas Feridas";"Pleno dia";"Decrescente";"Céu Claro";"Dupla";"Reta";"Sim";5;0;2;0;3;0;2;3;-19,95675247;-44,1260798;"SPRF-MG";"DEL01-MG";"UOP03-DEL01-MG"
745025;2026-01-11;"domingo";"16:20:00";"PR";277;487,4;"NOVA LARANJEIRAS";"Avarias e/ou desgaste excessivo no pneu";"Saída de leito carroçável";"Com Vítimas Feridas";"Pleno dia";"Crescente";"Garoa/Chuvisco";"Simples";"Aclive;Curva";"Não";2;0;1;0;1;0;1;1;-25,2594566;-52,6261243;"SPRF-PR";"DEL04-PR";"UOP02-DEL04-PR"
745026;2026-01-11;"domingo";"17:00:00";"SC";101;218,3;"PALHOCA";"Animais na Pista";"Colisão traseira";"Com Vítimas Feridas";"Pleno dia";"Crescente";"Nublado";"Múltipla";"Reta";"Sim";3;0;1;0;2;0;1;2;-27,67903848;-48,66948573;"SPRF-SC";"DEL01-SC";"UOP02-DEL01-SC"
745027;2026-01-11;"domingo";"15:00:00";"RN";226;287,2;"AUGUSTO SEVERO";"Velocidade Incompatível";"Capotamento";"Com Vítimas Feridas";"Pleno dia";"Crescente";"Céu Claro";"Simples";"Aclive;Curva";"Não";4;0;0;1;3;0;1;1;-5,86373632;-37,28757191;"SPRF-RN";"DEL03-RN";"UOP01-DEL03-RN"
745028;2026-01-11;"domingo";"14:38:00";"MT";364;261;"JUSCIMEIRA";"Demais falhas mecânicas ou elétricas";"Incêndio";"Sem Vítimas";"Pleno dia";"Decrescente";"Nublado";"Dupla";"Declive;Reta";"Não";1;0;0;0;0;1;0;1;-16,026412;-54,895391;"SPRF-MT";"DEL02-MT";"UOP01-DEL02-MT"
745030;2026-01-11;"domingo";"17:20:00";"MA";222;663;"ACAILANDIA";"Ausência de reação do condutor";"Queda de ocupante de veículo";"Com Vítimas Feridas";"Pleno dia";"Decrescente";"Céu Claro";"Simples";"Aclive;Reta";"Sim";3;0;3;0;0;0;3;2;-4,909263;-47,41131;"SPRF-MA";"DEL04-MA";"UOP03-DEL04-MA"
745031;2026-01-11;"domingo";"17:20:00";"PE";232;194;"SANHARO";"Pedestre cruzava a pista fora da faixa";"Atropelamento de Pedestre";"Com Vítimas Feridas";"Pleno dia";"Crescente";"Céu Claro";"Dupla";"Reta";"Não";2;0;1;0;0;1;1;2;-8,362401;-36,555071;"SPRF-PE";"DEL03-PE";"UOP02-DEL03-PE"
745032;2026-01-11;"domingo";"17:30:00";"PE";104;69,7;"CARUARU";"Ingestão de álcool pelo condutor";"Colisão com objeto";"Com Vítimas Feridas";"Anoitecer";"Crescente";"Céu Claro";"Dupla";"Reta";"Não";2;0;1;1;0;0;2;1;-8,31797;-35,99152;"SPRF-PE";"DEL02-PE";"UOP01-DEL02-PE"
745033;2026-01-11;"domingo";"17:13:00";"DF";20;18;"BRASILIA";"Ingestão de álcool pelo condutor";"Colisão com objeto";"Sem Vítimas";"Pleno dia";"Crescente";"Céu Claro";"Dupla";"Declive;Reta";"Sim";1;0;0;0;1;0;0;1;-15,60848822;-47,6902771;"SPRF-DF";"DEL02-DF";"UOP01-DEL02-DF"
745034;2026-01-11;"domingo";"17:00:00";"MG";381;894,2;"CAMBUI";"Acessar a via sem observar a presença dos outros veículos";"Colisão transversal";"Com Vítimas Fatais";"Pleno dia";"Crescente";"Céu Claro";"Dupla";"Reta";"Não";6;1;5;0;0;0;5;2;-22,577789;-46,044032;"SPRF-MG";"DEL16-MG";"UOP01-DEL16-MG"
745035;2026-01-11;"domingo";"18:00:00";"RJ";116;286;"BARRA MANSA";"Velocidade Incompatível";"Colisão traseira";"Com Vítimas Feridas";"Pleno dia";"Decrescente";"Sol";"Dupla";"Reta";"Não";2;0;1;0;0;1;1;2;-22,49648823;-44,2381617;"SPRF-RJ";"DEL07-RJ";"UOP02-DEL07-RJ"
745037;2026-01-11;"domingo";"18:00:00";"SP";116;313,2;"SAO LOURENCO DA SERRA";"Ausência de reação do condutor";"Queda de ocupante de veículo";"Com Vítimas Feridas";"Pleno dia";"Crescente";"Céu Claro";"Dupla";"Reta";"Não";1;0;1;0;0;0;1;1;-23,88846356;-46,98007859;"SPRF-SP";"DEL04-SP";"UOP01-DEL04-SP"
745038;2026-01-02;"sexta-feira";"07:50:00";"PA";316;47,3;"SANTA IZABEL DO PARA";"Acessar a via sem observar a presença dos outros veículos";"Colisão transversal";"Com Vítimas Feridas";"Pleno dia";"Crescente";"Céu Claro";"Dupla";"Reta;Retorno Regulamentado";"Não";2;0;0;1;1;0;1;2;-1,288008;-48,059822;"SPRF-PA";"DEL01-PA";"UOP01-DEL01-PA"
745039;2026-01-11;"domingo";"17:30:00";"RJ";101;505;"ANGRA DOS REIS";"Reação tardia ou ineficiente do condutor";"Colisão com objeto";"Com Vítimas Feridas";"Pleno dia";"Crescente";"Céu Claro";"Simples";"Reta";"Sim";1;0;1;0;0;0;1;1;-22,932708;-44,392377;"SPRF-RJ";"DEL03-RJ";"UOP03-DEL03-RJ"
745042;2026-01-11;"domingo";"18:15:00";"SC";116;106,2;"MONTE CASTELO";"Ultrapassagem Indevida";"Colisão frontal";"Com Vítimas Feridas";"Pleno dia";"Decrescente";"Garoa/Chuvisco";"Simples";"Declive;Curva";"Não";6;0;4;0;2;0;4;2;-26,754577;-50,320885;"SPRF-SC";"DEL06-SC";"UOP02-DEL06-SC"
745043;2026-01-11;"domingo";"16:00:00";"GO";60;360;"RIO VERDE";"Avarias e/ou desgaste excessivo no pneu";"Saída de leito carroçável";"Com Vítimas Feridas";"Pleno dia";"Decrescente";"Céu Claro";"Dupla";"Declive;Reta";"Não";2;0;1;0;1;0;1;1;-17,642722;-50,788882;"SPRF-GO";"DEL04-GO";"UOP02-DEL04-GO"
745044;2026-01-11;"domingo";"18:00:00";"SC";280;25;"ARAQUARI";"Ingestão de álcool pelo condutor";"Engavetamento";"Com Vítimas Feridas";"Pleno dia";"Crescente";"Garoa/Chuvisco";"Simples";"Reta";"Sim";5;0;1;0;4;0;1;3;-26,38323375;-48,72635929;"SPRF-SC";"DEL03-SC";"UOP03-DEL03-SC"
745045;2026-01-11;"domingo";"18:30:00";"MG";381;781;"CAMPANHA";"Ausência de reação do condutor";"Saída de leito carroçável";"Com Vítimas Feridas";"Plena Noite";"Crescente";"Céu Claro";"Dupla";"Reta";"Não";1;0;1;0;0;0;1;1;-21,821821;-45,493876;"SPRF-MG";"DEL16-MG";"UOP02-DEL16-MG"
745046;2026-01-11;"domingo";"18:00:00";"MG";116;642,1;"FERVEDOURO";"Reação tardia ou ineficiente do condutor";"Colisão traseira";"Com Vítimas Feridas";"Anoitecer";"Crescente";"Céu Claro";"Simples";"Aclive;Curva";"Não";3;0;2;0;0;1;2;2;-20,660795;-42,267098;"SPRF-MG";"DEL07-MG";"UOP02-DEL07-MG"
745047;2026-01-11;"domingo";"17:00:00";"RS";153;397;"CACHOEIRA DO SUL";"Acessar a via sem observar a presença dos outros veículos";"Colisão transversal";"Com Vítimas Feridas";"Pleno dia";"Decrescente";"Céu Claro";"Simples";"Reta";"Não";5;0;5;0;0;0;5;2;-29,98953162;-52,92697906;"SPRF-RS";"DEL02-RS";"UOP03-DEL02-RS"
745048;2026-01-11;"domingo";"18:10:00";"PR";116;147;"MANDIRITUBA";"Reação tardia ou ineficiente do condutor";"Saída de leito carroçável";"Sem Vítimas";"Pleno dia";"Decrescente";"Nublado";"Simples";"Curva";"Não";1;0;0;0;1;0;0;1;-25,8225294;-49,3351944;"SPRF-PR";"DEL01-PR";"UOP03-DEL01-PR"
745049;2026-01-11;"domingo";"17:20:00";"SC";101;106,2;"PENHA";"Manobra de mudança de faixa";"Colisão lateral mesmo sentido";"Com Vítimas Feridas";"Pleno dia";"Crescente";"Garoa/Chuvisco";"Dupla";"Reta";"Não";3;0;0;1;2;0;1;2;-26,815358;-48,68335;"SPRF-SC";"DEL03-SC";"UOP02-DEL03-SC"
745050;2026-01-11;"domingo";"15:00:00";"MG";267;239,7;"SERITINGA";"Acessar a via sem observar a presença dos outros veículos";"Colisão transversal";"Com Vítimas Feridas";"Pleno dia";"Crescente";"Sol";"Simples";"Interseção de Vias;Reta";"Não";3;0;2;1;0;0;3;2;-21,9217186;-44,4015593;"SPRF-MG";"DEL17-MG";"UOP01-DEL17-MG"
745051;2026-01-11;"domingo";"18:00:00";"RS";472;574;"URUGUAIANA";"Acessar a via sem observar a presença dos outros veículos";"Colisão transversal";"Sem Vítimas";"Pleno dia";"Decrescente";"Céu Claro";"Simples";"Rotatória";"Sim";3;0;0;0;3;0;0;2;-29,7633671;-57,05188769;"SPRF-RS";"DEL13-RS";"UOP01-DEL13-RS"
745052;2026-01-11;"domingo";"15:30:00";"BA";235;350;"JUAZEIRO";"Acessar a via sem observar a presença dos outros veículos";"Colisão traseira";"Com Vítimas Feridas";"Pleno dia";"Crescente";"Céu Claro";"Dupla";"Rotatória";"Sim";5;0;2;0;3;0;2;2;-9,4338;-40,5013;"SPRF-PE";"DEL06-PE";"UOP01-DEL06-PE"
745053;2026-01-11;"domingo";"19:10:00";"MG";381;351;"JOAO MONLEVADE";"Acessar a via sem observar a presença dos outros veículos";"Colisão lateral mesmo sentido";"Com Vítimas Feridas";"Plena Noite";"Crescente";"Céu Claro";"Simples";"Aclive;Curva";"Sim";2;0;1;0;1;0;1;2;-19,83930432;-43,19105208;"SPRF-MG";"DEL03-MG";"UOP01-DEL03-MG"
745055;2026-01-11;"domingo";"18:20:00";"RJ";101;388;"RIO DE JANEIRO";"Manobra de mudança de faixa";"Colisão lateral mesmo sentido";"Sem Vítimas";"Anoitecer";"Decrescente";"Céu Claro";"Dupla";"Reta";"Sim";3;0;0;0;3;0;0;2;-22,89263;-43,670848;"SPRF-RJ";"DEL03-RJ";"UOP01-DEL03-RJ"
745056;2026-01-11;"domingo";"19:00:00";"DF";20;21,7;"BRASILIA";"Ingestão de álcool pelo condutor";"Colisão com objeto";"Sem Vítimas";"Plena Noite";"Decrescente";"Céu Claro";"Dupla";"Declive;Retorno Regulamentado;Reta";"Sim";2;0;0;0;2;0;0;1;-15,599053;-47,676637;"SPRF-DF";"DEL02-DF";"UOP01-DEL02-DF"
745057;2026-01-11;"domingo";"18:20:00";"DF";20;21,8;"BRASILIA";"Acessar a via sem observar a presença dos outros veículos";"Colisão lateral mesmo sentido";"Com Vítimas Feridas";"Plena Noite";"Decrescente";"Ignorado";"Dupla";"Reta;Interseção de Vias";"Sim";5;0;1;0;4;0;1;2;-15,598587;-47,676389;"SPRF-DF";"DEL02-DF";"UOP01-DEL02-DF"
745058;2026-01-11;"domingo";"19:00:00";"RS";386;49,1;"SEBERI";"Acessar a via sem observar a presença dos outros veículos";"Colisão transversal";"Sem Vítimas";"Anoitecer";"Decrescente";"Céu Claro";"Simples";"Reta";"Sim";2;0;0;0;2;0;0;2;-27,47928818;-53,39711063;"SPRF-RS";"DEL08-RS";"UOP02-DEL08-RS"
745059;2026-01-11;"domingo";"19:20:00";"SC";101;215,8;"PALHOCA";"Acessar a via sem observar a presença dos outros veículos";"Colisão lateral mesmo sentido";"Com Vítimas Feridas";"Plena Noite";"Crescente";"Garoa/Chuvisco";"Múltipla";"Reta";"Sim";3;0;0;1;2;0;1;2;-27,65884;-48,67796;"SPRF-SC";"DEL01-SC";"UOP02-DEL01-SC"
745060;2026-01-11;"domingo";"16:50:00";"PE";232;210;"PESQUEIRA";"Ausência de reação do condutor";"Saída de leito carroçável";"Com Vítimas Feridas";"Anoitecer";"Decrescente";"Céu Claro";"Simples";"Aclive;Curva";"Não";2;0;0;2;0;0;2;1;-8,365362;-36,698923;"SPRF-PE";"DEL03-PE";"UOP02-DEL03-PE"
745061;2026-01-11;"domingo";"17:45:00";"MG";116;283;"TEOFILO OTONI";"Retorno proibido";"Colisão transversal";"Com Vítimas Feridas";"Anoitecer";"Crescente";"Céu Claro";"Simples";"Declive;Reta";"Não";3;0;0;2;1;0;2;2;-17,909543;-41,52498;"SPRF-MG";"DEL11-MG";"UOP01-DEL11-MG"
745062;2026-01-11;"domingo";"19:50:00";"MG";40;770;"JUIZ DE FORA";"Avarias e/ou desgaste excessivo no pneu";"Saída de leito carroçável";"Com Vítimas Feridas";"Plena Noite";"Crescente";"Céu Claro";"Simples";"Reta";"Não";2;0;2;0;0;0;2;1;-21,6173197;-43,45487009;"SPRF-MG";"DEL05-MG";"UOP01-DEL05-MG"
745063;2026-01-11;"domingo";"19:10:00";"DF";251;33;"BRASILIA";"Ingestão de álcool pelo condutor";"Colisão transversal";"Com Vítimas Feridas";"Plena Noite";"Crescente";"Céu Claro";"Simples";"Reta";"Sim";2;0;1;0;1;0;1;2;-15,93981507;-47,76562421;"SPRF-DF";"DEL01-DF";"UOP01-DEL01-DF"
745065;2026-01-11;"domingo";"20:05:00";"BA";116;10;"VITORIA DA CONQUISTA";"Reação tardia ou ineficiente do condutor";"Colisão frontal";"Com Vítimas Feridas";"Plena Noite";"Decrescente";"Nublado";"Simples";"Reta";"Sim";2;0;0;2;0;0;2;2;-14,8890504;-40,87085724;"SPRF-BA";"DEL08-BA";"UOP01-DEL08-BA"
745066;2026-01-11;"domingo";"20:00:00";"SC";282;20;"PALHOCA";"Ausência de reação do condutor";"Tombamento";"Com Vítimas Feridas";"Plena Noite";"Decrescente";"Chuva";"Simples";"Declive;Reta";"Sim";1;0;1;0;0;0;1;1;-27,67987457;-48,70369999;"SPRF-SC";"DEL01-SC";"UOP02-DEL01-SC"
745070;2026-01-11;"domingo";"19:50:00";"GO";153;429;"ANAPOLIS";"Condutor deixou de manter distância do veículo da frente";"Colisão traseira";"Com Vítimas Feridas";"Plena Noite";"Crescente";"Céu Claro";"Dupla";"Declive";"Sim";7;0;6;0;1;0;6;2;-16,264074;-48,982577;"SPRF-GO";"DEL02-GO";"UOP01-DEL02-GO"
745071;2026-01-11;"domingo";"18:30:00";"SP";101;36;"UBATUBA";"Conversão proibida";"Colisão transversal";"Com Vítimas Feridas";"Pleno dia";"Crescente";"Céu Claro";"Simples";"Reta";"Não";2;0;1;0;0;1;1;2;-23,45570556;-44,98965348;"SPRF-SP";"DEL06-SP";"UOP01-DEL06-SP"
745072;2026-01-11;"domingo";"19:50:00";"GO";60;3;"SANTO ANTONIO DO DESCOBERTO";"Ingestão de álcool pelo condutor";"Saída de leito carroçável";"Sem Vítimas";"Plena Noite";"Crescente";"Céu Claro";"Dupla";"Curva";"Não";1;0;0;0;1;0;0;1;-16,071057;-48,265794;"SPRF-DF";"DEL03-DF";"UOP01-DEL03-DF"
745073;2026-01-11;"domingo";"20:00:00";"CE";116;17,1;"EUSEBIO";"Acessar a via sem observar a presença dos outros veículos";"Colisão traseira";"Com Vítimas Feridas";"Plena Noite";"Decrescente";"Nublado";"Dupla";"Reta;Retorno Regulamentado";"Sim";2;0;2;0;0;0;2;2;-3,89731072;-38,50320458;"SPRF-CE";"DEL01-CE";"UOP02-DEL01-CE"
745074;2026-01-11;"domingo";"20:30:00";"PE";423;97;"GARANHUNS";"Ausência de reação do condutor";"Saída de leito carroçável";"Com Vítimas Feridas";"Plena Noite";"Crescente";"Céu Claro";"Simples";"Aclive;Reta";"Sim";1;0;1;0;0;0;1;1;-8,8793005;-36,4960566;"SPRF-PE";"DEL03-PE";"UOP01-DEL03-PE"
745075;2026-01-11;"domingo";"19:50:00";"PR";153;52,1;"SANTO ANTONIO DA PLATINA";"Reação tardia ou ineficiente do condutor";"Colisão traseira";"Com Vítimas Feridas";"Plena Noite";"Decrescente";"Céu Claro";"Simples";"Reta";"Não";8;0;1;0;7;0;1;2;-23,38235111;-50,06080699;"SPRF-PR";"DEL07-PR";"UOP04-DEL07-PR"
745076;2026-01-11;"domingo";"20:30:00";"RJ";101;512;"ANGRA DOS REIS";"Animais na Pista";"Atropelamento de Animal";"Com Vítimas Fatais";"Plena Noite";"Crescente";"Céu Claro";"Simples";"Reta";"Sim";3;1;0;0;2;0;0;2;-22,97065706;-44,44406239;"SPRF-RJ";"DEL03-RJ";"UOP03-DEL03-RJ"
745077;2026-01-11;"domingo";"19:55:00";"SC";280;4,8;"SAO FRANCISCO DO SUL";"Condutor Dormindo";"Colisão lateral sentido oposto";"Com Vítimas Feridas";"Plena Noite";"Crescente";"Nublado";"Dupla";"Reta";"Sim";5;0;4;0;1;0;4;2;-26,2574965;-48,6223201;"SPRF-SC";"DEL03-SC";"UOP03-DEL03-SC"
745078;2026-01-11;"domingo";"20:35:00";"PE";428;187,8;"PETROLINA";"Reação tardia ou ineficiente do condutor";"Colisão com objeto";"Com Vítimas Feridas";"Plena Noite";"Crescente";"Céu Claro";"Dupla";"Rotatória";"Sim";1;0;1;0;0;0;1;1;-9,3752722;-40,48783628;"SPRF-PE";"DEL06-PE";"UOP01-DEL06-PE"
745079;2026-01-11;"domingo";"20:15:00";"PB";101;39,1;"MAMANGUAPE";"Reação tardia ou ineficiente do condutor";"Tombamento";"Com Vítimas Feridas";"Plena Noite";"Decrescente";"Céu Claro";"Simples";"Reta";"Sim";1;0;0;1;0;0;1;1;-6,831523;-35,137092;"SPRF-PB";"DEL01-PB";"UOP03-DEL01-PB"
745080;2026-01-11;"domingo";"19:15:00";"PR";373;213,8;"IMBITUVA";"Animais na Pista";"Queda de ocupante de veículo";"Com Vítimas Feridas";"Pleno dia";"Crescente";"Chuva";"Simples";"Reta";"Não";1;0;0;1;0;0;1;1;-25,154743;-50,52051113;"SPRF-PR";"DEL03-PR";"UOP01-DEL03-PR"
745082;2026-01-11;"domingo";"20:40:00";"RS";116;39,6;"VACARIA";"Velocidade Incompatível";"Capotamento";"Com Vítimas Feridas";"Plena Noite";"Decrescente";"Céu Claro";"Simples";"Reta";"Sim";2;0;2;0;0;0;2;1;-28,51670548;-50,93742371;"SPRF-RS";"DEL05-RS";"UOP03-DEL05-RS"
745083;2026-01-11;"domingo";"20:30:00";"BA";415;52,4;"ITABUNA";"Ingestão de álcool pelo condutor";"Colisão lateral sentido oposto";"Com Vítimas Feridas";"Plena Noite";"Crescente";"Céu Claro";"Simples";"Reta";"Sim";3;0;1;2;0;0;3;2;-14,84197174;-39,33187008;"SPRF-BA";"DEL05-BA";"UOP01-DEL05-BA"
745084;2026-01-11;"domingo";"20:50:00";"RS";392;67;"PELOTAS";"Reação tardia ou ineficiente do condutor";"Colisão traseira";"Sem Vítimas";"Plena Noite";"Crescente";"Céu Claro";"Dupla";"Interseção de Vias";"Sim";5;0;0;0;5;0;0;2;-31,756044;-52,400005;"SPRF-RS";"DEL07-RS";"UOP01-DEL07-RS"
745085;2026-01-11;"domingo";"21:07:00";"SP";116;198;"ARUJA";"Ausência de reação do condutor";"Colisão traseira";"Sem Vítimas";"Plena Noite";"Crescente";"Ignorado";"Dupla";"Reta";"Não";3;0;0;0;3;0;0;2;-23,40129724;-46,30897871;"SPRF-SP";"DEL01-SP";"UOP01-DEL01-SP"
745086;2026-01-11;"domingo";"19:15:00";"RJ";493;78;"JAPERI";"Reação tardia ou ineficiente do condutor";"Queda de ocupante de veículo";"Com Vítimas Feridas";"Plena Noite";"Decrescente";"Céu Claro";"Dupla";"Reta";"Não";2;0;2;0;0;0;2;1;-22,66470981;-43,56023312;"SPRF-RJ";"DEL01-RJ";"UOP03-DEL01-RJ"
745087;2026-01-11;"domingo";"20:10:00";"PR";369;117;"JATAIZINHO";"Ingestão de álcool pelo condutor";"Saída de leito carroçável";"Sem Vítimas";"Plena Noite";"Crescente";"Nublado";"Dupla";"Aclive";"Não";1;0;0;0;0;1;0;1;-23,28460731;-50,8715;"SPRF-PR";"DEL07-PR";"UOP05-DEL07-PR"
745089;2026-01-11;"domingo";"20:30:00";"MG";40;518;"RIBEIRAO DAS NEVES";"Reação tardia ou ineficiente do condutor";"Colisão traseira";"Com Vítimas Feridas";"Plena Noite";"Decrescente";"Céu Claro";"Dupla";"Declive;Reta";"Sim";2;0;1;0;1;0;1;2;-19,83187;-44,081723;"SPRF-MG";"DEL01-MG";"UOP02-DEL01-MG"
745090;2026-01-11;"domingo";"21:00:00";"BA";116;424;"FEIRA DE SANTANA";"Acessar a via sem observar a presença dos outros veículos";"Atropelamento de Pedestre";"Com Vítimas Feridas";"Plena Noite";"Crescente";"Céu Claro";"Dupla";"Reta";"Sim";2;0;0;2;0;0;2;2;-12,239273;-38,982046;"SPRF-BA";"DEL02-BA";"UOP01-DEL02-BA"
745091;2026-01-11;"domingo";"20:55:00";"PA";308;177;"TRACUATEUA";"Ausência de reação do condutor";"Colisão lateral mesmo sentido";"Com Vítimas Feridas";"Plena Noite";"Decrescente";"Céu Claro";"Simples";"Reta";"Sim";5;0;3;2;0;0;5;2;-1,149745;-46,960372;"SPRF-PA";"DEL01-PA";"UOP03-DEL01-PA"
745092;2026-01-11;"domingo";"20:20:00";"PE";232;180;"BELO JARDIM";"Transitar na contramão";"Colisão frontal";"Com Vítimas Feridas";"Plena Noite";"Crescente";"Céu Claro";"Simples";"Reta";"Sim";2;0;1;0;1;0;1;2;-8,345165;-36,430925;"SPRF-PE";"DEL03-PE";"UOP02-DEL03-PE"
745093;2026-01-11;"domingo";"19:20:00";"MG";50;7,7;"ARAGUARI";"Demais falhas mecânicas ou elétricas";"Tombamento";"Com Vítimas Feridas";"Plena Noite";"Decrescente";"Céu Claro";"Dupla";"Reta";"Não";1;0;1;0;0;0;1;1;-18,46307565;-48,04983941;"SPRF-MG";"DEL15-MG";"UOP02-DEL15-MG"
745095;2026-01-11;"domingo";"19:30:00";"RN";226;87,5;"TANGARA";"Reação tardia ou ineficiente do condutor";"Saída de leito carroçável";"Com Vítimas Feridas";"Plena Noite";"Decrescente";"Céu Claro";"Simples";"Curva";"Não";1;0;0;1;0;0;1;1;-6,216835;-35,822457;"SPRF-RN";"DEL03-RN";"UOP02-DEL03-RN"
745096;2026-01-11;"domingo";"21:35:00";"RS";386;435,3;"NOVA SANTA RITA";"Ingestão de álcool pelo condutor";"Colisão transversal";"Sem Vítimas";"Plena Noite";"Decrescente";"Nublado";"Dupla";"Interseção de Vias;Retorno Regulamentado";"Não";7;0;0;0;7;0;0;2;-29,84772068;-51,27094952;"SPRF-RS";"DEL04-RS";"UOP02-DEL04-RS"
745097;2026-01-11;"domingo";"19:55:00";"RN";304;280,2;"MACAIBA";"Acumulo de areia ou detritos sobre o pavimento";"Tombamento";"Com Vítimas Fatais";"Plena Noite";"Decrescente";"Céu Claro";"Dupla";"Curva;Viaduto";"Não";1;1;0;0;0;0;0;1;-5,88879098;-35,48916578;"SPRF-RN";"DEL01-RN";"UOP02-DEL01-RN"
745098;2026-01-11;"domingo";"21:30:00";"PB";230;41;"SANTA RITA";"Reação tardia ou ineficiente do condutor";"Colisão lateral mesmo sentido";"Com Vítimas Feridas";"Plena Noite";"Decrescente";"Céu Claro";"Dupla";"Declive;Curva";"Não";5;0;1;0;4;0;1;2;-7,141687;-34,977942;"SPRF-PB";"DEL01-PB";"UOP02-DEL01-PB"
745099;2026-01-11;"domingo";"21:50:00";"MG";50;49,9;"ARAGUARI";"Ausência de reação do condutor";"Saída de leito carroçável";"Sem Vítimas";"Plena Noite";"Crescente";"Céu Claro";"Dupla";"Reta";"Não";1;0;0;0;1;0;0;1;-18,735896;-48,226781;"SPRF-MG";"DEL15-MG";"UOP02-DEL15-MG"
745100;2026-01-11;"domingo";"22:00:00";"MG";40;515;"RIBEIRAO DAS NEVES";"Ausência de reação do condutor";"Colisão com objeto";"Com Vítimas Feridas";"Plena Noite";"Decrescente";"Céu Claro";"Dupla";"Reta";"Não";1;0;1;0;0;0;1;1;-19,807395;-44,09579;"SPRF-MG";"DEL01-MG";"UOP02-DEL01-MG"
745102;2026-01-11;"domingo";"12:15:00";"MG";116;412;"GOVERNADOR VALADARES";"Acessar a via sem observar a presença dos outros veículos";"Colisão traseira";"Sem Vítimas";"Pleno dia";"Decrescente";"Céu Claro";"Simples";"Interseção de Vias";"Sim";3;0;0;0;3;0;0;2;-18,87627482;-41,96395967;"SPRF-MG";"DEL06-MG";"UOP01-DEL06-MG"