"id";"data_inversa";"dia_semana";"horario";"uf";"br";"km";"municipio";"causa_acidente";"tipo_acidente";"classificacao_acidente";"fase_dia";"sentido_via";"condicao_metereologica";"tipo_pista";"tracado_via";"uso_solo";"pessoas";"mortos";"feridos_leves";"feridos_graves";"ilesos";"ignorados";"feridos";"veiculos";"latitude";"longitude";"regional";"delegacia";"uop"
745103;2026-01-11;"domingo";"22:15:00";"BA";242;825;"BARREIRAS";"Ingestão de álcool pelo condutor";"Queda de ocupante de veículo";"Com Vítimas Feridas";"Plena Noite";"Crescente";"Céu Claro";"Simples";"Declive";"Não";1;0;1;0;0;0;1;1;-12,12011;-45,04016;"SPRF-BA";"DEL10-BA";"UOP01-DEL10-BA"
745104;2026-01-11;"domingo";"18:40:00";"MT";364;440;"VARZEA GRANDE";"Acumulo de areia ou detritos sobre o pavimento";"Queda de ocupante de veículo";"Com Vítimas Feridas";"Plena Noite";"Decrescente";"Chuva";"Simples";"Curva";"Não";1;0;1;0;0;0;1;1;-15,60514954;-56,20330167;"SPRF-MT";"DEL01-MT";"UOP02-DEL01-MT"
745105;2026-01-11;"domingo";"21:30:00";"PB";405;28,9;"SAO JOAO DO RIO DO PEIXE";"Ausência de reação do condutor";"Saída de leito carroçável";"Com Vítimas Feridas";"Plena Noite";"Crescente";"Céu Claro";"Simples";"Curva";"Não";1;0;0;1;0;0;1;1;-6,691032;-38,446752;"SPRF-PB";"DEL03-PB";"UOP03-DEL03-PB"
745106;2026-01-11;"domingo";"20:00:00";"RJ";101;430;"MANGARATIBA";"Ingestão de álcool pelo condutor";"Atropelamento de Pedestre";"Com Vítimas Feridas";"Plena Noite";"Crescente";"Céu Claro";"Simples";"Túnel;Reta";"Não";2;0;0;1;1;0;1;2;-22,93347622;-44,0189445;"SPRF-RJ";"DEL03-RJ";"UOP02-DEL03-RJ"
745107;2026-01-11;"domingo";"20:00:00";"MG";116;376;"MATHIAS LOBATO";"Avarias e/ou desgaste excessivo no pneu";"Capotamento";"Com Vítimas Feridas";"Plena Noite";"Crescente";"Céu Claro";"Simples";"Curva";"Não";1;0;1;0;0;0;1;1;-18,59390032;-41,92567617;"SPRF-MG";"DEL06-MG";"UOP01-DEL06-MG"
745108;2026-01-11;"domingo";"20:00:00";"MG";116;550,5;"SANTA BARBARA DO LESTE";"Pedestre andava na pista";"Atropelamento de Pedestre";"Com Vítimas Feridas";"Plena Noite";"Crescente";"Céu Claro";"Simples";"Reta";"Sim";2;0;1;0;1;0;1;2;-19,97975274;-42,14121491;"SPRF-MG";"DEL06-MG";"UOP02-DEL06-MG"
745110;2026-01-11;"domingo";"19:00:00";"MA";316;409;"SANTA LUZIA";"Condutor deixou de manter distância do veículo da frente";"Colisão traseira";"Com Vítimas Feridas";"Plena Noite";"Crescente";"Céu Claro";"Simples";"Reta";"Sim";5;0;2;1;2;0;3;2;-3,97465;-45,669275;"SPRF-MA";"DEL03-MA";"UOP01-DEL03-MA"
745111;2026-01-11;"domingo";"19:20:00";"MG";116;373;"FREI INOCENCIO";"Acessar a via sem observar a presença dos outros veículos";"Colisão transversal";"Com Vítimas Feridas";"Plena Noite";"Crescente";"Céu Claro";"Simples";"Interseção de Vias";"Sim";6;0;0;1;5;0;1;2;-18,562572;-41,906749;"SPRF-MG";"DEL11-MG";"UOP01-DEL11-MG"
745113;2026-01-11;"domingo";"22:25:00";"PR";163;37;"SANTO ANTONIO DO SUDOESTE";"Acessar a via sem observar a presença dos outros veículos";"Colisão lateral mesmo sentido";"Com Vítimas Feridas";"Plena Noite";"Decrescente";"Céu Claro";"Simples";"Aclive;Reta";"Não";2;0;1;0;1;0;1;2;-26,051337;-53,726498;"SPRF-PR";"DEL02-PR";"UOP02-DEL02-PR"
745114;2026-01-11;"domingo";"06:30:00";"MG";116;412;"GOVERNADOR VALADARES";"Reação tardia ou ineficiente do condutor";"Queda de ocupante de veículo";"Com Vítimas Feridas";"Pleno dia";"Decrescente";"Céu Claro";"Simples";"Reta";"Não";1;0;1;0;0;0;1;1;-18,87090264;-41,96933396;"SPRF-MG";"DEL06-MG";"UOP01-DEL06-MG"
745115;2026-01-11;"domingo";"18:25:00";"MG";116;456,3;"ENGENHEIRO CALDAS";"Ausência de reação do condutor";"Colisão traseira";"Com Vítimas Feridas";"Pleno dia";"Decrescente";"Céu Claro";"Simples";"Declive";"Não";4;0;2;0;2;0;2;2;-19,205947;-42,050702;"SPRF-MG";"DEL06-MG";"UOP02-DEL06-MG"
745116;2026-01-11;"domingo";"22:30:00";"DF";20;7;"BRASILIA";"Ingestão de álcool pelo condutor";"Saída de leito carroçável";"Sem Vítimas";"Plena Noite";"Crescente";"Céu Claro";"Dupla";"Aclive;Reta";"Sim";1;0;0;0;1;0;0;1;-15,661663;-47,798782;"SPRF-DF";"DEL02-DF";"UOP01-DEL02-DF"
745118;2026-01-11;"domingo";"17:40:00";"MA";226;39;"TIMON";"Acesso irregular";"Colisão lateral mesmo sentido";"Com Vítimas Feridas";"Pleno dia";"Crescente";"Sol";"Simples";"Reta";"Não";1;0;0;1;0;0;1;1;-5,142947;-43,151787;"SPRF-MA";"DEL03-MA";"UOP02-DEL03-MA"
745119;2026-01-11;"domingo";"15:00:00";"MG";381;239;"SANTANA DO PARAISO";"Reação tardia ou ineficiente do condutor";"Colisão traseira";"Com Vítimas Feridas";"Pleno dia";"Decrescente";"Céu Claro";"Simples";"Reta";"Não";2;0;1;0;1;0;1;2;-19,42025927;-42,49427203;"SPRF-MG";"DEL06-MG";"UOP01-DEL06-MG"
745121;2026-01-11;"domingo";"23:30:00";"PR";376;236;"APUCARANA";"Ausência de reação do condutor";"Saída de leito carroçável";"Com Vítimas Feridas";"Plena Noite";"Crescente";"Nublado";"Dupla";"Reta";"Não";1;0;0;1;0;0;1;1;-23,584006;-51,485513;"SPRF-PR";"DEL07-PR";"UOP03-DEL07-PR"
745122;2026-01-11;"domingo";"23:00:00";"PE";101;73,9;"RECIFE";"Animais na Pista";"Atropelamento de Animal";"Sem Vítimas";"Plena Noite";"Crescente";"Céu Claro";"Dupla";"Reta";"Sim";2;0;0;0;2;0;0;2;-8,10084;-34,949747;"SPRF-PE";"DEL01-PE";"UOP01-DEL01-PE"
745124;2026-01-11;"domingo";"23:30:00";"RS";116;642,9;"JAGUARAO";"Ausência de reação do condutor";"Saída de leito carroçável";"Sem Vítimas";"Plena Noite";"Crescente";"Nublado";"Simples";"Curva";"Não";1;0;0;0;0;1;0;1;-32,45107284;-53,2710406;"SPRF-RS";"DEL07-RS";"UOP03-DEL07-RS"
745125;2026-01-11;"domingo";"23:00:00";"GO";80;109;"VILA PROPICIO";"Ausência de reação do condutor";"Saída de leito carroçável";"Sem Vítimas";"Plena Noite";"Crescente";"Céu Claro";"Simples";"Reta";"Não";1;0;0;0;1;0;0;1;-15,14581007;-48,81631136;"SPRF-GO";"DEL07-GO";"UOP02-DEL07-GO"
745127;2026-01-12;"segunda-feira";"00:30:00";"RS";470;222,9;"GARIBALDI";"Ingestão de álcool pelo condutor";"Colisão traseira";"Sem Vítimas";"Plena Noite";"Crescente";"Céu Claro";"Simples";"Reta";"Sim";2;0;0;0;2;0;0;2;-29,22279891;-51,51629655;"SPRF-RS";"DEL06-RS";"UOP01-DEL06-RS"
745129;2026-01-11;"domingo";"21:00:00";"RJ";116;170;"RIO DE JANEIRO";"Ingestão de álcool pelo condutor";"Colisão transversal";"Sem Vítimas";"Plena Noite";"Decrescente";"Céu Claro";"Dupla";"Reta";"Sim";4;0;0;0;4;0;0;2;-22,81728208;-43,32279174;"SPRF-RJ";"DEL06-RJ";"UOP01-DEL06-RJ"
745130;2026-01-11;"domingo";"23:00:00";"AC";364;740,2;"CRUZEIRO DO SUL";"Animais na Pista";"Atropelamento de Animal";"Com Vítimas Fatais";"Plena Noite";"Crescente";"Nublado";"Simples";"Reta";"Não";2;1;0;0;0;1;0;2;-7,735715;-72,531392;"SPRF-AC";"DEL01-AC";"UOP03-DEL01-AC"
745131;2026-01-12;"segunda-feira";"02:15:00";"PE";232;136;"CARUARU";"Ausência de reação do condutor";"Queda de ocupante de veículo";"Com Vítimas Feridas";"Plena Noite";"Crescente";"Céu Claro";"Dupla";"Declive";"Não";2;0;2;0;0;0;2;1;-8,31513;-36,04711;"SPRF-PE";"DEL02-PE";"UOP03-DEL02-PE"
745132;2026-01-11;"domingo";"22:30:00";"MT";163;66,7;"RONDONOPOLIS";"Acumulo de água sobre o pavimento";"Saída de leito carroçável";"Com Vítimas Feridas";"Plena Noite";"Crescente";"Garoa/Chuvisco";"Dupla";"Reta";"Não";1;0;1;0;0;0;1;1;-16,927008;-54,730022;"SPRF-MT";"DEL02-MT";"UOP03-DEL02-MT"
745133;2026-01-12;"segunda-feira";"01:30:00";"PR";373;175,5;"PONTA GROSSA";"Ingestão de álcool pelo condutor";"Saída de leito carroçável";"Sem Vítimas";"Plena Noite";"Crescente";"Céu Claro";"Simples";"Curva";"Sim";1;0;0;0;1;0;0;1;-25,063438;-50,214017;"SPRF-PR";"DEL03-PR";"UOP01-DEL03-PR"
745137;2026-01-12;"segunda-feira";"03:00:00";"PE";232;325;"CUSTODIA";"Animais na Pista";"Atropelamento de Animal";"Com Vítimas Feridas";"Plena Noite";"Decrescente";"Céu Claro";"Simples";"Aclive;Curva";"Não";3;0;0;1;2;0;1;1;-8,091697;-37,580205;"SPRF-PE";"DEL04-PE";"UOP02-DEL04-PE"
745139;2026-01-12;"segunda-feira";"04:30:00";"PR";277;24,8;"MORRETES";"Velocidade Incompatível";"Tombamento";"Com Vítimas Fatais";"Amanhecer";"Crescente";"Céu Claro";"Múltipla";"Reta";"Não";1;1;0;0;0;0;0;1;-25,53015477;-48,74770515;"SPRF-PR";"DEL01-PR";"UOP05-DEL01-PR"
745141;2026-01-12;"segunda-feira";"03:20:00";"AM";174;1008;"PRESIDENTE FIGUEIREDO";"Pista esburacada";"Saída de leito carroçável";"Com Vítimas Fatais";"Plena Noite";"Crescente";"Céu Claro";"Simples";"Reta";"Não";3;1;1;1;0;0;2;1;-1,90094;-60,06425;"SPRF-AM";"DEL01-AM";"UOP02-DEL01-AM"
745142;2026-01-12;"segunda-feira";"00:10:00";"RJ";393;276;"BARRA DO PIRAI";"Transitar na contramão";"Colisão lateral sentido oposto";"Sem Vítimas";"Plena Noite";"Crescente";"Céu Claro";"Simples";"Reta";"Não";7;0;0;0;7;0;0;2;-22,47768861;-44,02019498;"SPRF-RJ";"DEL05-RJ";"UOP04-DEL05-RJ"
745145;2026-01-12;"segunda-feira";"05:40:00";"RJ";101;237;"RIO BONITO";"Condutor Dormindo";"Saída de leito carroçável";"Com Vítimas Feridas";"Amanhecer";"Crescente";"Céu Claro";"Dupla";"Reta";"Sim";3;0;1;0;2;0;1;1;-22,693864;-42,557091;"SPRF-RJ";"DEL02-RJ";"UOP03-DEL02-RJ"
745146;2026-01-12;"segunda-feira";"06:15:00";"RN";304;25;"MOSSORO";"Acessar a via sem observar a presença dos outros veículos";"Colisão transversal";"Com Vítimas Feridas";"Pleno dia";"Decrescente";"Céu Claro";"Simples";"Reta";"Não";2;0;1;0;1;0;1;2;-5,07376471;-37,33191848;"SPRF-RN";"DEL04-RN";"UOP02-DEL04-RN"
745148;2026-01-12;"segunda-feira";"00:10:00";"SC";101;129;"CAMBORIU";"Ingestão de álcool pelo condutor";"Saída de leito carroçável";"Sem Vítimas";"Plena Noite";"Crescente";"Nublado";"Simples";"Reta";"Sim";1;0;0;0;1;0;0;1;-26,98359;-48,67139;"SPRF-SC";"DEL04-SC";"UOP03-DEL04-SC"
745149;2026-01-12;"segunda-feira";"06:30:00";"MG";50;191,5;"UBERABA";"Condutor Dormindo";"Colisão com objeto";"Com Vítimas Feridas";"Pleno dia";"Crescente";"Chuva";"Dupla";"Reta";"Não";1;0;1;0;0;0;1;1;-19,86506;-47,86377;"SPRF-MG";"DEL13-MG";"UOP01-DEL13-MG"
745150;2026-01-12;"segunda-feira";"06:30:00";"SP";116;282;"EMBU DAS ARTES";"Estacionar ou parar em local proibido";"Colisão traseira";"Com Vítimas Feridas";"Pleno dia";"Decrescente";"Céu Claro";"Dupla";"Reta";"Sim";4;0;3;0;1;0;3;1;-23,65392884;-46,84851836;"SPRF-SP";"DEL04-SP";"UOP01-DEL04-SP"
745152;2026-01-12;"segunda-feira";"06:55:00";"RS";158;326;"SANTA MARIA";"Desrespeitar a preferência no cruzamento";"Colisão transversal";"Com Vítimas Feridas";"Pleno dia";"Crescente";"Nublado";"Dupla";"Rotatória";"Sim";2;0;1;0;1;0;1;2;-29,714742;-53,810553;"SPRF-RS";"DEL09-RS";"UOP01-DEL09-RS"
745154;2026-01-12;"segunda-feira";"07:25:00";"SC";101;119;"ITAJAI";"Ausência de reação do condutor";"Tombamento";"Com Vítimas Feridas";"Pleno dia";"Decrescente";"Garoa/Chuvisco";"Múltipla";"Reta";"Sim";1;0;0;1;0;0;1;1;-26,89446362;-48,71990204;"SPRF-SC";"DEL04-SC";"UOP04-DEL04-SC"
745156;2026-01-12;"segunda-feira";"07:15:00";"TO";10;454,6;"PALMAS";"Ausência de reação do condutor";"Colisão traseira";"Sem Vítimas";"Pleno dia";"Crescente";"Céu Claro";"Dupla";"Reta";"Sim";2;0;0;0;2;0;0;2;-10,310022;-48,297206;"SPRF-TO";"DEL01-TO";"UOP03-DEL01-TO"
745157;2026-01-12;"segunda-feira";"07:45:00";"RS";290;82;"GRAVATAI";"Condutor deixou de manter distância do veículo da frente";"Colisão traseira";"Com Vítimas Feridas";"Pleno dia";"Crescente";"Céu Claro";"Múltipla";"Reta";"Não";2;0;1;0;1;0;1;2;-29,95493455;-51,07286453;"SPRF-RS";"DEL01-RS";"UOP01-DEL01-RS"
745158;2026-01-11;"domingo";"22:30:00";"MG";262;180;"SAO DOMINGOS DO PRATA";"Velocidade Incompatível";"Capotamento";"Com Vítimas Feridas";"Plena Noite";"Decrescente";"Céu Claro";"Simples";"Reta";"Não";3;0;1;0;2;0;1;1;-19,927292;-42,995058;"SPRF-MG";"DEL03-MG";"UOP01-DEL03-MG"
745159;2026-01-11;"domingo";"23:00:00";"RJ";40;113;"DUQUE DE CAXIAS";"Reação tardia ou ineficiente do condutor";"Colisão traseira";"Com Vítimas Feridas";"Plena Noite";"Crescente";"Céu Claro";"Múltipla";"Aclive;Reta";"Sim";2;0;1;0;0;1;1;2;-22,70880956;-43,29043313;"SPRF-RJ";"DEL01-RJ";"UOP02-DEL01-RJ"
745160;2026-01-11;"domingo";"19:30:00";"MT";163;1030;"PEIXOTO DE AZEVEDO";"Acessar a via sem observar a presença dos outros veículos";"Colisão transversal";"Com Vítimas Feridas";"Plena Noite";"Crescente";"Céu Claro";"Simples";"Reta";"Sim";2;0;1;0;1;0;1;2;-10,24192349;-54,98660636;"SPRF-MT";"DEL06-MT";"UOP03-DEL06-MT"
745161;2026-01-12;"segunda-feira";"06:40:00";"PA";316;40;"SANTA IZABEL DO PARA";"Reação tardia ou ineficiente do condutor";"Saída de leito carroçável";"Com Vítimas Feridas";"Pleno dia";"Crescente";"Céu Claro";"Dupla";"Reta";"Não";2;0;2;0;0;0;2;1;-1,279739;-48,123226;"SPRF-PA";"DEL01-PA";"UOP01-DEL01-PA"
745162;2026-01-12;"segunda-feira";"07:40:00";"RS";290;104;"ELDORADO DO SUL";"Condutor deixou de manter distância do veículo da frente";"Colisão traseira";"Sem Vítimas";"Pleno dia";"Decrescente";"Céu Claro";"Dupla";"Reta";"Não";1;0;0;0;1;0;0;1;-29,99337;-51,279928;"SPRF-RS";"DEL02-RS";"UOP01-DEL02-RS"
745163;2026-01-12;"segunda-feira";"08:00:00";"RJ";101;328;"NITEROI";"Condutor deixou de manter distância do veículo da frente";"Colisão traseira";"Com Vítimas Feridas";"Pleno dia";"Crescente";"Céu Claro";"Simples";"Ponte;Reta";"Sim";3;0;1;0;2;0;1;2;-22,87079766;-43,16133499;"SPRF-RJ";"DEL02-RJ";"UOP01-DEL02-RJ"
745167;2026-01-12;"segunda-feira";"06:40:00";"RJ";101;287;"ITABORAI";"Avarias e/ou desgaste excessivo no pneu";"Queda de ocupante de veículo";"Com Vítimas Feridas";"Pleno dia";"Crescente";"Céu Claro";"Dupla";"Curva";"Não";2;0;1;0;1;0;1;1;-22,755506;-42,836627;"SPRF-RJ";"DEL02-RJ";"UOP02-DEL02-RJ"
745168;2026-01-12;"segunda-feira";"06:00:00";"BA";116;875;"VITORIA DA CONQUISTA";"Pista esburacada";"Tombamento";"Com Vítimas Feridas";"Pleno dia";"Decrescente";"Nublado";"Simples";"Reta";"Não";2;0;1;0;1;0;1;1;-15,24437;-41,10824;"SPRF-BA";"DEL08-BA";"UOP03-DEL08-BA"
745169;2026-01-12;"segunda-feira";"08:40:00";"RN";101;96,2;"NATAL";"Condutor deixou de manter distância do veículo da frente";"Colisão traseira";"Com Vítimas Feridas";"Pleno dia";"Decrescente";"Sol";"Múltipla";"Reta";"Sim";2;0;1;0;1;0;1;2;-5,85069;-35,209418;"SPRF-RN";"DEL01-RN";"UOP01-DEL01-RN"
745170;2026-01-12;"segunda-feira";"07:56:00";"MG";381;501;"BETIM";"Reação tardia ou ineficiente do condutor";"Colisão traseira";"Com Vítimas Feridas";"Pleno dia";"Decrescente";"Céu Claro";"Dupla";"Reta";"Não";7;0;1;0;6;0;1;5;-20,01076275;-44,2186693;"SPRF-MG";"DEL01-MG";"UOP03-DEL01-MG"
745171;2026-01-12;"segunda-feira";"07:25:00";"SP";116;132,9;"CACAPAVA";"Trafegar com motocicleta (ou similar) entre as faixas";"Tombamento";"Com Vítimas Feridas";"Pleno dia";"Crescente";"Céu Claro";"Dupla";"Reta";"Sim";1;0;1;0;0;0;1;1;-23,1325067;-45,74681282;"SPRF-SP";"DEL02-SP";"UOP02-DEL02-SP"
745172;2026-01-12;"segunda-feira";"08:35:00";"PR";116;29;"CAMPINA GRANDE DO SUL";"Pista Escorregadia";"Saída de leito carroçável";"Com Vítimas Feridas";"Pleno dia";"Decrescente";"Chuva";"Dupla";"Declive;Curva";"Não";2;0;1;0;1;0;1;1;-25,11227662;-48,81332271;"SPRF-PR";"DEL01-PR";"UOP02-DEL01-PR"
745173;2026-01-11;"domingo";"23:30:00";"RJ";40;111;"DUQUE DE CAXIAS";"Acessar a via sem observar a presença dos outros veículos";"Colisão traseira";"Com Vítimas Feridas";"Plena Noite";"Decrescente";"Céu Claro";"Dupla";"Reta";"Sim";3;0;1;1;1;0;2;2;-22,692585;-43,287437;"SPRF-RJ";"DEL01-RJ";"UOP02-DEL01-RJ"
745174;2026-01-12;"segunda-feira";"07:50:00";"RJ";101;416;"MANGARATIBA";"Conversão proibida";"Colisão transversal";"Com Vítimas Feridas";"Pleno dia";"Crescente";"Sol";"Simples";"Aclive;Reta";"Não";3;0;1;0;2;0;1;2;-22,91458873;-43,90144014;"SPRF-RJ";"DEL03-RJ";"UOP02-DEL03-RJ"
745175;2026-01-12;"segunda-feira";"08:30:00";"RJ";116;191;"NOVA IGUACU";"Ausência de reação do condutor";"Colisão traseira";"Com Vítimas Feridas";"Pleno dia";"Decrescente";"Céu Claro";"Dupla";"Reta";"Sim";3;0;1;0;2;0;1;2;-22,74359639;-43,50588735;"SPRF-RJ";"DEL06-RJ";"UOP01-DEL06-RJ"
745178;2026-01-06;"terça-feira";"18:06:00";"BA";324;619;"SALVADOR";"Acesso irregular";"Colisão lateral mesmo sentido";"Com Vítimas Feridas";"Anoitecer";"Decrescente";"Céu Claro";"Dupla";"Reta";"Não";4;0;1;0;3;0;1;3;-12,90685952;-38,4576416;"SPRF-BA";"DEL01-BA";"UOP01-DEL01-BA"
745179;2026-01-12;"segunda-feira";"07:15:00";"MG";153;8;"ARAPORA";"Ausência de reação do condutor";"Saída de leito carroçável";"Sem Vítimas";"Pleno dia";"Crescente";"Céu Claro";"Dupla";"Reta";"Não";1;0;0;0;0;1;0;1;-18,495275;-49,188932;"SPRF-MG";"DEL15-MG";"UOP03-DEL15-MG"
745180;2026-01-12;"segunda-feira";"09:15:00";"MG";116;413,8;"GOVERNADOR VALADARES";"Condutor deixou de manter distância do veículo da frente";"Colisão traseira";"Com Vítimas Feridas";"Pleno dia";"Decrescente";"Sol";"Simples";"Reta;Ponte";"Sim";3;0;0;2;1;0;2;2;-18,8831463;-41,9537906;"SPRF-MG";"DEL06-MG";"UOP01-DEL06-MG"
745182;2026-01-12;"segunda-feira";"10:00:00";"SC";101;124;"ITAJAI";"Ausência de reação do condutor";"Tombamento";"Com Vítimas Feridas";"Pleno dia";"Decrescente";"Nublado";"Dupla";"Reta";"Não";2;0;1;1;0;0;2;1;-26,9405674;-48,69460478;"SPRF-SC";"DEL04-SC";"UOP04-DEL04-SC"
745186;2026-01-12;"segunda-feira";"07:10:00";"MT";364;204,7;"RONDONOPOLIS";"Acessar a via sem observar a presença dos outros veículos";"Colisão transversal";"Com Vítimas Feridas";"Pleno dia";"Decrescente";"Sol";"Dupla";"Rotatória;Reta";"Sim";4;0;1;0;3;0;1;2;-16,457365;-54,662006;"SPRF-MT";"DEL02-MT";"UOP01-DEL02-MT"
745187;2026-01-12;"segunda-feira";"07:30:00";"ES";262;88;"DOMINGOS MARTINS";"Demais falhas mecânicas ou elétricas";"Incêndio";"Sem Vítimas";"Pleno dia";"Crescente";"Céu Claro";"Simples";"Reta";"Não";1;0;0;0;0;1;0;1;-20,38881693;-41,01515716;"SPRF-ES";"DEL01-ES";"UOP02-DEL01-ES"
745188;2026-01-12;"segunda-feira";"09:20:00";"MG";116;506,5;"UBAPORANGA";"Acessar a via sem observar a presença dos outros veículos";"Colisão transversal";"Com Vítimas Feridas";"Pleno dia";"Crescente";"Céu Claro";"Simples";"Reta;Interseção de Vias";"Não";2;0;1;0;1;0;1;2;-19,62417271;-42,10611821;"SPRF-MG";"DEL06-MG";"UOP02-DEL06-MG"
745189;2026-01-12;"segunda-feira";"08:42:00";"AP";210;1;"MACAPA";"Condutor deixou de manter distância do veículo da frente";"Colisão traseira";"Com Vítimas Feridas";"Pleno dia";"Crescente";"Céu Claro";"Dupla";"Curva";"Sim";3;0;0;1;2;0;1;2;0,07832635;-51,07033823;"SPRF-AP";"DEL01-AP";"UOP01-DEL01-AP"
745190;2026-01-12;"segunda-feira";"09:39:00";"PE";101;61;"RECIFE";"Entrada inopinada do pedestre";"Atropelamento de Pedestre";"Com Vítimas Feridas";"Pleno dia";"Decrescente";"Céu Claro";"Simples";"Reta";"Sim";2;0;0;1;1;0;1;2;-8,00177763;-34,93816514;"SPRF-PE";"DEL01-PE";"UOP02-DEL01-PE"
745191;2026-01-12;"segunda-feira";"09:50:00";"PR";277;32;"MORRETES";"Velocidade Incompatível";"Colisão com objeto";"Com Vítimas Feridas";"Pleno dia";"Decrescente";"Nublado";"Dupla";"Declive;Curva";"Não";2;0;1;0;1;0;1;1;-25,56121;-48,809847;"SPRF-PR";"DEL01-PR";"UOP05-DEL01-PR"
745192;2026-01-12;"segunda-feira";"07:50:00";"PR";376;342;"ORTIGUEIRA";"Demais falhas mecânicas ou elétricas";"Incêndio";"Sem Vítimas";"Pleno dia";"Crescente";"Nublado";"Simples";"Curva;Declive";"Não";5;0;0;0;5;0;0;1;-24,17008453;-50,96714422;"SPRF-PR";"DEL07-PR";"UOP02-DEL07-PR"
745193;2026-01-12;"segunda-feira";"08:30:00";"SC";101;69;"ARAQUARI";"Chuva";"Saída de leito carroçável";"Sem Vítimas";"Pleno dia";"Decrescente";"Chuva";"Múltipla";"Reta";"Não";1;0;0;0;1;0;0;1;-26,49984248;-48,72951508;"SPRF-SC";"DEL03-SC";"UOP02-DEL03-SC"
745194;2026-01-12;"segunda-feira";"09:48:00";"PR";277;705;"SAO MIGUEL DO IGUACU";"Pista Escorregadia";"Queda de ocupante de veículo";"Com Vítimas Feridas";"Pleno dia";"Crescente";"Céu Claro";"Dupla";"Reta";"Sim";1;0;1;0;0;0;1;1;-25,40443782;-54,3257618;"SPRF-PR";"DEL05-PR";"UOP01-DEL05-PR"
745195;2026-01-12;"segunda-feira";"10:22:00";"RN";101;109,9;"PARNAMIRIM";"Demais falhas na via";"Colisão lateral mesmo sentido";"Com Vítimas Feridas";"Pleno dia";"Decrescente";"Céu Claro";"Dupla";"Reta";"Sim";3;0;1;0;2;0;1;2;-5,932935;-35,264703;"SPRF-RN";"DEL01-RN";"UOP01-DEL01-RN"
745199;2026-01-12;"segunda-feira";"10:22:00";"ES";101;263,9;"SERRA";"Retorno proibido";"Colisão transversal";"Com Vítimas Feridas";"Pleno dia";"Decrescente";"Sol";"Dupla";"Interseção de Vias;Reta";"Sim";2;0;0;1;1;0;1;2;-20,17321914;-40,26736021;"SPRF-ES";"DEL02-ES";"UOP01-DEL02-ES"
745200;2026-01-12;"segunda-feira";"08:10:00";"RJ";393;105;"SAPUCAIA";"Mal súbito do condutor";"Colisão com objeto";"Com Vítimas Feridas";"Pleno dia";"Crescente";"Sol";"Simples";"Reta";"Não";1;0;1;0;0;0;1;1;-21,88351146;-42,68985298;"SPRF-RJ";"DEL05-RJ";"UOP01-DEL05-RJ"
745201;2026-01-08;"quinta-feira";"22:30:00";"PR";272;563;"GUAIRA";"Ausência de reação do condutor";"Colisão lateral sentido oposto";"Sem Vítimas";"Plena Noite";"Crescente";"Céu Claro";"Simples";"Reta";"Não";3;0;0;0;3;0;0;2;-24,09289396;-54,19646708;"SPRF-PR";"DEL06-PR";"UOP01-DEL06-PR"
745202;2026-01-12;"segunda-feira";"08:20:00";"DF";20;11,3;"BRASILIA";"Acessar a via sem observar a presença dos outros veículos";"Colisão transversal";"Com Vítimas Feridas";"Pleno dia";"Decrescente";"Nublado";"Dupla";"Retorno Regulamentado;Reta";"Sim";2;0;1;0;1;0;1;2;-15,63608114;-47,74146974;"SPRF-DF";"DEL02-DF";"UOP01-DEL02-DF"
745204;2026-01-12;"segunda-feira";"11:40:00";"PR";376;625;"SAO JOSE DOS PINHAIS";"Reação tardia ou ineficiente do condutor";"Engavetamento";"Sem Vítimas";"Pleno dia";"Crescente";"Céu Claro";"Dupla";"Reta";"Não";6;0;0;0;5;1;0;4;-25,64881;-49,157908;"SPRF-PR";"DEL01-PR";"UOP04-DEL01-PR"
745205;2026-01-12;"segunda-feira";"11:35:00";"SC";101;40;"JOINVILLE";"Transitar na contramão";"Queda de ocupante de veículo";"Com Vítimas Feridas";"Pleno dia";"Decrescente";"Nublado";"Múltipla";"Reta;Aclive";"Sim";1;0;1;0;0;0;1;1;-26,31217887;-48,87452301;"SPRF-SC";"DEL03-SC";"UOP01-DEL03-SC"
745206;2026-01-12;"segunda-feira";"11:30:00";"RN";101;81,8;"SAO GONCALO DO AMARANTE";"Frear bruscamente";"Queda de ocupante de veículo";"Com Vítimas Feridas";"Pleno dia";"Crescente";"Garoa/Chuvisco";"Simples";"Interseção de Vias";"Sim";1;0;1;0;0;0;1;1;-5,76701838;-35,27760386;"SPRF-RN";"DEL02-RN";"UOP01-DEL02-RN"
745207;2026-01-12;"segunda-feira";"10:00:00";"SC";101;37;"JOINVILLE";"Ausência de reação do condutor";"Saída de leito carroçável";"Com Vítimas Feridas";"Pleno dia";"Crescente";"Nublado";"Simples";"Reta";"Não";1;0;1;0;0;0;1;1;-26,28464668;-48,88838617;"SPRF-SC";"DEL03-SC";"UOP01-DEL03-SC"
745208;2026-01-12;"segunda-feira";"11:15:00";"PB";230;157,7;"CAMPINA GRANDE";"Acessar a via sem observar a presença dos outros veículos";"Colisão transversal";"Com Vítimas Feridas";"Pleno dia";"Decrescente";"Sol";"Simples";"Rotatória";"Sim";2;0;0;1;1;0;1;2;-7,262674;-35,92153;"SPRF-PB";"DEL02-PB";"UOP01-DEL02-PB"