"id";"data_inversa";"dia_semana";"horario";"uf";"br";"km";"municipio";"causa_acidente";"tipo_acidente";"classificacao_acidente";"fase_dia";"sentido_via";"condicao_metereologica";"tipo_pista";"tracado_via";"uso_solo";"pessoas";"mortos";"feridos_leves";"feridos_graves";"ilesos";"ignorados";"feridos";"veiculos";"latitude";"longitude";"regional";"delegacia";"uop"
745446;2026-01-13;"terça-feira";"15:30:00";"RJ";40;105;"DUQUE DE CAXIAS";"Acumulo de areia ou detritos sobre o pavimento";"Queda de ocupante de veículo";"Com Vítimas Feridas";"Pleno dia";"Decrescente";"Céu Claro";"Dupla";"Reta";"Sim";2;0;1;0;1;0;1;1;-22,64094701;-43,28338623;"SPRF-RJ";"DEL01-RJ";"UOP02-DEL01-RJ"
745447;2026-01-13;"terça-feira";"17:00:00";"PR";376;485;"PONTA GROSSA";"Reação tardia ou ineficiente do condutor";"Queda de ocupante de veículo";"Com Vítimas Feridas";"Pleno dia";"Crescente";"Nublado";"Dupla";"Curva;Declive;Viaduto";"Sim";1;0;1;0;0;0;1;1;-25,1028283;-50,1994699;"SPRF-PR";"DEL03-PR";"UOP04-DEL03-PR"
745448;2026-01-11;"domingo";"12:20:00";"RJ";101;414;"MANGARATIBA";"Velocidade Incompatível";"Colisão traseira";"Com Vítimas Feridas";"Pleno dia";"Crescente";"Céu Claro";"Simples";"Reta";"Não";3;0;2;0;1;0;2;2;-22,91019952;-43,89289711;"SPRF-RJ";"DEL03-RJ";"UOP01-DEL03-RJ"
745449;2026-01-13;"terça-feira";"17:30:00";"MG";40;630,9;"CONSELHEIRO LAFAIETE";"Acessar a via sem observar a presença dos outros veículos";"Colisão lateral mesmo sentido";"Com Vítimas Feridas";"Anoitecer";"Decrescente";"Nublado";"Simples";"Aclive;Reta";"Sim";6;0;0;1;5;0;1;2;-20,66931785;-43,80148172;"SPRF-MG";"DEL05-MG";"UOP02-DEL05-MG"
745450;2026-01-13;"terça-feira";"17:55:00";"SC";101;137;"BALNEARIO CAMBORIU";"Manobra de mudança de faixa";"Colisão lateral mesmo sentido";"Com Vítimas Feridas";"Pleno dia";"Crescente";"Nublado";"Múltipla";"Reta";"Sim";2;0;1;0;0;1;1;2;-27,01443081;-48,61283898;"SPRF-SC";"DEL04-SC";"UOP03-DEL04-SC"
745451;2026-01-13;"terça-feira";"18:30:00";"SC";101;207;"FLORIANOPOLIS";"Ausência de reação do condutor";"Queda de ocupante de veículo";"Com Vítimas Feridas";"Anoitecer";"Crescente";"Nublado";"Múltipla";"Reta";"Sim";1;0;1;0;0;0;1;1;-27,5939328;-48,5556224;"SPRF-SC";"DEL01-SC";"UOP01-DEL01-SC"
745452;2026-01-13;"terça-feira";"18:20:00";"RJ";101;478,5;"ANGRA DOS REIS";"Ausência de reação do condutor";"Colisão traseira";"Com Vítimas Feridas";"Pleno dia";"Decrescente";"Céu Claro";"Simples";"Reta";"Não";3;0;1;0;2;0;1;2;-23,00559648;-44,27673;"SPRF-RJ";"DEL03-RJ";"UOP03-DEL03-RJ"
745453;2026-01-13;"terça-feira";"18:30:00";"BA";116;10,7;"VITORIA DA CONQUISTA";"Acessar a via sem observar a presença dos outros veículos";"Colisão transversal";"Com Vítimas Feridas";"Anoitecer";"Decrescente";"Ignorado";"Simples";"Interseção de Vias;Reta";"Sim";2;0;2;0;0;0;2;2;-14,864218;-40,872835;"SPRF-BA";"DEL08-BA";"UOP01-DEL08-BA"
745455;2026-01-13;"terça-feira";"16:45:00";"MT";163;96,9;"RONDONOPOLIS";"Ingestão de álcool pelo condutor";"Saída de leito carroçável";"Com Vítimas Feridas";"Pleno dia";"Crescente";"Nublado";"Dupla";"Declive;Reta";"Não";2;0;2;0;0;0;2;1;-16,679708;-54,671191;"SPRF-MT";"DEL02-MT";"UOP03-DEL02-MT"
745456;2026-01-13;"terça-feira";"18:00:00";"RO";319;142;"PORTO VELHO";"Reação tardia ou ineficiente do condutor";"Atropelamento de Pedestre";"Com Vítimas Feridas";"Pleno dia";"Decrescente";"Céu Claro";"Dupla";"Reta";"Sim";2;0;1;0;1;0;1;2;-8,75788802;-63,88595126;"SPRF-RO";"DEL01-RO";"UOP01-DEL01-RO"
745457;2026-01-13;"terça-feira";"18:40:00";"RS";116;110;"SAO MARCOS";"Acessar a via sem observar a presença dos outros veículos";"Colisão lateral mesmo sentido";"Com Vítimas Feridas";"Pleno dia";"Decrescente";"Céu Claro";"Dupla";"Reta";"Não";3;0;2;1;0;0;3;2;-28,9409693;-51,0897078;"SPRF-RS";"DEL05-RS";"UOP01-DEL05-RS"
745459;2026-01-13;"terça-feira";"18:20:00";"PR";116;115;"CURITIBA";"Trafegar com motocicleta (ou similar) entre as faixas";"Colisão traseira";"Com Vítimas Feridas";"Plena Noite";"Decrescente";"Nublado";"Dupla";"Reta";"Não";2;0;1;0;0;1;1;2;-25,54457988;-49,30260357;"SPRF-PR";"DEL01-PR";"UOP03-DEL01-PR"
745462;2026-01-13;"terça-feira";"17:10:00";"AC";317;217;"XAPURI";"Acumulo de água sobre o pavimento";"Saída de leito carroçável";"Sem Vítimas";"Pleno dia";"Decrescente";"Chuva";"Simples";"Reta";"Não";2;0;0;0;2;0;0;1;-10,7257909;-68,4302207;"SPRF-AC";"DEL01-AC";"UOP02-DEL01-AC"
745463;2026-01-13;"terça-feira";"17:29:00";"MS";163;490;"CAMPO GRANDE";"Ausência de reação do condutor";"Engavetamento";"Com Vítimas Feridas";"Anoitecer";"Crescente";"Nublado";"Dupla";"Curva";"Não";3;0;1;0;2;0;1;3;-20,39261818;-54,55589382;"SPRF-MS";"DEL01-MS";"UOP02-DEL01-MS"
745464;2026-01-13;"terça-feira";"17:00:00";"MT";70;335;"DOM AQUINO";"Ausência de reação do condutor";"Saída de leito carroçável";"Sem Vítimas";"Anoitecer";"Decrescente";"Nublado";"Simples";"Reta";"Não";1;0;0;0;0;1;0;1;-15,522165;-54,755877;"SPRF-MT";"DEL05-MT";"UOP01-DEL05-MT"
745465;2026-01-13;"terça-feira";"19:50:00";"MG";40;528,7;"CONTAGEM";"Reação tardia ou ineficiente do condutor";"Colisão traseira";"Com Vítimas Feridas";"Plena Noite";"Decrescente";"Chuva";"Dupla";"Curva";"Sim";3;0;3;0;0;0;3;2;-19,91300191;-44,04048711;"SPRF-MG";"DEL01-MG";"UOP02-DEL01-MG"
745466;2026-01-13;"terça-feira";"18:15:00";"RJ";40;123;"DUQUE DE CAXIAS";"Ingestão de substâncias psicoativas pelo condutor";"Colisão traseira";"Com Vítimas Feridas";"Plena Noite";"Crescente";"Céu Claro";"Dupla";"Reta";"Sim";2;0;0;1;1;0;1;2;-22,7943192;-43,2880122;"SPRF-RJ";"DEL01-RJ";"UOP02-DEL01-RJ"
745467;2026-01-13;"terça-feira";"20:15:00";"GO";60;1,2;"SANTO ANTONIO DO DESCOBERTO";"Ausência de reação do condutor";"Saída de leito carroçável";"Com Vítimas Feridas";"Plena Noite";"Decrescente";"Céu Claro";"Dupla";"Curva;Declive";"Não";4;0;1;3;0;0;4;1;-16,062863;-48,264015;"SPRF-DF";"DEL03-DF";"UOP01-DEL03-DF"
745468;2026-01-13;"terça-feira";"19:30:00";"PE";232;390;"SERRA TALHADA";"Animais na Pista";"Atropelamento de Animal";"Com Vítimas Feridas";"Plena Noite";"Crescente";"Céu Claro";"Simples";"Reta";"Não";2;0;2;0;0;0;2;1;-8,03119808;-38,13889566;"SPRF-PE";"DEL04-PE";"UOP01-DEL04-PE"
745469;2026-01-13;"terça-feira";"17:00:00";"PE";424;35;"VENTUROSA";"Ausência de reação do condutor";"Saída de leito carroçável";"Sem Vítimas";"Anoitecer";"Decrescente";"Céu Claro";"Simples";"Reta";"Não";2;0;0;0;0;2;0;2;-8,625498;-36,845037;"SPRF-PE";"DEL04-PE";"UOP02-DEL04-PE"
745471;2026-01-13;"terça-feira";"20:15:00";"SP";116;371,9;"MIRACATU";"Condutor deixou de manter distância do veículo da frente";"Colisão traseira";"Com Vítimas Feridas";"Plena Noite";"Decrescente";"Nublado";"Dupla";"Reta";"Não";4;0;0;1;3;0;1;2;-24,16480521;-47,33240604;"SPRF-SP";"DEL04-SP";"UOP02-DEL04-SP"
745472;2026-01-13;"terça-feira";"19:30:00";"RS";116;223;"DOIS IRMAOS";"Animais na Pista";"Atropelamento de Animal";"Com Vítimas Feridas";"Plena Noite";"Crescente";"Nublado";"Simples";"Aclive";"Não";1;0;1;0;0;0;1;1;-29,5981391;-51,11105768;"SPRF-RS";"DEL01-RS";"UOP02-DEL01-RS"
745473;2026-01-13;"terça-feira";"20:45:00";"PE";101;69,1;"RECIFE";"Reação tardia ou ineficiente do condutor";"Saída de leito carroçável";"Com Vítimas Feridas";"Plena Noite";"Decrescente";"Céu Claro";"Dupla";"Curva";"Sim";1;0;1;0;0;0;1;1;-8,06067;-34,94563;"SPRF-PE";"DEL01-PE";"UOP01-DEL01-PE"
745475;2026-01-13;"terça-feira";"19:00:00";"PI";20;342;"FRANCISCO SANTOS";"Transitar na contramão";"Colisão frontal";"Com Vítimas Feridas";"Plena Noite";"Decrescente";"Céu Claro";"Simples";"Reta";"Não";2;0;1;0;0;1;1;2;-6,94704583;-41,16225243;"SPRF-PI";"DEL04-PI";"UOP01-DEL04-PI"
745476;2026-01-13;"terça-feira";"21:14:00";"TO";153;581;"SANTA RITA DO TOCANTINS";"Objeto estático sobre o leito carroçável";"Colisão com objeto";"Com Vítimas Feridas";"Plena Noite";"Crescente";"Nublado";"Simples";"Aclive;Reta";"Não";1;0;1;0;0;0;1;1;-10,927617;-48,908487;"SPRF-TO";"DEL01-TO";"UOP01-DEL01-TO"
745478;2026-01-13;"terça-feira";"21:30:00";"MG";40;629,4;"CONSELHEIRO LAFAIETE";"Velocidade Incompatível";"Colisão com objeto";"Com Vítimas Feridas";"Plena Noite";"Crescente";"Chuva";"Simples";"Ponte";"Não";1;0;1;0;0;0;1;1;-20,656461;-43,803378;"SPRF-MG";"DEL05-MG";"UOP02-DEL05-MG"
745480;2026-01-13;"terça-feira";"21:40:00";"SP";153;69;"SAO JOSE DO RIO PRETO";"Animais na Pista";"Atropelamento de Animal";"Sem Vítimas";"Plena Noite";"Decrescente";"Nublado";"Dupla";"Curva";"Sim";1;0;0;0;1;0;0;1;-20,851238;-49,398208;"SPRF-SP";"DEL09-SP";"UOP01-DEL09-SP"
745481;2026-01-13;"terça-feira";"18:15:00";"PR";153;7,3;"JACAREZINHO";"Afundamento ou ondulação no pavimento";"Tombamento";"Com Vítimas Feridas";"Anoitecer";"Decrescente";"Céu Claro";"Simples";"Em Obras;Reta";"Não";1;0;1;0;0;0;1;1;-23,05730488;-49,93051023;"SPRF-PR";"DEL07-PR";"UOP04-DEL07-PR"
745482;2026-01-13;"terça-feira";"20:00:00";"PR";116;12;"COLOMBO";"Ausência de reação do condutor";"Saída de leito carroçável";"Com Vítimas Feridas";"Plena Noite";"Crescente";"Céu Claro";"Dupla";"Curva";"Sim";1;0;1;0;0;0;1;1;-25,37319544;-49,14405012;"SPRF-PR";"DEL01-PR";"UOP02-DEL01-PR"
745485;2026-01-13;"terça-feira";"21:30:00";"PR";277;5;"FOZ DO IGUACU";"Conversão proibida";"Colisão transversal";"Com Vítimas Feridas";"Plena Noite";"Crescente";"Céu Claro";"Simples";"Declive";"Sim";3;0;2;0;1;0;2;2;-25,53396126;-54,52840805;"SPRF-PR";"DEL05-PR";"UOP04-DEL05-PR"
745487;2026-01-13;"terça-feira";"22:13:00";"SC";101;156;"ITAPEMA";"Avarias e/ou desgaste excessivo no pneu";"Queda de ocupante de veículo";"Com Vítimas Feridas";"Plena Noite";"Decrescente";"Céu Claro";"Dupla";"Reta";"Não";1;0;1;0;0;0;1;1;-27,06600774;-48,59578997;"SPRF-SC";"DEL04-SC";"UOP03-DEL04-SC"
745488;2026-01-13;"terça-feira";"23:15:00";"SC";101;132;"BALNEARIO CAMBORIU";"Manobra de mudança de faixa";"Colisão lateral mesmo sentido";"Com Vítimas Feridas";"Plena Noite";"Crescente";"Nublado";"Múltipla";"Reta";"Sim";3;0;3;0;0;0;3;2;-26,99889;-48,648455;"SPRF-SC";"DEL04-SC";"UOP03-DEL04-SC"
745490;2026-01-13;"terça-feira";"23:15:00";"MG";262;370;"JUATUBA";"Reação tardia ou ineficiente do condutor";"Colisão frontal";"Com Vítimas Feridas";"Plena Noite";"Crescente";"Chuva";"Dupla";"Aclive;Reta";"Não";2;0;0;1;1;0;1;2;-19,93698395;-44,39047015;"SPRF-MG";"DEL01-MG";"UOP03-DEL01-MG"
745491;2026-01-13;"terça-feira";"18:50:00";"RJ";393;142;"SAPUCAIA";"Acessar a via sem observar a presença dos outros veículos";"Colisão transversal";"Com Vítimas Feridas";"Plena Noite";"Crescente";"Nublado";"Simples";"Reta";"Sim";2;0;0;1;1;0;1;2;-22,03946814;-42,99031952;"SPRF-RJ";"DEL05-RJ";"UOP01-DEL05-RJ"
745494;2026-01-14;"quarta-feira";"00:30:00";"PR";376;543,3;"PALMEIRA";"Ausência de reação do condutor";"Saída de leito carroçável";"Com Vítimas Feridas";"Plena Noite";"Crescente";"Nublado";"Dupla";"Reta";"Não";1;0;1;0;0;0;1;1;-25,42236993;-49,76511095;"SPRF-PR";"DEL03-PR";"UOP03-DEL03-PR"
745498;2026-01-14;"quarta-feira";"00:29:00";"MT";163;678;"LUCAS DO RIO VERDE";"Demais falhas mecânicas ou elétricas";"Saída de leito carroçável";"Com Vítimas Feridas";"Plena Noite";"Decrescente";"Céu Claro";"Simples";"Em Obras;Desvio Temporário;Curva";"Não";27;0;9;0;18;0;9;1;-13,149509;-55,970904;"SPRF-MT";"DEL06-MT";"UOP01-DEL06-MT"
745499;2026-01-14;"quarta-feira";"02:53:00";"SP";116;321;"JUQUITIBA";"Ingestão de álcool pelo condutor";"Saída de leito carroçável";"Com Vítimas Feridas";"Plena Noite";"Decrescente";"Nublado";"Dupla";"Reta";"Não";1;0;1;0;0;0;1;1;-23,92360099;-46,99261884;"SPRF-SP";"DEL04-SP";"UOP03-DEL04-SP"
745501;2026-01-14;"quarta-feira";"04:00:00";"MG";40;580;"ITABIRITO";"Condutor Dormindo";"Saída de leito carroçável";"Com Vítimas Feridas";"Plena Noite";"Decrescente";"Nublado";"Dupla";"Curva;Declive";"Não";2;0;2;0;0;0;2;1;-20,295056;-43,937866;"SPRF-MG";"DEL01-MG";"UOP02-DEL01-MG"
745502;2026-01-14;"quarta-feira";"05:50:00";"RS";116;299;"GUAIBA";"Condutor usando celular";"Colisão traseira";"Com Vítimas Feridas";"Pleno dia";"Crescente";"Sol";"Dupla";"Reta";"Não";2;0;1;0;1;0;1;2;-30,112468;-51,344618;"SPRF-RS";"DEL02-RS";"UOP01-DEL02-RS"
745507;2026-01-14;"quarta-feira";"06:14:00";"MS";60;417,5;"SIDROLANDIA";"Demais falhas mecânicas ou elétricas";"Tombamento";"Com Vítimas Feridas";"Pleno dia";"Decrescente";"Céu Claro";"Dupla";"Retorno Regulamentado;Reta;Aclive";"Não";2;0;2;0;0;0;2;1;-20,8990209;-54,89992746;"SPRF-MS";"DEL01-MS";"UOP04-DEL01-MS"
745508;2026-01-14;"quarta-feira";"04:15:00";"AL";101;33,9;"JOAQUIM GOMES";"Ausência de reação do condutor";"Saída de leito carroçável";"Com Vítimas Feridas";"Amanhecer";"Crescente";"Ignorado";"Dupla";"Curva";"Não";1;0;1;0;0;0;1;1;-9,11460458;-35,76433746;"SPRF-AL";"DEL01-AL";"UOP02-DEL01-AL"
745509;2026-01-14;"quarta-feira";"07:00:00";"PR";116;126;"FAZENDA RIO GRANDE";"Condutor desrespeitou a iluminação vermelha do semáforo";"Colisão transversal";"Com Vítimas Feridas";"Pleno dia";"Decrescente";"Céu Claro";"Dupla";"Reta;Interseção de Vias";"Sim";3;0;1;0;2;0;1;2;-25,637117;-49,313042;"SPRF-PR";"DEL01-PR";"UOP03-DEL01-PR"
745510;2026-01-14;"quarta-feira";"06:45:00";"SC";470;6;"NAVEGANTES";"Velocidade Incompatível";"Colisão lateral mesmo sentido";"Com Vítimas Feridas";"Pleno dia";"Crescente";"Céu Claro";"Dupla";"Reta";"Sim";4;0;1;2;1;0;3;4;-26,8537912;-48,7065624;"SPRF-SC";"DEL04-SC";"UOP04-DEL04-SC"
745511;2026-01-14;"quarta-feira";"06:50:00";"DF";70;19;"BRASILIA";"Reação tardia ou ineficiente do condutor";"Queda de ocupante de veículo";"Com Vítimas Feridas";"Amanhecer";"Decrescente";"Céu Claro";"Dupla";"Reta;Aclive";"Não";1;0;1;0;0;0;1;1;-15,78914041;-48,22019074;"SPRF-DF";"DEL03-DF";"UOP02-DEL03-DF"
745512;2026-01-13;"terça-feira";"21:00:00";"BA";116;303;"TUCANO";"Condutor Dormindo";"Saída de leito carroçável";"Com Vítimas Fatais";"Plena Noite";"Crescente";"Céu Claro";"Simples";"Reta";"Não";2;1;1;0;0;0;1;1;-11,202255;-38,874209;"SPRF-BA";"DEL07-BA";"UOP02-DEL07-BA"
745513;2026-01-14;"quarta-feira";"07:20:00";"SC";101;84,3;"BARRA VELHA";"Condutor deixou de manter distância do veículo da frente";"Colisão traseira";"Com Vítimas Feridas";"Pleno dia";"Decrescente";"Céu Claro";"Dupla";"Reta";"Não";2;0;1;0;1;0;1;2;-26,62600463;-48,71112283;"SPRF-SC";"DEL03-SC";"UOP02-DEL03-SC"
745514;2026-01-14;"quarta-feira";"07:00:00";"PR";376;536,3;"PALMEIRA";"Carga excessiva e/ou mal acondicionada";"Tombamento";"Com Vítimas Feridas";"Pleno dia";"Decrescente";"Céu Claro";"Dupla";"Aclive;Reta";"Não";1;0;0;1;0;0;1;1;-25,375172;-49,814372;"SPRF-PR";"DEL03-PR";"UOP03-DEL03-PR"
745515;2026-01-14;"quarta-feira";"06:45:00";"ES";101;285;"CARIACICA";"Condutor deixou de manter distância do veículo da frente";"Colisão traseira";"Com Vítimas Feridas";"Pleno dia";"Crescente";"Céu Claro";"Múltipla";"Reta";"Sim";3;0;2;0;1;0;2;2;-20,262061;-40,379552;"SPRF-ES";"DEL01-ES";"UOP01-DEL01-ES"
745517;2026-01-14;"quarta-feira";"07:17:00";"PB";101;88;"JOAO PESSOA";"Condutor deixou de manter distância do veículo da frente";"Colisão traseira";"Com Vítimas Feridas";"Pleno dia";"Decrescente";"Nublado";"Dupla";"Reta";"Sim";2;0;1;0;0;1;1;2;-7,173245;-34,898148;"SPRF-PB";"DEL01-PB";"UOP01-DEL01-PB"
745518;2026-01-14;"quarta-feira";"06:45:00";"MA";135;8;"SAO LUIS";"Velocidade Incompatível";"Saída de leito carroçável";"Sem Vítimas";"Amanhecer";"Crescente";"Nublado";"Dupla";"Reta";"Não";1;0;0;0;1;0;0;1;-2,61520101;-44,32068944;"SPRF-MA";"DEL01-MA";"UOP01-DEL01-MA"
745519;2026-01-14;"quarta-feira";"05:50:00";"MG";40;519,2;"CONTAGEM";"Ausência de reação do condutor";"Colisão traseira";"Com Vítimas Feridas";"Pleno dia";"Crescente";"Nublado";"Dupla";"Reta";"Sim";4;0;2;0;2;0;2;3;-19,8458608;-44,0736137;"SPRF-MG";"DEL01-MG";"UOP02-DEL01-MG"
745520;2026-01-14;"quarta-feira";"07:17:00";"RN";427;111;"SAO FERNANDO";"Animais na Pista";"Atropelamento de Animal";"Com Vítimas Feridas";"Pleno dia";"Crescente";"Céu Claro";"Simples";"Reta";"Não";1;0;0;1;0;0;1;1;-6,447832;-37,143807;"SPRF-RN";"DEL03-RN";"UOP01-DEL03-RN"
745521;2026-01-13;"terça-feira";"23:00:00";"RJ";116;187;"NOVA IGUACU";"Velocidade Incompatível";"Colisão traseira";"Com Vítimas Feridas";"Plena Noite";"Crescente";"Sol";"Dupla";"Reta";"Sim";3;0;0;1;2;0;1;3;-22,7395204;-43,46435873;"SPRF-RJ";"DEL06-RJ";"UOP01-DEL06-RJ"
745526;2026-01-14;"quarta-feira";"07:50:00";"GO";70;2,2;"AGUAS LINDAS DE GOIAS";"Condutor deixou de manter distância do veículo da frente";"Colisão transversal";"Com Vítimas Feridas";"Pleno dia";"Decrescente";"Céu Claro";"Dupla";"Declive";"Sim";2;0;1;0;1;0;1;2;-15,761915;-48,237095;"SPRF-DF";"DEL03-DF";"UOP02-DEL03-DF"
745528;2026-01-14;"quarta-feira";"08:10:00";"PR";116;112;"CURITIBA";"Trafegar com motocicleta (ou similar) entre as faixas";"Colisão traseira";"Com Vítimas Feridas";"Pleno dia";"Decrescente";"Céu Claro";"Dupla";"Reta";"Não";2;0;1;0;1;0;1;2;-25,55056;-49,282673;"SPRF-PR";"DEL01-PR";"UOP03-DEL01-PR"
745532;2026-01-14;"quarta-feira";"06:59:00";"MG";116;701,7;"MURIAE";"Condutor deixou de manter distância do veículo da frente";"Colisão lateral mesmo sentido";"Com Vítimas Feridas";"Pleno dia";"Decrescente";"Céu Claro";"Simples";"Reta";"Sim";6;0;1;0;5;0;1;4;-21,120595;-42,379932;"SPRF-MG";"DEL07-MG";"UOP02-DEL07-MG"
745533;2026-01-14;"quarta-feira";"07:50:00";"MS";163;484;"CAMPO GRANDE";"Ausência de reação do condutor";"Colisão traseira";"Com Vítimas Feridas";"Pleno dia";"Crescente";"Céu Claro";"Simples";"Reta";"Sim";3;0;1;0;2;0;1;2;-20,446571;-54,541182;"SPRF-MS";"DEL01-MS";"UOP02-DEL01-MS"
745536;2026-01-14;"quarta-feira";"08:00:00";"RJ";40;115;"DUQUE DE CAXIAS";"Trafegar com motocicleta (ou similar) entre as faixas";"Colisão lateral mesmo sentido";"Com Vítimas Feridas";"Pleno dia";"Crescente";"Céu Claro";"Múltipla";"Reta";"Sim";2;0;1;0;1;0;1;2;-22,7313029;-43,28905106;"SPRF-RJ";"DEL01-RJ";"UOP02-DEL01-RJ"
745542;2026-01-14;"quarta-feira";"09:35:00";"RS";116;150;"CAXIAS DO SUL";"Condutor desrespeitou a iluminação vermelha do semáforo";"Colisão transversal";"Com Vítimas Feridas";"Pleno dia";"Decrescente";"Sol";"Dupla";"Interseção de Vias";"Sim";4;0;2;0;2;0;2;2;-29,170219;-51,15913;"SPRF-RS";"DEL05-RS";"UOP01-DEL05-RS"
745546;2026-01-14;"quarta-feira";"05:15:00";"MT";163;652;"LUCAS DO RIO VERDE";"Chuva";"Saída de leito carroçável";"Sem Vítimas";"Amanhecer";"Crescente";"Chuva";"Simples";"Em Obras;Reta";"Não";1;0;0;0;1;0;0;1;-13,3311;-56,051;"SPRF-MT";"DEL06-MT";"UOP01-DEL06-MT"
745547;2026-01-14;"quarta-feira";"10:00:00";"PR";369;142,8;"IBIPORA";"Ausência de reação do condutor";"Colisão lateral mesmo sentido";"Com Vítimas Feridas";"Pleno dia";"Crescente";"Céu Claro";"Simples";"Reta";"Não";2;0;1;0;1;0;1;2;-23,29284525;-51,0925734;"SPRF-PR";"DEL07-PR";"UOP01-DEL07-PR"
745548;2026-01-14;"quarta-feira";"10:00:00";"SC";101;144;"ITAPEMA";"Reação tardia ou ineficiente do condutor";"Engavetamento";"Sem Vítimas";"Pleno dia";"Decrescente";"Céu Claro";"Múltipla";"Reta";"Sim";3;0;0;0;2;1;0;3;-27,07397845;-48,59691462;"SPRF-SC";"DEL04-SC";"UOP03-DEL04-SC"
745550;2026-01-02;"sexta-feira";"14:15:00";"AL";316;243;"ATALAIA";"Transitar na contramão";"Colisão lateral sentido oposto";"Com Vítimas Fatais";"Pleno dia";"Decrescente";"Céu Claro";"Simples";"Curva;Declive";"Não";3;1;2;0;0;0;2;3;-9,5083058;-36,0167755;"SPRF-AL";"DEL01-AL";"UOP01-DEL01-AL"
745563;2026-01-14;"quarta-feira";"10:25:00";"PR";277;121,4;"CAMPO LARGO";"Pedestre - Ingestão de álcool/ substâncias psicoativas";"Atropelamento de Pedestre";"Com Vítimas Feridas";"Pleno dia";"Decrescente";"Nublado";"Dupla";"Interseção de Vias;Reta";"Sim";1;0;1;0;0;0;1;1;-25,44504225;-49,4991431;"SPRF-PR";"DEL03-PR";"UOP03-DEL03-PR"
745568;2026-01-14;"quarta-feira";"17:45:00";"RS";285;569,6;"SAO LUIZ GONZAGA";"Acessar a via sem observar a presença dos outros veículos";"Colisão lateral mesmo sentido";"Com Vítimas Feridas";"Pleno dia";"Crescente";"Céu Claro";"Simples";"Interseção de Vias;Reta";"Sim";2;0;1;0;1;0;1;2;-28,41491303;-54,97443644;"SPRF-RS";"DEL12-RS";"UOP01-DEL12-RS"
745570;2026-01-14;"quarta-feira";"20:00:00";"PR";116;1;"CAMPINA GRANDE DO SUL";"Reação tardia ou ineficiente do condutor";"Colisão com objeto";"Sem Vítimas";"Plena Noite";"Crescente";"Nublado";"Dupla";"Reta";"Não";1;0;0;0;0;1;0;1;-25,346445;-49,046547;"SPRF-PR";"DEL01-PR";"UOP02-DEL01-PR"
745573;2026-01-14;"quarta-feira";"10:25:00";"MG";116;767,7;"LEOPOLDINA";"Acessar a via sem observar a presença dos outros veículos";"Colisão lateral mesmo sentido";"Com Vítimas Feridas";"Pleno dia";"Decrescente";"Sol";"Simples";"Reta";"Sim";2;0;1;0;1;0;1;2;-21,5425309;-42,6556261;"SPRF-MG";"DEL07-MG";"UOP01-DEL07-MG"
745574;2026-01-14;"quarta-feira";"11:50:00";"SC";101;0,2;"FLORIANOPOLIS";"Condutor deixou de manter distância do veículo da frente";"Colisão traseira";"Com Vítimas Feridas";"Pleno dia";"Crescente";"Sol";"Múltipla";"Declive";"Não";2;0;1;0;1;0;1;2;-27,5984017;-48,57362358;"SPRF-SC";"DEL03-SC";"UOP01-DEL03-SC"
745576;2026-01-14;"quarta-feira";"17:00:00";"PB";230;462,9;"SOUSA";"Desrespeitar a preferência no cruzamento";"Colisão transversal";"Com Vítimas Feridas";"Anoitecer";"Decrescente";"Céu Claro";"Simples";"Reta;Interseção de Vias";"Sim";3;0;0;2;0;1;2;2;-6,778695;-38,236592;"SPRF-PB";"DEL03-PB";"UOP03-DEL03-PB"
745580;2026-01-14;"quarta-feira";"15:25:00";"SP";116;216;"GUARULHOS";"Ausência de reação do condutor";"Atropelamento de Pedestre";"Com Vítimas Fatais";"Pleno dia";"Decrescente";"Céu Claro";"Múltipla";"Viaduto;Reta";"Sim";6;1;0;1;4;0;1;2;-23,455368;-46,473951;"SPRF-SP";"DEL01-SP";"UOP01-DEL01-SP"
745582;2026-01-14;"quarta-feira";"19:40:00";"MT";163;1059;"GUARANTA DO NORTE";"Reação tardia ou ineficiente do condutor";"Capotamento";"Com Vítimas Feridas";"Plena Noite";"Crescente";"Céu Claro";"Simples";"Reta";"Não";1;0;1;0;0;0;1;1;-10,003381;-54,907624;"SPRF-MT";"DEL06-MT";"UOP03-DEL06-MT"
745583;2026-01-14;"quarta-feira";"13:30:00";"SP";116;215;"GUARULHOS";"Avarias e/ou desgaste excessivo no pneu";"Queda de ocupante de veículo";"Com Vítimas Feridas";"Pleno dia";"Crescente";"Nublado";"Múltipla";"Reta";"Sim";2;0;2;0;0;0;2;1;-23,44955821;-46,46033859;"SPRF-SP";"DEL01-SP";"UOP01-DEL01-SP"
745584;2026-01-14;"quarta-feira";"17:00:00";"RJ";101;513;"ANGRA DOS REIS";"Acessar a via sem observar a presença dos outros veículos";"Colisão transversal";"Com Vítimas Feridas";"Anoitecer";"Decrescente";"Nublado";"Simples";"Rotatória";"Sim";2;0;1;1;0;0;2;2;-22,97765553;-44,44563866;"SPRF-RJ";"DEL03-RJ";"UOP03-DEL03-RJ"
745586;2026-01-14;"quarta-feira";"14:30:00";"RJ";101;230;"SILVA JARDIM";"Condutor Dormindo";"Saída de leito carroçável";"Com Vítimas Feridas";"Pleno dia";"Decrescente";"Sol";"Dupla";"Reta";"Não";3;0;2;0;1;0;2;1;-22,53809919;-42,34504979;"SPRF-RJ";"DEL02-RJ";"UOP03-DEL02-RJ"