"id";"data_inversa";"dia_semana";"horario";"uf";"br";"km";"municipio";"causa_acidente";"tipo_acidente";"classificacao_acidente";"fase_dia";"sentido_via";"condicao_metereologica";"tipo_pista";"tracado_via";"uso_solo";"pessoas";"mortos";"feridos_leves";"feridos_graves";"ilesos";"ignorados";"feridos";"veiculos";"latitude";"longitude";"regional";"delegacia";"uop"
746074;2026-01-16;"sexta-feira";"20:50:00";"MG";116;507,2;"UBAPORANGA";"Transitar na contramão";"Colisão frontal";"Com Vítimas Feridas";"Plena Noite";"Decrescente";"Céu Claro";"Simples";"Reta;Interseção de Vias";"Sim";3;0;1;1;1;0;2;2;-19,6241757;-42,1062748;"SPRF-MG";"DEL06-MG";"UOP02-DEL06-MG"
746075;2026-01-16;"sexta-feira";"11:55:00";"MG";146;428;"MUZAMBINHO";"Pedestre andava na pista";"Atropelamento de Pedestre";"Com Vítimas Feridas";"Pleno dia";"Crescente";"Céu Claro";"Simples";"Declive;Reta";"Não";2;0;0;1;1;0;1;2;-21,38876;-46,447642;"SPRF-MG";"DEL09-MG";"UOP01-DEL09-MG"
746076;2026-01-16;"sexta-feira";"21:10:00";"PR";376;4,1;"MANDAGUARI";"Reação tardia ou ineficiente do condutor";"Colisão lateral mesmo sentido";"Com Vítimas Feridas";"Plena Noite";"Decrescente";"Céu Claro";"Simples";"Reta";"Sim";3;0;1;0;1;1;1;3;-23,51762498;-51,68157427;"SPRF-PR";"DEL09-PR";"UOP01-DEL09-PR"
746077;2026-01-16;"sexta-feira";"18:00:00";"GO";60;169;"GOIANIA";"Acesso irregular";"Colisão transversal";"Com Vítimas Feridas";"Pleno dia";"Decrescente";"Céu Claro";"Dupla";"Retorno Regulamentado;Reta";"Sim";4;0;2;0;2;0;2;2;-16,730571;-49,389585;"SPRF-GO";"DEL01-GO";"UOP02-DEL01-GO"
746078;2026-01-16;"sexta-feira";"21:40:00";"PB";230;21;"JOAO PESSOA";"Reação tardia ou ineficiente do condutor";"Tombamento";"Com Vítimas Feridas";"Plena Noite";"Crescente";"Céu Claro";"Dupla";"Reta";"Sim";1;0;0;1;0;0;1;1;-7,1432016;-34,8515407;"SPRF-PB";"DEL01-PB";"UOP01-DEL01-PB"
746081;2026-01-16;"sexta-feira";"20:00:00";"RJ";101;572;"PARATY";"Conversão proibida";"Colisão transversal";"Com Vítimas Feridas";"Plena Noite";"Decrescente";"Ignorado";"Simples";"Reta";"Não";3;0;0;1;2;0;1;2;-23,19167125;-44,72740173;"SPRF-RJ";"DEL03-RJ";"UOP04-DEL03-RJ"
746083;2026-01-16;"sexta-feira";"21:00:00";"SC";470;55,7;"BLUMENAU";"Reação tardia ou ineficiente do condutor";"Colisão com objeto";"Com Vítimas Feridas";"Plena Noite";"Decrescente";"Nublado";"Dupla";"Em Obras;Curva";"Sim";1;0;1;0;0;0;1;1;-26,87655491;-49,12633181;"SPRF-SC";"DEL04-SC";"UOP01-DEL04-SC"
746084;2026-01-16;"sexta-feira";"20:00:00";"MS";262;323;"CAMPO GRANDE";"Demais falhas mecânicas ou elétricas";"Colisão traseira";"Com Vítimas Feridas";"Plena Noite";"Crescente";"Céu Claro";"Simples";"Reta";"Não";2;0;1;0;1;0;1;2;-20,46852;-54,51854;"SPRF-MS";"DEL01-MS";"UOP01-DEL01-MS"
746086;2026-01-16;"sexta-feira";"20:10:00";"SC";280;78;"CORUPA";"Conversão proibida";"Colisão lateral mesmo sentido";"Com Vítimas Feridas";"Plena Noite";"Decrescente";"Nublado";"Simples";"Curva;Interseção de Vias";"Não";3;0;1;0;2;0;1;2;-26,4452816;-49,2087182;"SPRF-SC";"DEL06-SC";"UOP03-DEL06-SC"
746087;2026-01-16;"sexta-feira";"21:45:00";"GO";70;49;"COCALZINHO DE GOIAS";"Acessar a via sem observar a presença dos outros veículos";"Colisão transversal";"Com Vítimas Feridas";"Plena Noite";"Crescente";"Céu Claro";"Simples";"Reta";"Não";5;0;4;0;1;0;4;2;-15,750317;-48,605686;"SPRF-DF";"DEL03-DF";"UOP02-DEL03-DF"
746088;2026-01-16;"sexta-feira";"23:10:00";"MG";40;390;"FELIXLANDIA";"Reação tardia ou ineficiente do condutor";"Saída de leito carroçável";"Com Vítimas Feridas";"Plena Noite";"Decrescente";"Céu Claro";"Simples";"Reta";"Não";1;0;1;0;0;0;1;1;-18,7216847;-44,9433888;"SPRF-MG";"DEL02-MG";"UOP01-DEL02-MG"
746090;2026-01-16;"sexta-feira";"20:20:00";"PB";104;108,2;"SAO SEBASTIAO DE LAGOA DE  ROCA";"Acessar a via sem observar a presença dos outros veículos";"Colisão frontal";"Com Vítimas Feridas";"Plena Noite";"Crescente";"Nublado";"Simples";"Reta";"Não";2;0;1;0;1;0;1;2;-7,106718;-35,867453;"SPRF-PB";"DEL02-PB";"UOP04-DEL02-PB"
746092;2026-01-16;"sexta-feira";"20:45:00";"RJ";101;535;"PARATY";"Animais na Pista";"Atropelamento de Animal";"Sem Vítimas";"Plena Noite";"Decrescente";"Nublado";"Simples";"Reta";"Não";1;0;0;0;1;0;0;1;-23,034536;-44,554222;"SPRF-RJ";"DEL03-RJ";"UOP04-DEL03-RJ"
746093;2026-01-16;"sexta-feira";"19:00:00";"RO";364;9;"VILHENA";"Acumulo de água sobre o pavimento";"Saída de leito carroçável";"Com Vítimas Fatais";"Plena Noite";"Decrescente";"Chuva";"Simples";"Aclive;Reta";"Sim";1;1;0;0;0;0;0;1;-12,767142;-60,096783;"SPRF-RO";"DEL04-RO";"UOP01-DEL04-RO"
746094;2026-01-16;"sexta-feira";"21:45:00";"PR";369;46;"BANDEIRANTES";"Animais na Pista";"Atropelamento de Animal";"Sem Vítimas";"Plena Noite";"Crescente";"Céu Claro";"Simples";"Reta";"Não";1;0;0;0;1;0;0;1;-23,09163287;-50,29663644;"SPRF-PR";"DEL07-PR";"UOP05-DEL07-PR"
746095;2026-01-16;"sexta-feira";"22:30:00";"SP";153;63,1;"SAO JOSE DO RIO PRETO";"Ingestão de álcool pelo condutor";"Saída de leito carroçável";"Com Vítimas Feridas";"Plena Noite";"Crescente";"Céu Claro";"Dupla";"Reta";"Sim";2;0;1;0;1;0;1;1;-20,8942584;-49,316082;"SPRF-SP";"DEL09-SP";"UOP01-DEL09-SP"
746097;2026-01-16;"sexta-feira";"22:10:00";"PR";277;193;"PALMEIRA";"Reação tardia ou ineficiente do condutor";"Tombamento";"Com Vítimas Fatais";"Plena Noite";"Decrescente";"Céu Claro";"Simples";"Reta;Aclive";"Não";4;2;0;0;2;0;0;2;-25,43162;-50,1506;"SPRF-PR";"DEL08-PR";"UOP02-DEL08-PR"
746098;2026-01-16;"sexta-feira";"23:52:00";"CE";116;440;"BARRO";"Velocidade Incompatível";"Colisão com objeto";"Sem Vítimas";"Plena Noite";"Decrescente";"Céu Claro";"Simples";"Curva;Interseção de Vias";"Não";1;0;0;0;0;1;0;1;-7,0446;-38,780517;"SPRF-CE";"DEL05-CE";"UOP03-DEL05-CE"
746100;2026-01-16;"sexta-feira";"19:30:00";"MG";381;930;"ITAPEVA";"Ausência de reação do condutor";"Colisão com objeto";"Sem Vítimas";"Plena Noite";"Decrescente";"Chuva";"Dupla";"Curva";"Não";1;0;0;0;0;1;0;1;-22,77093851;-46,23577952;"SPRF-MG";"DEL16-MG";"UOP03-DEL16-MG"
746101;2026-01-16;"sexta-feira";"23:50:00";"MG";40;614,8;"CONGONHAS";"Velocidade Incompatível";"Atropelamento de Pedestre";"Com Vítimas Fatais";"Plena Noite";"Decrescente";"Céu Claro";"Simples";"Reta";"Não";2;1;0;0;0;1;0;2;-20,540778;-43,820731;"SPRF-MG";"DEL05-MG";"UOP02-DEL05-MG"
746105;2026-01-17;"sábado";"01:50:00";"RJ";116;190;"NOVA IGUACU";"Pedestre andava na pista";"Atropelamento de Pedestre";"Com Vítimas Fatais";"Plena Noite";"Crescente";"Céu Claro";"Dupla";"Reta";"Sim";2;1;0;0;1;0;0;2;-22,74257047;-43,50338671;"SPRF-RJ";"DEL06-RJ";"UOP01-DEL06-RJ"
746106;2026-01-17;"sábado";"01:30:00";"RS";116;150;"CAXIAS DO SUL";"Condutor desrespeitou a iluminação vermelha do semáforo";"Colisão transversal";"Com Vítimas Feridas";"Plena Noite";"Crescente";"Nublado";"Simples";"Reta";"Não";3;0;1;0;2;0;1;2;-29,171408;-51,15997;"SPRF-RS";"DEL05-RS";"UOP01-DEL05-RS"
746107;2026-01-17;"sábado";"02:45:00";"SC";101;139;"BALNEARIO CAMBORIU";"Ingestão de álcool pelo condutor";"Colisão traseira";"Sem Vítimas";"Plena Noite";"Crescente";"Nublado";"Múltipla";"Reta";"Sim";2;0;0;0;2;0;0;2;-27,053038;-48,600296;"SPRF-SC";"DEL04-SC";"UOP03-DEL04-SC"
746110;2026-01-17;"sábado";"02:50:00";"SC";282;130,9;"BOM RETIRO";"Velocidade Incompatível";"Colisão traseira";"Com Vítimas Feridas";"Plena Noite";"Decrescente";"Nublado";"Simples";"Declive;Reta";"Não";4;0;0;2;0;2;2;3;-27,8039879;-49,4963485;"SPRF-SC";"DEL05-SC";"UOP01-DEL05-SC"
746111;2026-01-17;"sábado";"03:12:00";"PB";230;15,1;"JOAO PESSOA";"Velocidade Incompatível";"Colisão com objeto";"Com Vítimas Feridas";"Plena Noite";"Decrescente";"Céu Claro";"Dupla";"Declive;Reta";"Sim";2;0;1;0;1;0;1;1;-7,10047745;-34,84773159;"SPRF-PB";"DEL01-PB";"UOP01-DEL01-PB"
746113;2026-01-17;"sábado";"04:13:00";"RJ";116;174;"RIO DE JANEIRO";"Ausência de reação do condutor";"Colisão traseira";"Com Vítimas Feridas";"Pleno dia";"Crescente";"Céu Claro";"Dupla";"Reta";"Não";2;0;1;0;1;0;1;2;-22,80483985;-43,34532097;"SPRF-RJ";"DEL06-RJ";"UOP01-DEL06-RJ"
746116;2026-01-17;"sábado";"04:00:00";"MT";364;403;"CUIABA";"Ausência de reação do condutor";"Saída de leito carroçável";"Com Vítimas Fatais";"Amanhecer";"Crescente";"Céu Claro";"Dupla";"Reta";"Não";1;1;0;0;0;0;0;1;-15,64860805;-56,00319386;"SPRF-MT";"DEL01-MT";"UOP02-DEL01-MT"
746117;2026-01-17;"sábado";"04:50:00";"TO";10;427;"PORTO NACIONAL";"Transitar na contramão";"Colisão frontal";"Com Vítimas Fatais";"Amanhecer";"Crescente";"Céu Claro";"Simples";"Reta";"Não";4;1;1;1;0;1;2;2;-10,52348;-48,36986;"SPRF-TO";"DEL01-TO";"UOP03-DEL01-TO"
746118;2026-01-17;"sábado";"06:20:00";"SC";101;194;"BIGUACU";"Velocidade Incompatível";"Saída de leito carroçável";"Com Vítimas Feridas";"Pleno dia";"Decrescente";"Céu Claro";"Dupla";"Reta";"Não";1;0;1;0;0;0;1;1;-27,50024924;-48,65467072;"SPRF-SC";"DEL01-SC";"UOP01-DEL01-SC"
746119;2026-01-17;"sábado";"05:45:00";"PR";376;176,3;"MARINGA";"Condutor desrespeitou a iluminação vermelha do semáforo";"Colisão transversal";"Com Vítimas Feridas";"Amanhecer";"Crescente";"Céu Claro";"Dupla";"Reta;Interseção de Vias";"Sim";3;0;0;2;1;0;2;2;-23,4112484;-51,93655482;"SPRF-PR";"DEL09-PR";"UOP01-DEL09-PR"
746120;2026-01-17;"sábado";"06:10:00";"SC";101;44;"PALHOCA";"Velocidade Incompatível";"Colisão com objeto";"Com Vítimas Feridas";"Pleno dia";"Decrescente";"Nublado";"Dupla";"Reta";"Sim";1;0;1;0;0;0;1;1;-27,6749746;-48,70274353;"SPRF-SC";"DEL01-SC";"UOP02-DEL01-SC"
746121;2026-01-17;"sábado";"05:00:00";"PI";135;271;"ALVORADA DO GURGUEIA";"Transitar na contramão";"Colisão frontal";"Com Vítimas Fatais";"Amanhecer";"Decrescente";"Céu Claro";"Simples";"Reta;Aclive";"Não";3;1;2;0;0;0;2;2;-8,539077;-43,938587;"SPRF-PI";"DEL03-PI";"UOP02-DEL03-PI"
746122;2026-01-17;"sábado";"06:20:00";"DF";70;7,7;"BRASILIA";"Demais falhas mecânicas ou elétricas";"Tombamento";"Com Vítimas Feridas";"Pleno dia";"Crescente";"Céu Claro";"Dupla";"Reta";"Sim";1;0;0;1;0;0;1;1;-15,783833;-48,124553;"SPRF-DF";"DEL03-DF";"UOP02-DEL03-DF"
746123;2026-01-17;"sábado";"06:30:00";"SC";101;192,2;"BIGUACU";"Ausência de reação do condutor";"Colisão com objeto";"Com Vítimas Feridas";"Pleno dia";"Decrescente";"Céu Claro";"Dupla";"Viaduto;Reta";"Sim";2;0;2;0;0;0;2;1;-27,48722;-48,64933;"SPRF-SC";"DEL01-SC";"UOP01-DEL01-SC"
746124;2026-01-17;"sábado";"06:30:00";"PE";101;83,7;"JABOATAO DOS GUARARAPES";"Reação tardia ou ineficiente do condutor";"Queda de ocupante de veículo";"Com Vítimas Feridas";"Pleno dia";"Decrescente";"Chuva";"Dupla";"Viaduto";"Não";2;0;2;0;0;0;2;1;-8,17668;-34,94421;"SPRF-PE";"DEL01-PE";"UOP01-DEL01-PE"
746127;2026-01-16;"sexta-feira";"17:00:00";"BA";324;387;"GAVIAO";"Ultrapassagem Indevida";"Colisão frontal";"Com Vítimas Fatais";"Anoitecer";"Decrescente";"Céu Claro";"Simples";"Declive";"Não";4;1;2;1;0;0;3;2;-11,503489;-39,739506;"SPRF-BA";"DEL04-BA";"UOP02-DEL04-BA"
746128;2026-01-17;"sábado";"04:00:00";"MT";70;86,4;"GENERAL CARNEIRO";"Condutor Dormindo";"Saída de leito carroçável";"Sem Vítimas";"Plena Noite";"Crescente";"Nevoeiro/Neblina";"Simples";"Aclive;Curva";"Não";2;0;0;0;2;0;0;1;-15,68269288;-52,81798482;"SPRF-MT";"DEL07-MT";"UOP01-DEL07-MT"
746131;2026-01-17;"sábado";"07:45:00";"SC";101;122;"ITAJAI";"Afundamento ou ondulação no pavimento";"Tombamento";"Com Vítimas Feridas";"Pleno dia";"Decrescente";"Nublado";"Dupla";"Reta;Ponte";"Sim";1;0;1;0;0;0;1;1;-26,933128;-48,7019981;"SPRF-SC";"DEL04-SC";"UOP04-DEL04-SC"
746132;2026-01-17;"sábado";"06:00:00";"MS";163;254;"DOURADOS";"Ausência de reação do condutor";"Saída de leito carroçável";"Sem Vítimas";"Amanhecer";"Crescente";"Céu Claro";"Dupla";"Rotatória";"Não";1;0;0;0;0;1;0;1;-22,27295386;-54,81752872;"SPRF-MS";"DEL04-MS";"UOP01-DEL04-MS"
746133;2026-01-17;"sábado";"06:30:00";"MG";381;732,5;"CARMO DA CACHOEIRA";"Chuva";"Colisão com objeto";"Com Vítimas Feridas";"Pleno dia";"Crescente";"Chuva";"Dupla";"Curva";"Não";1;0;1;0;0;0;1;1;-21,522907;-45,22407;"SPRF-MG";"DEL16-MG";"UOP02-DEL16-MG"
746134;2026-01-17;"sábado";"07:40:00";"MG";364;13,9;"FRUTAL";"Ingestão de álcool pelo condutor";"Colisão frontal";"Com Vítimas Fatais";"Pleno dia";"Crescente";"Céu Claro";"Simples";"Reta";"Não";3;2;1;0;0;0;1;2;-20,076772;-48,774442;"SPRF-MG";"DEL13-MG";"UOP02-DEL13-MG"
746136;2026-01-17;"sábado";"07:51:00";"RJ";40;124;"RIO DE JANEIRO";"Mal súbito do condutor";"Colisão com objeto";"Com Vítimas Feridas";"Pleno dia";"Crescente";"Céu Claro";"Dupla";"Reta";"Sim";2;0;2;0;0;0;2;1;-22,81247155;-43,28805161;"SPRF-RJ";"DEL01-RJ";"UOP02-DEL01-RJ"
746138;2026-01-17;"sábado";"07:00:00";"MG";381;480,5;"CONTAGEM";"Ausência de reação do condutor";"Colisão traseira";"Com Vítimas Feridas";"Pleno dia";"Decrescente";"Nublado";"Dupla";"Curva";"Sim";2;0;1;0;0;1;1;2;-19,9582168;-44,056423;"SPRF-MG";"DEL01-MG";"UOP03-DEL01-MG"
746139;2026-01-17;"sábado";"07:50:00";"RJ";101;533;"PARATY";"Reação tardia ou ineficiente do condutor";"Colisão frontal";"Com Vítimas Feridas";"Pleno dia";"Crescente";"Céu Claro";"Simples";"Reta";"Não";4;0;3;1;0;0;4;2;-23,02904911;-44,54239368;"SPRF-RJ";"DEL03-RJ";"UOP03-DEL03-RJ"
746140;2026-01-17;"sábado";"05:00:00";"RS";285;39,1;"BOM JESUS";"Ingestão de álcool pelo condutor";"Saída de leito carroçável";"Com Vítimas Feridas";"Plena Noite";"Crescente";"Nublado";"Simples";"Reta";"Não";1;0;0;1;0;0;1;1;-28,699787;-50,223491;"SPRF-RS";"DEL05-RS";"UOP03-DEL05-RS"
746141;2026-01-17;"sábado";"07:40:00";"MG";116;564,2;"MANHUACU";"Pedestre andava na pista";"Colisão traseira";"Com Vítimas Feridas";"Pleno dia";"Crescente";"Céu Claro";"Simples";"Reta";"Não";2;0;0;1;1;0;1;2;-20,2503486;-42,1424015;"SPRF-MG";"DEL06-MG";"UOP03-DEL06-MG"
746143;2026-01-17;"sábado";"08:26:00";"SP";116;187;"SANTA ISABEL";"Pedestre andava na pista";"Atropelamento de Pedestre";"Com Vítimas Feridas";"Pleno dia";"Decrescente";"Sol";"Dupla";"Aclive;Curva";"Sim";2;0;0;1;1;0;1;2;-23,35651646;-46,20603919;"SPRF-SP";"DEL01-SP";"UOP01-DEL01-SP"
746145;2026-01-17;"sábado";"08:55:00";"PR";277;70;"SAO JOSE DOS PINHAIS";"Ausência de reação do condutor";"Colisão traseira";"Com Vítimas Feridas";"Pleno dia";"Decrescente";"Céu Claro";"Dupla";"Reta";"Sim";3;0;1;0;2;0;1;2;-25,51702717;-49,1162581;"SPRF-PR";"DEL01-PR";"UOP01-DEL01-PR"
746148;2026-01-17;"sábado";"09:30:00";"ES";101;18;"SERRA";"Reação tardia ou ineficiente do condutor";"Tombamento";"Com Vítimas Feridas";"Pleno dia";"Crescente";"Sol";"Múltipla";"Reta";"Não";2;0;2;0;0;0;2;1;-20,218801;-40,33911333;"SPRF-ES";"DEL02-ES";"UOP01-DEL02-ES"
746150;2026-01-17;"sábado";"09:44:00";"PB";101;89,6;"JOAO PESSOA";"Animais na Pista";"Atropelamento de Animal";"Com Vítimas Feridas";"Pleno dia";"Decrescente";"Céu Claro";"Dupla";"Retorno Regulamentado";"Sim";1;0;1;0;0;0;1;1;-7,177858;-34,899595;"SPRF-PB";"DEL01-PB";"UOP01-DEL01-PB"
746151;2026-01-17;"sábado";"09:15:00";"SC";101;136;"BALNEARIO CAMBORIU";"Manobra de mudança de faixa";"Colisão lateral mesmo sentido";"Com Vítimas Feridas";"Pleno dia";"Crescente";"Céu Claro";"Simples";"Reta";"Sim";2;0;1;0;0;1;1;2;-27,0046662;-48,6293277;"SPRF-SC";"DEL04-SC";"UOP03-DEL04-SC"
746152;2026-01-17;"sábado";"09:45:00";"ES";101;130,1;"LINHARES";"Ingestão de álcool pelo condutor";"Colisão com objeto";"Sem Vítimas";"Pleno dia";"Crescente";"Nublado";"Simples";"Declive;Reta";"Não";1;0;0;0;1;0;0;1;-19,23082405;-40,09270473;"SPRF-ES";"DEL04-ES";"UOP01-DEL04-ES"
746154;2026-01-17;"sábado";"08:15:00";"MG";40;45;"PARACATU";"Ausência de reação do condutor";"Tombamento";"Com Vítimas Feridas";"Pleno dia";"Crescente";"Céu Claro";"Simples";"Reta;Aclive";"Não";1;0;0;1;0;0;1;1;-17,237036;-46,841772;"SPRF-MG";"DEL14-MG";"UOP01-DEL14-MG"
746158;2026-01-17;"sábado";"10:00:00";"PR";277;574;"CASCAVEL";"Avarias e/ou desgaste excessivo no pneu";"Tombamento";"Com Vítimas Feridas";"Pleno dia";"Crescente";"Céu Claro";"Simples";"Reta";"Não";2;0;2;0;0;0;2;1;-24,99573142;-53,30198871;"SPRF-PR";"DEL04-PR";"UOP01-DEL04-PR"
746161;2026-01-17;"sábado";"07:50:00";"RO";364;293,9;"PRESIDENTE MEDICI";"Acessar a via sem observar a presença dos outros veículos";"Colisão transversal";"Com Vítimas Feridas";"Pleno dia";"Crescente";"Nublado";"Simples";"Reta";"Não";6;0;3;0;3;0;3;2;-11,299595;-61,89245;"SPRF-RO";"DEL02-RO";"UOP01-DEL02-RO"
746162;2026-01-17;"sábado";"09:50:00";"AL";101;68;"MESSIAS";"Avarias e/ou desgaste excessivo no pneu";"Queda de ocupante de veículo";"Com Vítimas Feridas";"Pleno dia";"Decrescente";"Céu Claro";"Dupla";"Curva";"Não";2;0;2;0;0;0;2;1;-9,349747;-35,833038;"SPRF-AL";"DEL01-AL";"UOP02-DEL01-AL"
746163;2026-01-17;"sábado";"09:07:00";"SC";101;322;"PESCARIA BRAVA";"Ultrapassagem Indevida";"Colisão traseira";"Com Vítimas Feridas";"Pleno dia";"Decrescente";"Céu Claro";"Múltipla";"Aclive;Reta";"Não";2;0;1;1;0;0;2;2;-28,4247692;-48,89791489;"SPRF-SC";"DEL02-SC";"UOP01-DEL02-SC"
746165;2026-01-17;"sábado";"11:10:00";"SP";116;144,6;"SAO JOSE DOS CAMPOS";"Condutor Dormindo";"Engavetamento";"Com Vítimas Feridas";"Pleno dia";"Crescente";"Nublado";"Dupla";"Reta";"Sim";5;0;1;0;1;3;1;4;-23,18374206;-45,84883507;"SPRF-SP";"DEL02-SP";"UOP01-DEL02-SP"
746167;2026-01-17;"sábado";"10:30:00";"PE";101;80;"JABOATAO DOS GUARARAPES";"Velocidade Incompatível";"Colisão traseira";"Com Vítimas Feridas";"Pleno dia";"Crescente";"Céu Claro";"Múltipla";"Reta";"Não";3;0;2;0;1;0;2;2;-8,16837644;-34,93667412;"SPRF-PE";"DEL01-PE";"UOP01-DEL01-PE"
746168;2026-01-17;"sábado";"10:30:00";"RJ";356;153;"CAMPOS DOS GOYTACAZES";"Velocidade Incompatível";"Queda de ocupante de veículo";"Com Vítimas Feridas";"Pleno dia";"Crescente";"Céu Claro";"Simples";"Reta";"Não";1;0;1;0;0;0;1;1;-21,757308;-41,241805;"SPRF-RJ";"DEL08-RJ";"UOP02-DEL08-RJ"
746169;2026-01-17;"sábado";"11:45:00";"RS";290;130;"ELDORADO DO SUL";"Reação tardia ou ineficiente do condutor";"Colisão transversal";"Com Vítimas Feridas";"Pleno dia";"Crescente";"Céu Claro";"Simples";"Reta";"Não";6;0;4;2;0;0;6;2;-30,05815741;-51,5067302;"SPRF-RS";"DEL02-RS";"UOP01-DEL02-RS"
746171;2026-01-17;"sábado";"11:50:00";"ES";101;267,3;"SERRA";"Acessar a via sem observar a presença dos outros veículos";"Colisão transversal";"Com Vítimas Feridas";"Pleno dia";"Decrescente";"Sol";"Múltipla";"Aclive;Interseção de Vias";"Sim";3;0;1;2;0;0;3;2;-20,20282333;-40,26964333;"SPRF-ES";"DEL02-ES";"UOP01-DEL02-ES"
746173;2026-01-17;"sábado";"12:00:00";"SC";282;21,9;"SANTO AMARO DA IMPERATRIZ";"Reação tardia ou ineficiente do condutor";"Colisão traseira";"Com Vítimas Feridas";"Pleno dia";"Decrescente";"Nublado";"Simples";"Reta";"Sim";2;0;1;0;1;0;1;2;-27,68856333;-48,72719765;"SPRF-SC";"DEL01-SC";"UOP02-DEL01-SC"
746175;2026-01-17;"sábado";"12:20:00";"SC";101;145;"ITAPEMA";"Trafegar com motocicleta (ou similar) entre as faixas";"Colisão traseira";"Com Vítimas Feridas";"Pleno dia";"Decrescente";"Nublado";"Dupla";"Declive;Reta";"Sim";4;0;2;0;1;1;2;3;-27,08719319;-48,61023188;"SPRF-SC";"DEL04-SC";"UOP03-DEL04-SC"
746176;2026-01-15;"quinta-feira";"22:20:00";"BA";116;662;"JEQUIE";"Ausência de reação do condutor";"Colisão lateral sentido oposto";"Com Vítimas Feridas";"Plena Noite";"Crescente";"Céu Claro";"Simples";"Reta";"Não";5;0;4;0;1;0;4;3;-13,766179;-40,101773;"SPRF-BA";"DEL03-BA";"UOP01-DEL03-BA"
746177;2026-01-17;"sábado";"12:00:00";"MG";50;15;"ARAGUARI";"Reação tardia ou ineficiente do condutor";"Saída de leito carroçável";"Com Vítimas Feridas";"Pleno dia";"Decrescente";"Céu Claro";"Dupla";"Reta";"Não";1;0;1;0;0;0;1;1;-18,49735442;-48,04458618;"SPRF-MG";"DEL15-MG";"UOP02-DEL15-MG"
746178;2026-01-17;"sábado";"12:09:00";"SC";101;204;"SAO JOSE";"Acesso irregular";"Colisão transversal";"Com Vítimas Feridas";"Pleno dia";"Crescente";"Garoa/Chuvisco";"Dupla";"Reta;Interseção de Vias";"Sim";2;0;1;0;0;1;1;2;-27,57286956;-48,61387817;"SPRF-SC";"DEL01-SC";"UOP01-DEL01-SC"
746179;2026-01-17;"sábado";"12:15:00";"PR";277;317;"GUARAPUAVA";"Reação tardia ou ineficiente do condutor";"Saída de leito carroçável";"Com Vítimas Feridas";"Pleno dia";"Decrescente";"Céu Claro";"Simples";"Reta";"Não";5;0;1;0;4;0;1;1;-25,331787;-51,2180895;"SPRF-PR";"DEL08-PR";"UOP01-DEL08-PR"
746181;2026-01-15;"quinta-feira";"06:00:00";"RS";116;243;"SAO LEOPOLDO";"Estacionar ou parar em local proibido";"Colisão traseira";"Com Vítimas Feridas";"Pleno dia";"Crescente";"Céu Claro";"Dupla";"Viaduto";"Sim";2;0;1;0;1;0;1;2;-29,72978556;-51,14947412;"SPRF-RS";"DEL01-RS";"UOP02-DEL01-RS"
746183;2026-01-17;"sábado";"11:05:00";"PA";10;17;"DOM ELISEU";"Acessar a via sem observar a presença dos outros veículos";"Colisão transversal";"Com Vítimas Feridas";"Pleno dia";"Decrescente";"Sol";"Simples";"Reta";"Sim";2;0;1;0;1;0;1;2;-4,295727;-47,556687;"SPRF-PA";"DEL02-PA";"UOP02-DEL02-PA"
746184;2026-01-17;"sábado";"13:00:00";"MG";381;2;"BETIM";"Condutor deixou de manter distância do veículo da frente";"Colisão traseira";"Com Vítimas Feridas";"Pleno dia";"Decrescente";"Nublado";"Dupla";"Curva";"Sim";3;0;2;0;1;0;2;2;-19,99644525;-44,208853;"SPRF-MG";"DEL01-MG";"UOP03-DEL01-MG"
746185;2026-01-17;"sábado";"10:40:00";"MT";174;280;"PONTES E LACERDA";"Condutor deixou de manter distância do veículo da frente";"Colisão traseira";"Com Vítimas Feridas";"Pleno dia";"Decrescente";"Sol";"Simples";"Reta;Aclive";"Não";2;0;0;1;1;0;1;2;-15,291677;-59,274832;"SPRF-MT";"DEL04-MT";"UOP01-DEL04-MT"
746186;2026-01-17;"sábado";"09:10:00";"SC";282;601,8;"CUNHA PORA";"Ultrapassagem Indevida";"Colisão frontal";"Com Vítimas Fatais";"Pleno dia";"Decrescente";"Sol";"Simples";"Reta";"Não";3;1;2;0;0;0;2;2;-26,806212;-53,177502;"SPRF-SC";"DEL07-SC";"UOP02-DEL07-SC"
746188;2026-01-17;"sábado";"09:00:00";"MG";40;559,8;"NOVA LIMA";"Demais falhas mecânicas ou elétricas";"Incêndio";"Sem Vítimas";"Pleno dia";"Crescente";"Céu Claro";"Dupla";"Reta";"Não";1;0;0;0;1;0;0;1;-20,12709756;-43,96557017;"SPRF-MG";"DEL01-MG";"UOP02-DEL01-MG"
746190;2026-01-17;"sábado";"13:00:00";"CE";116;27;"ITAITINGA";"Manobra de mudança de faixa";"Colisão lateral mesmo sentido";"Com Vítimas Feridas";"Pleno dia";"Crescente";"Sol";"Dupla";"Reta";"Não";4;0;1;2;1;0;3;2;-3,98684;-38,515737;"SPRF-CE";"DEL01-CE";"UOP02-DEL01-CE"
746191;2026-01-17;"sábado";"12:45:00";"SC";282;26,7;"SANTO AMARO DA IMPERATRIZ";"Acessar a via sem observar a presença dos outros veículos";"Colisão transversal";"Com Vítimas Feridas";"Pleno dia";"Crescente";"Nublado";"Simples";"Interseção de Vias;Reta";"Sim";4;0;1;0;3;0;1;2;-27,675539;-48,767767;"SPRF-SC";"DEL01-SC";"UOP03-DEL01-SC"