"id";"data_inversa";"dia_semana";"horario";"uf";"br";"km";"municipio";"causa_acidente";"tipo_acidente";"classificacao_acidente";"fase_dia";"sentido_via";"condicao_metereologica";"tipo_pista";"tracado_via";"uso_solo";"pessoas";"mortos";"feridos_leves";"feridos_graves";"ilesos";"ignorados";"feridos";"veiculos";"latitude";"longitude";"regional";"delegacia";"uop"
746298;2026-01-17;"sábado";"20:15:00";"SC";470;71;"INDAIAL";"Acessar a via sem observar a presença dos outros veículos";"Colisão transversal";"Sem Vítimas";"Plena Noite";"Crescente";"Céu Claro";"Simples";"Reta";"Sim";3;0;0;0;3;0;0;2;-26,91800336;-49,28142484;"SPRF-SC";"DEL04-SC";"UOP01-DEL04-SC"
746299;2026-01-17;"sábado";"21:10:00";"MG";381;834,6;"SAO SEBASTIAO DA BELA VISTA";"Velocidade Incompatível";"Colisão lateral mesmo sentido";"Com Vítimas Feridas";"Plena Noite";"Crescente";"Chuva";"Dupla";"Reta";"Não";7;0;1;1;5;0;2;3;-22,12754467;-45,80121714;"SPRF-MG";"DEL16-MG";"UOP01-DEL16-MG"
746300;2026-01-17;"sábado";"19:50:00";"PB";230;63,7;"SAO MIGUEL DE TAIPU";"Demais falhas mecânicas ou elétricas";"Queda de ocupante de veículo";"Com Vítimas Feridas";"Pleno dia";"Decrescente";"Céu Claro";"Dupla";"Reta";"Não";2;0;2;0;0;0;2;1;-7,193668;-35,177717;"SPRF-PB";"DEL01-PB";"UOP02-DEL01-PB"
746301;2026-01-17;"sábado";"21:10:00";"MG";381;926,4;"ITAPEVA";"Condutor Dormindo";"Saída de leito carroçável";"Com Vítimas Feridas";"Plena Noite";"Crescente";"Chuva";"Dupla";"Curva";"Não";2;0;1;0;1;0;1;1;-22,76763;-46,21409;"SPRF-MG";"DEL16-MG";"UOP03-DEL16-MG"
746303;2026-01-17;"sábado";"20:16:00";"PE";423;61,7;"LAJEDO";"Ingestão de álcool pelo condutor";"Colisão transversal";"Com Vítimas Feridas";"Plena Noite";"Crescente";"Céu Claro";"Simples";"Reta";"Não";2;0;1;0;1;0;1;2;-8,658418;-36,330298;"SPRF-PE";"DEL03-PE";"UOP01-DEL03-PE"
746304;2026-01-17;"sábado";"19:40:00";"MG";262;719,9;"ARAXA";"Chuva";"Tombamento";"Com Vítimas Feridas";"Plena Noite";"Crescente";"Chuva";"Simples";"Reta";"Não";1;0;1;0;0;0;1;1;-19,553003;-46,8785754;"SPRF-MG";"DEL08-MG";"UOP01-DEL08-MG"
746305;2026-01-17;"sábado";"21:17:00";"ES";101;146,1;"LINHARES";"Reação tardia ou ineficiente do condutor";"Tombamento";"Com Vítimas Feridas";"Plena Noite";"Crescente";"Céu Claro";"Dupla";"Declive;Reta";"Sim";1;0;0;1;0;0;1;1;-19,3712198;-40,06552784;"SPRF-ES";"DEL04-ES";"UOP01-DEL04-ES"
746306;2026-01-17;"sábado";"20:20:00";"PE";232;79;"GRAVATA";"Velocidade Incompatível";"Colisão lateral sentido oposto";"Com Vítimas Feridas";"Plena Noite";"Crescente";"Céu Claro";"Simples";"Reta";"Sim";3;0;0;1;1;1;1;3;-8,19615;-35,56848;"SPRF-PE";"DEL02-PE";"UOP02-DEL02PE"
746307;2026-01-17;"sábado";"21:39:00";"BA";324;623;"SALVADOR";"Ausência de reação do condutor";"Queda de ocupante de veículo";"Com Vítimas Feridas";"Plena Noite";"Crescente";"Nublado";"Dupla";"Reta";"Sim";1;0;1;0;0;0;1;1;-12,932888;-38,471673;"SPRF-BA";"DEL01-BA";"UOP01-DEL01-BA"
746308;2026-01-17;"sábado";"18:00:00";"SC";282;569,9;"NOVA ERECHIM";"Acessar a via sem observar a presença dos outros veículos";"Colisão transversal";"Com Vítimas Feridas";"Anoitecer";"Crescente";"Nublado";"Simples";"Interseção de Vias;Reta";"Sim";2;0;1;0;1;0;1;2;-26,8964049;-52,9183741;"SPRF-SC";"DEL07-SC";"UOP02-DEL07-SC"
746309;2026-01-17;"sábado";"21:35:00";"SC";470;68;"INDAIAL";"Manobra de mudança de faixa";"Colisão lateral mesmo sentido";"Com Vítimas Feridas";"Plena Noite";"Decrescente";"Céu Claro";"Dupla";"Aclive;Reta";"Sim";3;0;1;0;2;0;1;2;-26,87751;-49,23914;"SPRF-SC";"DEL04-SC";"UOP01-DEL04-SC"
746310;2026-01-17;"sábado";"19:00:00";"PR";373;243,8;"GUAMIRANGA";"Velocidade Incompatível";"Colisão com objeto";"Com Vítimas Feridas";"Plena Noite";"Crescente";"Nublado";"Simples";"Declive;Curva";"Não";2;0;1;0;0;1;1;1;-25,191944;-50,793056;"SPRF-PR";"DEL03-PR";"UOP01-DEL03-PR"
746311;2026-01-17;"sábado";"21:35:00";"PE";232;16,6;"JABOATAO DOS GUARARAPES";"Velocidade Incompatível";"Saída de leito carroçável";"Com Vítimas Feridas";"Plena Noite";"Crescente";"Céu Claro";"Dupla";"Curva";"Não";1;0;1;0;0;0;1;1;-8,096944;-35,0543941;"SPRF-PE";"DEL01-PE";"UOP01-DEL01-PE"
746313;2026-01-17;"sábado";"20:00:00";"MA";135;71,8;"SANTA RITA";"Transitar na contramão";"Colisão frontal";"Com Vítimas Fatais";"Plena Noite";"Decrescente";"Nublado";"Simples";"Reta";"Sim";7;1;2;0;4;0;2;3;-3,156365;-44,33313167;"SPRF-MA";"DEL01-MA";"UOP02-DEL01-MA"
746314;2026-01-17;"sábado";"19:30:00";"PR";376;664;"TIJUCAS DO SUL";"Ausência de reação do condutor";"Colisão com objeto";"Com Vítimas Feridas";"Plena Noite";"Crescente";"Chuva";"Dupla";"Curva";"Não";1;0;1;0;0;0;1;1;-25,85292519;-48,97762212;"SPRF-PR";"DEL01-PR";"UOP04-DEL01-PR"
746315;2026-01-17;"sábado";"21:10:00";"MT";364;398;"CUIABA";"Reação tardia ou ineficiente do condutor";"Queda de ocupante de veículo";"Com Vítimas Feridas";"Plena Noite";"Decrescente";"Nublado";"Dupla";"Reta";"Não";1;0;1;0;0;0;1;1;-15,666402;-55,960512;"SPRF-MT";"DEL01-MT";"UOP02-DEL01-MT"
746316;2026-01-17;"sábado";"15:50:00";"RO";174;15;"VILHENA";"Ultrapassagem Indevida";"Colisão lateral mesmo sentido";"Com Vítimas Feridas";"Pleno dia";"Crescente";"Nublado";"Dupla";"Reta";"Sim";3;0;2;0;1;0;2;2;-12,71561881;-60,12662888;"SPRF-RO";"DEL04-RO";"UOP01-DEL04-RO"
746317;2026-01-17;"sábado";"17:35:00";"SC";163;70,5;"SAO MIGUEL DO OESTE";"Condutor deixou de manter distância do veículo da frente";"Engavetamento";"Sem Vítimas";"Pleno dia";"Crescente";"Céu Claro";"Dupla";"Interseção de Vias;Retorno Regulamentado;Reta";"Sim";4;0;0;0;4;0;0;3;-26,7322501;-53,5101048;"SPRF-SC";"DEL07-SC";"UOP03-DEL07-SC"
746318;2026-01-17;"sábado";"20:00:00";"MG";262;676;"ARAXA";"Ausência de reação do condutor";"Colisão traseira";"Sem Vítimas";"Plena Noite";"Crescente";"Nublado";"Simples";"Declive;Reta";"Não";2;0;0;0;1;1;0;2;-19,54868;-46,94557;"SPRF-MG";"DEL08-MG";"UOP01-DEL08-MG"
746320;2026-01-17;"sábado";"22:00:00";"SP";116;53;"LORENA";"Desrespeitar a preferência no cruzamento";"Colisão transversal";"Com Vítimas Feridas";"Plena Noite";"Decrescente";"Chuva";"Simples";"Interseção de Vias;Rotatória";"Sim";2;0;0;1;1;0;1;2;-22,75197752;-45,10522692;"SPRF-SP";"DEL08-SP";"UOP02-DEL08-SP"
746321;2026-01-17;"sábado";"23:00:00";"PR";277;70;"SAO JOSE DOS PINHAIS";"Ausência de reação do condutor";"Saída de leito carroçável";"Com Vítimas Feridas";"Plena Noite";"Decrescente";"Nublado";"Simples";"Retorno Regulamentado;Curva;Aclive";"Não";1;0;1;0;0;0;1;1;-25,51267731;-49,12703991;"SPRF-PR";"DEL01-PR";"UOP01-DEL01-PR"
746322;2026-01-17;"sábado";"23:05:00";"RS";290;83;"CACHOEIRINHA";"Velocidade Incompatível";"Colisão com objeto";"Sem Vítimas";"Plena Noite";"Decrescente";"Céu Claro";"Simples";"Aclive";"Não";2;0;0;0;0;2;0;1;-29,96396396;-51,07956144;"SPRF-RS";"DEL01-RS";"UOP01-DEL01-RS"
746323;2026-01-17;"sábado";"22:20:00";"PI";343;348;"TERESINA";"Condutor deixou de manter distância do veículo da frente";"Colisão traseira";"Com Vítimas Feridas";"Plena Noite";"Crescente";"Nublado";"Dupla";"Reta";"Sim";5;0;1;0;4;0;1;2;-5,118632;-42,78676;"SPRF-PI";"DEL01-PI";"UOP01-DEL01-PI"
746324;2026-01-17;"sábado";"21:20:00";"GO";60;219,3;"PIRENOPOLIS";"Condutor Dormindo";"Saída de leito carroçável";"Com Vítimas Feridas";"Plena Noite";"Decrescente";"Nublado";"Dupla";"Interseção de Vias;Reta";"Não";2;0;0;1;1;0;1;1;-16;-49;"SPRF-GO";"DEL01-GO";"UOP02-DEL01-GO"
746325;2026-01-17;"sábado";"22:20:00";"GO";60;326,8;"ACREUNA";"Animais na Pista";"Saída de leito carroçável";"Com Vítimas Feridas";"Plena Noite";"Crescente";"Nublado";"Dupla";"Reta";"Não";1;0;1;0;0;0;1;1;-17,545457;-50,510985;"SPRF-GO";"DEL04-GO";"UOP02-DEL04-GO"
746326;2026-01-17;"sábado";"21:50:00";"MS";262;382,8;"TERENOS";"Reação tardia ou ineficiente do condutor";"Saída de leito carroçável";"Com Vítimas Feridas";"Plena Noite";"Decrescente";"Céu Claro";"Simples";"Reta";"Sim";2;0;1;0;0;1;1;2;-20,43612163;-54,86246109;"SPRF-MS";"DEL01-MS";"UOP03-DEL01-MS"
746327;2026-01-17;"sábado";"23:00:00";"SC";101;149;"ITAPEMA";"Acessar a via sem observar a presença dos outros veículos";"Colisão lateral mesmo sentido";"Com Vítimas Feridas";"Plena Noite";"Decrescente";"Nublado";"Simples";"Viaduto;Interseção de Vias";"Sim";2;0;1;0;1;0;1;2;-27,106045;-48,614659;"SPRF-SC";"DEL04-SC";"UOP03-DEL04-SC"
746328;2026-01-17;"sábado";"22:08:00";"MS";463;1;"DOURADOS";"Ingestão de álcool pelo condutor";"Colisão lateral sentido oposto";"Com Vítimas Feridas";"Plena Noite";"Crescente";"Céu Claro";"Simples";"Reta;Declive";"Sim";3;0;1;0;2;0;1;3;-22,25916178;-54,816081;"SPRF-MS";"DEL04-MS";"UOP01-DEL04-MS"
746329;2026-01-17;"sábado";"23:20:00";"RJ";116;188;"NOVA IGUACU";"Reação tardia ou ineficiente do condutor";"Colisão traseira";"Com Vítimas Feridas";"Plena Noite";"Decrescente";"Céu Claro";"Dupla";"Reta";"Sim";3;0;3;0;0;0;3;2;-22,73822586;-43,48490462;"SPRF-RJ";"DEL06-RJ";"UOP01-DEL06-RJ"
746330;2026-01-17;"sábado";"23:30:00";"MG";50;168;"UBERABA";"Reação tardia ou ineficiente do condutor";"Queda de ocupante de veículo";"Com Vítimas Feridas";"Plena Noite";"Crescente";"Nublado";"Dupla";"Curva";"Não";1;0;1;0;0;0;1;1;-19,720272;-47,979991;"SPRF-MG";"DEL13-MG";"UOP01-DEL13-MG"
746331;2026-01-17;"sábado";"20:45:00";"PR";163;230,2;"CASCAVEL";"Velocidade Incompatível";"Saída de leito carroçável";"Com Vítimas Feridas";"Plena Noite";"Crescente";"Céu Claro";"Dupla";"Curva;Declive";"Não";3;0;1;2;0;0;3;1;-24,80505;-53,67192;"SPRF-PR";"DEL04-PR";"UOP01-DEL04-PR"
746332;2026-01-17;"sábado";"20:40:00";"MT";163;759;"SORRISO";"Reação tardia ou ineficiente do condutor";"Saída de leito carroçável";"Com Vítimas Feridas";"Plena Noite";"Crescente";"Céu Claro";"Dupla";"Reta";"Não";5;0;3;1;1;0;4;1;-12,501718;-55,689262;"SPRF-MT";"DEL06-MT";"UOP01-DEL06-MT"
746333;2026-01-17;"sábado";"22:10:00";"SC";163;101,3;"SAO JOSE DO CEDRO";"Ausência de reação do condutor";"Tombamento";"Com Vítimas Feridas";"Plena Noite";"Crescente";"Nublado";"Simples";"Aclive;Reta";"Não";1;0;1;0;0;0;1;1;-26,47536205;-53,50704281;"SPRF-SC";"DEL07-SC";"UOP03-DEL07-SC"
746334;2026-01-17;"sábado";"23:20:00";"PR";376;9,9;"MARINGA";"Ausência de reação do condutor";"Colisão com objeto";"Com Vítimas Feridas";"Plena Noite";"Crescente";"Céu Claro";"Dupla";"Interseção de Vias";"Sim";1;0;1;0;0;0;1;1;-23,380669;-51,9127034;"SPRF-PR";"DEL09-PR";"UOP01-DEL09-PR"
746335;2026-01-17;"sábado";"23:40:00";"RS";386;52,8;"SEBERI";"Transitar na contramão";"Colisão frontal";"Com Vítimas Feridas";"Plena Noite";"Crescente";"Chuva";"Simples";"Reta";"Sim";6;0;3;0;3;0;3;2;-27,5076757;-53,3822289;"SPRF-RS";"DEL08-RS";"UOP02-DEL08-RS"
746336;2026-01-18;"domingo";"00:20:00";"ES";101;143,6;"LINHARES";"Reação tardia ou ineficiente do condutor";"Colisão traseira";"Com Vítimas Feridas";"Plena Noite";"Decrescente";"Céu Claro";"Dupla";"Reta;Declive";"Não";4;0;1;0;3;0;1;2;-19,36963626;-40,06556797;"SPRF-ES";"DEL04-ES";"UOP01-DEL04-ES"
746337;2026-01-18;"domingo";"00:20:00";"RN";406;166,8;"SAO GONCALO DO AMARANTE";"Ultrapassagem Indevida";"Colisão traseira";"Com Vítimas Feridas";"Plena Noite";"Crescente";"Céu Claro";"Simples";"Reta";"Não";4;0;2;0;2;0;2;2;-5,73981902;-35,34995604;"SPRF-RN";"DEL02-RN";"UOP01-DEL02-RN"
746338;2026-01-17;"sábado";"22:47:00";"RN";226;112,2;"SANTA CRUZ";"Conversão proibida";"Colisão transversal";"Com Vítimas Feridas";"Plena Noite";"Decrescente";"Céu Claro";"Simples";"Reta";"Sim";2;0;0;1;1;0;1;2;-6,21856;-36,019882;"SPRF-RN";"DEL03-RN";"UOP02-DEL03-RN"
746339;2026-01-17;"sábado";"23:12:00";"RJ";40;113,8;"DUQUE DE CAXIAS";"Reação tardia ou ineficiente do condutor";"Colisão com objeto";"Com Vítimas Feridas";"Plena Noite";"Crescente";"Nublado";"Simples";"Retorno Regulamentado;Curva;Ponte";"Sim";1;0;0;1;0;0;1;1;-22,716885;-43,290383;"SPRF-RJ";"DEL01-RJ";"UOP02-DEL01-RJ"
746341;2026-01-17;"sábado";"20:20:00";"MG";381;158;"GOVERNADOR VALADARES";"Velocidade Incompatível";"Saída de leito carroçável";"Com Vítimas Feridas";"Plena Noite";"Crescente";"Ignorado";"Simples";"Reta";"Não";1;0;0;1;0;0;1;1;-18,92877741;-42,0426178;"SPRF-MG";"DEL06-MG";"UOP01-DEL06-MG"
746342;2026-01-18;"domingo";"00:34:00";"GO";60;281;"JANDAIA";"Animais na Pista";"Atropelamento de Animal";"Com Vítimas Feridas";"Plena Noite";"Decrescente";"Céu Claro";"Dupla";"Reta";"Não";4;0;1;1;2;0;2;1;-17,25119526;-50,21916032;"SPRF-GO";"DEL04-GO";"UOP02-DEL04-GO"
746343;2026-01-18;"domingo";"00:40:00";"SP";116;372;"MIRACATU";"Reação tardia ou ineficiente do condutor";"Colisão com objeto";"Com Vítimas Feridas";"Plena Noite";"Decrescente";"Chuva";"Dupla";"Reta";"Não";3;0;1;0;2;0;1;1;-24,1582919;-47,326769;"SPRF-SP";"DEL04-SP";"UOP02-DEL04-SP"
746344;2026-01-18;"domingo";"00:59:00";"PR";376;3,5;"MANDAGUARI";"Desrespeitar a preferência no cruzamento";"Colisão transversal";"Sem Vítimas";"Plena Noite";"Crescente";"Céu Claro";"Simples";"Rotatória";"Sim";2;0;0;0;1;1;0;2;-23,517091;-51,687347;"SPRF-PR";"DEL09-PR";"UOP01-DEL09-PR"
746345;2026-01-18;"domingo";"00:30:00";"MA";316;365,7;"SANTA INES";"Pedestre andava na pista";"Atropelamento de Pedestre";"Com Vítimas Fatais";"Plena Noite";"Decrescente";"Céu Claro";"Simples";"Reta";"Não";2;1;0;0;0;1;0;2;-3,6954844;-45,4067056;"SPRF-MA";"DEL03-MA";"UOP01-DEL03-MA"
746346;2026-01-18;"domingo";"00:05:00";"PR";277;723,5;"FOZ DO IGUACU";"Ingestão de álcool pelo condutor";"Saída de leito carroçável";"Sem Vítimas";"Plena Noite";"Decrescente";"Céu Claro";"Dupla";"Reta";"Sim";1;0;0;0;1;0;0;1;-25,496345;-54,523713;"SPRF-PR";"DEL05-PR";"UOP03-DEL05-PR"
746348;2026-01-18;"domingo";"01:40:00";"MG";40;667,7;"CARANDAI";"Ausência de reação do condutor";"Colisão com objeto";"Com Vítimas Feridas";"Plena Noite";"Crescente";"Céu Claro";"Simples";"Curva";"Não";1;0;0;1;0;0;1;1;-20,95592368;-43,79146669;"SPRF-MG";"DEL05-MG";"UOP02-DEL05-MG"
746349;2026-01-18;"domingo";"01:50:00";"MG";381;500;"BETIM";"Velocidade Incompatível";"Colisão com objeto";"Sem Vítimas";"Plena Noite";"Crescente";"Céu Claro";"Dupla";"Reta";"Não";1;0;0;0;1;0;0;1;-20,00086;-44,21155;"SPRF-MG";"DEL01-MG";"UOP03-DEL01-MG"
746350;2026-01-18;"domingo";"01:30:00";"RS";285;335;"CARAZINHO";"Ingestão de álcool pelo condutor";"Saída de leito carroçável";"Com Vítimas Feridas";"Plena Noite";"Decrescente";"Nublado";"Simples";"Curva";"Não";5;0;4;0;1;0;4;1;-28,317;-52,752;"SPRF-RS";"DEL08-RS";"UOP03-DEL08-RS"
746351;2026-01-18;"domingo";"01:50:00";"MG";381;493,9;"BETIM";"Ausência de reação do condutor";"Colisão com objeto";"Sem Vítimas";"Plena Noite";"Decrescente";"Garoa/Chuvisco";"Dupla";"Reta";"Sim";1;0;0;0;0;1;0;1;-19,96502841;-44,17375734;"SPRF-MG";"DEL01-MG";"UOP03-DEL01-MG"
746352;2026-01-18;"domingo";"02:00:00";"PR";277;82;"CURITIBA";"Reação tardia ou ineficiente do condutor";"Colisão traseira";"Com Vítimas Fatais";"Plena Noite";"Decrescente";"Nublado";"Dupla";"Reta";"Sim";3;1;0;1;1;0;1;2;-25,45585567;-49,22397494;"SPRF-PR";"DEL01-PR";"UOP03-DEL01-PR"
746353;2026-01-18;"domingo";"00:40:00";"MG";381;635,6;"SANTO ANTONIO DO AMPARO";"Acumulo de óleo sobre o pavimento";"Capotamento";"Com Vítimas Feridas";"Plena Noite";"Decrescente";"Chuva";"Dupla";"Aclive;Curva";"Não";5;0;2;0;3;0;2;1;-20,8630169;-44,8413379;"SPRF-MG";"DEL04-MG";"UOP01-DEL04-MG"
746354;2026-01-18;"domingo";"00:05:00";"PR";153;324,3;"IRATI";"Ultrapassagem Indevida";"Colisão transversal";"Com Vítimas Feridas";"Plena Noite";"Crescente";"Nublado";"Simples";"Reta";"Não";6;0;5;0;0;1;5;2;-25,412004;-50,608655;"SPRF-PR";"DEL08-PR";"UOP02-DEL08-PR"
746355;2026-01-18;"domingo";"02:14:00";"SC";101;32;"JOINVILLE";"Condutor Dormindo";"Colisão com objeto";"Com Vítimas Feridas";"Plena Noite";"Decrescente";"Ignorado";"Dupla";"Curva;Interseção de Vias";"Não";1;0;0;1;0;0;1;1;-26,24419478;-48,91034961;"SPRF-SC";"DEL03-SC";"UOP01-DEL03-SC"
746356;2026-01-18;"domingo";"03:00:00";"GO";20;171,9;"ALVORADA DO NORTE";"Condutor Dormindo";"Colisão frontal";"Com Vítimas Fatais";"Plena Noite";"Decrescente";"Céu Claro";"Simples";"Reta";"Não";2;1;0;0;1;0;0;2;-14,4514626;-46,4691384;"SPRF-DF";"DEL02-DF";"UOP03-DEL02-DF"
746358;2026-01-18;"domingo";"04:06:00";"RS";116;253;"SAPUCAIA DO SUL";"Chuva";"Colisão com objeto";"Sem Vítimas";"Plena Noite";"Decrescente";"Chuva";"Dupla";"Reta";"Sim";1;0;0;0;0;1;0;1;-29,8142747;-51,1684167;"SPRF-RS";"DEL01-RS";"UOP02-DEL01-RS"
746359;2026-01-18;"domingo";"02:05:00";"RS";470;173;"VERANOPOLIS";"Pedestre andava na pista";"Atropelamento de Pedestre";"Com Vítimas Fatais";"Plena Noite";"Crescente";"Nublado";"Simples";"Curva";"Sim";2;1;0;0;0;1;0;2;-28,91499606;-51,53987853;"SPRF-RS";"DEL06-RS";"UOP02-DEL06-RS"
746360;2026-01-18;"domingo";"02:08:00";"MT";70;518;"VARZEA GRANDE";"Condutor deixou de manter distância do veículo da frente";"Colisão traseira";"Sem Vítimas";"Plena Noite";"Crescente";"Céu Claro";"Simples";"Reta";"Sim";2;0;0;0;1;1;0;2;-15,69439499;-56,16726466;"SPRF-MT";"DEL01-MT";"UOP02-DEL01-MT"
746361;2026-01-18;"domingo";"04:40:00";"SP";116;210;"GUARULHOS";"Reação tardia ou ineficiente do condutor";"Colisão com objeto";"Com Vítimas Feridas";"Amanhecer";"Crescente";"Chuva";"Múltipla";"Aclive;Reta";"Sim";1;0;1;0;0;0;1;1;-23,428215;-46,410138;"SPRF-SP";"DEL01-SP";"UOP01-DEL01-SP"
746362;2026-01-18;"domingo";"04:15:00";"SC";280;53;"GUARAMIRIM";"Ingestão de álcool pelo condutor";"Saída de leito carroçável";"Com Vítimas Feridas";"Amanhecer";"Decrescente";"Céu Claro";"Dupla";"Reta";"Sim";4;0;3;0;1;0;3;1;-26,47421056;-48,97825336;"SPRF-SC";"DEL03-SC";"UOP03-DEL03-SC"
746363;2026-01-18;"domingo";"02:21:00";"BA";367;32;"PORTO SEGURO";"Reação tardia ou ineficiente do condutor";"Tombamento";"Com Vítimas Feridas";"Plena Noite";"Decrescente";"Céu Claro";"Simples";"Reta";"Não";2;0;2;0;0;0;2;1;-16,41901938;-39,15133813;"SPRF-BA";"DEL09-BA";"UOP03-DEL09-BA"
746364;2026-01-18;"domingo";"04:15:00";"MT";364;1,5;"ALTO ARAGUAIA";"Ausência de reação do condutor";"Saída de leito carroçável";"Com Vítimas Feridas";"Amanhecer";"Decrescente";"Céu Claro";"Simples";"Curva";"Sim";4;0;3;0;0;1;3;2;-17,310357;-53,222189;"SPRF-MT";"DEL02-MT";"UOP02-DEL02-MT"
746365;2026-01-18;"domingo";"04:30:00";"RS";386;346,9;"LAJEADO";"Ausência de reação do condutor";"Saída de leito carroçável";"Sem Vítimas";"Plena Noite";"Crescente";"Céu Claro";"Dupla";"Curva";"Sim";1;0;0;0;0;1;0;1;-29,45132717;-51,96737973;"SPRF-RS";"DEL04-RS";"UOP01-DEL04-RS"
746366;2026-01-18;"domingo";"05:05:00";"RS";153;412;"CACHOEIRA DO SUL";"Ausência de reação do condutor";"Colisão lateral sentido oposto";"Com Vítimas Feridas";"Amanhecer";"Decrescente";"Garoa/Chuvisco";"Simples";"Ponte;Reta";"Não";3;0;0;1;1;1;1;3;-30,06298826;-52,89687857;"SPRF-RS";"DEL02-RS";"UOP03-DEL02-RS"
746367;2026-01-18;"domingo";"04:30:00";"CE";116;43;"HORIZONTE";"Objeto estático sobre o leito carroçável";"Colisão com objeto";"Com Vítimas Fatais";"Amanhecer";"Decrescente";"Chuva";"Dupla";"Reta";"Sim";2;1;0;0;0;1;0;1;-4,122858;-38,486072;"SPRF-CE";"DEL01-CE";"UOP02-DEL01-CE"
746369;2026-01-18;"domingo";"03:45:00";"SC";470;14;"NAVEGANTES";"Acessar a via sem observar a presença dos outros veículos";"Colisão transversal";"Com Vítimas Feridas";"Plena Noite";"Decrescente";"Céu Claro";"Dupla";"Reta";"Não";2;0;1;0;1;0;1;2;-26,83881077;-48,76509458;"SPRF-SC";"DEL04-SC";"UOP04-DEL04-SC"
746370;2026-01-18;"domingo";"03:00:00";"SP";116;161;"SAO JOSE DOS CAMPOS";"Reação tardia ou ineficiente do condutor";"Colisão com objeto";"Com Vítimas Feridas";"Plena Noite";"Crescente";"Céu Claro";"Dupla";"Interseção de Vias;Reta";"Não";1;0;1;0;0;0;1;1;-23,2492092;-45,9356255;"SPRF-SP";"DEL02-SP";"UOP01-DEL02-SP"
746371;2026-01-18;"domingo";"00:10:00";"SE";101;6,7;"CEDRO DE SAO JOAO";"Velocidade Incompatível";"Saída de leito carroçável";"Sem Vítimas";"Plena Noite";"Decrescente";"Céu Claro";"Dupla";"Reta";"Não";1;0;0;0;1;0;0;1;-10,24358811;-36,85424924;"SPRF-SE";"DEL02-SE";"UOP02-DEL02-SE"
746373;2026-01-18;"domingo";"05:00:00";"SE";235;30,4;"AREIA BRANCA";"Ingestão de álcool pelo condutor";"Colisão com objeto";"Sem Vítimas";"Amanhecer";"Decrescente";"Céu Claro";"Simples";"Curva";"Não";1;0;0;0;0;1;0;1;-10,783612;-37,292877;"SPRF-SE";"DEL01-SE";"UOP02-DEL01-SE"
746377;2026-01-18;"domingo";"06:40:00";"RN";101;112;"PARNAMIRIM";"Manobra de mudança de faixa";"Colisão lateral mesmo sentido";"Com Vítimas Feridas";"Pleno dia";"Crescente";"Sol";"Dupla";"Declive";"Não";2;0;0;1;1;0;1;2;-5,9573937;-35,2649731;"SPRF-RN";"DEL01-RN";"UOP01-DEL01-RN"
746378;2026-01-18;"domingo";"06:30:00";"RS";116;310;"GUAIBA";"Ausência de reação do condutor";"Saída de leito carroçável";"Com Vítimas Feridas";"Pleno dia";"Decrescente";"Chuva";"Dupla";"Reta";"Não";2;0;1;1;0;0;2;1;-30,205797;-51,401835;"SPRF-RS";"DEL02-RS";"UOP01-DEL02-RS"
746379;2026-01-18;"domingo";"06:50:00";"RN";101;111;"PARNAMIRIM";"Condutor deixou de manter distância do veículo da frente";"Saída de leito carroçável";"Com Vítimas Feridas";"Pleno dia";"Crescente";"Céu Claro";"Dupla";"Declive;Reta";"Não";3;0;2;0;1;0;2;1;-5,9492784;-35,2630871;"SPRF-RN";"DEL01-RN";"UOP01-DEL01-RN"
746380;2026-01-18;"domingo";"04:30:00";"MG";354;729,1;"POUSO ALTO";"Chuva";"Saída de leito carroçável";"Com Vítimas Feridas";"Plena Noite";"Decrescente";"Chuva";"Simples";"Curva;Declive";"Não";4;0;2;0;2;0;2;1;-22,14730402;-44,96592522;"SPRF-MG";"DEL17-MG";"UOP01-DEL17-MG"
746381;2026-01-18;"domingo";"05:17:00";"CE";222;229;"SOBRAL";"Condutor Dormindo";"Colisão com objeto";"Sem Vítimas";"Amanhecer";"Crescente";"Céu Claro";"Simples";"Ponte;Reta;Declive";"Não";1;0;0;0;0;1;0;1;-3,7027077;-40,3921224;"SPRF-CE";"DEL04-CE";"UOP01-DEL04-CE"
746384;2026-01-18;"domingo";"06:35:00";"PB";230;19;"JOAO PESSOA";"Mal súbito do condutor";"Tombamento";"Com Vítimas Feridas";"Pleno dia";"Decrescente";"Céu Claro";"Dupla";"Reta";"Sim";1;0;1;0;0;0;1;1;-7,12927903;-34,84987646;"SPRF-PB";"DEL01-PB";"UOP01-DEL01-PB"
746385;2026-01-18;"domingo";"07:00:00";"SC";282;1,3;"FLORIANOPOLIS";"Reação tardia ou ineficiente do condutor";"Colisão com objeto";"Sem Vítimas";"Pleno dia";"Decrescente";"Nublado";"Múltipla";"Reta";"Sim";1;0;0;0;1;0;0;1;-27,603702;-48,58402;"SPRF-SC";"DEL01-SC";"UOP01-DEL01-SC"
746386;2026-01-18;"domingo";"07:00:00";"RS";116;173;"CAXIAS DO SUL";"Acessar a via sem observar a presença dos outros veículos";"Colisão transversal";"Com Vítimas Feridas";"Pleno dia";"Decrescente";"Nublado";"Simples";"Reta";"Não";3;0;1;0;2;0;1;2;-29,322663;-51,170787;"SPRF-RS";"DEL05-RS";"UOP02-DEL05-RS"