"id";"data_inversa";"dia_semana";"horario";"uf";"br";"km";"municipio";"causa_acidente";"tipo_acidente";"classificacao_acidente";"fase_dia";"sentido_via";"condicao_metereologica";"tipo_pista";"tracado_via";"uso_solo";"pessoas";"mortos";"feridos_leves";"feridos_graves";"ilesos";"ignorados";"feridos";"veiculos";"latitude";"longitude";"regional";"delegacia";"uop"
746592;2026-01-19;"segunda-feira";"00:03:00";"MG";40;392,3;"CURVELO";"Chuva";"Colisão traseira";"Com Vítimas Feridas";"Plena Noite";"Crescente";"Chuva";"Simples";"Reta";"Não";3;0;1;0;2;0;1;2;-18,968797;-44,674727;"SPRF-MG";"DEL02-MG";"UOP01-DEL02-MG"
746593;2026-01-19;"segunda-feira";"00:04:00";"PE";101;68,5;"RECIFE";"Ausência de reação do condutor";"Saída de leito carroçável";"Com Vítimas Feridas";"Plena Noite";"Crescente";"Céu Claro";"Dupla";"Reta";"Sim";1;0;0;1;0;0;1;1;-8,049976;-34,94559702;"SPRF-PE";"DEL01-PE";"UOP01-DEL01-PE"
746594;2026-01-19;"segunda-feira";"00:05:00";"SP";101;23,2;"UBATUBA";"Ausência de reação do condutor";"Tombamento";"Com Vítimas Feridas";"Plena Noite";"Decrescente";"Nublado";"Simples";"Reta";"Sim";1;0;1;0;0;0;1;1;-23,34370296;-44,93985113;"SPRF-SP";"DEL06-SP";"UOP01-DEL06-SP"
746595;2026-01-18;"domingo";"23:40:00";"MG";381;157,7;"GOVERNADOR VALADARES";"Condutor usando celular";"Saída de leito carroçável";"Com Vítimas Feridas";"Plena Noite";"Decrescente";"Céu Claro";"Simples";"Curva";"Não";2;0;0;1;1;0;1;1;-18,92326069;-42,0238173;"SPRF-MG";"DEL06-MG";"UOP01-DEL06-MG"
746596;2026-01-19;"segunda-feira";"00:05:00";"CE";116;473,9;"MILAGRES";"Acessar a via sem observar a presença dos outros veículos";"Colisão transversal";"Sem Vítimas";"Plena Noite";"Crescente";"Céu Claro";"Simples";"Reta";"Não";2;0;0;0;1;1;0;2;-7,294552;-38,87416;"SPRF-CE";"DEL05-CE";"UOP03-DEL05-CE"
746597;2026-01-18;"domingo";"21:00:00";"RJ";465;19;"NOVA IGUACU";"Conversão proibida";"Colisão transversal";"Com Vítimas Feridas";"Plena Noite";"Crescente";"Céu Claro";"Simples";"Reta";"Sim";2;0;1;0;1;0;1;2;-22,84103757;-43,60927932;"SPRF-RJ";"DEL06-RJ";"UOP02-DEL06-RJ"
746598;2026-01-18;"domingo";"23:15:00";"MT";364;207;"RONDONOPOLIS";"Acessar a via sem observar a presença dos outros veículos";"Colisão transversal";"Com Vítimas Feridas";"Plena Noite";"Decrescente";"Céu Claro";"Dupla";"Interseção de Vias;Reta";"Sim";2;0;1;0;0;1;1;2;-16,43698;-54,68171;"SPRF-MT";"DEL02-MT";"UOP01-DEL02-MT"
746599;2026-01-18;"domingo";"22:50:00";"RS";116;392,6;"CAMAQUA";"Chuva";"Saída de leito carroçável";"Com Vítimas Feridas";"Plena Noite";"Decrescente";"Chuva";"Dupla";"Reta";"Sim";1;0;1;0;0;0;1;1;-30,836885;-51,739147;"SPRF-RS";"DEL02-RS";"UOP02-DEL02-RS"
746602;2026-01-19;"segunda-feira";"00:45:00";"MG";116;529;"CARATINGA";"Reação tardia ou ineficiente do condutor";"Colisão traseira";"Com Vítimas Feridas";"Plena Noite";"Decrescente";"Céu Claro";"Simples";"Reta";"Sim";2;0;1;0;1;0;1;2;-19,806578;-42,135122;"SPRF-MG";"DEL06-MG";"UOP02-DEL06-MG"
746603;2026-01-19;"segunda-feira";"02:12:00";"RS";116;270;"PORTO ALEGRE";"Acumulo de água sobre o pavimento";"Saída de leito carroçável";"Com Vítimas Feridas";"Plena Noite";"Decrescente";"Nublado";"Dupla";"Reta";"Não";2;0;1;0;1;0;1;1;-29,97066768;-51,17648591;"SPRF-RS";"DEL01-RS";"UOP01-DEL01-RS"
746604;2026-01-19;"segunda-feira";"01:20:00";"PB";230;7,2;"CABEDELO";"Ingestão de álcool pelo condutor";"Colisão traseira";"Com Vítimas Feridas";"Plena Noite";"Crescente";"Céu Claro";"Múltipla";"Reta";"Sim";2;0;1;0;1;0;1;2;-7,0290242;-34,8399657;"SPRF-PB";"DEL01-PB";"UOP01-DEL01-PB"
746606;2026-01-19;"segunda-feira";"02:00:00";"PE";104;48;"CARUARU";"Transitar na contramão";"Queda de ocupante de veículo";"Com Vítimas Fatais";"Plena Noite";"Decrescente";"Nublado";"Dupla";"Reta";"Não";2;1;0;1;0;0;1;1;-8,13314213;-35,9918493;"SPRF-PE";"DEL02-PE";"UOP01-DEL02-PE"
746607;2026-01-18;"domingo";"23:59:00";"RS";290;84,5;"CACHOEIRINHA";"Reação tardia ou ineficiente do condutor";"Colisão com objeto";"Com Vítimas Feridas";"Plena Noite";"Crescente";"Céu Claro";"Múltipla";"Reta";"Não";1;0;1;0;0;0;1;1;-29,96449003;-51,09892488;"SPRF-RS";"DEL01-RS";"UOP01-DEL01-RS"
746608;2026-01-18;"domingo";"23:00:00";"AC";317;287;"EPITACIOLANDIA";"Animais na Pista";"Atropelamento de Animal";"Com Vítimas Feridas";"Plena Noite";"Decrescente";"Nublado";"Simples";"Declive";"Não";1;0;0;1;0;0;1;1;-10,96994352;-68,61671736;"SPRF-AC";"DEL01-AC";"UOP02-DEL01-AC"
746609;2026-01-19;"segunda-feira";"01:00:00";"PR";116;57;"CAMPINA GRANDE DO SUL";"Demais falhas mecânicas ou elétricas";"Incêndio";"Sem Vítimas";"Plena Noite";"Crescente";"Nublado";"Dupla";"Reta";"Não";2;0;0;0;0;2;0;1;-25,289208;-48,934101;"SPRF-PR";"DEL01-PR";"UOP02-DEL01-PR"
746610;2026-01-19;"segunda-feira";"02:50:00";"RJ";493;28;"MAGE";"Animais na Pista";"Atropelamento de Animal";"Com Vítimas Feridas";"Plena Noite";"Decrescente";"Céu Claro";"Simples";"Reta";"Não";2;0;2;0;0;0;2;1;-22,659447;-43,091244;"SPRF-RJ";"DEL04-RJ";"UOP02-DEL04-RJ"
746612;2026-01-19;"segunda-feira";"01:00:00";"GO";153;169,5;"CAMPINORTE";"Demais falhas mecânicas ou elétricas";"Incêndio";"Sem Vítimas";"Plena Noite";"Decrescente";"Nublado";"Simples";"Reta";"Não";33;0;0;0;33;0;0;1;-14,26181;-49,142778;"SPRF-GO";"DEL07-GO";"UOP02-DEL07-GO"
746614;2026-01-19;"segunda-feira";"03:30:00";"SC";101;41;"JOINVILLE";"Velocidade Incompatível";"Saída de leito carroçável";"Sem Vítimas";"Plena Noite";"Decrescente";"Chuva";"Dupla";"Curva";"Sim";1;0;0;0;1;0;0;1;-26,3169384;-48,87306087;"SPRF-SC";"DEL03-SC";"UOP01-DEL03-SC"
746615;2026-01-19;"segunda-feira";"03:45:00";"MG";381;330;"NOVA ERA";"Condutor Dormindo";"Capotamento";"Com Vítimas Feridas";"Plena Noite";"Crescente";"Garoa/Chuvisco";"Simples";"Aclive;Curva";"Não";2;0;1;0;1;0;1;1;-19,78606082;-43,04540946;"SPRF-MG";"DEL03-MG";"UOP01-DEL03-MG"
746616;2026-01-19;"segunda-feira";"04:15:00";"MA";316;260;"SANTA INES";"Reação tardia ou ineficiente do condutor";"Colisão traseira";"Sem Vítimas";"Plena Noite";"Crescente";"Chuva";"Simples";"Reta";"Sim";2;0;0;0;0;2;0;2;-3,66973;-45,395123;"SPRF-MA";"DEL02-MA";"UOP01-DEL02-MA"
746617;2026-01-19;"segunda-feira";"04:30:00";"ES";262;118;"CONCEICAO DO CASTELO";"Demais Fenômenos da natureza";"Colisão com objeto";"Com Vítimas Feridas";"Amanhecer";"Decrescente";"Nublado";"Simples";"Curva";"Não";3;0;2;0;1;0;2;1;-20,30814775;-41,24052129;"SPRF-ES";"DEL01-ES";"UOP02-DEL01-ES"
746618;2026-01-19;"segunda-feira";"04:20:00";"BA";101;528,3;"BUERAREMA";"Animais na Pista";"Atropelamento de Animal";"Com Vítimas Fatais";"Plena Noite";"Crescente";"Céu Claro";"Simples";"Reta";"Não";4;1;0;3;0;0;3;1;-14,978842;-39,3315;"SPRF-BA";"DEL05-BA";"UOP01-DEL05-BA"
746620;2026-01-18;"domingo";"20:10:00";"BA";116;21;"VITORIA DA CONQUISTA";"Velocidade Incompatível";"Colisão lateral mesmo sentido";"Com Vítimas Feridas";"Plena Noite";"Decrescente";"Céu Claro";"Simples";"Reta";"Não";2;0;2;0;0;0;2;1;-14,88266428;-40,80674681;"SPRF-BA";"DEL08-BA";"UOP01-DEL08-BA"
746621;2026-01-19;"segunda-feira";"05:50:00";"PR";277;731;"FOZ DO IGUACU";"Reação tardia ou ineficiente do condutor";"Atropelamento de Pedestre";"Com Vítimas Feridas";"Pleno dia";"Crescente";"Céu Claro";"Dupla";"Curva;Declive";"Sim";2;0;1;1;0;0;2;2;-25,50879783;-54,59295273;"SPRF-PR";"DEL05-PR";"UOP03-DEL05-PR"
746623;2026-01-19;"segunda-feira";"04:10:00";"MS";158;97;"PARANAIBA";"Ingestão de álcool pelo condutor";"Saída de leito carroçável";"Sem Vítimas";"Amanhecer";"Decrescente";"Nublado";"Dupla";"Reta";"Sim";1;0;0;0;0;1;0;1;-19,6967171;-51,1755522;"SPRF-MS";"DEL08-MS";"UOP01-DEL08-MS"
746624;2026-01-18;"domingo";"10:00:00";"RS";386;409;"TRIUNFO";"Demais falhas na via";"Colisão com objeto";"Com Vítimas Feridas";"Pleno dia";"Crescente";"Chuva";"Dupla";"Reta";"Não";2;0;1;0;1;0;1;1;-29,80114723;-51,51506667;"SPRF-RS";"DEL04-RS";"UOP02-DEL04-RS"
746625;2026-01-19;"segunda-feira";"05:30:00";"AL";101;244;"PORTO REAL DO COLEGIO";"Animais na Pista";"Atropelamento de Animal";"Com Vítimas Feridas";"Pleno dia";"Crescente";"Nublado";"Dupla";"Reta";"Não";2;0;1;0;1;0;1;1;-10,17118287;-36,82221763;"SPRF-AL";"DEL02-AL";"UOP02-DEL02-AL"
746626;2026-01-19;"segunda-feira";"05:00:00";"MT";174;36;"VILA BELA DA SANTISSIMA TRINDADE";"Animais na Pista";"Atropelamento de Animal";"Com Vítimas Feridas";"Amanhecer";"Decrescente";"Nevoeiro/Neblina";"Simples";"Reta";"Não";1;0;1;0;0;0;1;1;-15,156693;-59,579085;"SPRF-MT";"DEL04-MT";"UOP01-DEL04-MT"
746628;2026-01-19;"segunda-feira";"07:15:00";"PE";101;70;"RECIFE";"Acessar a via sem observar a presença dos outros veículos";"Colisão lateral mesmo sentido";"Com Vítimas Feridas";"Pleno dia";"Decrescente";"Céu Claro";"Múltipla";"Reta";"Sim";2;0;1;0;1;0;1;2;-8,072048;-34,94276;"SPRF-PE";"DEL01-PE";"UOP01-DEL01-PE"
746632;2026-01-19;"segunda-feira";"07:40:00";"SC";101;22;"JOINVILLE";"Trafegar com motocicleta (ou similar) entre as faixas";"Tombamento";"Com Vítimas Feridas";"Pleno dia";"Crescente";"Nublado";"Dupla";"Reta";"Não";1;0;0;1;0;0;1;1;-26,1640404;-48,9071011;"SPRF-SC";"DEL03-SC";"UOP01-DEL03-SC"
746634;2026-01-19;"segunda-feira";"07:20:00";"MG";40;549;"BELO HORIZONTE";"Condutor deixou de manter distância do veículo da frente";"Colisão lateral mesmo sentido";"Com Vítimas Feridas";"Pleno dia";"Crescente";"Garoa/Chuvisco";"Dupla";"Reta";"Não";2;0;0;1;1;0;1;2;-19,96642679;-43,94325895;"SPRF-MG";"DEL01-MG";"UOP02-DEL01-MG"
746635;2026-01-18;"domingo";"18:30:00";"PR";476;315;"PAULO FRONTIN";"Chuva";"Saída de leito carroçável";"Com Vítimas Feridas";"Anoitecer";"Crescente";"Céu Claro";"Simples";"Reta";"Não";1;0;1;0;0;0;1;1;-26,0595661;-50,71649411;"SPRF-PR";"DEL02-PR";"UOP03-DEL02-PR"
746636;2026-01-19;"segunda-feira";"07:45:00";"RJ";40;48;"PETROPOLIS";"Velocidade Incompatível";"Colisão com objeto";"Com Vítimas Feridas";"Pleno dia";"Decrescente";"Chuva";"Dupla";"Curva";"Não";1;0;1;0;0;0;1;1;-22,2824857;-43,119292;"SPRF-RJ";"DEL05-RJ";"UOP02-DEL05-RJ"
746637;2026-01-19;"segunda-feira";"07:20:00";"SC";280;231;"CANOINHAS";"Entrada inopinada do pedestre";"Atropelamento de Pedestre";"Com Vítimas Feridas";"Pleno dia";"Decrescente";"Céu Claro";"Simples";"Reta";"Sim";2;0;0;1;1;0;1;2;-26,188846;-50,3704778;"SPRF-SC";"DEL06-SC";"UOP04-DEL06-SC"
746638;2026-01-19;"segunda-feira";"07:51:00";"BA";367;29;"PORTO SEGURO";"Acessar a via sem observar a presença dos outros veículos";"Colisão transversal";"Com Vítimas Feridas";"Pleno dia";"Crescente";"Céu Claro";"Simples";"Reta;Interseção de Vias";"Não";2;0;1;0;1;0;1;2;-16,4153386;-39,11905289;"SPRF-BA";"DEL09-BA";"UOP03-DEL09-BA"
746639;2026-01-18;"domingo";"23:00:00";"GO";60;256,4;"INDIARA";"Ausência de reação do condutor";"Saída de leito carroçável";"Com Vítimas Feridas";"Plena Noite";"Decrescente";"Céu Claro";"Dupla";"Reta";"Não";1;0;0;1;0;0;1;1;-17,153715;-50,023677;"SPRF-GO";"DEL01-GO";"UOP02-DEL01-GO"
746640;2026-01-19;"segunda-feira";"08:10:00";"PR";277;38;"MORRETES";"Reação tardia ou ineficiente do condutor";"Capotamento";"Com Vítimas Feridas";"Pleno dia";"Crescente";"Chuva";"Dupla";"Aclive;Curva";"Não";2;0;2;0;0;0;2;1;-25,57505378;-48,85275789;"SPRF-PR";"DEL01-PR";"UOP05-DEL01-PR"
746641;2026-01-19;"segunda-feira";"08:05:00";"PR";116;51;"CAMPINA GRANDE DO SUL";"Velocidade Incompatível";"Saída de leito carroçável";"Com Vítimas Feridas";"Pleno dia";"Decrescente";"Chuva";"Dupla";"Curva";"Não";2;0;1;0;1;0;1;1;-25,24396721;-48,90222861;"SPRF-PR";"DEL01-PR";"UOP02-DEL01-PR"
746643;2026-01-19;"segunda-feira";"07:50:00";"SC";470;51;"BLUMENAU";"Acessar a via sem observar a presença dos outros veículos";"Colisão transversal";"Com Vítimas Feridas";"Pleno dia";"Decrescente";"Céu Claro";"Simples";"Interseção de Vias;Viaduto;Reta";"Sim";2;0;1;0;1;0;1;2;-26,863008;-49,082254;"SPRF-SC";"DEL04-SC";"UOP01-DEL04-SC"
746644;2026-01-19;"segunda-feira";"07:30:00";"RS";290;101;"PORTO ALEGRE";"Reação tardia ou ineficiente do condutor";"Colisão lateral mesmo sentido";"Com Vítimas Feridas";"Pleno dia";"Crescente";"Nublado";"Dupla";"Reta;Aclive";"Sim";2;0;1;0;1;0;1;2;-29,99009294;-51,26607377;"SPRF-RS";"DEL01-RS";"UOP01-DEL01-RS"
746646;2026-01-19;"segunda-feira";"08:00:00";"PE";101;69;"RECIFE";"Ausência de reação do condutor";"Colisão traseira";"Com Vítimas Feridas";"Pleno dia";"Decrescente";"Céu Claro";"Dupla";"Reta";"Sim";3;0;1;0;2;0;1;2;-8,05958;-34,94576;"SPRF-PE";"DEL01-PE";"UOP01-DEL01-PE"
746647;2026-01-19;"segunda-feira";"07:15:00";"MG";381;502,4;"BETIM";"Manobra de mudança de faixa";"Colisão lateral mesmo sentido";"Com Vítimas Feridas";"Pleno dia";"Crescente";"Céu Claro";"Dupla";"Declive;Curva";"Não";2;0;1;0;1;0;1;2;-20,01952073;-44,22817022;"SPRF-MG";"DEL01-MG";"UOP03-DEL01-MG"
746649;2026-01-19;"segunda-feira";"08:30:00";"PR";116;110;"CURITIBA";"Trafegar com motocicleta (ou similar) entre as faixas";"Colisão lateral mesmo sentido";"Com Vítimas Feridas";"Pleno dia";"Crescente";"Nublado";"Dupla";"Reta";"Sim";4;0;0;1;3;0;1;2;-25,560558;-49,263726;"SPRF-PR";"DEL01-PR";"UOP03-DEL01-PR"
746651;2026-01-19;"segunda-feira";"08:58:00";"PB";230;22,7;"JOAO PESSOA";"Condutor deixou de manter distância do veículo da frente";"Colisão traseira";"Com Vítimas Feridas";"Pleno dia";"Decrescente";"Sol";"Dupla";"Reta";"Sim";2;0;0;1;1;0;1;2;-7,1644;-34,8634;"SPRF-PB";"DEL01-PB";"UOP01-DEL01-PB"
746652;2026-01-19;"segunda-feira";"08:05:00";"SC";101;148,6;"ITAPEMA";"Demais falhas mecânicas ou elétricas";"Tombamento";"Com Vítimas Feridas";"Pleno dia";"Crescente";"Céu Claro";"Dupla";"Reta";"Sim";2;0;0;1;1;0;1;1;-27,11047864;-48,61175537;"SPRF-SC";"DEL04-SC";"UOP03-DEL04-SC"
746654;2026-01-19;"segunda-feira";"08:30:00";"SC";282;2;"FLORIANOPOLIS";"Condutor deixou de manter distância do veículo da frente";"Colisão traseira";"Com Vítimas Feridas";"Pleno dia";"Decrescente";"Nublado";"Múltipla";"Reta";"Sim";5;0;1;0;4;0;1;5;-27,60349127;-48,58791113;"SPRF-SC";"DEL01-SC";"UOP01-DEL01-SC"
746655;2026-01-19;"segunda-feira";"09:10:00";"RJ";101;293;"ITABORAI";"Manobra de mudança de faixa";"Colisão lateral mesmo sentido";"Sem Vítimas";"Pleno dia";"Decrescente";"Sol";"Dupla";"Retorno Regulamentado";"Sim";4;0;0;0;4;0;0;2;-22,754638;-42,890622;"SPRF-RJ";"DEL02-RJ";"UOP02-DEL02-RJ"
746656;2026-01-19;"segunda-feira";"07:50:00";"MA";135;0;"SAO LUIS";"Chuva";"Colisão com objeto";"Com Vítimas Feridas";"Pleno dia";"Decrescente";"Chuva";"Dupla";"Curva";"Não";8;0;3;0;5;0;3;1;-2,67469;-44,29586;"SPRF-MA";"DEL01-MA";"UOP01-DEL01-MA"
746657;2026-01-19;"segunda-feira";"07:45:00";"PR";277;725,7;"FOZ DO IGUACU";"Reação tardia ou ineficiente do condutor";"Colisão traseira";"Com Vítimas Feridas";"Pleno dia";"Crescente";"Sol";"Dupla";"Reta";"Sim";3;0;1;0;2;0;1;2;-25,5061;-54,5439;"SPRF-PR";"DEL05-PR";"UOP03-DEL05-PR"
746658;2026-01-19;"segunda-feira";"09:20:00";"PR";116;25,5;"CAMPINA GRANDE DO SUL";"Chuva";"Capotamento";"Com Vítimas Feridas";"Pleno dia";"Decrescente";"Chuva";"Simples";"Curva";"Não";1;0;1;0;0;0;1;1;-25,10829534;-48,81933689;"SPRF-PR";"DEL01-PR";"UOP02-DEL01-PR"
746659;2026-01-10;"sábado";"17:00:00";"MT";70;523;"VARZEA GRANDE";"Acesso irregular";"Colisão transversal";"Com Vítimas Feridas";"Pleno dia";"Decrescente";"Céu Claro";"Simples";"Reta";"Sim";2;0;1;0;1;0;1;2;-15,6554724;-56,1901049;"SPRF-MT";"DEL01-MT";"UOP02-DEL01-MT"
746660;2026-01-19;"segunda-feira";"06:16:00";"RO";435;49,7;"VILHENA";"Acessar a via sem observar a presença dos outros veículos";"Saída de leito carroçável";"Sem Vítimas";"Amanhecer";"Crescente";"Céu Claro";"Simples";"Declive;Reta";"Não";3;0;0;0;1;2;0;2;-12,97060748;-60,39976568;"SPRF-RO";"DEL04-RO";"UOP02-DEL04-RO"
746663;2026-01-19;"segunda-feira";"08:40:00";"PI";316;6,2;"TERESINA";"Entrada inopinada do pedestre";"Atropelamento de Pedestre";"Com Vítimas Fatais";"Pleno dia";"Crescente";"Nublado";"Múltipla";"Reta";"Sim";2;1;0;0;1;0;0;2;-5,149137;-42,773799;"SPRF-PI";"DEL01-PI";"UOP02-DEL01-PI"
746664;2026-01-11;"domingo";"11:40:00";"MG";381;497,3;"BETIM";"Condutor deixou de manter distância do veículo da frente";"Colisão traseira";"Com Vítimas Feridas";"Pleno dia";"Crescente";"Céu Claro";"Múltipla";"Reta;Declive";"Sim";2;0;1;0;1;0;1;2;-19,98307561;-44,20197694;"SPRF-MG";"DEL01-MG";"UOP03-DEL01-MG"
746667;2026-01-19;"segunda-feira";"09:38:00";"PI";343;343,9;"TERESINA";"Reação tardia ou ineficiente do condutor";"Engavetamento";"Com Vítimas Feridas";"Pleno dia";"Crescente";"Sol";"Simples";"Reta";"Não";3;0;1;0;2;0;1;3;-5,09408;-42,76254;"SPRF-PI";"DEL01-PI";"UOP01-DEL01-PI"
746669;2026-01-19;"segunda-feira";"09:35:00";"BA";101;158;"CONCEICAO DO JACUIPE";"Ausência de reação do condutor";"Colisão transversal";"Com Vítimas Feridas";"Pleno dia";"Crescente";"Sol";"Dupla";"Reta";"Não";2;0;0;1;1;0;1;2;-12,3579435;-38,788016;"SPRF-BA";"DEL11-BA";"UOP02-DEL11-BA"
746672;2026-01-19;"segunda-feira";"10:00:00";"PR";116;29;"CAMPINA GRANDE DO SUL";"Velocidade Incompatível";"Saída de leito carroçável";"Com Vítimas Feridas";"Pleno dia";"Decrescente";"Chuva";"Dupla";"Curva";"Não";1;0;1;0;0;0;1;1;-25,11214631;-48,8150982;"SPRF-PR";"DEL01-PR";"UOP02-DEL01-PR"
746673;2026-01-19;"segunda-feira";"10:25:00";"SP";116;139,9;"SAO JOSE DOS CAMPOS";"Condutor deixou de manter distância do veículo da frente";"Engavetamento";"Com Vítimas Feridas";"Pleno dia";"Crescente";"Céu Claro";"Dupla";"Reta";"Sim";3;0;0;1;2;0;1;3;-23,16304028;-45,80737591;"SPRF-SP";"DEL02-SP";"UOP01-DEL02-SP"
746674;2026-01-19;"segunda-feira";"13:20:00";"ES";101;260,6;"SERRA";"Condutor deixou de manter distância do veículo da frente";"Tombamento";"Com Vítimas Feridas";"Pleno dia";"Crescente";"Céu Claro";"Simples";"Curva";"Não";2;0;1;0;1;0;1;2;-20,14644;-40,282501;"SPRF-ES";"DEL02-ES";"UOP01-DEL02-ES"
746675;2026-01-02;"sexta-feira";"09:30:00";"MA";402;133,2;"PRIMEIRA CRUZ";"Acessar a via sem observar a presença dos outros veículos";"Colisão transversal";"Com Vítimas Feridas";"Pleno dia";"Crescente";"Céu Claro";"Simples";"Reta";"Não";8;0;0;1;7;0;1;2;-2,798182;-43,296955;"SPRF-MA";"DEL01-MA";"UOP01-DEL01-MA"
746677;2026-01-19;"segunda-feira";"11:20:00";"BA";101;913;"NOVA VICOSA";"Mal súbito do condutor";"Colisão traseira";"Com Vítimas Feridas";"Pleno dia";"Crescente";"Sol";"Simples";"Declive;Reta";"Não";2;0;1;0;1;0;1;2;-17,8270454;-39,7953517;"SPRF-BA";"DEL09-BA";"UOP02-DEL09-BA"
746678;2026-01-19;"segunda-feira";"10:20:00";"SP";153;289,5;"OCAUCU";"Deficiência do Sistema de Iluminação/Sinalização";"Colisão traseira";"Com Vítimas Feridas";"Pleno dia";"Decrescente";"Céu Claro";"Simples";"Reta;Declive";"Não";4;0;2;0;2;0;2;3;-22,4920642;-49,8894216;"SPRF-SP";"DEL07-SP";"UOP02-DEL07-SP"
746680;2026-01-19;"segunda-feira";"09:15:00";"MS";262;425;"TERENOS";"Demais falhas mecânicas ou elétricas";"Incêndio";"Sem Vítimas";"Pleno dia";"Crescente";"Céu Claro";"Simples";"Reta";"Não";1;0;0;0;1;0;0;1;-20,4331268;-54,8819647;"SPRF-MS";"DEL01-MS";"UOP03-DEL01-MS"
746686;2026-01-19;"segunda-feira";"12:30:00";"RJ";101;78;"CAMPOS DOS GOYTACAZES";"Mal súbito do condutor";"Colisão traseira";"Com Vítimas Feridas";"Pleno dia";"Decrescente";"Céu Claro";"Simples";"Reta";"Não";6;0;2;0;4;0;2;3;-21,835668;-41,420252;"SPRF-RJ";"DEL08-RJ";"UOP02-DEL08-RJ"
746688;2026-01-19;"segunda-feira";"10:57:00";"SP";116;545;"BARRA DO TURVO";"Reação tardia ou ineficiente do condutor";"Saída de leito carroçável";"Sem Vítimas";"Pleno dia";"Crescente";"Garoa/Chuvisco";"Dupla";"Curva;Declive";"Não";2;0;0;0;2;0;0;1;-24,95213348;-48,4311676;"SPRF-SP";"DEL05-SP";"UOP02-DEL05-SP"
746689;2026-01-19;"segunda-feira";"12:00:00";"PB";230;83,8;"CALDAS BRANDAO";"Velocidade Incompatível";"Colisão traseira";"Sem Vítimas";"Pleno dia";"Crescente";"Céu Claro";"Dupla";"Aclive;Reta";"Sim";2;0;0;0;2;0;0;2;-7,16295201;-35,3467891;"SPRF-PB";"DEL01-PB";"UOP02-DEL01-PB"
746690;2026-01-14;"quarta-feira";"15:25:00";"MG";381;564,5;"ITAGUARA";"Chuva";"Colisão com objeto";"Sem Vítimas";"Pleno dia";"Decrescente";"Chuva";"Dupla";"Reta";"Sim";1;0;0;0;1;0;0;1;-20,39317074;-44,49474907;"SPRF-MG";"DEL04-MG";"UOP03-DEL04-MG"
746692;2026-01-19;"segunda-feira";"13:00:00";"SC";101;207,8;"SAO JOSE";"Ausência de reação do condutor";"Queda de ocupante de veículo";"Com Vítimas Feridas";"Pleno dia";"Decrescente";"Céu Claro";"Simples";"Reta";"Sim";1;0;1;0;0;0;1;1;-27,6027373;-48,63006799;"SPRF-SC";"DEL01-SC";"UOP01-DEL01-SC"
746693;2026-01-19;"segunda-feira";"09:50:00";"RJ";101;293;"ITABORAI";"Condutor deixou de manter distância do veículo da frente";"Engavetamento";"Com Vítimas Feridas";"Pleno dia";"Crescente";"Céu Claro";"Múltipla";"Reta";"Sim";5;0;1;0;4;0;1;4;-22,75671667;-42,892805;"SPRF-RJ";"DEL02-RJ";"UOP02-DEL02-RJ"
746696;2026-01-19;"segunda-feira";"13:10:00";"MG";50;37,8;"ARAGUARI";"Demais falhas mecânicas ou elétricas";"Tombamento";"Com Vítimas Feridas";"Plena Noite";"Decrescente";"Garoa/Chuvisco";"Simples";"Reta";"Não";1;0;1;0;0;0;1;1;-18,657913;-48,154052;"SPRF-MG";"DEL15-MG";"UOP02-DEL15-MG"
746697;2026-01-19;"segunda-feira";"12:50:00";"SC";470;36,5;"GASPAR";"Ausência de reação do condutor";"Colisão com objeto";"Com Vítimas Feridas";"Pleno dia";"Decrescente";"Céu Claro";"Simples";"Reta";"Sim";1;0;1;0;0;0;1;1;-26,914976;-48,974274;"SPRF-SC";"DEL04-SC";"UOP01-DEL04-SC"
746699;2026-01-19;"segunda-feira";"13:03:00";"PE";101;60;"RECIFE";"Condutor deixou de manter distância do veículo da frente";"Colisão traseira";"Com Vítimas Feridas";"Pleno dia";"Crescente";"Céu Claro";"Dupla";"Declive";"Sim";3;0;0;1;2;0;1;2;-7,98365146;-34,93198514;"SPRF-PE";"DEL01-PE";"UOP02-DEL01-PE"
746700;2026-01-19;"segunda-feira";"11:53:00";"MG";381;305;"ANTONIO DIAS";"Demais falhas mecânicas ou elétricas";"Queda de ocupante de veículo";"Com Vítimas Feridas";"Pleno dia";"Decrescente";"Céu Claro";"Dupla";"Declive;Curva";"Não";2;0;0;2;0;0;2;1;-19,6518653;-42,94525445;"SPRF-MG";"DEL03-MG";"UOP02-DEL03-MG"
746703;2026-01-19;"segunda-feira";"09:30:00";"RN";304;41;"MOSSORO";"Avarias e/ou desgaste excessivo no pneu";"Queda de ocupante de veículo";"Com Vítimas Feridas";"Pleno dia";"Decrescente";"Céu Claro";"Dupla";"Reta";"Sim";2;0;1;1;0;0;2;1;-5,2037;-37,37643;"SPRF-RN";"DEL04-RN";"UOP01-DEL04-RN"
746707;2026-01-19;"segunda-feira";"11:50:00";"ES";101;0,1;"ICONHA";"Manobra de mudança de faixa";"Colisão traseira";"Com Vítimas Feridas";"Pleno dia";"Crescente";"Céu Claro";"Dupla";"Reta";"Não";3;0;0;2;0;1;2;2;-20,787275;-40,78424;"SPRF-ES";"DEL04-ES";"UOP02-DEL04-ES"