"id";"data_inversa";"dia_semana";"horario";"uf";"br";"km";"municipio";"causa_acidente";"tipo_acidente";"classificacao_acidente";"fase_dia";"sentido_via";"condicao_metereologica";"tipo_pista";"tracado_via";"uso_solo";"pessoas";"mortos";"feridos_leves";"feridos_graves";"ilesos";"ignorados";"feridos";"veiculos";"latitude";"longitude";"regional";"delegacia";"uop"
747820;2026-01-24;"sábado";"19:30:00";"MS";262;326;"CAMPO GRANDE";"Entrada inopinada do pedestre";"Atropelamento de Pedestre";"Com Vítimas Feridas";"Plena Noite";"Decrescente";"Céu Claro";"Dupla";"Reta";"Sim";2;0;1;0;1;0;1;2;-20,46734;-54,540443;"SPRF-MS";"DEL01-MS";"UOP01-DEL01-MS"
747821;2026-01-24;"sábado";"19:54:00";"MS";163;688;"RIO VERDE DE MATO GROSSO";"Ingestão de álcool pelo condutor";"Colisão lateral sentido oposto";"Com Vítimas Feridas";"Plena Noite";"Crescente";"Céu Claro";"Simples";"Reta";"Não";3;0;0;1;2;0;1;2;-18,855682;-54,821977;"SPRF-MS";"DEL06-MS";"UOP01-DEL06-MS"
747822;2026-01-24;"sábado";"19:50:00";"GO";452;129;"BOM JESUS DE GOIAS";"Ultrapassagem Indevida";"Colisão frontal";"Com Vítimas Feridas";"Plena Noite";"Crescente";"Céu Claro";"Simples";"Curva";"Não";4;0;3;1;0;0;4;2;-18,19838275;-49,77817059;"SPRF-GO";"DEL03-GO";"UOP02-DEL03-GO"
747823;2026-01-24;"sábado";"20:00:00";"PR";163;83;"PLANALTO";"Velocidade Incompatível";"Colisão transversal";"Com Vítimas Feridas";"Plena Noite";"Decrescente";"Céu Claro";"Simples";"Interseção de Vias;Reta";"Sim";2;0;1;0;1;0;1;2;-25,710185;-53,768735;"SPRF-PR";"DEL02-PR";"UOP02-DEL02-PR"
747824;2026-01-24;"sábado";"19:30:00";"RS";158;157,2;"PANAMBI";"Ingestão de álcool pelo condutor";"Saída de leito carroçável";"Com Vítimas Feridas";"Plena Noite";"Decrescente";"Nublado";"Simples";"Reta";"Sim";1;0;1;0;0;0;1;1;-28,33568;-53,501362;"SPRF-RS";"DEL10-RS";"UOP02-DEL10-RS"
747825;2026-01-24;"sábado";"20:15:00";"RJ";116;184;"NOVA IGUACU";"Acumulo de areia ou detritos sobre o pavimento";"Queda de ocupante de veículo";"Com Vítimas Feridas";"Plena Noite";"Decrescente";"Garoa/Chuvisco";"Dupla";"Reta";"Sim";1;0;0;1;0;0;1;1;-22,7482717;-43,44376523;"SPRF-RJ";"DEL06-RJ";"UOP01-DEL06-RJ"
747826;2026-01-24;"sábado";"20:40:00";"SP";116;169;"JACAREI";"Entrada inopinada do pedestre";"Atropelamento de Pedestre";"Com Vítimas Feridas";"Pleno dia";"Crescente";"Céu Claro";"Múltipla";"Reta";"Não";2;0;1;0;1;0;1;2;-23,30742;-46,045905;"SPRF-SP";"DEL02-SP";"UOP01-DEL02-SP"
747827;2026-01-24;"sábado";"18:45:00";"SC";282;441,7;"PONTE SERRADA";"Frear bruscamente";"Saída de leito carroçável";"Com Vítimas Feridas";"Anoitecer";"Decrescente";"Céu Claro";"Dupla";"Reta";"Não";4;0;2;0;2;0;2;1;-26,91592549;-51,92147104;"SPRF-SC";"DEL07-SC";"UOP04-DEL07-SC"
747828;2026-01-24;"sábado";"20:18:00";"MS";163;255;"DOURADOS";"Pedestre andava na pista";"Atropelamento de Pedestre";"Com Vítimas Fatais";"Plena Noite";"Crescente";"Céu Claro";"Dupla";"Declive";"Sim";2;1;0;0;1;0;0;2;-22,265521;-54,809341;"SPRF-MS";"DEL04-MS";"UOP01-DEL04-MS"
747830;2026-01-24;"sábado";"19:45:00";"RR";174;474;"BOA VISTA";"Ausência de reação do condutor";"Saída de leito carroçável";"Com Vítimas Feridas";"Plena Noite";"Crescente";"Céu Claro";"Simples";"Reta;Interseção de Vias";"Não";1;0;1;0;0;0;1;1;2,65201;-60,8741;"SPRF-RR";"DEL01-RR";"UOP01-DEL01-RR"
747834;2026-01-24;"sábado";"20:35:00";"PR";277;663;"MATELANDIA";"Ausência de reação do condutor";"Saída de leito carroçável";"Com Vítimas Feridas";"Plena Noite";"Decrescente";"Céu Claro";"Dupla";"Reta";"Não";2;0;1;0;1;0;1;1;-25,252626;-54,000291;"SPRF-PR";"DEL05-PR";"UOP02-DEL05-PR"
747836;2026-01-24;"sábado";"20:30:00";"BA";407;4;"JUAZEIRO";"Ingestão de álcool pelo condutor";"Atropelamento de Pedestre";"Com Vítimas Feridas";"Plena Noite";"Decrescente";"Céu Claro";"Dupla";"Reta";"Sim";2;0;1;0;1;0;1;2;-9,438427;-40,49474;"SPRF-PE";"DEL06-PE";"UOP01-DEL06-PE"
747838;2026-01-24;"sábado";"16:35:00";"AC";307;180;"CRUZEIRO DO SUL";"Reação tardia ou ineficiente do condutor";"Colisão lateral mesmo sentido";"Com Vítimas Feridas";"Pleno dia";"Decrescente";"Céu Claro";"Simples";"Reta";"Não";2;0;1;0;1;0;1;2;-7,7190207;-72,6428918;"SPRF-AC";"DEL01-AC";"UOP03-DEL01-AC"
747839;2026-01-24;"sábado";"20:00:00";"SC";470;285,4;"BRUNOPOLIS";"Condutor deixou de manter distância do veículo da frente";"Colisão com objeto";"Com Vítimas Feridas";"Plena Noite";"Crescente";"Céu Claro";"Simples";"Reta";"Não";1;0;1;0;0;0;1;1;-27,32960892;-50,91974258;"SPRF-SC";"DEL07-SC";"UOP06-DEL07-SC"
747841;2026-01-24;"sábado";"21:15:00";"RS";101;23,6;"TRES CACHOEIRAS";"Animais na Pista";"Atropelamento de Animal";"Com Vítimas Feridas";"Plena Noite";"Crescente";"Céu Claro";"Dupla";"Reta";"Sim";1;0;1;0;0;0;1;1;-29,45119215;-49,91805553;"SPRF-RS";"DEL03-RS";"UOP02-DEL03-RS"
747844;2026-01-24;"sábado";"21:55:00";"MG";381;935;"EXTREMA";"Condutor usando celular";"Colisão com objeto";"Sem Vítimas";"Plena Noite";"Decrescente";"Nublado";"Dupla";"Curva";"Não";1;0;0;0;0;1;0;1;-22,808375;-46,266789;"SPRF-MG";"DEL16-MG";"UOP03-DEL16-MG"
747845;2026-01-24;"sábado";"20:40:00";"RS";158;565;"SANTANA DO LIVRAMENTO";"Acesso irregular";"Colisão transversal";"Com Vítimas Feridas";"Plena Noite";"Decrescente";"Céu Claro";"Simples";"Interseção de Vias";"Sim";3;0;1;0;2;0;1;2;-30,87398884;-55,51117943;"SPRF-RS";"DEL11-RS";"UOP01-DEL11-RS"
747846;2026-01-24;"sábado";"21:00:00";"GO";50;106;"CRISTALINA";"Ausência de reação do condutor";"Colisão com objeto";"Sem Vítimas";"Plena Noite";"Crescente";"Chuva";"Dupla";"Reta";"Não";1;0;0;0;0;1;0;1;-16,82763671;-47,67387629;"SPRF-DF";"DEL01-DF";"UOP02-DEL01-DF"
747850;2026-01-24;"sábado";"23:00:00";"SP";116;157;"SAO JOSE DOS CAMPOS";"Reação tardia ou ineficiente do condutor";"Colisão com objeto";"Sem Vítimas";"Plena Noite";"Crescente";"Céu Claro";"Dupla";"Reta";"Sim";1;0;0;0;0;1;0;1;-23,24468183;-45,92701289;"SPRF-SP";"DEL02-SP";"UOP01-DEL02-SP"
747851;2026-01-24;"sábado";"22:18:00";"SC";163;71,2;"SAO MIGUEL DO OESTE";"Ingestão de álcool pelo condutor";"Colisão lateral mesmo sentido";"Com Vítimas Feridas";"Plena Noite";"Crescente";"Céu Claro";"Dupla";"Retorno Regulamentado;Reta;Interseção de Vias";"Sim";3;0;1;0;1;1;1;3;-26,7266105;-53,5128768;"SPRF-SC";"DEL07-SC";"UOP03-DEL07-SC"
747852;2026-01-24;"sábado";"22:50:00";"PR";116;86;"PIRAQUARA";"Velocidade Incompatível";"Tombamento";"Com Vítimas Feridas";"Plena Noite";"Crescente";"Céu Claro";"Dupla";"Reta";"Não";1;0;1;0;0;0;1;1;-25,46135391;-49,0888958;"SPRF-PR";"DEL01-PR";"UOP02-DEL01-PR"
747853;2026-01-24;"sábado";"22:10:00";"GO";40;81;"CRISTALINA";"Chuva";"Saída de leito carroçável";"Sem Vítimas";"Plena Noite";"Crescente";"Chuva";"Simples";"Aclive;Curva";"Não";1;0;0;0;1;0;0;1;-16,665;-47,719;"SPRF-DF";"DEL01-DF";"UOP02-DEL01-DF"
747854;2026-01-24;"sábado";"22:50:00";"SC";101;81;"BARRA VELHA";"Reação tardia ou ineficiente do condutor";"Colisão com objeto";"Sem Vítimas";"Plena Noite";"Decrescente";"Nublado";"Dupla";"Reta";"Não";2;0;0;0;0;2;0;1;-26,61046;-48,72228;"SPRF-SC";"DEL03-SC";"UOP02-DEL03-SC"
747855;2026-01-24;"sábado";"20:40:00";"MA";316;607;"TIMON";"Ingestão de álcool pelo condutor";"Colisão traseira";"Com Vítimas Fatais";"Plena Noite";"Crescente";"Céu Claro";"Simples";"Reta";"Não";3;1;0;1;0;1;1;2;-5,055612;-42,901772;"SPRF-MA";"DEL03-MA";"UOP02-DEL03-MA"
747857;2026-01-24;"sábado";"18:45:00";"RS";468;121;"TIRADENTES DO SUL";"Reação tardia ou ineficiente do condutor";"Colisão frontal";"Com Vítimas Feridas";"Pleno dia";"Decrescente";"Céu Claro";"Simples";"Reta";"Não";3;0;2;1;0;0;3;2;-27,4038;-54,0713;"SPRF-RS";"DEL08-RS";"UOP02-DEL08-RS"
747858;2026-01-24;"sábado";"23:35:00";"SC";101;205,7;"SAO JOSE";"Manobra de mudança de faixa";"Colisão traseira";"Com Vítimas Feridas";"Plena Noite";"Decrescente";"Nublado";"Dupla";"Curva";"Sim";3;0;2;0;1;0;2;2;-27,58827514;-48,61674277;"SPRF-SC";"DEL01-SC";"UOP01-DEL01-SC"
747861;2026-01-25;"domingo";"00:30:00";"ES";101;66,1;"SAO MATEUS";"Condutor desrespeitou a iluminação vermelha do semáforo";"Colisão transversal";"Com Vítimas Feridas";"Plena Noite";"Decrescente";"Nublado";"Dupla";"Interseção de Vias";"Sim";3;0;1;0;2;0;1;2;-18,71664882;-39,87356901;"SPRF-ES";"DEL04-ES";"UOP02-DEL04-ES"
747862;2026-01-24;"sábado";"22:05:00";"PR";373;264;"PRUDENTOPOLIS";"Conversão proibida";"Colisão transversal";"Com Vítimas Feridas";"Plena Noite";"Decrescente";"Céu Claro";"Simples";"Reta";"Sim";2;0;1;0;1;0;1;2;-25,20223277;-50,98099351;"SPRF-PR";"DEL08-PR";"UOP01-DEL08-PR"
747863;2026-01-24;"sábado";"22:26:00";"RO";364;307;"PRESIDENTE MEDICI";"Animais na Pista";"Atropelamento de Animal";"Com Vítimas Feridas";"Plena Noite";"Crescente";"Céu Claro";"Simples";"Reta";"Sim";1;0;1;0;0;0;1;1;-11,19103664;-61,90131617;"SPRF-RO";"DEL02-RO";"UOP01-DEL02-RO"
747864;2026-01-24;"sábado";"21:00:00";"RO";364;308;"PRESIDENTE MEDICI";"Entrada inopinada do pedestre";"Atropelamento de Pedestre";"Com Vítimas Feridas";"Plena Noite";"Crescente";"Céu Claro";"Simples";"Reta";"Sim";2;0;2;0;0;0;2;2;-11,17023;-61,90148;"SPRF-RO";"DEL02-RO";"UOP01-DEL02-RO"
747865;2026-01-25;"domingo";"01:00:00";"PR";277;16;"MORRETES";"Manobra de mudança de faixa";"Saída de leito carroçável";"Com Vítimas Feridas";"Plena Noite";"Crescente";"Nublado";"Dupla";"Curva";"Não";1;0;1;0;0;0;1;1;-25,529833;-48,729244;"SPRF-PR";"DEL01-PR";"UOP05-DEL01-PR"
747868;2026-01-25;"domingo";"02:30:00";"BA";418;65;"NOVA VICOSA";"Ausência de reação do condutor";"Colisão traseira";"Sem Vítimas";"Plena Noite";"Crescente";"Nublado";"Simples";"Reta";"Não";2;0;0;0;2;0;0;2;-17,843087;-39,705805;"SPRF-BA";"DEL09-BA";"UOP02-DEL09-BA"
747870;2026-01-25;"domingo";"02:20:00";"GO";153;443,2;"ANAPOLIS";"Ingestão de álcool pelo condutor";"Colisão com objeto";"Sem Vítimas";"Plena Noite";"Decrescente";"Céu Claro";"Dupla";"Declive;Reta";"Sim";1;0;0;0;0;1;0;1;-16,34789694;-48,92666817;"SPRF-GO";"DEL02-GO";"UOP01-DEL02-GO"
747872;2026-01-25;"domingo";"02:20:00";"GO";70;7;"AGUAS LINDAS DE GOIAS";"Demais falhas mecânicas ou elétricas";"Colisão com objeto";"Sem Vítimas";"Pleno dia";"Crescente";"Nevoeiro/Neblina";"Dupla";"Reta";"Sim";2;0;0;0;2;0;0;2;-15,73759265;-48,27413392;"SPRF-DF";"DEL03-DF";"UOP02-DEL03-DF"
747875;2026-01-25;"domingo";"02:10:00";"RR";432;152;"CANTA";"Animais na Pista";"Atropelamento de Animal";"Com Vítimas Feridas";"Plena Noite";"Crescente";"Ignorado";"Simples";"Reta";"Não";2;0;0;2;0;0;2;1;2,3027033;-60,6952233;"SPRF-RR";"DEL01-RR";"UOP01-DEL01-RR"
747876;2026-01-25;"domingo";"03:08:00";"PR";369;154,2;"LONDRINA";"Ausência de reação do condutor";"Colisão traseira";"Com Vítimas Feridas";"Plena Noite";"Decrescente";"Céu Claro";"Dupla";"Reta";"Sim";2;0;0;1;1;0;1;2;-23,29738093;-51,20037602;"SPRF-PR";"DEL07-PR";"UOP01-DEL07-PR"
747877;2026-01-25;"domingo";"03:00:00";"BA";116;413,9;"FEIRA DE SANTANA";"Ausência de reação do condutor";"Colisão com objeto";"Com Vítimas Feridas";"Plena Noite";"Crescente";"Céu Claro";"Dupla";"Interseção de Vias";"Não";1;0;1;0;0;0;1;1;-12,15316059;-38,96467257;"SPRF-BA";"DEL02-BA";"UOP01-DEL02-BA"
747880;2026-01-25;"domingo";"03:30:00";"SC";116;30;"ITAIOPOLIS";"Ausência de reação do condutor";"Colisão com objeto";"Sem Vítimas";"Plena Noite";"Crescente";"Nublado";"Simples";"Reta";"Não";1;0;0;0;0;1;0;1;-26,311638;-49,962316;"SPRF-SC";"DEL06-SC";"UOP01-DEL06-SC"
747882;2026-01-25;"domingo";"03:40:00";"SC";470;76;"INDAIAL";"Ingestão de álcool pelo condutor";"Colisão frontal";"Com Vítimas Feridas";"Plena Noite";"Decrescente";"Céu Claro";"Simples";"Curva";"Não";5;0;2;1;2;0;3;4;-26,9349668;-49,28816676;"SPRF-SC";"DEL04-SC";"UOP01-DEL04-SC"
747883;2026-01-25;"domingo";"02:45:00";"RO";364;422,6;"JARU";"Ingestão de álcool pelo condutor";"Colisão com objeto";"Com Vítimas Feridas";"Plena Noite";"Decrescente";"Nublado";"Múltipla";"Reta";"Sim";1;0;1;0;0;0;1;1;-10,45295884;-62,46047108;"SPRF-RO";"DEL03-RO";"UOP02-DEL03-RO"
747884;2026-01-25;"domingo";"04:00:00";"BA";101;934;"MUCURI";"Conversão proibida";"Colisão transversal";"Com Vítimas Fatais";"Plena Noite";"Crescente";"Nevoeiro/Neblina";"Simples";"Reta";"Sim";4;1;0;0;3;0;0;2;-17,993337;-39,860207;"SPRF-BA";"DEL09-BA";"UOP02-DEL09-BA"
747885;2026-01-25;"domingo";"02:10:00";"SC";101;158;"PORTO BELO";"Ingestão de álcool pelo condutor";"Colisão lateral mesmo sentido";"Sem Vítimas";"Plena Noite";"Crescente";"Nublado";"Dupla";"Reta";"Sim";2;0;0;0;0;2;0;2;-27,1893195;-48,61266581;"SPRF-SC";"DEL04-SC";"UOP03-DEL04-SC"
747887;2026-01-25;"domingo";"02:00:00";"BA";418;65,5;"NOVA VICOSA";"Ausência de reação do condutor";"Colisão traseira";"Sem Vítimas";"Plena Noite";"Crescente";"Nublado";"Simples";"Reta";"Não";2;0;0;0;2;0;0;2;-17,843087;-39,705805;"SPRF-BA";"DEL09-BA";"UOP02-DEL09-BA"
747888;2026-01-25;"domingo";"00:40:00";"SC";470;119;"IBIRAMA";"Velocidade Incompatível";"Saída de leito carroçável";"Com Vítimas Feridas";"Plena Noite";"Decrescente";"Nublado";"Simples";"Curva";"Não";1;0;1;0;0;0;1;1;-27,08620843;-49,51902565;"SPRF-SC";"DEL04-SC";"UOP02-DEL04-SC"
747890;2026-01-25;"domingo";"06:00:00";"PA";316;48;"SANTA IZABEL DO PARA";"Ausência de reação do condutor";"Saída de leito carroçável";"Sem Vítimas";"Amanhecer";"Decrescente";"Céu Claro";"Dupla";"Reta";"Não";1;0;0;0;1;0;0;1;-1,299333;-48,047732;"SPRF-PA";"DEL01-PA";"UOP01-DEL01-PA"
747891;2026-01-25;"domingo";"04:20:00";"MG";267;38;"MARIPA DE MINAS";"Reação tardia ou ineficiente do condutor";"Colisão com objeto";"Sem Vítimas";"Amanhecer";"Decrescente";"Nevoeiro/Neblina";"Simples";"Curva;Aclive";"Não";1;0;0;0;1;0;0;1;-21,68248834;-42,92656358;"SPRF-MG";"DEL07-MG";"UOP01-DEL07-MG"
747893;2026-01-25;"domingo";"06:15:00";"RS";392;16,5;"RIO GRANDE";"Reação tardia ou ineficiente do condutor";"Tombamento";"Com Vítimas Feridas";"Pleno dia";"Crescente";"Céu Claro";"Dupla";"Reta";"Sim";3;0;1;0;1;1;1;2;-32,097801;-52,1656;"SPRF-RS";"DEL07-RS";"UOP02-DEL07-RS"
747894;2026-01-25;"domingo";"04:00:00";"PI";343;308,5;"ALTOS";"Pedestre andava na pista";"Atropelamento de Pedestre";"Com Vítimas Feridas";"Plena Noite";"Crescente";"Nublado";"Simples";"Reta";"Sim";3;0;0;3;0;0;3;2;-5,039617;-42,471501;"SPRF-PI";"DEL01-PI";"UOP01-DEL01-PI"
747895;2026-01-25;"domingo";"06:10:00";"PB";230;27,9;"JOAO PESSOA";"Ausência de reação do condutor";"Colisão com objeto";"Com Vítimas Feridas";"Amanhecer";"Decrescente";"Chuva";"Dupla";"Curva;Declive";"Não";2;0;0;1;1;0;1;1;-7,16556;-34,894942;"SPRF-PB";"DEL01-PB";"UOP01-DEL01-PB"
747896;2026-01-25;"domingo";"06:15:00";"RS";470;226;"GARIBALDI";"Condutor Dormindo";"Saída de leito carroçável";"Com Vítimas Feridas";"Amanhecer";"Crescente";"Céu Claro";"Simples";"Curva;Declive";"Não";2;0;1;0;1;0;1;1;-29,252586;-51,512797;"SPRF-RS";"DEL06-RS";"UOP01-DEL06-RS"
747897;2026-01-25;"domingo";"06:30:00";"RS";290;717;"URUGUAIANA";"Ingestão de álcool pelo condutor";"Colisão com objeto";"Sem Vítimas";"Pleno dia";"Crescente";"Céu Claro";"Simples";"Curva";"Não";1;0;0;0;1;0;0;1;-29,7802462;-57,0272398;"SPRF-RS";"DEL13-RS";"UOP01-DEL13-RS"
747898;2026-01-24;"sábado";"14:00:00";"RN";226;246,8;"JUCURUTU";"Ausência de reação do condutor";"Queda de ocupante de veículo";"Com Vítimas Feridas";"Pleno dia";"Crescente";"Céu Claro";"Simples";"Reta";"Não";1;0;0;1;0;0;1;1;-6,02917309;-37,02203371;"SPRF-RN";"DEL03-RN";"UOP01-DEL03-RN"
747901;2026-01-25;"domingo";"06:18:00";"PE";101;130,7;"ESCADA";"Acumulo de areia ou detritos sobre o pavimento";"Queda de ocupante de veículo";"Com Vítimas Feridas";"Pleno dia";"Crescente";"Garoa/Chuvisco";"Dupla";"Reta";"Não";2;0;2;0;0;0;2;1;-8,396807;-35,26174;"SPRF-PE";"DEL01-PE";"UOP03-DEL01-PE"
747902;2026-01-24;"sábado";"23:30:00";"MG";116;554,8;"MANHUACU";"Ausência de reação do condutor";"Saída de leito carroçável";"Com Vítimas Feridas";"Plena Noite";"Crescente";"Nublado";"Simples";"Curva;Declive";"Não";1;0;1;0;0;0;1;1;-20,009324;-42,151738;"SPRF-MG";"DEL06-MG";"UOP02-DEL06-MG"
747903;2026-01-24;"sábado";"17:15:00";"AP";156;83;"LARANJAL DO JARI";"Transitar na contramão";"Colisão frontal";"Com Vítimas Fatais";"Pleno dia";"Crescente";"Nublado";"Simples";"Curva";"Não";3;2;0;0;0;1;0;2;-0,45663346;-52,07925737;"SPRF-AP";"DEL01-AP";"UOP01-DEL01-AP"
747904;2026-01-24;"sábado";"07:30:00";"MA";135;23;"SAO LUIS";"Reação tardia ou ineficiente do condutor";"Colisão transversal";"Sem Vítimas";"Pleno dia";"Decrescente";"Céu Claro";"Dupla";"Reta;Rotatória";"Sim";2;0;0;0;2;0;0;2;-2,551795;-44,307624;"SPRF-MA";"DEL01-MA";"UOP01-DEL01-MA"
747905;2026-01-25;"domingo";"03:20:00";"PR";476;155,7;"ARAUCARIA";"Ausência de reação do condutor";"Queda de ocupante de veículo";"Com Vítimas Feridas";"Plena Noite";"Decrescente";"Céu Claro";"Dupla";"Reta";"Sim";1;0;1;0;0;0;1;1;-25,59200295;-49,41235956;"SPRF-PR";"DEL01-PR";"UOP06-DEL01-PR"
747906;2026-01-25;"domingo";"06:50:00";"PB";101;97;"CONDE";"Acumulo de água sobre o pavimento";"Saída de leito carroçável";"Sem Vítimas";"Pleno dia";"Crescente";"Chuva";"Dupla";"Reta";"Não";1;0;0;0;0;1;0;1;-7,237825;-34,926363;"SPRF-PB";"DEL01-PB";"UOP01-DEL01-PB"
747907;2026-01-25;"domingo";"04:45:00";"RO";364;340,5;"JI-PARANA";"Demais falhas mecânicas ou elétricas";"Tombamento";"Com Vítimas Feridas";"Plena Noite";"Decrescente";"Nublado";"Simples";"Reta";"Sim";2;0;1;1;0;0;2;1;-10,890691;-61,93115;"SPRF-RO";"DEL02-RO";"UOP01-DEL02-RO"
747908;2026-01-25;"domingo";"04:20:00";"PE";232;41;"VITORIA DE SANTO ANTAO";"Animais na Pista";"Atropelamento de Animal";"Com Vítimas Feridas";"Anoitecer";"Decrescente";"Céu Claro";"Dupla";"Aclive;Curva";"Não";3;0;1;0;2;0;1;2;-8,11424175;-35,24569631;"SPRF-PE";"DEL02-PE";"UOP02-DEL02PE"
747909;2026-01-25;"domingo";"07:10:00";"MG";381;665,8;"PERDOES";"Ausência de reação do condutor";"Saída de leito carroçável";"Com Vítimas Feridas";"Pleno dia";"Crescente";"Nublado";"Dupla";"Curva;Declive";"Não";3;0;2;0;1;0;2;1;-21,05082287;-45,00240147;"SPRF-MG";"DEL04-MG";"UOP02-DEL04-MG"
747910;2026-01-25;"domingo";"05:40:00";"PR";376;176,8;"MARINGA";"Ingestão de álcool pelo condutor";"Atropelamento de Pedestre";"Com Vítimas Feridas";"Amanhecer";"Decrescente";"Céu Claro";"Dupla";"Reta;Interseção de Vias";"Sim";3;0;0;1;1;1;1;2;-23,41268408;-51,93244482;"SPRF-PR";"DEL09-PR";"UOP01-DEL09-PR"
747911;2026-01-24;"sábado";"16:50:00";"MG";381;438,3;"SANTA LUZIA";"Pista esburacada";"Saída de leito carroçável";"Com Vítimas Feridas";"Pleno dia";"Decrescente";"Chuva";"Simples";"Reta";"Não";2;0;1;1;0;0;2;1;-19,81601085;-43,80298303;"SPRF-MG";"DEL01-MG";"UOP01-DEL01-MG"
747912;2026-01-25;"domingo";"07:15:00";"CE";116;45,9;"PACAJUS";"Reação tardia ou ineficiente do condutor";"Saída de leito carroçável";"Com Vítimas Feridas";"Pleno dia";"Crescente";"Céu Claro";"Dupla";"Reta";"Não";3;0;1;0;2;0;1;1;-4,14445;-38,47826;"SPRF-CE";"DEL01-CE";"UOP02-DEL01-CE"
747913;2026-01-25;"domingo";"01:15:00";"MA";135;363;"SANTA FILOMENA DO MARANHAO";"Transitar na contramão";"Colisão frontal";"Com Vítimas Fatais";"Plena Noite";"Crescente";"Céu Claro";"Simples";"Reta";"Não";2;1;0;0;1;0;0;2;-5,49213;-44,45072;"SPRF-MA";"DEL06-MA";"UOP01-DEL06-MA"
747914;2026-01-25;"domingo";"08:00:00";"PB";101;53,4;"RIO TINTO";"Reação tardia ou ineficiente do condutor";"Colisão com objeto";"Com Vítimas Feridas";"Pleno dia";"Crescente";"Nublado";"Dupla";"Reta";"Não";2;0;1;0;1;0;1;1;-6,7641327;-35,133872;"SPRF-PB";"DEL01-PB";"UOP03-DEL01-PB"
747916;2026-01-25;"domingo";"07:50:00";"PE";101;56,8;"RECIFE";"Manobra de mudança de faixa";"Colisão transversal";"Com Vítimas Feridas";"Pleno dia";"Crescente";"Céu Claro";"Dupla";"Reta";"Sim";2;0;1;0;1;0;1;2;-7,9626978;-34,915416;"SPRF-PE";"DEL01-PE";"UOP02-DEL01-PE"
747917;2026-01-25;"domingo";"08:20:00";"MG";262;376,1;"JUATUBA";"Velocidade Incompatível";"Tombamento";"Com Vítimas Feridas";"Pleno dia";"Crescente";"Nublado";"Dupla";"Curva;Aclive";"Não";1;0;1;0;0;0;1;1;-19,9361;-44,4382;"SPRF-MG";"DEL01-MG";"UOP03-DEL01-MG"
747918;2026-01-25;"domingo";"07:30:00";"PB";101;55,3;"SANTA RITA";"Reação tardia ou ineficiente do condutor";"Colisão com objeto";"Com Vítimas Feridas";"Pleno dia";"Decrescente";"Nublado";"Dupla";"Reta";"Não";1;0;1;0;0;0;1;1;-7,03134632;-35,05713111;"SPRF-PB";"DEL01-PB";"UOP03-DEL01-PB"
747920;2026-01-25;"domingo";"07:45:00";"SP";116;464;"PARIQUERA-ACU";"Ausência de reação do condutor";"Saída de leito carroçável";"Com Vítimas Feridas";"Pleno dia";"Decrescente";"Nublado";"Dupla";"Retorno Regulamentado;Reta";"Não";2;0;1;0;1;0;1;1;-24,64212873;-47,91596739;"SPRF-SP";"DEL05-SP";"UOP01-DEL05-SP"
747922;2026-01-25;"domingo";"05:30:00";"MS";262;730,9;"CORUMBA";"Reação tardia ou ineficiente do condutor";"Saída de leito carroçável";"Com Vítimas Feridas";"Amanhecer";"Crescente";"Céu Claro";"Simples";"Reta";"Não";1;0;1;0;0;0;1;1;-19,361855;-57,552262;"SPRF-MS";"DEL03-MS";"UOP03-DEL03-MS"
747924;2026-01-25;"domingo";"09:00:00";"SC";101;213,2;"PALHOCA";"Ausência de reação do condutor";"Colisão lateral mesmo sentido";"Com Vítimas Feridas";"Pleno dia";"Decrescente";"Céu Claro";"Dupla";"Reta";"Não";2;0;1;0;1;0;1;2;-27,63561992;-48,66183221;"SPRF-SC";"DEL01-SC";"UOP02-DEL01-SC"
747925;2026-01-25;"domingo";"07:20:00";"RO";364;228;"CACOAL";"Ausência de reação do condutor";"Tombamento";"Com Vítimas Feridas";"Pleno dia";"Decrescente";"Nublado";"Simples";"Rotatória;Retorno Regulamentado;Reta";"Não";2;0;2;0;0;0;2;1;-11,489037;-61,381475;"SPRF-RO";"DEL02-RO";"UOP02-DEL02-RO"
747926;2026-01-25;"domingo";"07:20:00";"PE";407;125,4;"PETROLINA";"Reação tardia ou ineficiente do condutor";"Saída de leito carroçável";"Com Vítimas Feridas";"Pleno dia";"Decrescente";"Céu Claro";"Dupla";"Reta";"Sim";1;0;1;0;0;0;1;1;-9,382649;-40,530487;"SPRF-PE";"DEL06-PE";"UOP01-DEL06-PE"
747927;2026-01-25;"domingo";"08:50:00";"PR";277;634;"CEU AZUL";"Ausência de reação do condutor";"Engavetamento";"Com Vítimas Feridas";"Pleno dia";"Crescente";"Céu Claro";"Simples";"Reta";"Não";5;0;1;1;3;0;2;4;-25,122412;-53,80983;"SPRF-PR";"DEL05-PR";"UOP02-DEL05-PR"
747929;2026-01-25;"domingo";"09:00:00";"SC";282;207,4;"LAGES";"Retorno proibido";"Colisão transversal";"Sem Vítimas";"Pleno dia";"Decrescente";"Céu Claro";"Simples";"Declive";"Sim";5;0;0;0;5;0;0;2;-27,77388418;-50,20381881;"SPRF-SC";"DEL05-SC";"UOP01-DEL05-SC"
747930;2026-01-25;"domingo";"08:30:00";"RJ";101;297;"ITABORAI";"Acessar a via sem observar a presença dos outros veículos";"Colisão lateral mesmo sentido";"Com Vítimas Feridas";"Pleno dia";"Decrescente";"Céu Claro";"Dupla";"Viaduto;Reta";"Sim";2;0;1;0;1;0;1;2;-22,77154472;-42,92409824;"SPRF-RJ";"DEL02-RJ";"UOP02-DEL02-RJ"