"id";"data_inversa";"dia_semana";"horario";"uf";"br";"km";"municipio";"causa_acidente";"tipo_acidente";"classificacao_acidente";"fase_dia";"sentido_via";"condicao_metereologica";"tipo_pista";"tracado_via";"uso_solo";"pessoas";"mortos";"feridos_leves";"feridos_graves";"ilesos";"ignorados";"feridos";"veiculos";"latitude";"longitude";"regional";"delegacia";"uop"
748268;2026-01-12;"segunda-feira";"02:50:00";"AM";174;942;"RIO PRETO DA EVA";"Ingestão de álcool pelo condutor";"Colisão traseira";"Sem Vítimas";"Plena Noite";"Crescente";"Céu Claro";"Simples";"Reta";"Não";5;0;0;0;5;0;0;4;-2,472435;-60,02962;"SPRF-AM";"DEL01-AM";"UOP01-DEL01-AM"
748269;2026-01-27;"terça-feira";"07:50:00";"PR";376;605;"CURITIBA";"Reação tardia ou ineficiente do condutor";"Colisão traseira";"Com Vítimas Feridas";"Amanhecer";"Crescente";"Céu Claro";"Múltipla";"Interseção de Vias";"Não";2;0;1;0;1;0;1;2;-25,542751;-49,309236;"SPRF-PR";"DEL01-PR";"UOP03-DEL01-PR"
748271;2026-01-27;"terça-feira";"08:10:00";"SP";116;5;"QUELUZ";"Manobra de mudança de faixa";"Colisão traseira";"Com Vítimas Feridas";"Pleno dia";"Decrescente";"Céu Claro";"Dupla";"Reta";"Não";2;0;1;0;1;0;1;2;-22,52834732;-44,74169469;"SPRF-SP";"DEL08-SP";"UOP02-DEL08-SP"
748272;2026-01-27;"terça-feira";"08:00:00";"MG";146;484,8;"POCOS DE CALDAS";"Frear bruscamente";"Saída de leito carroçável";"Com Vítimas Feridas";"Pleno dia";"Decrescente";"Céu Claro";"Simples";"Reta;Declive";"Não";3;0;2;0;0;1;2;2;-21,805473;-46,459212;"SPRF-MG";"DEL09-MG";"UOP01-DEL09-MG"
748273;2026-01-27;"terça-feira";"09:10:00";"PR";277;2,9;"PARANAGUA";"Ultrapassagem Indevida";"Colisão transversal";"Com Vítimas Feridas";"Pleno dia";"Crescente";"Céu Claro";"Simples";"Reta";"Sim";2;0;0;1;1;0;1;2;-25,53965352;-48,55854034;"SPRF-PR";"DEL01-PR";"UOP05-DEL01-PR"
748274;2026-01-27;"terça-feira";"08:15:00";"MG";381;869;"POUSO ALEGRE";"Demais falhas mecânicas ou elétricas";"Incêndio";"Sem Vítimas";"Pleno dia";"Crescente";"Céu Claro";"Dupla";"Aclive;Reta";"Não";1;0;0;0;1;0;0;1;-22,38313;-45,948234;"SPRF-MG";"DEL16-MG";"UOP01-DEL16-MG"
748275;2026-01-27;"terça-feira";"09:00:00";"MG";40;532,2;"BELO HORIZONTE";"Reação tardia ou ineficiente do condutor";"Tombamento";"Com Vítimas Feridas";"Pleno dia";"Crescente";"Céu Claro";"Dupla";"Reta;Declive";"Sim";1;0;1;0;0;0;1;1;-19,9248333;-44,0140571;"SPRF-MG";"DEL01-MG";"UOP02-DEL01-MG"
748276;2026-01-27;"terça-feira";"07:00:00";"BA";242;234;"ITABERABA";"Afundamento ou ondulação no pavimento";"Saída de leito carroçável";"Com Vítimas Feridas";"Pleno dia";"Decrescente";"Céu Claro";"Simples";"Declive;Reta";"Não";3;0;2;0;1;0;2;1;-12,53048;-40,35054;"SPRF-BA";"DEL06-BA";"UOP02-DEL06-BA"
748277;2026-01-27;"terça-feira";"03:20:00";"BA";116;597;"IRAJUBA";"Demais falhas na via";"Saída de leito carroçável";"Com Vítimas Fatais";"Plena Noite";"Crescente";"Chuva";"Simples";"Reta;Declive";"Não";37;1;22;11;3;0;33;1;-13,30944855;-40,02456665;"SPRF-BA";"DEL03-BA";"UOP02-DEL03-BA"
748280;2026-01-27;"terça-feira";"09:15:00";"RJ";40;125;"RIO DE JANEIRO";"Ausência de reação do condutor";"Colisão lateral mesmo sentido";"Com Vítimas Feridas";"Pleno dia";"Crescente";"Nublado";"Múltipla";"Reta";"Sim";2;0;1;0;0;1;1;2;-22,81453817;-43,28835365;"SPRF-RJ";"DEL01-RJ";"UOP02-DEL01-RJ"
748285;2026-01-27;"terça-feira";"06:30:00";"RO";319;20;"PORTO VELHO";"Condutor Dormindo";"Saída de leito carroçável";"Sem Vítimas";"Amanhecer";"Decrescente";"Nublado";"Simples";"Reta";"Não";4;0;0;0;4;0;0;1;-8,0595;-63,54669;"SPRF-RO";"DEL01-RO";"UOP01-DEL01-RO"
748286;2026-01-27;"terça-feira";"09:30:00";"MG";116;736,5;"LARANJAL";"Mal súbito do condutor";"Colisão traseira";"Com Vítimas Feridas";"Pleno dia";"Decrescente";"Sol";"Simples";"Reta";"Não";2;0;0;1;1;0;1;2;-21,36778147;-42,47584518;"SPRF-MG";"DEL07-MG";"UOP02-DEL07-MG"
748288;2026-01-07;"quarta-feira";"06:45:00";"MG";381;211;"BELO ORIENTE";"Demais falhas mecânicas ou elétricas";"Incêndio";"Sem Vítimas";"Pleno dia";"Crescente";"Céu Claro";"Simples";"Reta";"Não";1;0;0;0;1;0;0;1;-19,257059;-42,341917;"SPRF-MG";"DEL06-MG";"UOP01-DEL06-MG"
748289;2026-01-27;"terça-feira";"10:30:00";"ES";101;390,5;"RIO NOVO DO SUL";"Acessar a via sem observar a presença dos outros veículos";"Colisão transversal";"Com Vítimas Feridas";"Pleno dia";"Crescente";"Céu Claro";"Simples";"Reta";"Não";2;0;1;0;1;0;1;2;-20,864841;-40,90039643;"SPRF-ES";"DEL03-ES";"UOP02-DEL03-ES"
748290;2026-01-27;"terça-feira";"10:40:00";"PI";316;307;"PICOS";"Condutor deixou de manter distância do veículo da frente";"Colisão traseira";"Com Vítimas Feridas";"Pleno dia";"Decrescente";"Chuva";"Simples";"Reta";"Sim";3;0;0;1;2;0;1;2;-7,077754;-41,495061;"SPRF-PI";"DEL04-PI";"UOP01-DEL04-PI"
748291;2026-01-27;"terça-feira";"12:20:00";"DF";70;17;"BRASILIA";"Ausência de reação do condutor";"Saída de leito carroçável";"Com Vítimas Feridas";"Pleno dia";"Decrescente";"Céu Claro";"Dupla";"Reta";"Não";1;0;1;0;0;0;1;1;-15,791615;-48,210271;"SPRF-DF";"DEL03-DF";"UOP02-DEL03-DF"
748292;2026-01-27;"terça-feira";"08:25:00";"BA";101;719;"EUNAPOLIS";"Acessar a via sem observar a presença dos outros veículos";"Colisão transversal";"Com Vítimas Feridas";"Pleno dia";"Decrescente";"Céu Claro";"Simples";"Reta;Interseção de Vias";"Sim";3;0;2;0;1;0;2;2;-16,387;-39,586;"SPRF-BA";"DEL09-BA";"UOP01-DEL09-BA"
748296;2026-01-27;"terça-feira";"12:15:00";"SC";101;210,3;"SAO JOSE";"Acessar a via sem observar a presença dos outros veículos";"Colisão com objeto";"Com Vítimas Feridas";"Pleno dia";"Decrescente";"Céu Claro";"Múltipla";"Reta";"Sim";4;0;1;1;0;2;2;2;-27,619007;-48,648252;"SPRF-SC";"DEL01-SC";"UOP01-DEL01-SC"
748298;2026-01-25;"domingo";"21:40:00";"RO";364;342;"JI-PARANA";"Condutor desrespeitou a iluminação vermelha do semáforo";"Colisão transversal";"Com Vítimas Feridas";"Plena Noite";"Decrescente";"Céu Claro";"Dupla";"Reta";"Sim";3;0;2;1;0;0;3;3;-10,879075;-61,944943;"SPRF-RO";"DEL02-RO";"UOP01-DEL02-RO"
748299;2026-01-27;"terça-feira";"12:50:00";"SE";101;86,9;"NOSSA SENHORA DO SOCORRO";"Reação tardia ou ineficiente do condutor";"Capotamento";"Com Vítimas Feridas";"Pleno dia";"Crescente";"Céu Claro";"Dupla";"Reta;Declive";"Não";4;0;4;0;0;0;4;1;-10,85863342;-37,13609442;"SPRF-SE";"DEL01-SE";"UOP01-DEL01-SE"
748300;2026-01-27;"terça-feira";"12:50:00";"SP";116;135,5;"SAO JOSE DOS CAMPOS";"Trafegar com motocicleta (ou similar) entre as faixas";"Colisão lateral mesmo sentido";"Com Vítimas Feridas";"Pleno dia";"Crescente";"Céu Claro";"Dupla";"Reta";"Não";3;0;0;1;2;0;1;2;-23,14466;-45,77102;"SPRF-SP";"DEL02-SP";"UOP01-DEL02-SP"
748301;2026-01-27;"terça-feira";"10:50:00";"SC";163;114,2;"GUARUJA DO SUL";"Entrada inopinada do pedestre";"Atropelamento de Pedestre";"Com Vítimas Feridas";"Pleno dia";"Decrescente";"Sol";"Simples";"Reta;Aclive";"Não";3;0;0;1;1;1;1;2;-26,37327598;-53,5305175;"SPRF-SC";"DEL07-SC";"UOP03-DEL07-SC"
748302;2026-01-27;"terça-feira";"12:40:00";"PE";101;24;"ITAPISSUMA";"Ausência de reação do condutor";"Saída de leito carroçável";"Com Vítimas Feridas";"Pleno dia";"Crescente";"Sol";"Dupla";"Curva;Aclive";"Não";2;0;2;0;0;0;2;1;-7,69707353;-34,92168448;"SPRF-PE";"DEL01-PE";"UOP02-DEL01-PE"
748305;2026-01-27;"terça-feira";"11:20:00";"RO";319;118;"PORTO VELHO";"Acessar a via sem observar a presença dos outros veículos";"Colisão transversal";"Com Vítimas Feridas";"Pleno dia";"Decrescente";"Chuva";"Simples";"Reta";"Não";2;0;0;1;1;0;1;2;-8,6304;-63,99639;"SPRF-RO";"DEL01-RO";"UOP01-DEL01-RO"
748306;2026-01-27;"terça-feira";"13:45:00";"SP";101;50;"UBATUBA";"Conversão proibida";"Colisão traseira";"Com Vítimas Feridas";"Pleno dia";"Crescente";"Sol";"Simples";"Interseção de Vias";"Sim";2;0;1;0;1;0;1;2;-23,45325122;-45,07427422;"SPRF-SP";"DEL06-SP";"UOP01-DEL06-SP"
748307;2026-01-27;"terça-feira";"14:10:00";"SC";101;221,7;"PALHOCA";"Ausência de reação do condutor";"Colisão traseira";"Com Vítimas Feridas";"Pleno dia";"Decrescente";"Céu Claro";"Dupla";"Reta";"Não";3;0;2;0;1;0;2;2;-27,70402149;-48,6584352;"SPRF-SC";"DEL01-SC";"UOP02-DEL01-SC"
748310;2026-01-27;"terça-feira";"06:56:00";"MT";70;522;"VARZEA GRANDE";"Acessar a via sem observar a presença dos outros veículos";"Colisão transversal";"Com Vítimas Feridas";"Pleno dia";"Decrescente";"Céu Claro";"Simples";"Reta";"Não";2;0;1;0;0;1;1;2;-15,66006499;-56,18785858;"SPRF-MT";"DEL01-MT";"UOP02-DEL01-MT"
748311;2026-01-27;"terça-feira";"14:20:00";"PR";376;158,3;"MANDAGUACU";"Acessar a via sem observar a presença dos outros veículos";"Colisão transversal";"Com Vítimas Feridas";"Pleno dia";"Crescente";"Nublado";"Dupla";"Curva";"Sim";2;0;0;2;0;0;2;2;-23,36330702;-52,08503292;"SPRF-PR";"DEL09-PR";"UOP02-DEL09-PR"
748314;2026-01-27;"terça-feira";"13:30:00";"BA";101;573;"CAMACAN";"Velocidade Incompatível";"Saída de leito carroçável";"Com Vítimas Feridas";"Pleno dia";"Crescente";"Chuva";"Simples";"Reta";"Não";1;0;0;1;0;0;1;1;-15,31163499;-39,49575841;"SPRF-BA";"DEL05-BA";"UOP02-DEL05-BA"
748315;2026-01-27;"terça-feira";"13:30:00";"PR";369;153;"LONDRINA";"Ingestão de álcool pelo condutor";"Colisão traseira";"Com Vítimas Feridas";"Pleno dia";"Decrescente";"Chuva";"Dupla";"Reta;Declive";"Sim";3;0;1;0;2;0;1;3;-23,2940464;-51,18797489;"SPRF-PR";"DEL07-PR";"UOP01-DEL07-PR"
748316;2026-01-27;"terça-feira";"14:40:00";"PE";101;70,8;"RECIFE";"Reação tardia ou ineficiente do condutor";"Colisão traseira";"Com Vítimas Feridas";"Pleno dia";"Crescente";"Céu Claro";"Múltipla";"Reta";"Sim";2;0;0;1;1;0;1;2;-8,07485;-34,94291;"SPRF-PE";"DEL01-PE";"UOP01-DEL01-PE"
748319;2026-01-27;"terça-feira";"15:00:00";"ES";101;265;"SERRA";"Acessar a via sem observar a presença dos outros veículos";"Tombamento";"Com Vítimas Feridas";"Pleno dia";"Crescente";"Céu Claro";"Múltipla";"Interseção de Vias";"Sim";2;0;1;0;1;0;1;2;-20,192874;-40,268529;"SPRF-ES";"DEL02-ES";"UOP01-DEL02-ES"
748320;2026-01-27;"terça-feira";"15:00:00";"RJ";101;433;"MANGARATIBA";"Manobra de mudança de faixa";"Colisão lateral mesmo sentido";"Com Vítimas Feridas";"Pleno dia";"Decrescente";"Chuva";"Simples";"Retorno Regulamentado";"Não";2;0;1;0;1;0;1;2;-22,938606;-44,039528;"SPRF-RJ";"DEL03-RJ";"UOP02-DEL03-RJ"
748323;2026-01-27;"terça-feira";"14:15:00";"RS";116;252;"SAPUCAIA DO SUL";"Reação tardia ou ineficiente do condutor";"Colisão lateral mesmo sentido";"Com Vítimas Feridas";"Pleno dia";"Decrescente";"Sol";"Dupla";"Reta";"Sim";2;0;1;0;1;0;1;2;-29,80548804;-51,16667544;"SPRF-RS";"DEL01-RS";"UOP02-DEL01-RS"
748324;2026-01-27;"terça-feira";"13:50:00";"BA";407;71;"JAGUARARI";"Ingestão de álcool pelo condutor";"Colisão traseira";"Com Vítimas Feridas";"Pleno dia";"Decrescente";"Céu Claro";"Simples";"Reta";"Não";6;0;1;0;5;0;1;2;-9,98435409;-40,24147632;"SPRF-BA";"DEL04-BA";"UOP01-DEL04-BA"
748325;2026-01-27;"terça-feira";"15:10:00";"MG";153;78;"PRATA";"Ausência de reação do condutor";"Saída de leito carroçável";"Com Vítimas Feridas";"Pleno dia";"Crescente";"Nublado";"Simples";"Reta";"Não";2;0;2;0;0;0;2;1;-19,045802;-49,01018;"SPRF-MG";"DEL15-MG";"UOP03-DEL15-MG"
748326;2026-01-27;"terça-feira";"15:30:00";"PR";369;39,6;"ANDIRA";"Condutor deixou de manter distância do veículo da frente";"Colisão traseira";"Com Vítimas Feridas";"Pleno dia";"Crescente";"Céu Claro";"Simples";"Reta";"Sim";3;0;1;0;2;0;1;2;-23,06;-50,2517;"SPRF-PR";"DEL07-PR";"UOP05-DEL07-PR"
748328;2026-01-27;"terça-feira";"14:45:00";"MG";251;304;"SALINAS";"Condutor deixou de manter distância do veículo da frente";"Colisão traseira";"Com Vítimas Feridas";"Pleno dia";"Crescente";"Céu Claro";"Simples";"Reta";"Não";5;0;1;0;4;0;1;2;-16,126846;-42,224598;"SPRF-MG";"DEL12-MG";"UOP02-DEL12-MG"
748331;2026-01-25;"domingo";"04:30:00";"RS";468;96,9;"TRES PASSOS";"Ausência de reação do condutor";"Colisão lateral sentido oposto";"Com Vítimas Feridas";"Plena Noite";"Crescente";"Céu Claro";"Simples";"Reta";"Não";2;0;0;1;1;0;1;2;-27,48816949;-53,89337064;"SPRF-RS";"DEL08-RS";"UOP02-DEL08-RS"
748332;2026-01-27;"terça-feira";"14:42:00";"SC";470;72,5;"INDAIAL";"Demais falhas mecânicas ou elétricas";"Tombamento";"Com Vítimas Feridas";"Pleno dia";"Crescente";"Céu Claro";"Dupla";"Rotatória";"Não";1;0;0;1;0;0;1;1;-26,90520799;-49,27221028;"SPRF-SC";"DEL04-SC";"UOP01-DEL04-SC"
748334;2026-01-25;"domingo";"06:15:00";"PR";376;668;"GUARATUBA";"Demais falhas mecânicas ou elétricas";"Incêndio";"Sem Vítimas";"Pleno dia";"Decrescente";"Céu Claro";"Dupla";"Reta";"Não";1;0;0;0;1;0;0;1;-25,87006948;-48,93504588;"SPRF-PR";"DEL01-PR";"UOP04-DEL01-PR"
748335;2026-01-25;"domingo";"18:00:00";"SC";101;332;"TUBARAO";"Condutor deixou de manter distância do veículo da frente";"Colisão lateral mesmo sentido";"Com Vítimas Feridas";"Pleno dia";"Crescente";"Céu Claro";"Dupla";"Reta;Em Obras";"Sim";2;0;1;0;1;0;1;2;-28,467837;-49,001864;"SPRF-SC";"DEL02-SC";"UOP01-DEL02-SC"
748337;2026-01-27;"terça-feira";"11:00:00";"MT";163;688;"LUCAS DO RIO VERDE";"Acumulo de areia ou detritos sobre o pavimento";"Queda de ocupante de veículo";"Com Vítimas Feridas";"Pleno dia";"Crescente";"Nublado";"Dupla";"Reta;Interseção de Vias";"Sim";1;0;0;1;0;0;1;1;-13,06923658;-55,92694402;"SPRF-MT";"DEL06-MT";"UOP01-DEL06-MT"
748339;2026-01-27;"terça-feira";"16:15:00";"SC";101;147;"ITAPEMA";"Trafegar com motocicleta (ou similar) entre as faixas";"Colisão traseira";"Com Vítimas Feridas";"Pleno dia";"Decrescente";"Céu Claro";"Dupla";"Reta";"Sim";2;0;0;1;1;0;1;2;-27,08816749;-48,61278534;"SPRF-SC";"DEL04-SC";"UOP03-DEL04-SC"
748340;2026-01-27;"terça-feira";"16:30:00";"RJ";393;170;"TRES RIOS";"Velocidade Incompatível";"Saída de leito carroçável";"Com Vítimas Feridas";"Pleno dia";"Crescente";"Nublado";"Simples";"Curva";"Não";1;0;0;1;0;0;1;1;-22,12160848;-43,18827007;"SPRF-RJ";"DEL05-RJ";"UOP03-DEL05-RJ"
748343;2026-01-27;"terça-feira";"11:40:00";"PI";316;174;"VALENCA DO PIAUI";"Ausência de reação do condutor";"Saída de leito carroçável";"Com Vítimas Feridas";"Pleno dia";"Decrescente";"Chuva";"Simples";"Curva";"Não";1;0;1;0;0;0;1;1;-6,22385;-42,005005;"SPRF-PI";"DEL04-PI";"UOP02-DEL04-PI"
748345;2026-01-27;"terça-feira";"16:40:00";"SP";153;53,8;"SAO JOSE DO RIO PRETO";"Mal súbito do condutor";"Tombamento";"Com Vítimas Feridas";"Pleno dia";"Decrescente";"Céu Claro";"Dupla";"Reta";"Não";1;0;1;0;0;0;1;1;-20,743916;-49,339289;"SPRF-SP";"DEL09-SP";"UOP01-DEL09-SP"
748346;2026-01-27;"terça-feira";"15:30:00";"AL";316;155;"PALMEIRA DOS INDIOS";"Acessar a via sem observar a presença dos outros veículos";"Colisão lateral sentido oposto";"Com Vítimas Feridas";"Pleno dia";"Decrescente";"Céu Claro";"Simples";"Reta";"Sim";2;0;0;1;1;0;1;2;-9,4282389;-36,6544674;"SPRF-AL";"DEL03-AL";"UOP01-DEL03-AL"
748347;2026-01-27;"terça-feira";"16:30:00";"MG";267;227,4;"LIBERDADE";"Velocidade Incompatível";"Saída de leito carroçável";"Com Vítimas Feridas";"Pleno dia";"Crescente";"Nublado";"Simples";"Curva;Declive";"Não";1;0;0;1;0;0;1;1;-21,942134;-44,30398;"SPRF-MG";"DEL17-MG";"UOP01-DEL17-MG"
748348;2026-01-27;"terça-feira";"16:30:00";"SC";280;28,9;"ARAQUARI";"Acessar a via sem observar a presença dos outros veículos";"Colisão transversal";"Com Vítimas Feridas";"Pleno dia";"Decrescente";"Céu Claro";"Simples";"Reta";"Sim";3;0;2;0;1;0;2;2;-26,41168528;-48,7545401;"SPRF-SC";"DEL03-SC";"UOP03-DEL03-SC"
748350;2026-01-27;"terça-feira";"14:10:00";"RJ";101;385;"RIO DE JANEIRO";"Mal súbito do condutor";"Colisão traseira";"Com Vítimas Fatais";"Pleno dia";"Crescente";"Nublado";"Múltipla";"Reta";"Sim";3;1;0;1;1;0;1;2;-22,88074646;-43,6329696;"SPRF-RJ";"DEL03-RJ";"UOP01-DEL03-RJ"
748353;2026-01-27;"terça-feira";"17:30:00";"SP";101;29;"UBATUBA";"Condutor deixou de manter distância do veículo da frente";"Colisão lateral mesmo sentido";"Com Vítimas Feridas";"Pleno dia";"Decrescente";"Céu Claro";"Simples";"Curva";"Não";3;0;2;0;1;0;2;2;-23,3753809;-44,9587453;"SPRF-SP";"DEL06-SP";"UOP01-DEL06-SP"
748356;2026-01-27;"terça-feira";"17:28:00";"DF";70;13,1;"BRASILIA";"Manobra de mudança de faixa";"Colisão transversal";"Com Vítimas Feridas";"Pleno dia";"Decrescente";"Céu Claro";"Dupla";"Reta";"Sim";4;0;2;0;2;0;2;2;-15,796306;-48,171056;"SPRF-DF";"DEL03-DF";"UOP02-DEL03-DF"
748357;2026-01-27;"terça-feira";"17:50:00";"BA";324;517;"FEIRA DE SANTANA";"Ultrapassagem Indevida";"Colisão lateral mesmo sentido";"Com Vítimas Feridas";"Plena Noite";"Crescente";"Nublado";"Simples";"Reta";"Sim";2;0;1;0;1;0;1;2;-12,255453;-38,932317;"SPRF-BA";"DEL02-BA";"UOP01-DEL02-BA"
748358;2026-01-27;"terça-feira";"17:51:00";"SP";116;281,9;"EMBU DAS ARTES";"Trafegar com motocicleta (ou similar) entre as faixas";"Colisão lateral mesmo sentido";"Com Vítimas Feridas";"Pleno dia";"Crescente";"Céu Claro";"Dupla";"Reta";"Sim";2;0;1;0;1;0;1;2;-23,65680883;-46,85055256;"SPRF-SP";"DEL04-SP";"UOP01-DEL04-SP"
748361;2026-01-27;"terça-feira";"17:50:00";"DF";40;5;"BRASILIA";"Manobra de mudança de faixa";"Colisão traseira";"Com Vítimas Feridas";"Pleno dia";"Crescente";"Céu Claro";"Dupla";"Reta";"Sim";2;0;1;0;1;0;1;2;-16,023995;-47,979983;"SPRF-DF";"DEL01-DF";"UOP01-DEL01-DF"
748362;2026-01-27;"terça-feira";"15:55:00";"MG";381;147,5;"GOVERNADOR VALADARES";"Acessar a via sem observar a presença dos outros veículos";"Colisão transversal";"Com Vítimas Feridas";"Pleno dia";"Decrescente";"Céu Claro";"Simples";"Reta";"Sim";2;0;1;0;1;0;1;2;-18,85178;-41,98352;"SPRF-MG";"DEL06-MG";"UOP01-DEL06-MG"
748363;2026-01-27;"terça-feira";"17:49:00";"PI";343;307;"ALTOS";"Acessar a via sem observar a presença dos outros veículos";"Colisão transversal";"Com Vítimas Feridas";"Pleno dia";"Decrescente";"Chuva";"Simples";"Reta;Interseção de Vias";"Sim";3;0;1;0;2;0;1;2;-5,039403;-42,461857;"SPRF-PI";"DEL01-PI";"UOP01-DEL01-PI"
748364;2026-01-27;"terça-feira";"16:00:00";"SC";280;179;"MAFRA";"Reação tardia ou ineficiente do condutor";"Queda de ocupante de veículo";"Com Vítimas Feridas";"Pleno dia";"Decrescente";"Céu Claro";"Simples";"Curva";"Não";2;0;2;0;0;0;2;1;-26,1784948;-49,87231348;"SPRF-SC";"DEL06-SC";"UOP01-DEL06-SC"
748365;2026-01-27;"terça-feira";"16:00:00";"MG";40;517;"RIBEIRAO DAS NEVES";"Ausência de reação do condutor";"Colisão lateral mesmo sentido";"Com Vítimas Feridas";"Pleno dia";"Decrescente";"Céu Claro";"Dupla";"Reta";"Sim";4;0;2;0;2;0;2;2;-19,822413;-44,084793;"SPRF-MG";"DEL01-MG";"UOP02-DEL01-MG"
748366;2026-01-27;"terça-feira";"16:25:00";"DF";0;0;"BRASILIA";"Acessar a via sem observar a presença dos outros veículos";"Colisão transversal";"Sem Vítimas";"Pleno dia";"Não Informado";"Céu Claro";"Simples";"Reta";"Sim";3;0;0;0;3;0;0;2;-15,8053779;-47,9505884;"N/A";"N/A";"N/A"
748368;2026-01-27;"terça-feira";"18:10:00";"RS";158;330;"SANTA MARIA";"Acessar a via sem observar a presença dos outros veículos";"Colisão lateral mesmo sentido";"Com Vítimas Feridas";"Anoitecer";"Decrescente";"Céu Claro";"Dupla";"Interseção de Vias";"Sim";3;0;0;1;1;1;1;2;-29,700137;-53,841018;"SPRF-RS";"DEL09-RS";"UOP01-DEL09-RS"
748369;2026-01-27;"terça-feira";"18:45:00";"SP";116;228;"SAO PAULO";"Manobra de mudança de faixa";"Colisão traseira";"Com Vítimas Feridas";"Plena Noite";"Decrescente";"Céu Claro";"Múltipla";"Reta";"Sim";2;0;1;0;1;0;1;1;-23,50313024;-46,56675339;"SPRF-SP";"DEL01-SP";"UOP01-DEL01-SP"
748371;2026-01-27;"terça-feira";"18:40:00";"SP";116;284;"EMBU DAS ARTES";"Trafegar com motocicleta (ou similar) entre as faixas";"Colisão lateral mesmo sentido";"Com Vítimas Feridas";"Pleno dia";"Crescente";"Céu Claro";"Dupla";"Reta";"Sim";4;0;1;1;2;0;2;2;-23,68262266;-46,85900378;"SPRF-SP";"DEL04-SP";"UOP01-DEL04-SP"
748377;2026-01-27;"terça-feira";"19:15:00";"MG";365;626;"UBERLANDIA";"Pedestre andava na pista";"Atropelamento de Pedestre";"Com Vítimas Feridas";"Plena Noite";"Crescente";"Chuva";"Dupla";"Curva";"Não";3;0;0;1;0;2;1;2;-18,906537;-48,334393;"SPRF-MG";"DEL15-MG";"UOP01-DEL15-MG"
748378;2026-01-27;"terça-feira";"18:42:00";"MG";116;277;"TEOFILO OTONI";"Desrespeitar a preferência no cruzamento";"Colisão transversal";"Com Vítimas Feridas";"Plena Noite";"Decrescente";"Céu Claro";"Simples";"Retorno Regulamentado";"Sim";2;0;0;1;1;0;1;2;-17,866106;-41,516422;"SPRF-MG";"DEL11-MG";"UOP01-DEL11-MG"
748379;2026-01-27;"terça-feira";"19:35:00";"SC";101;25,6;"JOINVILLE";"Acessar a via sem observar a presença dos outros veículos";"Colisão traseira";"Com Vítimas Feridas";"Plena Noite";"Decrescente";"Céu Claro";"Dupla";"Reta";"Não";2;0;1;0;1;0;1;2;-26,1866497;-48,91136734;"SPRF-SC";"DEL03-SC";"UOP01-DEL03-SC"
748380;2026-01-27;"terça-feira";"17:15:00";"MA";135;10,9;"SAO LUIS";"Condutor deixou de manter distância do veículo da frente";"Colisão traseira";"Sem Vítimas";"Pleno dia";"Decrescente";"Céu Claro";"Dupla";"Retorno Regulamentado";"Não";2;0;0;0;2;0;0;2;-2,66527314;-44,28690702;"SPRF-MA";"DEL01-MA";"UOP01-DEL01-MA"
748381;2026-01-16;"sexta-feira";"23:40:00";"BA";116;9,8;"VITORIA DA CONQUISTA";"Acessar a via sem observar a presença dos outros veículos";"Colisão traseira";"Com Vítimas Fatais";"Plena Noite";"Crescente";"Céu Claro";"Simples";"Reta";"Sim";5;1;0;0;4;0;0;2;-14,856179;-40,878971;"SPRF-BA";"DEL08-BA";"UOP01-DEL08-BA"
748382;2026-01-27;"terça-feira";"16:45:00";"SP";116;167;"JACAREI";"Chuva";"Saída de leito carroçável";"Com Vítimas Feridas";"Plena Noite";"Decrescente";"Chuva";"Simples";"Viaduto";"Não";1;0;0;1;0;0;1;1;-23,30284036;-46,02303353;"SPRF-SP";"DEL02-SP";"UOP01-DEL02-SP"
748383;2026-01-27;"terça-feira";"19:50:00";"BA";116;24;"VITORIA DA CONQUISTA";"Manobra de mudança de faixa";"Colisão transversal";"Com Vítimas Feridas";"Plena Noite";"Decrescente";"Garoa/Chuvisco";"Simples";"Curva";"Sim";2;0;0;1;1;0;1;2;-14,8677763;-40,79986095;"SPRF-BA";"DEL08-BA";"UOP01-DEL08-BA"
748384;2026-01-27;"terça-feira";"17:10:00";"PB";230;22;"JOAO PESSOA";"Condutor deixou de manter distância do veículo da frente";"Tombamento";"Com Vítimas Feridas";"Pleno dia";"Crescente";"Céu Claro";"Dupla";"Reta";"Não";1;0;0;1;0;0;1;1;-7,15169;-34,85371;"SPRF-PB";"DEL01-PB";"UOP01-DEL01-PB"
748386;2026-01-27;"terça-feira";"14:00:00";"RJ";101;294;"ITABORAI";"Reação tardia ou ineficiente do condutor";"Colisão traseira";"Com Vítimas Feridas";"Pleno dia";"Crescente";"Céu Claro";"Simples";"Reta";"Não";2;0;1;0;1;0;1;2;-22,75784994;-42,89421818;"SPRF-RJ";"DEL02-RJ";"UOP02-DEL02-RJ"
748387;2026-01-27;"terça-feira";"10:45:00";"BA";324;524;"FEIRA DE SANTANA";"Frear bruscamente";"Queda de ocupante de veículo";"Com Vítimas Feridas";"Pleno dia";"Crescente";"Garoa/Chuvisco";"Dupla";"Reta";"Sim";1;0;1;0;0;0;1;1;-12,307168;-38,889652;"SPRF-BA";"DEL11-BA";"UOP02-DEL11-BA"