"id";"data_inversa";"dia_semana";"horario";"uf";"br";"km";"municipio";"causa_acidente";"tipo_acidente";"classificacao_acidente";"fase_dia";"sentido_via";"condicao_metereologica";"tipo_pista";"tracado_via";"uso_solo";"pessoas";"mortos";"feridos_leves";"feridos_graves";"ilesos";"ignorados";"feridos";"veiculos";"latitude";"longitude";"regional";"delegacia";"uop"
748509;2026-01-28;"quarta-feira";"14:15:00";"SC";282;22,6;"SANTO AMARO DA IMPERATRIZ";"Velocidade Incompatível";"Atropelamento de Pedestre";"Com Vítimas Feridas";"Pleno dia";"Decrescente";"Céu Claro";"Simples";"Curva";"Sim";2;0;0;1;1;0;1;2;-27,689717;-48,733575;"SPRF-SC";"DEL01-SC";"UOP02-DEL01-SC"
748510;2026-01-28;"quarta-feira";"13:10:00";"RJ";101;523,5;"ANGRA DOS REIS";"Manobra de mudança de faixa";"Colisão lateral mesmo sentido";"Com Vítimas Feridas";"Pleno dia";"Decrescente";"Nublado";"Simples";"Curva";"Não";3;0;1;0;0;2;1;3;-22,99983376;-44,47333636;"SPRF-RJ";"DEL03-RJ";"UOP03-DEL03-RJ"
748511;2026-01-28;"quarta-feira";"12:00:00";"RJ";40;104;"DUQUE DE CAXIAS";"Condutor deixou de manter distância do veículo da frente";"Colisão traseira";"Com Vítimas Feridas";"Pleno dia";"Crescente";"Céu Claro";"Dupla";"Reta;Em Obras";"Sim";4;0;1;0;3;0;1;3;-22,63079225;-43,28518887;"SPRF-RJ";"DEL01-RJ";"UOP02-DEL01-RJ"
748514;2026-01-28;"quarta-feira";"15:00:00";"RN";101;83,4;"NATAL";"Condutor deixou de manter distância do veículo da frente";"Colisão traseira";"Com Vítimas Feridas";"Pleno dia";"Crescente";"Nublado";"Dupla";"Reta";"Sim";2;0;1;0;0;1;1;2;-5,772406;-35,262768;"SPRF-RN";"DEL02-RN";"UOP01-DEL02-RN"
748516;2026-01-28;"quarta-feira";"15:10:00";"RN";304;47,7;"MOSSORO";"Ingestão de álcool pelo condutor";"Colisão traseira";"Com Vítimas Feridas";"Pleno dia";"Decrescente";"Nublado";"Dupla";"Viaduto;Curva";"Sim";2;0;2;0;0;0;2;2;-5,226585;-37,323305;"SPRF-RN";"DEL04-RN";"UOP01-DEL04-RN"
748518;2026-01-28;"quarta-feira";"14:50:00";"RJ";393;175;"TRES RIOS";"Ausência de reação do condutor";"Colisão traseira";"Com Vítimas Feridas";"Pleno dia";"Crescente";"Nublado";"Simples";"Reta";"Sim";3;0;1;0;1;1;1;3;-22,1250599;-43,2297364;"SPRF-RJ";"DEL05-RJ";"UOP03-DEL05-RJ"
748519;2026-01-28;"quarta-feira";"14:30:00";"AL";101;138;"SAO MIGUEL DOS CAMPOS";"Faixas de trânsito com largura insuficiente";"Colisão lateral mesmo sentido";"Com Vítimas Feridas";"Pleno dia";"Crescente";"Céu Claro";"Simples";"Reta;Em Obras";"Sim";1;0;1;0;0;0;1;1;-9,80067883;-36,11173184;"SPRF-AL";"DEL02-AL";"UOP01-DEL02-AL"
748521;2026-01-28;"quarta-feira";"13:20:00";"RJ";101;320;"NITEROI";"Reação tardia ou ineficiente do condutor";"Tombamento";"Com Vítimas Feridas";"Pleno dia";"Crescente";"Céu Claro";"Dupla";"Curva";"Sim";1;0;1;0;0;0;1;1;-22,87870221;-43,11447167;"SPRF-RJ";"DEL02-RJ";"UOP01-DEL02-RJ"
748523;2026-01-28;"quarta-feira";"13:18:00";"RO";364;424,9;"JARU";"Condutor deixou de manter distância do veículo da frente";"Colisão traseira";"Com Vítimas Feridas";"Pleno dia";"Crescente";"Céu Claro";"Dupla";"Reta;Aclive";"Sim";2;0;1;0;1;0;1;2;-10,43698454;-62,47219769;"SPRF-RO";"DEL03-RO";"UOP02-DEL03-RO"
748524;2026-01-28;"quarta-feira";"16:00:00";"GO";60;55;"ABADIANIA";"Ausência de reação do condutor";"Saída de leito carroçável";"Com Vítimas Feridas";"Pleno dia";"Crescente";"Nublado";"Dupla";"Curva;Declive";"Não";2;0;1;0;1;0;1;1;-16,187;-48,663;"SPRF-GO";"DEL02-GO";"UOP01-DEL02-GO"
748525;2026-01-28;"quarta-feira";"16:30:00";"PE";101;50;"ABREU E LIMA";"Acumulo de óleo sobre o pavimento";"Tombamento";"Com Vítimas Feridas";"Pleno dia";"Crescente";"Garoa/Chuvisco";"Múltipla";"Reta";"Sim";2;0;1;0;1;0;1;2;-7,911717;-34,901092;"SPRF-PE";"DEL01-PE";"UOP02-DEL01-PE"
748527;2026-01-28;"quarta-feira";"15:30:00";"BA";116;421;"FEIRA DE SANTANA";"Ausência de reação do condutor";"Colisão traseira";"Com Vítimas Feridas";"Pleno dia";"Crescente";"Nublado";"Simples";"Reta";"Sim";2;0;0;1;1;0;1;2;-12,2181174;-38,9661624;"SPRF-BA";"DEL02-BA";"UOP01-DEL02-BA"
748530;2026-01-28;"quarta-feira";"16:10:00";"RS";101;75;"OSORIO";"Demais falhas na via";"Saída de leito carroçável";"Com Vítimas Feridas";"Pleno dia";"Decrescente";"Céu Claro";"Dupla";"Curva";"Sim";2;0;1;0;1;0;1;2;-29,794067;-50,231034;"SPRF-RS";"DEL03-RS";"UOP01-DEL03-RS"
748532;2026-01-28;"quarta-feira";"16:10:00";"MG";381;493;"BETIM";"Ausência de reação do condutor";"Queda de ocupante de veículo";"Com Vítimas Feridas";"Pleno dia";"Crescente";"Céu Claro";"Múltipla";"Reta";"Não";1;0;0;1;0;0;1;1;-19,96045852;-44,1577953;"SPRF-MG";"DEL01-MG";"UOP03-DEL01-MG"
748538;2026-01-28;"quarta-feira";"09:30:00";"BA";324;565;"SAO SEBASTIAO DO PASSE";"Ausência de reação do condutor";"Saída de leito carroçável";"Com Vítimas Feridas";"Pleno dia";"Crescente";"Chuva";"Dupla";"Reta";"Não";1;0;1;0;0;0;1;1;-12,52575;-38,608832;"SPRF-BA";"DEL01-BA";"UOP01-DEL01-BA"
748540;2026-01-28;"quarta-feira";"17:10:00";"BA";367;83;"EUNAPOLIS";"Acessar a via sem observar a presença dos outros veículos";"Colisão transversal";"Com Vítimas Feridas";"Pleno dia";"Crescente";"Céu Claro";"Simples";"Reta";"Sim";2;0;1;0;1;0;1;2;-16,3741682;-39,57733512;"SPRF-BA";"DEL09-BA";"UOP03-DEL09-BA"
748541;2026-01-28;"quarta-feira";"14:15:00";"PR";277;331;"GUARAPUAVA";"Reação tardia ou ineficiente do condutor";"Saída de leito carroçável";"Com Vítimas Fatais";"Pleno dia";"Crescente";"Céu Claro";"Simples";"Reta";"Não";1;1;0;0;0;0;0;1;-25,3724;-51,3203;"SPRF-PR";"DEL08-PR";"UOP01-DEL08-PR"
748542;2026-01-28;"quarta-feira";"17:00:00";"RS";392;682,2;"ROQUE GONZALES";"Acumulo de água sobre o pavimento";"Saída de leito carroçável";"Com Vítimas Feridas";"Pleno dia";"Crescente";"Chuva";"Simples";"Reta";"Não";3;0;1;0;2;0;1;1;-28,12448571;-54,93073789;"SPRF-RS";"DEL10-RS";"UOP01-DEL10-RS"
748543;2026-01-28;"quarta-feira";"16:50:00";"PR";476;189;"LAPA";"Animais na Pista";"Atropelamento de Animal";"Com Vítimas Feridas";"Pleno dia";"Crescente";"Céu Claro";"Simples";"Reta";"Não";1;0;1;0;0;0;1;1;-25,71793987;-49,67965476;"SPRF-PR";"DEL01-PR";"UOP06-DEL01-PR"
748544;2026-01-28;"quarta-feira";"17:00:00";"ES";101;125,3;"SOORETAMA";"Acessar a via sem observar a presença dos outros veículos";"Atropelamento de Pedestre";"Com Vítimas Feridas";"Pleno dia";"Crescente";"Céu Claro";"Dupla";"Reta";"Sim";4;0;0;1;3;0;1;2;-19,189601;-40,095032;"SPRF-ES";"DEL04-ES";"UOP01-DEL04-ES"
748547;2026-01-28;"quarta-feira";"16:00:00";"SC";280;29;"ARAQUARI";"Acessar a via sem observar a presença dos outros veículos";"Colisão transversal";"Com Vítimas Feridas";"Pleno dia";"Decrescente";"Céu Claro";"Simples";"Reta";"Sim";2;0;0;1;1;0;1;2;-26,41030137;-48,75242114;"SPRF-SC";"DEL03-SC";"UOP03-DEL03-SC"
748551;2026-01-28;"quarta-feira";"17:10:00";"RS";386;16,9;"FREDERICO WESTPHALEN";"Velocidade Incompatível";"Saída de leito carroçável";"Com Vítimas Feridas";"Pleno dia";"Crescente";"Chuva";"Simples";"Curva";"Não";1;0;0;1;0;0;1;1;-27,2438883;-53,3426867;"SPRF-RS";"DEL08-RS";"UOP02-DEL08-RS"
748552;2026-01-04;"domingo";"14:40:00";"RJ";101;482;"ANGRA DOS REIS";"Reação tardia ou ineficiente do condutor";"Colisão frontal";"Com Vítimas Feridas";"Pleno dia";"Decrescente";"Chuva";"Simples";"Curva";"Sim";2;0;1;0;1;0;1;2;-23,0024013;-44,29772995;"SPRF-RJ";"DEL03-RJ";"UOP03-DEL03-RJ"
748553;2026-01-28;"quarta-feira";"18:17:00";"SC";101;338;"TUBARAO";"Avarias e/ou desgaste excessivo no pneu";"Queda de ocupante de veículo";"Com Vítimas Feridas";"Pleno dia";"Decrescente";"Céu Claro";"Dupla";"Reta";"Não";1;0;1;0;0;0;1;1;-28,49762739;-49,04454438;"SPRF-SC";"DEL02-SC";"UOP01-DEL02-SC"
748554;2026-01-28;"quarta-feira";"17:00:00";"BA";101;104;"ALAGOINHAS";"Acessar a via sem observar a presença dos outros veículos";"Colisão transversal";"Com Vítimas Feridas";"Anoitecer";"Crescente";"Garoa/Chuvisco";"Simples";"Reta";"Sim";2;0;1;0;1;0;1;2;-12,118469;-38,393296;"SPRF-BA";"DEL01-BA";"UOP04-DEL01-BA"
748555;2026-01-28;"quarta-feira";"17:40:00";"PA";316;273;"CACHOEIRA DO PIRIA";"Transitar na contramão";"Colisão transversal";"Com Vítimas Fatais";"Pleno dia";"Crescente";"Sol";"Simples";"Reta";"Sim";3;1;0;0;2;0;0;2;-1,805213;-46,323008;"SPRF-PA";"DEL01-PA";"UOP04-DEL01-PA"
748557;2026-01-28;"quarta-feira";"17:30:00";"PE";101;83,6;"JABOATAO DOS GUARARAPES";"Manobra de mudança de faixa";"Colisão lateral mesmo sentido";"Com Vítimas Feridas";"Amanhecer";"Decrescente";"Nublado";"Dupla";"Curva";"Sim";2;0;1;0;1;0;1;2;-8,178283;-34,947401;"SPRF-PE";"DEL01-PE";"UOP01-DEL01-PE"
748558;2026-01-28;"quarta-feira";"18:00:00";"RS";287;281;"SAO PEDRO DO SUL";"Ausência de reação do condutor";"Colisão traseira";"Com Vítimas Feridas";"Pleno dia";"Decrescente";"Nublado";"Simples";"Aclive;Reta";"Não";4;0;1;0;3;0;1;2;-29,636029;-54,18899;"SPRF-RS";"DEL09-RS";"UOP01-DEL09-RS"
748559;2026-01-28;"quarta-feira";"18:20:00";"SC";280;130;"RIO NEGRINHO";"Ingestão de álcool pelo condutor";"Colisão traseira";"Sem Vítimas";"Pleno dia";"Crescente";"Céu Claro";"Simples";"Aclive;Reta";"Não";3;0;0;0;3;0;0;3;-26,25585186;-49,53957288;"SPRF-SC";"DEL06-SC";"UOP03-DEL06-SC"
748560;2026-01-28;"quarta-feira";"18:20:00";"PB";230;349,5;"PATOS";"Ausência de reação do condutor";"Colisão traseira";"Com Vítimas Feridas";"Plena Noite";"Crescente";"Céu Claro";"Simples";"Reta";"Não";6;0;1;0;5;0;1;2;-6,950393;-37,388145;"SPRF-PB";"DEL03-PB";"UOP01-DEL03-PB"
748563;2026-01-28;"quarta-feira";"17:30:00";"PR";116;115;"CURITIBA";"Ultrapassagem Indevida";"Colisão lateral mesmo sentido";"Sem Vítimas";"Anoitecer";"Crescente";"Céu Claro";"Dupla";"Reta";"Sim";10;0;0;0;8;2;0;5;-25,54587429;-49,30345885;"SPRF-PR";"DEL01-PR";"UOP03-DEL01-PR"
748565;2026-01-28;"quarta-feira";"17:45:00";"RJ";493;5;"ITABORAI";"Avarias e/ou desgaste excessivo no pneu";"Queda de ocupante de veículo";"Com Vítimas Feridas";"Pleno dia";"Crescente";"Céu Claro";"Simples";"Reta";"Sim";1;0;1;0;0;0;1;1;-22,730326;-42,95089887;"SPRF-RJ";"DEL02-RJ";"UOP02-DEL02-RJ"
748567;2026-01-28;"quarta-feira";"17:30:00";"PR";476;108,1;"COLOMBO";"Acessar a via sem observar a presença dos outros veículos";"Colisão transversal";"Com Vítimas Feridas";"Pleno dia";"Decrescente";"Céu Claro";"Simples";"Curva";"Sim";2;0;1;0;1;0;1;2;-25,29903157;-49,15130535;"SPRF-PR";"DEL01-PR";"UOP01-DEL01-PR"
748568;2026-01-28;"quarta-feira";"19:00:00";"MG";381;484;"BETIM";"Ausência de reação do condutor";"Colisão lateral mesmo sentido";"Com Vítimas Feridas";"Plena Noite";"Crescente";"Céu Claro";"Dupla";"Reta";"Sim";2;0;1;0;1;0;1;2;-19,95576266;-44,10027659;"SPRF-MG";"DEL01-MG";"UOP03-DEL01-MG"
748569;2026-01-14;"quarta-feira";"07:00:00";"PE";104;122;"PANELAS";"Transitar na contramão";"Colisão lateral sentido oposto";"Com Vítimas Fatais";"Pleno dia";"Crescente";"Garoa/Chuvisco";"Simples";"Curva";"Não";7;3;2;2;0;0;4;3;-8,72971049;-36,01753306;"SPRF-PE";"DEL02-PE";"UOP01-DEL02-PE"
748570;2026-01-28;"quarta-feira";"15:35:00";"MG";116;658,4;"SAO FRANCISCO DO GLORIA";"Condutor Dormindo";"Saída de leito carroçável";"Com Vítimas Fatais";"Pleno dia";"Crescente";"Céu Claro";"Simples";"Curva";"Não";1;1;0;0;0;0;0;1;-20,78511413;-42,29887672;"SPRF-MG";"DEL07-MG";"UOP02-DEL07-MG"
748571;2026-01-28;"quarta-feira";"17:00:00";"MS";262;531,2;"MIRANDA";"Reação tardia ou ineficiente do condutor";"Saída de leito carroçável";"Com Vítimas Feridas";"Pleno dia";"Decrescente";"Nublado";"Simples";"Curva";"Não";1;0;1;0;0;0;1;1;-20,350319;-56,155906;"SPRF-MS";"DEL03-MS";"UOP02-DEL03-MS"
748572;2026-01-28;"quarta-feira";"16:30:00";"RJ";101;410;"ITAGUAI";"Reação tardia ou ineficiente do condutor";"Queda de ocupante de veículo";"Com Vítimas Feridas";"Pleno dia";"Decrescente";"Céu Claro";"Dupla";"Reta";"Sim";1;0;1;0;0;0;1;1;-22,85892952;-43,75936587;"SPRF-RJ";"DEL03-RJ";"UOP01-DEL03-RJ"
748574;2026-01-28;"quarta-feira";"18:15:00";"MT";70;1,5;"BARRA DO GARCAS";"Ultrapassagem Indevida";"Colisão frontal";"Com Vítimas Feridas";"Anoitecer";"Decrescente";"Céu Claro";"Simples";"Declive";"Sim";2;0;1;0;1;0;1;2;-15,8899501;-52,2645757;"SPRF-MT";"DEL07-MT";"UOP01-DEL07-MT"
748580;2026-01-28;"quarta-feira";"20:40:00";"PE";232;253;"ARCOVERDE";"Condutor deixou de manter distância do veículo da frente";"Colisão traseira";"Com Vítimas Feridas";"Plena Noite";"Crescente";"Ignorado";"Simples";"Reta";"Sim";2;0;1;0;1;0;1;2;-8,422745;-37,075185;"SPRF-PE";"DEL04-PE";"UOP02-DEL04-PE"
748581;2026-01-28;"quarta-feira";"21:05:00";"PE";232;253;"ARCOVERDE";"Acessar a via sem observar a presença dos outros veículos";"Colisão transversal";"Com Vítimas Feridas";"Plena Noite";"Crescente";"Céu Claro";"Simples";"Reta";"Sim";2;0;0;1;1;0;1;2;-8,422745;-37,075185;"SPRF-PE";"DEL04-PE";"UOP02-DEL04-PE"
748583;2026-01-28;"quarta-feira";"20:55:00";"RS";386;337;"FORQUETINHA";"Ausência de reação do condutor";"Saída de leito carroçável";"Com Vítimas Feridas";"Plena Noite";"Decrescente";"Nublado";"Dupla";"Reta";"Não";1;0;1;0;0;0;1;1;-29,4017548;-52,03953159;"SPRF-RS";"DEL04-RS";"UOP01-DEL04-RS"
748584;2026-01-28;"quarta-feira";"20:15:00";"SC";101;203;"SAO JOSE";"Acesso irregular";"Tombamento";"Com Vítimas Feridas";"Plena Noite";"Crescente";"Céu Claro";"Múltipla";"Interseção de Vias";"Sim";1;0;0;1;0;0;1;1;-27,56910862;-48,61404061;"SPRF-SC";"DEL01-SC";"UOP01-DEL01-SC"
748585;2026-01-28;"quarta-feira";"20:00:00";"PR";369;416,4;"JURANDA";"Acessar a via sem observar a presença dos outros veículos";"Colisão transversal";"Com Vítimas Feridas";"Plena Noite";"Decrescente";"Nublado";"Simples";"Reta;Interseção de Vias";"Sim";3;0;1;0;1;1;1;3;-24,47656413;-52,87724018;"SPRF-PR";"DEL04-PR";"UOP03-DEL04-PR"
748587;2026-01-28;"quarta-feira";"20:13:00";"PE";232;40;"VITORIA DE SANTO ANTAO";"Acessar a via sem observar a presença dos outros veículos";"Colisão traseira";"Com Vítimas Feridas";"Plena Noite";"Crescente";"Nublado";"Dupla";"Reta;Aclive;Retorno Regulamentado";"Não";2;0;1;0;1;0;1;2;-8,11364;-35,242172;"SPRF-PE";"DEL02-PE";"UOP02-DEL02PE"
748590;2026-01-28;"quarta-feira";"16:00:00";"RS";293;67;"PIRATINI";"Manobra de mudança de faixa";"Saída de leito carroçável";"Sem Vítimas";"Pleno dia";"Crescente";"Céu Claro";"Simples";"Reta";"Não";2;0;0;0;2;0;0;2;-31,69182421;-53,01805773;"SPRF-RS";"DEL07-RS";"UOP01-DEL07-RS"
748592;2026-01-28;"quarta-feira";"21:30:00";"BA";407;1,8;"JUAZEIRO";"Ausência de reação do condutor";"Colisão com objeto";"Com Vítimas Feridas";"Plena Noite";"Decrescente";"Céu Claro";"Simples";"Reta";"Não";3;0;2;1;0;0;3;1;-9,42307206;-40,50674661;"SPRF-PE";"DEL06-PE";"UOP01-DEL06-PE"
748594;2026-01-28;"quarta-feira";"21:40:00";"SC";470;115;"IBIRAMA";"Ultrapassagem Indevida";"Colisão frontal";"Com Vítimas Feridas";"Plena Noite";"Decrescente";"Chuva";"Simples";"Reta";"Não";6;0;6;0;0;0;6;2;-27,078663;-49,48824;"SPRF-SC";"DEL04-SC";"UOP02-DEL04-SC"
748595;2026-01-28;"quarta-feira";"21:00:00";"MG";40;521;"CONTAGEM";"Trafegar com motocicleta (ou similar) entre as faixas";"Colisão lateral mesmo sentido";"Com Vítimas Feridas";"Plena Noite";"Crescente";"Nublado";"Dupla";"Declive;Curva";"Não";1;0;0;1;0;0;1;1;-19,859976;-44,071627;"SPRF-MG";"DEL01-MG";"UOP02-DEL01-MG"
748596;2026-01-28;"quarta-feira";"21:05:00";"MG";40;484;"SETE LAGOAS";"Reação tardia ou ineficiente do condutor";"Queda de ocupante de veículo";"Com Vítimas Feridas";"Plena Noite";"Decrescente";"Céu Claro";"Dupla";"Curva";"Não";2;0;2;0;0;0;2;1;-19,5740114;-44,2298172;"SPRF-MG";"DEL02-MG";"UOP01-DEL02-MG"
748601;2026-01-28;"quarta-feira";"22:00:00";"PR";467;105,6;"CASCAVEL";"Pedestre - Ingestão de álcool/ substâncias psicoativas";"Atropelamento de Pedestre";"Com Vítimas Feridas";"Plena Noite";"Decrescente";"Nublado";"Dupla";"Reta";"Não";2;0;1;0;1;0;1;2;-24,914003;-53,492686;"SPRF-PR";"DEL04-PR";"UOP01-DEL04-PR"
748602;2026-01-28;"quarta-feira";"22:20:00";"SE";235;47,1;"ITABAIANA";"Velocidade Incompatível";"Colisão traseira";"Com Vítimas Feridas";"Plena Noite";"Decrescente";"Céu Claro";"Simples";"Reta;Aclive";"Não";4;0;0;3;1;0;3;3;-10,72983928;-37,41301473;"SPRF-SE";"DEL01-SE";"UOP02-DEL01-SE"
748603;2026-01-28;"quarta-feira";"20:40:00";"RJ";116;329;"ITATIAIA";"Pedestre cruzava a pista fora da faixa";"Atropelamento de Pedestre";"Com Vítimas Feridas";"Plena Noite";"Decrescente";"Nublado";"Múltipla";"Reta";"Sim";4;0;0;1;3;0;1;2;-22,504567;-44,613647;"SPRF-RJ";"DEL07-RJ";"UOP02-DEL07-RJ"
748604;2026-01-28;"quarta-feira";"21:05:00";"MT";364;292;"JACIARA";"Objeto estático sobre o leito carroçável";"Colisão com objeto";"Com Vítimas Feridas";"Plena Noite";"Crescente";"Nublado";"Simples";"Reta";"Não";5;0;1;0;4;0;1;1;-15,85738352;-55,13031006;"SPRF-MT";"DEL05-MT";"UOP02-DEL05-MT"
748606;2026-01-28;"quarta-feira";"21:30:00";"MA";135;8;"SAO LUIS";"Reação tardia ou ineficiente do condutor";"Queda de ocupante de veículo";"Com Vítimas Feridas";"Plena Noite";"Crescente";"Céu Claro";"Dupla";"Reta";"Sim";1;0;0;1;0;0;1;1;-2,643498;-44,273812;"SPRF-MA";"DEL01-MA";"UOP01-DEL01-MA"
748610;2026-01-29;"quinta-feira";"00:20:00";"SC";101;203,9;"SAO JOSE";"Mal súbito do condutor";"Colisão com objeto";"Com Vítimas Feridas";"Plena Noite";"Decrescente";"Nublado";"Múltipla";"Reta";"Não";3;0;1;2;0;0;3;2;-27,57510787;-48,61350887;"SPRF-SC";"DEL01-SC";"UOP01-DEL01-SC"
748611;2026-01-29;"quinta-feira";"00:40:00";"GO";40;5;"VALPARAISO DE GOIAS";"Acessar a via sem observar a presença dos outros veículos";"Colisão lateral mesmo sentido";"Com Vítimas Feridas";"Plena Noite";"Crescente";"Garoa/Chuvisco";"Dupla";"Reta";"Sim";3;0;1;1;1;0;2;2;-16,093458;-47,982158;"SPRF-DF";"DEL01-DF";"UOP01-DEL01-DF"
748612;2026-01-21;"quarta-feira";"08:40:00";"GO";40;0,9;"VALPARAISO DE GOIAS";"Entrada inopinada do pedestre";"Atropelamento de Pedestre";"Com Vítimas Feridas";"Pleno dia";"Decrescente";"Céu Claro";"Dupla";"Reta";"Sim";2;0;0;1;1;0;1;2;-16,05908;-47,98274;"SPRF-DF";"DEL01-DF";"UOP01-DEL01-DF"
748614;2026-01-29;"quinta-feira";"00:40:00";"PE";101;35,5;"ITAPISSUMA";"Avarias e/ou desgaste excessivo no pneu";"Queda de ocupante de veículo";"Com Vítimas Feridas";"Plena Noite";"Decrescente";"Céu Claro";"Dupla";"Reta;Declive";"Não";2;0;2;0;0;0;2;1;-7,7833;-34,930973;"SPRF-PE";"DEL01-PE";"UOP02-DEL01-PE"
748615;2026-01-28;"quarta-feira";"22:00:00";"SC";101;148;"ITAPEMA";"Reação tardia ou ineficiente do condutor";"Colisão traseira";"Com Vítimas Feridas";"Plena Noite";"Decrescente";"Céu Claro";"Dupla";"Reta";"Não";2;0;1;1;0;0;2;2;-27,12869866;-48,61411572;"SPRF-SC";"DEL04-SC";"UOP03-DEL04-SC"
748619;2026-01-29;"quinta-feira";"02:20:00";"PR";376;591;"CURITIBA";"Avarias e/ou desgaste excessivo no pneu";"Tombamento";"Com Vítimas Feridas";"Plena Noite";"Decrescente";"Chuva";"Dupla";"Interseção de Vias;Viaduto";"Sim";1;0;1;0;0;0;1;1;-25,43043608;-49,36502393;"SPRF-PR";"DEL01-PR";"UOP06-DEL01-PR"
748620;2026-01-29;"quinta-feira";"03:30:00";"PR";116;13;"COLOMBO";"Ausência de reação do condutor";"Colisão traseira";"Com Vítimas Feridas";"Plena Noite";"Decrescente";"Chuva";"Dupla";"Reta";"Sim";2;0;1;0;0;1;1;2;-25,37545181;-49,14924709;"SPRF-PR";"DEL01-PR";"UOP02-DEL01-PR"
748622;2026-01-29;"quinta-feira";"04:00:00";"MG";381;799;"SAO GONCALO DO SAPUCAI";"Condutor Dormindo";"Saída de leito carroçável";"Com Vítimas Feridas";"Plena Noite";"Crescente";"Ignorado";"Dupla";"Reta";"Não";1;0;1;0;0;0;1;1;-21,9202723;-45,6095265;"SPRF-MG";"DEL16-MG";"UOP02-DEL16-MG"
748625;2026-01-29;"quinta-feira";"05:15:00";"RS";158;366;"DILERMANDO DE AGUIAR";"Demais Fenômenos da natureza";"Colisão com objeto";"Com Vítimas Feridas";"Amanhecer";"Decrescente";"Nublado";"Simples";"Ponte";"Não";1;0;0;1;0;0;1;1;-29,827473;-54,148738;"SPRF-RS";"DEL09-RS";"UOP01-DEL09-RS"
748626;2026-01-29;"quinta-feira";"06:30:00";"ES";259;96;"BAIXO GUANDU";"Ingestão de álcool pelo condutor";"Saída de leito carroçável";"Com Vítimas Feridas";"Pleno dia";"Crescente";"Céu Claro";"Simples";"Curva;Em Obras";"Sim";1;0;0;1;0;0;1;1;-19,51446197;-40,99584818;"SPRF-ES";"DEL02-ES";"UOP01-DEL02-ES"
748627;2026-01-28;"quarta-feira";"18:30:00";"BA";101;112;"ALAGOINHAS";"Ultrapassagem Indevida";"Colisão frontal";"Com Vítimas Feridas";"Plena Noite";"Crescente";"Nublado";"Simples";"Reta;Declive";"Não";4;0;3;0;1;0;3;2;-12,16753181;-38,42248967;"SPRF-BA";"DEL01-BA";"UOP04-DEL01-BA"
748628;2026-01-29;"quinta-feira";"02:00:00";"PR";369;198;"APUCARANA";"Reação tardia ou ineficiente do condutor";"Saída de leito carroçável";"Sem Vítimas";"Plena Noite";"Decrescente";"Nublado";"Dupla";"Reta";"Sim";1;0;0;0;1;0;0;1;-23,509133;-51,425898;"SPRF-PR";"DEL07-PR";"UOP03-DEL07-PR"
748630;2026-01-29;"quinta-feira";"06:45:00";"ES";101;83;"SAO MATEUS";"Ultrapassagem Indevida";"Colisão frontal";"Com Vítimas Feridas";"Pleno dia";"Decrescente";"Céu Claro";"Simples";"Reta";"Não";3;0;1;2;0;0;3;2;-18,81680864;-39,90315311;"SPRF-ES";"DEL04-ES";"UOP02-DEL04-ES"
748631;2026-01-29;"quinta-feira";"06:20:00";"MG";381;2;"BETIM";"Ausência de reação do condutor";"Saída de leito carroçável";"Com Vítimas Feridas";"Pleno dia";"Decrescente";"Nublado";"Dupla";"Curva";"Não";1;0;1;0;0;0;1;1;-19,978148;-44,160426;"SPRF-MG";"DEL01-MG";"UOP03-DEL01-MG"
748633;2026-01-29;"quinta-feira";"07:00:00";"MG";381;373;"SAO GONCALO DO RIO ABAIXO";"Velocidade Incompatível";"Saída de leito carroçável";"Com Vítimas Feridas";"Pleno dia";"Decrescente";"Céu Claro";"Simples";"Curva";"Não";2;0;0;2;0;0;2;1;-19,83726866;-43,37088525;"SPRF-MG";"DEL01-MG";"UOP01-DEL01-MG"
748634;2026-01-29;"quinta-feira";"06:30:00";"MG";116;415,5;"GOVERNADOR VALADARES";"Acessar a via sem observar a presença dos outros veículos";"Colisão transversal";"Com Vítimas Feridas";"Pleno dia";"Decrescente";"Céu Claro";"Simples";"Reta;Retorno Regulamentado";"Sim";3;0;2;0;1;0;2;2;-18,89155818;-41,9449532;"SPRF-MG";"DEL06-MG";"UOP01-DEL06-MG"
748636;2026-01-29;"quinta-feira";"06:25:00";"MG";262;357;"BETIM";"Ausência de reação do condutor";"Saída de leito carroçável";"Sem Vítimas";"Pleno dia";"Decrescente";"Céu Claro";"Simples";"Reta";"Não";1;0;0;0;0;1;0;1;-19,98394116;-44,23814267;"SPRF-MG";"DEL01-MG";"UOP03-DEL01-MG"
748637;2026-01-29;"quinta-feira";"07:00:00";"PB";230;1,3;"PATOS";"Acessar a via sem observar a presença dos outros veículos";"Colisão transversal";"Com Vítimas Feridas";"Pleno dia";"Crescente";"Céu Claro";"Simples";"Curva";"Não";2;0;1;0;0;1;1;2;-7,011305;-37,28939;"SPRF-PB";"DEL01-PB";"UOP01-DEL01-PB"
748638;2026-01-29;"quinta-feira";"07:00:00";"MA";316;269;"BELA VISTA DO MARANHAO";"Ingestão de álcool pelo condutor";"Saída de leito carroçável";"Sem Vítimas";"Pleno dia";"Crescente";"Céu Claro";"Simples";"Reta";"Sim";1;0;0;0;1;0;0;1;-3,698148;-45,320601;"SPRF-MA";"DEL02-MA";"UOP01-DEL02-MA"