"id";"data_inversa";"dia_semana";"horario";"uf";"br";"km";"municipio";"causa_acidente";"tipo_acidente";"classificacao_acidente";"fase_dia";"sentido_via";"condicao_metereologica";"tipo_pista";"tracado_via";"uso_solo";"pessoas";"mortos";"feridos_leves";"feridos_graves";"ilesos";"ignorados";"feridos";"veiculos";"latitude";"longitude";"regional";"delegacia";"uop"
749002;2026-01-30;"sexta-feira";"19:15:00";"MS";163;615;"SAO GABRIEL DO OESTE";"Acessar a via sem observar a presença dos outros veículos";"Colisão transversal";"Com Vítimas Feridas";"Plena Noite";"Crescente";"Céu Claro";"Simples";"Reta;Interseção de Vias";"Não";2;0;1;0;1;0;1;2;-19,38923503;-54,57158625;"SPRF-MS";"DEL06-MS";"UOP02-DEL06-MS"
749003;2026-01-30;"sexta-feira";"17:45:00";"CE";116;305;"JAGUARIBE";"Transitar na contramão";"Colisão frontal";"Com Vítimas Feridas";"Anoitecer";"Decrescente";"Céu Claro";"Simples";"Curva";"Sim";2;0;0;1;1;0;1;2;-5,88025314;-38,61544132;"SPRF-CE";"DEL05-CE";"UOP02-DEL05-CE"
749004;2026-01-30;"sexta-feira";"18:00:00";"RO";435;85;"COLORADO DO OESTE";"Condutor deixou de manter distância do veículo da frente";"Colisão traseira";"Com Vítimas Feridas";"Plena Noite";"Crescente";"Nublado";"Simples";"Reta;Aclive";"Sim";2;0;1;0;1;0;1;2;-13,1280892;-60,54389477;"SPRF-RO";"DEL04-RO";"UOP02-DEL04-RO"
749005;2026-01-30;"sexta-feira";"17:35:00";"RJ";101;328;"NITEROI";"Demais falhas mecânicas ou elétricas";"Queda de ocupante de veículo";"Com Vítimas Feridas";"Anoitecer";"Crescente";"Chuva";"Múltipla";"Reta";"Sim";1;0;1;0;0;0;1;1;-22,86986163;-43,16885658;"SPRF-RJ";"DEL02-RJ";"UOP01-DEL02-RJ"
749006;2026-01-30;"sexta-feira";"20:30:00";"ES";101;147,2;"LINHARES";"Ausência de reação do condutor";"Colisão traseira";"Com Vítimas Feridas";"Plena Noite";"Decrescente";"Chuva";"Dupla";"Reta";"Sim";2;0;1;0;1;0;1;2;-19,4222549;-40,0779332;"SPRF-ES";"DEL04-ES";"UOP01-DEL04-ES"
749008;2026-01-30;"sexta-feira";"18:40:00";"RJ";116;77;"TERESOPOLIS";"Ingestão de álcool pelo condutor";"Queda de ocupante de veículo";"Com Vítimas Feridas";"Plena Noite";"Decrescente";"Chuva";"Simples";"Curva;Aclive";"Sim";1;0;1;0;0;0;1;1;-22,37163559;-42,95083221;"SPRF-RJ";"DEL04-RJ";"UOP01-DEL04-RJ"
749009;2026-01-30;"sexta-feira";"18:40:00";"CE";222;56,9;"SAO GONCALO DO AMARANTE";"Animais na Pista";"Atropelamento de Animal";"Com Vítimas Feridas";"Plena Noite";"Decrescente";"Céu Claro";"Simples";"Reta";"Não";5;0;2;0;3;0;2;1;-3,670033;-39,057003;"SPRF-CE";"DEL01-CE";"UOP03-DEL01-CE"
749010;2026-01-30;"sexta-feira";"20:10:00";"SC";101;404,8;"ARARANGUA";"Ausência de reação do condutor";"Saída de leito carroçável";"Com Vítimas Feridas";"Plena Noite";"Decrescente";"Nublado";"Dupla";"Reta";"Não";4;0;1;0;3;0;1;1;-28,90015665;-49,47481362;"SPRF-SC";"DEL02-SC";"UOP02-DEL02-SC"
749011;2026-01-30;"sexta-feira";"19:50:00";"RJ";116;78;"TERESOPOLIS";"Ausência de reação do condutor";"Colisão lateral sentido oposto";"Com Vítimas Feridas";"Plena Noite";"Crescente";"Chuva";"Simples";"Curva";"Não";2;0;1;0;1;0;1;2;-22,37896818;-42,95207977;"SPRF-RJ";"DEL04-RJ";"UOP01-DEL04-RJ"
749014;2026-01-30;"sexta-feira";"21:10:00";"MG";40;516;"RIBEIRAO DAS NEVES";"Ausência de reação do condutor";"Tombamento";"Com Vítimas Feridas";"Plena Noite";"Decrescente";"Chuva";"Dupla";"Reta";"Sim";1;0;1;0;0;0;1;1;-19,8226806;-44,0837035;"SPRF-MG";"DEL01-MG";"UOP02-DEL01-MG"
749015;2026-01-30;"sexta-feira";"16:00:00";"PB";230;1,4;"PATOS";"Condutor deixou de manter distância do veículo da frente";"Colisão lateral mesmo sentido";"Com Vítimas Feridas";"Pleno dia";"Crescente";"Sol";"Simples";"Reta;Interseção de Vias";"Sim";2;0;2;0;0;0;2;2;-7,01205156;-37,28815377;"SPRF-PB";"DEL03-PB";"UOP01-DEL03-PB"
749016;2026-01-30;"sexta-feira";"19:10:00";"RN";101;151;"GOIANINHA";"Reação tardia ou ineficiente do condutor";"Tombamento";"Com Vítimas Feridas";"Plena Noite";"Crescente";"Céu Claro";"Dupla";"Reta";"Não";3;0;2;0;0;1;2;1;-6,3216;-35,181072;"SPRF-RN";"DEL01-RN";"UOP01-DEL01-RN"
749017;2026-01-30;"sexta-feira";"21:00:00";"RJ";116;192;"RIO DE JANEIRO";"Deficiência do Sistema de Iluminação/Sinalização";"Colisão traseira";"Com Vítimas Feridas";"Plena Noite";"Crescente";"Garoa/Chuvisco";"Dupla";"Reta";"Não";2;0;1;0;1;0;1;2;-22,804813;-43,345192;"SPRF-RJ";"DEL06-RJ";"UOP01-DEL06-RJ"
749018;2026-01-30;"sexta-feira";"18:30:00";"RJ";101;528;"ANGRA DOS REIS";"Acumulo de água sobre o pavimento";"Colisão com objeto";"Com Vítimas Feridas";"Plena Noite";"Crescente";"Chuva";"Simples";"Reta;Aclive";"Sim";1;0;1;0;0;0;1;1;-23,02570632;-44,50362537;"SPRF-RJ";"DEL03-RJ";"UOP03-DEL03-RJ"
749019;2026-01-30;"sexta-feira";"19:00:00";"RJ";40;105;"DUQUE DE CAXIAS";"Pedestre andava na pista";"Atropelamento de Pedestre";"Com Vítimas Feridas";"Plena Noite";"Decrescente";"Céu Claro";"Dupla";"Reta";"Sim";2;0;1;0;1;0;1;2;-22,64416093;-43,28340445;"SPRF-RJ";"DEL01-RJ";"UOP02-DEL01-RJ"
749020;2026-01-30;"sexta-feira";"17:30:00";"AP";210;2;"MACAPA";"Entrada inopinada do pedestre";"Atropelamento de Pedestre";"Com Vítimas Feridas";"Pleno dia";"Decrescente";"Céu Claro";"Simples";"Curva";"Sim";2;0;1;0;1;0;1;2;0,084995;-51,0817216;"SPRF-AP";"DEL01-AP";"UOP01-DEL01-AP"
749022;2026-01-30;"sexta-feira";"19:35:00";"MA";135;13;"SAO LUIS";"Acessar a via sem observar a presença dos outros veículos";"Colisão transversal";"Com Vítimas Feridas";"Plena Noite";"Crescente";"Céu Claro";"Dupla";"Curva;Aclive";"Sim";2;0;1;0;1;0;1;2;-2,683937;-44,296708;"SPRF-MA";"DEL01-MA";"UOP01-DEL01-MA"
749024;2026-01-30;"sexta-feira";"19:15:00";"RO";364;195,6;"PIMENTA BUENO";"Acessar a via sem observar a presença dos outros veículos";"Colisão lateral sentido oposto";"Com Vítimas Feridas";"Plena Noite";"Crescente";"Nublado";"Simples";"Curva";"Sim";2;0;0;2;0;0;2;2;-11,688928;-61,182145;"SPRF-RO";"DEL02-RO";"UOP02-DEL02-RO"
749025;2026-01-30;"sexta-feira";"21:20:00";"PE";101;72,6;"RECIFE";"Iluminação deficiente";"Colisão lateral mesmo sentido";"Com Vítimas Feridas";"Plena Noite";"Decrescente";"Céu Claro";"Simples";"Reta;Interseção de Vias";"Sim";2;0;2;0;0;0;2;2;-8,09026;-34,94647;"SPRF-PE";"DEL01-PE";"UOP01-DEL01-PE"
749026;2026-01-30;"sexta-feira";"21:10:00";"SP";116;226;"GUARULHOS";"Ausência de reação do condutor";"Queda de ocupante de veículo";"Com Vítimas Feridas";"Plena Noite";"Decrescente";"Nublado";"Múltipla";"Reta";"Sim";1;0;1;0;0;0;1;1;-23,49438635;-46,55340521;"SPRF-SP";"DEL01-SP";"UOP01-DEL01-SP"
749027;2026-01-30;"sexta-feira";"19:10:00";"PE";407;10;"AFRANIO";"Acessar a via sem observar a presença dos outros veículos";"Colisão transversal";"Com Vítimas Feridas";"Plena Noite";"Crescente";"Céu Claro";"Simples";"Interseção de Vias";"Sim";2;0;1;0;1;0;1;2;-8,516558;-41,008457;"SPRF-PE";"DEL06-PE";"UOP02-DEL06-PE"
749030;2026-01-30;"sexta-feira";"19:55:00";"PE";116;21,1;"SALGUEIRO";"Animais na Pista";"Atropelamento de Animal";"Com Vítimas Feridas";"Plena Noite";"Decrescente";"Céu Claro";"Simples";"Declive";"Não";1;0;0;1;0;0;1;1;-8,028983;-39,143407;"SPRF-PE";"DEL05-PE";"UOP01-DEL05-PE"
749031;2026-01-30;"sexta-feira";"19:50:00";"MG";40;695,1;"ALFREDO VASCONCELOS";"Transitar na contramão";"Colisão lateral sentido oposto";"Com Vítimas Fatais";"Plena Noite";"Crescente";"Chuva";"Simples";"Reta";"Não";2;1;0;0;1;0;0;2;-21,1708216;-43,75634;"SPRF-MG";"DEL05-MG";"UOP02-DEL05-MG"
749033;2026-01-30;"sexta-feira";"21:40:00";"RJ";116;187;"NOVA IGUACU";"Demais falhas mecânicas ou elétricas";"Incêndio";"Sem Vítimas";"Plena Noite";"Decrescente";"Céu Claro";"Dupla";"Reta";"Não";1;0;0;0;1;0;0;1;-22,73920376;-43,47046344;"SPRF-RJ";"DEL06-RJ";"UOP01-DEL06-RJ"
749035;2026-01-30;"sexta-feira";"20:50:00";"RJ";116;178;"MESQUITA";"Ausência de reação do condutor";"Queda de ocupante de veículo";"Com Vítimas Feridas";"Plena Noite";"Decrescente";"Céu Claro";"Dupla";"Reta";"Sim";1;0;0;1;0;0;1;1;-22,773471;-43,40345263;"SPRF-RJ";"DEL06-RJ";"UOP01-DEL06-RJ"
749038;2026-01-30;"sexta-feira";"22:20:00";"SC";470;2;"NAVEGANTES";"Animais na Pista";"Atropelamento de Animal";"Com Vítimas Feridas";"Plena Noite";"Crescente";"Céu Claro";"Dupla";"Reta";"Não";2;0;0;1;1;0;1;1;-26,88961711;-48,66325378;"SPRF-SC";"DEL04-SC";"UOP04-DEL04-SC"
749040;2026-01-30;"sexta-feira";"20:33:00";"PI";316;306;"PICOS";"Transitar na contramão";"Colisão frontal";"Com Vítimas Feridas";"Plena Noite";"Crescente";"Céu Claro";"Simples";"Aclive";"Sim";3;0;1;1;1;0;2;2;-7,078937;-41,504167;"SPRF-PI";"DEL04-PI";"UOP01-DEL04-PI"
749041;2026-01-30;"sexta-feira";"23:00:00";"PR";369;100;"CORNELIO PROCOPIO";"Ausência de reação do condutor";"Colisão com objeto";"Com Vítimas Feridas";"Plena Noite";"Crescente";"Céu Claro";"Simples";"Retorno Regulamentado";"Não";1;0;1;0;0;0;1;1;-23,244158;-50,721378;"SPRF-PR";"DEL07-PR";"UOP05-DEL07-PR"
749042;2026-01-30;"sexta-feira";"23:00:00";"SC";101;24;"JOINVILLE";"Ingestão de álcool pelo condutor";"Colisão lateral mesmo sentido";"Com Vítimas Feridas";"Plena Noite";"Decrescente";"Nublado";"Dupla";"Interseção de Vias";"Não";4;0;2;0;2;0;2;3;-26,176243;-48,907945;"SPRF-SC";"DEL03-SC";"UOP01-DEL03-SC"
749045;2026-01-30;"sexta-feira";"22:00:00";"PR";153;375;"RIO AZUL";"Condutor Dormindo";"Saída de leito carroçável";"Sem Vítimas";"Plena Noite";"Decrescente";"Nublado";"Simples";"Reta";"Não";1;0;0;0;1;0;0;1;-25,769;-50,846;"SPRF-PR";"DEL08-PR";"UOP02-DEL08-PR"
749047;2026-01-30;"sexta-feira";"23:30:00";"PI";343;16,9;"PARNAIBA";"Transitar na contramão";"Colisão frontal";"Com Vítimas Feridas";"Plena Noite";"Decrescente";"Céu Claro";"Simples";"Reta";"Não";2;0;1;1;0;0;2;2;-2,954115;-41,757945;"SPRF-PI";"DEL05-PI";"UOP01-DEL05-PI"
749050;2026-01-31;"sábado";"00:15:00";"SC";116;4,6;"MAFRA";"Ausência de reação do condutor";"Tombamento";"Com Vítimas Feridas";"Plena Noite";"Decrescente";"Céu Claro";"Simples";"Reta";"Sim";1;0;1;0;0;0;1;1;-26,14000362;-49,81357511;"SPRF-SC";"DEL06-SC";"UOP01-DEL06-SC"
749052;2026-01-30;"sexta-feira";"22:00:00";"MG";40;628,7;"CONSELHEIRO LAFAIETE";"Ultrapassagem Indevida";"Colisão frontal";"Com Vítimas Feridas";"Plena Noite";"Decrescente";"Chuva";"Simples";"Declive;Curva";"Sim";3;0;1;1;1;0;2;2;-20,65431;-43,8086;"SPRF-MG";"DEL05-MG";"UOP02-DEL05-MG"
749054;2026-01-31;"sábado";"00:03:00";"PB";230;27,9;"JOAO PESSOA";"Avarias e/ou desgaste excessivo no pneu";"Tombamento";"Com Vítimas Feridas";"Plena Noite";"Crescente";"Céu Claro";"Dupla";"Reta";"Sim";2;0;2;0;0;0;2;1;-7,165067;-34,894313;"SPRF-PB";"DEL01-PB";"UOP01-DEL01-PB"
749057;2026-01-30;"sexta-feira";"21:30:00";"MT";174;87;"CACERES";"Animais na Pista";"Atropelamento de Animal";"Com Vítimas Feridas";"Plena Noite";"Crescente";"Céu Claro";"Simples";"Reta";"Não";5;0;1;0;4;0;1;3;-15,92513;-57,79648;"SPRF-MT";"DEL03-MT";"UOP01-DEL03-MT"
749058;2026-01-31;"sábado";"01:30:00";"MG";262;357;"JUATUBA";"Velocidade Incompatível";"Colisão traseira";"Sem Vítimas";"Plena Noite";"Decrescente";"Céu Claro";"Dupla";"Reta";"Sim";2;0;0;0;0;2;0;2;-19,97240429;-44,28058291;"SPRF-MG";"DEL01-MG";"UOP03-DEL01-MG"
749059;2026-01-30;"sexta-feira";"21:30:00";"SC";470;116;"IBIRAMA";"Suicídio (presumido)";"Saída de leito carroçável";"Com Vítimas Fatais";"Plena Noite";"Crescente";"Céu Claro";"Simples";"Reta";"Não";3;2;0;0;1;0;0;2;-27,08159033;-49,50045202;"SPRF-SC";"DEL04-SC";"UOP02-DEL04-SC"
749061;2026-01-31;"sábado";"01:30:00";"MA";230;403;"BALSAS";"Ingestão de álcool pelo condutor";"Colisão lateral mesmo sentido";"Com Vítimas Feridas";"Plena Noite";"Decrescente";"Céu Claro";"Simples";"Reta";"Sim";2;0;0;1;1;0;1;2;-7,519452;-46,03652;"SPRF-MA";"DEL05-MA";"UOP01-DEL05-MA"
749062;2026-01-31;"sábado";"00:40:00";"SC";101;197;"BIGUACU";"Ausência de reação do condutor";"Tombamento";"Com Vítimas Feridas";"Plena Noite";"Crescente";"Céu Claro";"Dupla";"Reta";"Sim";2;0;1;0;1;0;1;1;-27,52069;-48,63773;"SPRF-SC";"DEL01-SC";"UOP01-DEL01-SC"
749063;2026-01-31;"sábado";"02:10:00";"RS";116;298;"GUAIBA";"Ausência de reação do condutor";"Saída de leito carroçável";"Sem Vítimas";"Plena Noite";"Crescente";"Nublado";"Dupla";"Reta";"Não";3;0;0;0;3;0;0;1;-30,111423;-51,3452602;"SPRF-RS";"DEL02-RS";"UOP01-DEL02-RS"
749064;2026-01-31;"sábado";"02:30:00";"SC";101;49;"JOINVILLE";"Ingestão de álcool pelo condutor";"Colisão com objeto";"Com Vítimas Feridas";"Plena Noite";"Crescente";"Nublado";"Simples";"Curva;Viaduto;Aclive";"Não";1;0;1;0;0;0;1;1;-26,38684231;-48,84433206;"SPRF-SC";"DEL03-SC";"UOP01-DEL03-SC"
749065;2026-01-31;"sábado";"02:50:00";"PE";101;67,9;"RECIFE";"Velocidade Incompatível";"Colisão com objeto";"Sem Vítimas";"Plena Noite";"Crescente";"Nublado";"Múltipla";"Reta;Viaduto";"Sim";2;0;0;0;2;0;0;1;-8,0499;-34,9459;"SPRF-PE";"DEL01-PE";"UOP01-DEL01-PE"
749066;2026-01-31;"sábado";"02:30:00";"PR";116;210;"RIO NEGRO";"Ingestão de álcool pelo condutor";"Atropelamento de Pedestre";"Com Vítimas Feridas";"Pleno dia";"Decrescente";"Céu Claro";"Simples";"Reta";"Sim";3;0;1;0;1;1;1;2;-26,09534926;-49,78015387;"SPRF-SC";"DEL06-SC";"UOP01-DEL06-SC"
749067;2026-01-30;"sexta-feira";"23:15:00";"RO";364;673;"CANDEIAS DO JAMARI";"Ausência de reação do condutor";"Queda de ocupante de veículo";"Com Vítimas Feridas";"Plena Noite";"Crescente";"Nublado";"Simples";"Reta";"Não";1;0;1;0;0;0;1;1;-8,79190228;-63,64232764;"SPRF-RO";"DEL01-RO";"UOP01-DEL01-RO"
749070;2026-01-31;"sábado";"03:30:00";"RJ";116;170;"RIO DE JANEIRO";"Pedestre andava na pista";"Colisão lateral mesmo sentido";"Com Vítimas Feridas";"Plena Noite";"Crescente";"Céu Claro";"Dupla";"Reta";"Não";6;0;3;0;3;0;3;3;-22,81301;-43,33022;"SPRF-RJ";"DEL06-RJ";"UOP01-DEL06-RJ"
749071;2026-01-31;"sábado";"03:15:00";"GO";40;17,6;"LUZIANIA";"Ingestão de álcool pelo condutor";"Capotamento";"Com Vítimas Feridas";"Plena Noite";"Decrescente";"Céu Claro";"Dupla";"Reta;Declive";"Não";2;0;1;0;1;0;1;1;-16,19103;-47,92639;"SPRF-DF";"DEL01-DF";"UOP01-DEL01-DF"
749073;2026-01-31;"sábado";"04:55:00";"MG";381;657,3;"SANTO ANTONIO DO AMPARO";"Condutor Dormindo";"Saída de leito carroçável";"Com Vítimas Feridas";"Plena Noite";"Crescente";"Nublado";"Dupla";"Reta;Aclive";"Não";3;0;3;0;0;0;3;1;-20,99650136;-44,96270657;"SPRF-MG";"DEL04-MG";"UOP02-DEL04-MG"
749074;2026-01-31;"sábado";"01:05:00";"MA";316;144,1;"NOVA OLINDA DO MARANHAO";"Ingestão de álcool pelo condutor";"Capotamento";"Com Vítimas Feridas";"Plena Noite";"Decrescente";"Céu Claro";"Simples";"Reta";"Sim";1;0;1;0;0;0;1;1;-2,800867;-45,705938;"SPRF-MA";"DEL02-MA";"UOP02-DEL02-MA"
749077;2026-01-31;"sábado";"05:00:00";"MG";40;514,2;"RIBEIRAO DAS NEVES";"Velocidade Incompatível";"Saída de leito carroçável";"Com Vítimas Feridas";"Amanhecer";"Decrescente";"Céu Claro";"Dupla";"Reta";"Sim";1;0;1;0;0;0;1;1;-19,8023958;-44,0986581;"SPRF-MG";"DEL01-MG";"UOP02-DEL01-MG"
749078;2026-01-31;"sábado";"03:06:00";"BA";418;90;"NOVA VICOSA";"Velocidade Incompatível";"Saída de leito carroçável";"Sem Vítimas";"Plena Noite";"Decrescente";"Ignorado";"Simples";"Reta;Interseção de Vias";"Sim";1;0;0;0;0;1;0;1;-17,88196362;-39,86243248;"SPRF-BA";"DEL09-BA";"UOP02-DEL09-BA"
749079;2026-01-31;"sábado";"02:30:00";"RJ";465;22;"RIO DE JANEIRO";"Ausência de reação do condutor";"Saída de leito carroçável";"Com Vítimas Fatais";"Plena Noite";"Crescente";"Nublado";"Múltipla";"Viaduto";"Não";1;1;0;0;0;0;0;1;-22,861875;-43,60184;"SPRF-RJ";"DEL03-RJ";"UOP01-DEL03-RJ"
749081;2026-01-31;"sábado";"06:18:00";"PB";101;88,6;"JOAO PESSOA";"Condutor deixou de manter distância do veículo da frente";"Colisão traseira";"Com Vítimas Feridas";"Pleno dia";"Crescente";"Céu Claro";"Dupla";"Reta";"Sim";4;0;1;0;3;0;1;2;-7,16838791;-34,89694387;"SPRF-PB";"DEL01-PB";"UOP01-DEL01-PB"
749082;2026-01-31;"sábado";"05:30:00";"GO";80;135;"BARRO ALTO";"Ingestão de álcool pelo condutor";"Saída de leito carroçável";"Sem Vítimas";"Amanhecer";"Crescente";"Nevoeiro/Neblina";"Simples";"Reta";"Sim";1;0;0;0;1;0;0;1;-14,9614252;-48,9307276;"SPRF-GO";"DEL07-GO";"UOP02-DEL07-GO"
749083;2026-01-31;"sábado";"05:45:00";"MG";50;160,8;"UBERABA";"Reação tardia ou ineficiente do condutor";"Saída de leito carroçável";"Com Vítimas Feridas";"Amanhecer";"Crescente";"Céu Claro";"Dupla";"Reta;Declive";"Não";2;0;2;0;0;0;2;1;-19,727614;-47,969297;"SPRF-MG";"DEL13-MG";"UOP01-DEL13-MG"
749086;2026-01-31;"sábado";"04:30:00";"PR";376;623,9;"SAO JOSE DOS PINHAIS";"Reação tardia ou ineficiente do condutor";"Saída de leito carroçável";"Com Vítimas Feridas";"Plena Noite";"Crescente";"Nevoeiro/Neblina";"Múltipla";"Reta";"Sim";1;0;1;0;0;0;1;1;-25,65;-49,1577;"SPRF-PR";"DEL01-PR";"UOP04-DEL01-PR"
749088;2026-01-31;"sábado";"05:30:00";"MG";262;430;"NOVA SERRANA";"Velocidade Incompatível";"Colisão com objeto";"Sem Vítimas";"Amanhecer";"Crescente";"Sol";"Dupla";"Retorno Regulamentado";"Não";1;0;0;0;0;1;0;1;-19,88177181;-44,90751743;"SPRF-MG";"DEL08-MG";"UOP03-DEL08-MG"
749093;2026-01-31;"sábado";"06:55:00";"PR";277;584,2;"CASCAVEL";"Entrada inopinada do pedestre";"Atropelamento de Pedestre";"Com Vítimas Feridas";"Pleno dia";"Crescente";"Céu Claro";"Dupla";"Reta;Aclive";"Sim";3;0;1;0;2;0;1;2;-24,977846;-53,38416;"SPRF-PR";"DEL04-PR";"UOP01-DEL04-PR"
749094;2026-01-31;"sábado";"07:15:00";"TO";153;145;"ARAGUAINA";"Ausência de reação do condutor";"Tombamento";"Com Vítimas Feridas";"Pleno dia";"Decrescente";"Céu Claro";"Dupla";"Curva";"Sim";1;0;1;0;0;0;1;1;-7,20796;-48,24207;"SPRF-TO";"DEL02-TO";"UOP01-DEL02-TO"
749095;2026-01-31;"sábado";"05:20:00";"SC";480;128,1;"CHAPECO";"Ingestão de álcool pelo condutor";"Saída de leito carroçável";"Com Vítimas Feridas";"Amanhecer";"Decrescente";"Céu Claro";"Simples";"Reta";"Sim";5;0;2;0;3;0;2;1;-27,032845;-52,633345;"SPRF-SC";"DEL07-SC";"UOP01-DEL07-SC"
749097;2026-01-30;"sexta-feira";"18:00:00";"AP";210;2;"MACAPA";"Acessar a via sem observar a presença dos outros veículos";"Tombamento";"Com Vítimas Feridas";"Pleno dia";"Crescente";"Céu Claro";"Simples";"Reta";"Sim";1;0;1;0;0;0;1;1;0,08258122;-51,07771276;"SPRF-AP";"DEL01-AP";"UOP01-DEL01-AP"
749098;2026-01-31;"sábado";"06:50:00";"RS";293;339,8;"SANTANA DO LIVRAMENTO";"Acessar a via sem observar a presença dos outros veículos";"Colisão transversal";"Com Vítimas Feridas";"Pleno dia";"Crescente";"Céu Claro";"Simples";"Reta";"Sim";2;0;1;0;1;0;1;2;-30,51157;-55,32469;"SPRF-RS";"DEL11-RS";"UOP01-DEL11-RS"
749099;2026-01-31;"sábado";"06:15:00";"AL";101;76;"RIO LARGO";"Reação tardia ou ineficiente do condutor";"Queda de ocupante de veículo";"Com Vítimas Feridas";"Pleno dia";"Crescente";"Céu Claro";"Dupla";"Reta;Em Obras";"Não";1;0;1;0;0;0;1;1;-9,41721431;-35,84031757;"SPRF-AL";"DEL01-AL";"UOP01-DEL01-AL"
749101;2026-01-31;"sábado";"07:20:00";"PR";277;635,5;"CEU AZUL";"Ausência de reação do condutor";"Saída de leito carroçável";"Com Vítimas Feridas";"Pleno dia";"Decrescente";"Céu Claro";"Simples";"Reta";"Não";3;0;2;0;1;0;2;1;-25,1279023;-53,8238435;"SPRF-PR";"DEL05-PR";"UOP02-DEL05-PR"
749102;2026-01-31;"sábado";"06:30:00";"MG";40;555;"NOVA LIMA";"Velocidade Incompatível";"Saída de leito carroçável";"Com Vítimas Feridas";"Pleno dia";"Crescente";"Nublado";"Dupla";"Curva";"Não";2;0;1;0;1;0;1;1;-20,086765;-43,976328;"SPRF-MG";"DEL01-MG";"UOP02-DEL01-MG"
749103;2026-01-31;"sábado";"06:40:00";"RJ";116;212;"SEROPEDICA";"Ausência de reação do condutor";"Colisão traseira";"Sem Vítimas";"Pleno dia";"Decrescente";"Sol";"Dupla";"Reta";"Não";4;0;0;0;4;0;0;2;-22,71633669;-43,7167546;"SPRF-RJ";"DEL06-RJ";"UOP02-DEL06-RJ"
749104;2026-01-30;"sexta-feira";"20:48:00";"MG";381;243,1;"SANTANA DO PARAISO";"Ingestão de álcool pelo condutor";"Colisão traseira";"Com Vítimas Feridas";"Plena Noite";"Crescente";"Chuva";"Simples";"Reta";"Não";5;0;3;0;2;0;3;2;-19,45003858;-42,51696378;"SPRF-MG";"DEL06-MG";"UOP01-DEL06-MG"
749105;2026-01-31;"sábado";"07:50:00";"PE";101;69;"RECIFE";"Velocidade Incompatível";"Tombamento";"Com Vítimas Feridas";"Pleno dia";"Decrescente";"Sol";"Dupla";"Curva";"Não";1;0;1;0;0;0;1;1;-8,0649;-34,94366;"SPRF-PE";"DEL01-PE";"UOP01-DEL01-PE"
749109;2026-01-31;"sábado";"07:45:00";"MG";365;593,1;"ARAGUARI";"Ausência de reação do condutor";"Saída de leito carroçável";"Com Vítimas Feridas";"Amanhecer";"Crescente";"Nublado";"Simples";"Curva";"Não";1;0;1;0;0;0;1;1;-18,88118617;-48,04753929;"SPRF-MG";"DEL15-MG";"UOP02-DEL15-MG"
749111;2026-01-31;"sábado";"03:20:00";"RJ";116;328;"ITATIAIA";"Transitar na contramão";"Colisão frontal";"Com Vítimas Fatais";"Plena Noite";"Crescente";"Nublado";"Dupla";"Reta";"Não";3;1;1;0;1;0;1;3;-22,5046084;-44,60276163;"SPRF-RJ";"DEL07-RJ";"UOP02-DEL07-RJ"
749112;2026-01-31;"sábado";"08:40:00";"GO";153;507,2;"APARECIDA DE GOIANIA";"Reação tardia ou ineficiente do condutor";"Colisão com objeto";"Com Vítimas Feridas";"Pleno dia";"Crescente";"Nublado";"Dupla";"Interseção de Vias";"Sim";1;0;1;0;0;0;1;1;-16,78954261;-49,23852032;"SPRF-GO";"DEL01-GO";"UOP03-DEL01-GO"
749113;2026-01-31;"sábado";"08:00:00";"DF";70;6;"BRASILIA";"Manobra de mudança de faixa";"Colisão lateral mesmo sentido";"Com Vítimas Feridas";"Pleno dia";"Decrescente";"Céu Claro";"Dupla";"Reta";"Sim";4;0;2;0;1;1;2;4;-15,787607;-48,115258;"SPRF-DF";"DEL03-DF";"UOP02-DEL03-DF"
749114;2026-01-31;"sábado";"07:10:00";"RO";364;347;"JI-PARANA";"Acessar a via sem observar a presença dos outros veículos";"Colisão transversal";"Com Vítimas Feridas";"Pleno dia";"Crescente";"Sol";"Simples";"Reta;Declive";"Sim";2;0;2;0;0;0;2;2;-10,859983;-61,977263;"SPRF-RO";"DEL02-RO";"UOP01-DEL02-RO"
749115;2026-01-31;"sábado";"07:35:00";"GO";452;195;"ITUMBIARA";"Acessar a via sem observar a presença dos outros veículos";"Colisão transversal";"Com Vítimas Feridas";"Pleno dia";"Crescente";"Sol";"Simples";"Reta";"Não";2;0;1;0;1;0;1;2;-18,362232;-49,230039;"SPRF-GO";"DEL03-GO";"UOP02-DEL03-GO"
749116;2026-01-31;"sábado";"08:20:00";"RJ";40;123,6;"DUQUE DE CAXIAS";"Entrada inopinada do pedestre";"Atropelamento de Pedestre";"Com Vítimas Feridas";"Pleno dia";"Decrescente";"Céu Claro";"Dupla";"Curva";"Sim";2;0;1;0;1;0;1;2;-22,806167;-43,2898;"SPRF-RJ";"DEL01-RJ";"UOP02-DEL01-RJ"
749117;2026-01-31;"sábado";"06:30:00";"BA";101;440;"UBAITABA";"Velocidade Incompatível";"Saída de leito carroçável";"Com Vítimas Feridas";"Pleno dia";"Crescente";"Sol";"Simples";"Reta;Aclive;Interseção de Vias";"Não";5;0;4;0;1;0;4;1;-14,266915;-39,326148;"SPRF-BA";"DEL05-BA";"UOP01-DEL05-BA"
749118;2026-01-31;"sábado";"07:20:00";"PR";369;60;"BANDEIRANTES";"Ausência de reação do condutor";"Saída de leito carroçável";"Com Vítimas Feridas";"Pleno dia";"Crescente";"Céu Claro";"Simples";"Rotatória";"Sim";2;0;2;0;0;0;2;1;-23,13575959;-50,4030296;"SPRF-PR";"DEL07-PR";"UOP05-DEL07-PR"