"id";"data_inversa";"dia_semana";"horario";"uf";"br";"km";"municipio";"causa_acidente";"tipo_acidente";"classificacao_acidente";"fase_dia";"sentido_via";"condicao_metereologica";"tipo_pista";"tracado_via";"uso_solo";"pessoas";"mortos";"feridos_leves";"feridos_graves";"ilesos";"ignorados";"feridos";"veiculos";"latitude";"longitude";"regional";"delegacia";"uop"
750358;2026-02-06;"sexta-feira";"07:50:00";"RS";116;260;"CANOAS";"Ausência de reação do condutor";"Tombamento";"Com Vítimas Feridas";"Pleno dia";"Crescente";"Céu Claro";"Dupla";"Reta";"Sim";2;0;2;0;0;0;2;1;-29,87469288;-51,17993488;"SPRF-RS";"DEL01-RS";"UOP01-DEL01-RS"
750359;2026-02-06;"sexta-feira";"07:10:00";"PE";116;22;"SALGUEIRO";"Acessar a via sem observar a presença dos outros veículos";"Colisão transversal";"Com Vítimas Feridas";"Pleno dia";"Decrescente";"Céu Claro";"Simples";"Reta";"Não";2;0;1;0;1;0;1;2;-8,037876;-39,140917;"SPRF-PE";"DEL05-PE";"UOP01-DEL05-PE"
750360;2026-02-06;"sexta-feira";"07:20:00";"BA";324;543;"AMELIA RODRIGUES";"Acumulo de areia ou detritos sobre o pavimento";"Queda de ocupante de veículo";"Com Vítimas Feridas";"Pleno dia";"Crescente";"Céu Claro";"Dupla";"Declive";"Não";1;0;1;0;0;0;1;1;-12,38568553;-38,79251861;"SPRF-BA";"DEL11-BA";"UOP02-DEL11-BA"
750361;2026-02-06;"sexta-feira";"08:15:00";"SC";101;191,4;"BIGUACU";"Reação tardia ou ineficiente do condutor";"Colisão lateral mesmo sentido";"Com Vítimas Feridas";"Pleno dia";"Decrescente";"Céu Claro";"Dupla";"Curva";"Não";2;0;1;0;1;0;1;2;-27,4802;-48,6456;"SPRF-SC";"DEL01-SC";"UOP01-DEL01-SC"
750362;2026-02-06;"sexta-feira";"07:50:00";"GO";40;9;"LUZIANIA";"Pedestre andava na pista";"Atropelamento de Pedestre";"Com Vítimas Feridas";"Pleno dia";"Decrescente";"Garoa/Chuvisco";"Dupla";"Reta";"Sim";2;0;1;0;1;0;1;2;-16,12483504;-47,96168668;"SPRF-DF";"DEL01-DF";"UOP01-DEL01-DF"
750365;2026-02-06;"sexta-feira";"08:10:00";"ES";101;268,1;"SERRA";"Manobra de mudança de faixa";"Colisão lateral mesmo sentido";"Com Vítimas Feridas";"Pleno dia";"Crescente";"Céu Claro";"Dupla";"Reta";"Sim";3;0;2;0;1;0;2;2;-20,209355;-40,269626;"SPRF-ES";"DEL02-ES";"UOP01-DEL02-ES"
750368;2026-02-06;"sexta-feira";"08:10:00";"PR";369;148;"LONDRINA";"Reação tardia ou ineficiente do condutor";"Colisão traseira";"Com Vítimas Feridas";"Pleno dia";"Crescente";"Céu Claro";"Dupla";"Reta";"Sim";2;0;1;0;1;0;1;2;-23,293085;-51,144352;"SPRF-PR";"DEL07-PR";"UOP01-DEL07-PR"
750369;2026-02-06;"sexta-feira";"08:15:00";"SP";101;46;"UBATUBA";"Trafegar com motocicleta (ou similar) entre as faixas";"Colisão lateral sentido oposto";"Com Vítimas Feridas";"Pleno dia";"Decrescente";"Céu Claro";"Simples";"Reta";"Não";2;0;1;0;1;0;1;2;-23,42243437;-45,07256381;"SPRF-SP";"DEL06-SP";"UOP01-DEL06-SP"
750370;2026-01-22;"quinta-feira";"15:30:00";"BA";116;228;"EUCLIDES DA CUNHA";"Demais falhas mecânicas ou elétricas";"Incêndio";"Com Vítimas Feridas";"Pleno dia";"Crescente";"Céu Claro";"Simples";"Reta";"Não";1;0;1;0;0;0;1;1;-10,60109544;-38,973808;"SPRF-BA";"DEL07-BA";"UOP03-DEL07-BA"
750371;2026-02-06;"sexta-feira";"08:20:00";"RS";472;132;"TRES DE MAIO";"Mal súbito do condutor";"Colisão transversal";"Com Vítimas Feridas";"Pleno dia";"Crescente";"Sol";"Simples";"Rotatória";"Sim";2;0;2;0;0;0;2;2;-27,75247218;-54,24353278;"SPRF-RS";"DEL10-RS";"UOP01-DEL10-RS"
750374;2026-02-06;"sexta-feira";"08:06:00";"BA";324;532;"CONCEICAO DO JACUIPE";"Ausência de reação do condutor";"Colisão traseira";"Com Vítimas Feridas";"Pleno dia";"Decrescente";"Céu Claro";"Dupla";"Aclive;Reta";"Não";3;0;1;0;2;0;1;2;-12,3490381;-38,835742;"SPRF-BA";"DEL11-BA";"UOP02-DEL11-BA"
750375;2026-02-06;"sexta-feira";"07:10:00";"MG";40;519,3;"RIBEIRAO DAS NEVES";"Manobra de mudança de faixa";"Colisão lateral mesmo sentido";"Com Vítimas Feridas";"Pleno dia";"Crescente";"Nublado";"Dupla";"Reta";"Sim";3;0;1;0;2;0;1;3;-19,8349973;-44,0792424;"SPRF-MG";"DEL01-MG";"UOP02-DEL01-MG"
750376;2026-02-06;"sexta-feira";"09:00:00";"SP";116;146;"SAO JOSE DOS CAMPOS";"Reação tardia ou ineficiente do condutor";"Colisão traseira";"Com Vítimas Feridas";"Pleno dia";"Crescente";"Nublado";"Dupla";"Declive";"Sim";2;0;1;0;1;0;1;2;-23,19275605;-45,8675766;"SPRF-SP";"DEL02-SP";"UOP01-DEL02-SP"
750379;2026-02-06;"sexta-feira";"07:20:00";"RJ";101;389;"RIO DE JANEIRO";"Condutor deixou de manter distância do veículo da frente";"Colisão traseira";"Com Vítimas Feridas";"Pleno dia";"Crescente";"Nublado";"Múltipla";"Reta";"Não";3;0;1;0;1;1;1;2;-22,89459955;-43,67717743;"SPRF-RJ";"DEL03-RJ";"UOP01-DEL03-RJ"
750382;2026-02-06;"sexta-feira";"08:20:00";"GO";153;566;"PROFESSOR JAMIL";"Reação tardia ou ineficiente do condutor";"Colisão lateral mesmo sentido";"Com Vítimas Feridas";"Pleno dia";"Crescente";"Nublado";"Dupla";"Reta";"Sim";7;0;2;0;5;0;2;2;-17,258145;-49,241748;"SPRF-GO";"DEL03-GO";"UOP01-DEL03-GO"
750386;2026-02-06;"sexta-feira";"09:50:00";"MG";251;470;"FRANCISCO SA";"Velocidade Incompatível";"Saída de leito carroçável";"Sem Vítimas";"Pleno dia";"Crescente";"Chuva";"Simples";"Reta;Declive";"Não";2;0;0;0;2;0;0;1;-16,4666134;-43,4332311;"SPRF-MG";"DEL12-MG";"UOP01-DEL12-MG"
750390;2026-02-06;"sexta-feira";"08:50:00";"RJ";116;148;"DUQUE DE CAXIAS";"Demais falhas mecânicas ou elétricas";"Tombamento";"Com Vítimas Feridas";"Pleno dia";"Decrescente";"Sol";"Dupla";"Reta";"Sim";2;0;2;0;0;0;2;1;-22,671098;-43,277367;"SPRF-RJ";"DEL01-RJ";"UOP02-DEL01-RJ"
750392;2026-02-06;"sexta-feira";"09:30:00";"SC";282;137,9;"BOM RETIRO";"Acessar a via sem observar a presença dos outros veículos";"Colisão transversal";"Com Vítimas Feridas";"Pleno dia";"Decrescente";"Céu Claro";"Simples";"Reta";"Não";6;0;3;0;3;0;3;2;-27,82559;-49,57519;"SPRF-SC";"DEL05-SC";"UOP01-DEL05-SC"
750393;2026-02-06;"sexta-feira";"09:41:00";"PB";101;27;"RIO TINTO";"Chuva";"Colisão com objeto";"Com Vítimas Feridas";"Pleno dia";"Crescente";"Chuva";"Dupla";"Reta";"Não";5;0;2;0;3;0;2;1;-6,72233;-35,11979;"SPRF-PB";"DEL01-PB";"UOP03-DEL01-PB"
750395;2026-02-06;"sexta-feira";"08:30:00";"RO";364;426,2;"JARU";"Acessar a via sem observar a presença dos outros veículos";"Colisão transversal";"Com Vítimas Feridas";"Pleno dia";"Decrescente";"Garoa/Chuvisco";"Simples";"Reta";"Sim";2;0;1;0;1;0;1;2;-10,43284361;-62,47954845;"SPRF-RO";"DEL03-RO";"UOP02-DEL03-RO"
750396;2026-02-06;"sexta-feira";"10:45:00";"SP";116;145;"SAO JOSE DOS CAMPOS";"Ausência de reação do condutor";"Colisão lateral mesmo sentido";"Com Vítimas Feridas";"Pleno dia";"Decrescente";"Céu Claro";"Dupla";"Aclive;Reta";"Sim";2;0;0;1;1;0;1;2;-23,18892726;-45,85810176;"SPRF-SP";"DEL02-SP";"UOP01-DEL02-SP"
750399;2026-02-06;"sexta-feira";"07:30:00";"MA";135;22;"SAO LUIS";"Acessar a via sem observar a presença dos outros veículos";"Colisão transversal";"Com Vítimas Feridas";"Amanhecer";"Decrescente";"Céu Claro";"Dupla";"Reta";"Sim";4;0;0;1;3;0;1;2;-2,563363;-44,317407;"SPRF-MA";"DEL01-MA";"UOP01-DEL01-MA"
750401;2026-02-06;"sexta-feira";"11:00:00";"DF";40;0;"BRASILIA";"Ausência de reação do condutor";"Queda de ocupante de veículo";"Com Vítimas Feridas";"Pleno dia";"Crescente";"Nublado";"Dupla";"Reta";"Não";1;0;1;0;0;0;1;1;-15,8171136;-47,9756288;"SPRF-DF";"DEL01-DF";"UOP01-DEL01-DF"
750402;2026-02-06;"sexta-feira";"11:00:00";"PE";101;78;"JABOATAO DOS GUARARAPES";"Ausência de reação do condutor";"Colisão traseira";"Com Vítimas Feridas";"Pleno dia";"Decrescente";"Céu Claro";"Dupla";"Reta";"Não";2;0;1;1;0;0;2;2;-8,14033;-34,94666;"SPRF-PE";"DEL01-PE";"UOP01-DEL01-PE"
750407;2026-02-06;"sexta-feira";"11:59:00";"ES";101;141;"LINHARES";"Ausência de reação do condutor";"Saída de leito carroçável";"Com Vítimas Feridas";"Pleno dia";"Crescente";"Céu Claro";"Dupla";"Reta";"Não";1;0;1;0;0;0;1;1;-19,31261156;-40,07891305;"SPRF-ES";"DEL04-ES";"UOP01-DEL04-ES"
750408;2026-02-06;"sexta-feira";"08:30:00";"PR";277;81;"CURITIBA";"Condutor deixou de manter distância do veículo da frente";"Colisão lateral mesmo sentido";"Com Vítimas Feridas";"Pleno dia";"Crescente";"Céu Claro";"Dupla";"Reta";"Sim";2;0;1;0;1;0;1;2;-25,45940887;-49,22088001;"SPRF-PR";"DEL01-PR";"UOP03-DEL01-PR"
750411;2026-02-06;"sexta-feira";"12:00:00";"RS";116;267;"CANOAS";"Manobra de mudança de faixa";"Colisão lateral mesmo sentido";"Com Vítimas Feridas";"Pleno dia";"Decrescente";"Céu Claro";"Dupla";"Reta";"Sim";4;0;4;0;0;0;4;4;-29,95269272;-51,17623365;"SPRF-RS";"DEL01-RS";"UOP01-DEL01-RS"
750414;2026-02-06;"sexta-feira";"12:22:00";"BA";101;264;"SANTO ANTONIO DE JESUS";"Acessar a via sem observar a presença dos outros veículos";"Colisão lateral mesmo sentido";"Com Vítimas Feridas";"Pleno dia";"Crescente";"Céu Claro";"Simples";"Reta";"Sim";2;0;1;0;1;0;1;2;-12,979798;-39,285733;"SPRF-BA";"DEL11-BA";"UOP01-DEL11-BA"
750416;2026-02-06;"sexta-feira";"09:10:00";"MG";381;642;"SANTO ANTONIO DO AMPARO";"Chuva";"Colisão com objeto";"Com Vítimas Feridas";"Pleno dia";"Crescente";"Chuva";"Dupla";"Reta";"Não";1;0;1;0;0;0;1;1;-20,89217354;-44,85580444;"SPRF-MG";"DEL04-MG";"UOP01-DEL04-MG"
750418;2026-02-06;"sexta-feira";"12:20:00";"RN";110;44,4;"MOSSORO";"Acessar a via sem observar a presença dos outros veículos";"Colisão transversal";"Com Vítimas Feridas";"Pleno dia";"Crescente";"Céu Claro";"Simples";"Interseção de Vias";"Sim";3;0;2;0;1;0;2;2;-5,19090867;-37,30880857;"SPRF-RN";"DEL04-RN";"UOP01-DEL04-RN"
750419;2026-01-24;"sábado";"09:15:00";"SC";282;568;"NOVA ERECHIM";"Ultrapassagem Indevida";"Saída de leito carroçável";"Com Vítimas Feridas";"Pleno dia";"Crescente";"Céu Claro";"Simples";"Reta";"Não";3;0;2;0;0;1;2;2;-26,90393117;-52,91135788;"SPRF-SC";"DEL07-SC";"UOP02-DEL07-SC"
750420;2026-02-06;"sexta-feira";"12:15:00";"RS";290;142,3;"ELDORADO DO SUL";"Acessar a via sem observar a presença dos outros veículos";"Colisão transversal";"Com Vítimas Feridas";"Pleno dia";"Crescente";"Céu Claro";"Simples";"Reta";"Não";5;0;3;0;2;0;3;2;-30,0916293;-51,6326189;"SPRF-RS";"DEL02-RS";"UOP01-DEL02-RS"
750424;2026-01-12;"segunda-feira";"08:30:00";"PR";277;7;"FOZ DO IGUACU";"Faixas de trânsito com largura insuficiente";"Atropelamento de Pedestre";"Com Vítimas Feridas";"Pleno dia";"Decrescente";"Sol";"Simples";"Em Obras;Interseção de Vias";"Não";2;0;2;0;0;0;2;2;-25,57426596;-54,5499301;"SPRF-PR";"DEL05-PR";"UOP04-DEL05-PR"
750429;2026-02-06;"sexta-feira";"14:15:00";"GO";60;92;"ANAPOLIS";"Velocidade Incompatível";"Saída de leito carroçável";"Sem Vítimas";"Pleno dia";"Decrescente";"Chuva";"Dupla";"Reta";"Sim";1;0;0;0;0;1;0;1;-16,348241;-48,908501;"SPRF-GO";"DEL02-GO";"UOP01-DEL02-GO"
750431;2026-02-06;"sexta-feira";"13:50:00";"SC";153;89,6;"CONCORDIA";"Condutor deixou de manter distância do veículo da frente";"Colisão traseira";"Com Vítimas Feridas";"Pleno dia";"Crescente";"Céu Claro";"Simples";"Rotatória";"Sim";2;0;1;0;1;0;1;2;-27,19162841;-51,93597617;"SPRF-SC";"DEL07-SC";"UOP04-DEL07-SC"
750432;2026-02-06;"sexta-feira";"13:30:00";"RJ";101;477;"ANGRA DOS REIS";"Reação tardia ou ineficiente do condutor";"Colisão frontal";"Com Vítimas Feridas";"Pleno dia";"Crescente";"Céu Claro";"Simples";"Curva";"Sim";2;0;1;0;1;0;1;2;-22,989899;-44,241966;"SPRF-RJ";"DEL03-RJ";"UOP03-DEL03-RJ"
750433;2026-02-06;"sexta-feira";"13:30:00";"SE";101;116;"ITAPORANGA DAJUDA";"Reação tardia ou ineficiente do condutor";"Tombamento";"Com Vítimas Feridas";"Pleno dia";"Crescente";"Céu Claro";"Dupla";"Reta";"Sim";1;0;1;0;0;0;1;1;-11,00263;-37,307815;"SPRF-SE";"DEL02-SE";"UOP01-DEL02-SE"
750435;2026-02-06;"sexta-feira";"07:00:00";"MG";262;477,5;"BOM DESPACHO";"Manobra de mudança de faixa";"Colisão lateral mesmo sentido";"Com Vítimas Feridas";"Pleno dia";"Crescente";"Céu Claro";"Simples";"Reta";"Não";1;0;1;0;0;0;1;1;-19,78419;-45,32559;"SPRF-MG";"DEL08-MG";"UOP03-DEL08-MG"
750436;2026-02-06;"sexta-feira";"13:00:00";"MA";230;405;"BALSAS";"Acessar a via sem observar a presença dos outros veículos";"Colisão transversal";"Com Vítimas Feridas";"Pleno dia";"Crescente";"Garoa/Chuvisco";"Simples";"Reta;Retorno Regulamentado";"Sim";2;0;1;0;1;0;1;2;-7,52006525;-46,06319547;"SPRF-MA";"DEL05-MA";"UOP01-DEL05-MA"
750437;2026-02-06;"sexta-feira";"14:15:00";"PR";277;586,4;"CASCAVEL";"Ingestão de álcool pelo condutor";"Colisão com objeto";"Sem Vítimas";"Pleno dia";"Decrescente";"Sol";"Dupla";"Interseção de Vias";"Sim";1;0;0;0;0;1;0;1;-24,96620292;-53,40382436;"SPRF-PR";"DEL04-PR";"UOP01-DEL04-PR"
750438;2026-02-06;"sexta-feira";"12:15:00";"RJ";101;305;"SAO GONCALO";"Reação tardia ou ineficiente do condutor";"Colisão traseira";"Com Vítimas Feridas";"Pleno dia";"Decrescente";"Céu Claro";"Dupla";"Reta";"Sim";2;0;1;0;1;0;1;2;-22,78924764;-42,99874825;"SPRF-RJ";"DEL02-RJ";"UOP02-DEL02-RJ"
750439;2026-02-06;"sexta-feira";"14:30:00";"MG";381;654;"SANTO ANTONIO DO AMPARO";"Velocidade Incompatível";"Saída de leito carroçável";"Com Vítimas Feridas";"Pleno dia";"Decrescente";"Nublado";"Dupla";"Aclive;Curva";"Não";3;0;2;0;1;0;2;1;-21,00073835;-44,96765656;"SPRF-MG";"DEL04-MG";"UOP02-DEL04-MG"
750440;2026-02-06;"sexta-feira";"09:00:00";"RO";364;341;"JI-PARANA";"Ausência de reação do condutor";"Colisão lateral mesmo sentido";"Com Vítimas Feridas";"Pleno dia";"Crescente";"Sol";"Simples";"Curva";"Sim";2;0;1;0;1;0;1;2;-10,886707;-61,933092;"SPRF-RO";"DEL02-RO";"UOP01-DEL02-RO"
750443;2026-01-17;"sábado";"10:50:00";"MG";381;497;"BETIM";"Reação tardia ou ineficiente do condutor";"Tombamento";"Com Vítimas Feridas";"Pleno dia";"Crescente";"Céu Claro";"Múltipla";"Curva";"Sim";1;0;1;0;0;0;1;1;-19,97634;-44,19953;"SPRF-MG";"DEL01-MG";"UOP03-DEL01-MG"
750446;2026-02-06;"sexta-feira";"09:40:00";"RO";174;14;"VILHENA";"Acessar a via sem observar a presença dos outros veículos";"Colisão transversal";"Com Vítimas Feridas";"Pleno dia";"Decrescente";"Céu Claro";"Dupla";"Reta";"Não";2;0;1;0;1;0;1;2;-12,73089937;-60,12954623;"SPRF-RO";"DEL04-RO";"UOP01-DEL04-RO"
750449;2026-02-06;"sexta-feira";"15:00:00";"SP";116;221;"GUARULHOS";"Reação tardia ou ineficiente do condutor";"Colisão traseira";"Com Vítimas Feridas";"Pleno dia";"Decrescente";"Garoa/Chuvisco";"Múltipla";"Reta";"Sim";5;0;1;0;4;0;1;2;-23,468358;-46,508238;"SPRF-SP";"DEL01-SP";"UOP01-DEL01-SP"
750450;2026-02-06;"sexta-feira";"12:45:00";"MG";354;737,8;"POUSO ALTO";"Mal súbito do condutor";"Saída de leito carroçável";"Com Vítimas Feridas";"Pleno dia";"Decrescente";"Nublado";"Simples";"Reta";"Não";1;0;1;0;0;0;1;1;-22,204106;-44,962439;"SPRF-MG";"DEL17-MG";"UOP01-DEL17-MG"
750451;2026-02-06;"sexta-feira";"14:20:00";"PB";101;104;"ALHANDRA";"Chuva";"Tombamento";"Com Vítimas Feridas";"Pleno dia";"Crescente";"Chuva";"Dupla";"Aclive";"Não";1;0;1;0;0;0;1;1;-7,30446664;-34,9413691;"SPRF-PB";"DEL01-PB";"UOP01-DEL01-PB"
750452;2026-02-06;"sexta-feira";"15:30:00";"RJ";116;177;"SAO JOAO DE MERITI";"Ausência de reação do condutor";"Colisão lateral mesmo sentido";"Com Vítimas Feridas";"Pleno dia";"Crescente";"Nublado";"Múltipla";"Reta";"Não";3;0;2;0;1;0;2;2;-22,7835028;-43,380694;"SPRF-RJ";"DEL06-RJ";"UOP01-DEL06-RJ"
750453;2026-02-06;"sexta-feira";"15:10:00";"RS";472;187,4;"SANTO CRISTO";"Acessar a via sem observar a presença dos outros veículos";"Colisão traseira";"Com Vítimas Feridas";"Pleno dia";"Crescente";"Céu Claro";"Simples";"Curva;Interseção de Vias;Declive";"Não";4;0;2;0;2;0;2;2;-27,83793764;-54,63170528;"SPRF-RS";"DEL10-RS";"UOP01-DEL10-RS"
750455;2026-02-06;"sexta-feira";"15:10:00";"SP";101;16;"UBATUBA";"Reação tardia ou ineficiente do condutor";"Saída de leito carroçável";"Sem Vítimas";"Pleno dia";"Decrescente";"Chuva";"Simples";"Reta";"Não";2;0;0;0;2;0;0;1;-23,338032;-44,877918;"SPRF-SP";"DEL06-SP";"UOP01-DEL06-SP"
750458;2026-02-06;"sexta-feira";"15:00:00";"PR";272;380;"ARARUNA";"Ultrapassagem Indevida";"Saída de leito carroçável";"Com Vítimas Feridas";"Pleno dia";"Crescente";"Céu Claro";"Simples";"Reta";"Não";1;0;1;0;0;0;1;1;-24,06119604;-52,52105204;"SPRF-PR";"DEL09-PR";"UOP03-DEL09-PR"
750461;2026-02-06;"sexta-feira";"14:50:00";"PR";116;112;"CURITIBA";"Trafegar com motocicleta (ou similar) entre as faixas";"Colisão traseira";"Com Vítimas Feridas";"Pleno dia";"Crescente";"Céu Claro";"Dupla";"Reta";"Não";2;0;1;0;1;0;1;2;-25,55646453;-49,27104056;"SPRF-PR";"DEL01-PR";"UOP03-DEL01-PR"
750462;2026-02-02;"segunda-feira";"18:40:00";"PE";428;187;"PETROLINA";"Entrada inopinada do pedestre";"Atropelamento de Pedestre";"Com Vítimas Feridas";"Anoitecer";"Decrescente";"Céu Claro";"Dupla";"Curva;Rotatória";"Sim";6;0;2;0;4;0;2;2;-9,37451583;-40,48783779;"SPRF-PE";"DEL06-PE";"UOP01-DEL06-PE"
750463;2026-02-06;"sexta-feira";"15:50:00";"SP";101;46;"UBATUBA";"Acessar a via sem observar a presença dos outros veículos";"Colisão transversal";"Com Vítimas Feridas";"Pleno dia";"Decrescente";"Chuva";"Simples";"Reta";"Sim";2;0;2;0;0;0;2;2;-23,4290292;-45,08138585;"SPRF-SP";"DEL06-SP";"UOP01-DEL06-SP"
750464;2026-02-06;"sexta-feira";"16:15:00";"SC";470;65,7;"INDAIAL";"Condutor deixou de manter distância do veículo da frente";"Colisão lateral mesmo sentido";"Com Vítimas Feridas";"Pleno dia";"Decrescente";"Céu Claro";"Simples";"Reta;Em Obras";"Sim";5;0;1;0;4;0;1;2;-26,87093;-49,21896;"SPRF-SC";"DEL04-SC";"UOP01-DEL04-SC"
750465;2026-02-06;"sexta-feira";"15:20:00";"RO";364;525,2;"ARIQUEMES";"Ultrapassagem Indevida";"Colisão lateral sentido oposto";"Com Vítimas Feridas";"Pleno dia";"Decrescente";"Céu Claro";"Simples";"Reta";"Não";2;0;0;1;1;0;1;2;-9,83413;-63,067293;"SPRF-RO";"DEL03-RO";"UOP01-DEL03-RO"
750466;2026-02-06;"sexta-feira";"16:30:00";"MG";40;528;"CONTAGEM";"Velocidade Incompatível";"Colisão lateral mesmo sentido";"Com Vítimas Feridas";"Pleno dia";"Decrescente";"Nublado";"Dupla";"Reta;Declive";"Não";2;0;1;0;1;0;1;2;-19,913461;-44,040886;"SPRF-MG";"DEL01-MG";"UOP02-DEL01-MG"
750469;2026-02-06;"sexta-feira";"16:45:00";"SC";101;145;"ITAPEMA";"Trafegar com motocicleta (ou similar) entre as faixas";"Colisão traseira";"Com Vítimas Feridas";"Pleno dia";"Decrescente";"Sol";"Dupla";"Reta";"Sim";2;0;0;1;1;0;1;2;-27,08559568;-48,6073966;"SPRF-SC";"DEL04-SC";"UOP03-DEL04-SC"
750470;2026-02-06;"sexta-feira";"17:00:00";"SC";282;18;"PALHOCA";"Acessar a via sem observar a presença dos outros veículos";"Colisão transversal";"Com Vítimas Feridas";"Pleno dia";"Crescente";"Céu Claro";"Simples";"Reta";"Sim";3;0;1;0;2;0;1;2;-27,67274428;-48,69419575;"SPRF-SC";"DEL01-SC";"UOP02-DEL01-SC"
750471;2026-02-06;"sexta-feira";"16:40:00";"SC";280;72;"JARAGUA DO SUL";"Ultrapassagem Indevida";"Colisão frontal";"Com Vítimas Feridas";"Pleno dia";"Crescente";"Céu Claro";"Simples";"Aclive;Reta";"Sim";2;0;2;0;0;0;2;2;-26,45975;-49,14877;"SPRF-SC";"DEL03-SC";"UOP03-DEL03-SC"
750473;2026-02-06;"sexta-feira";"17:20:00";"PE";101;68;"RECIFE";"Ausência de reação do condutor";"Colisão lateral mesmo sentido";"Com Vítimas Feridas";"Pleno dia";"Decrescente";"Céu Claro";"Dupla";"Reta";"Sim";2;0;0;2;0;0;2;2;-8,05395;-34,94609;"SPRF-PE";"DEL01-PE";"UOP01-DEL01-PE"
750475;2026-02-02;"segunda-feira";"20:30:00";"PE";232;506,2;"SALGUEIRO";"Conversão proibida";"Colisão transversal";"Sem Vítimas";"Plena Noite";"Crescente";"Céu Claro";"Simples";"Reta";"Sim";2;0;0;0;2;0;0;2;-8,061033;-39,115089;"SPRF-PE";"DEL05-PE";"UOP01-DEL05-PE"
750476;2026-02-06;"sexta-feira";"17:20:00";"SP";381;58;"MAIRIPORA";"Condutor deixou de manter distância do veículo da frente";"Engavetamento";"Com Vítimas Feridas";"Pleno dia";"Decrescente";"Chuva";"Múltipla";"Curva";"Não";3;0;1;0;2;0;1;3;-23,28936476;-46,58771887;"SPRF-SP";"DEL03-SP";"UOP01-DEL03-SP"
750477;2026-02-06;"sexta-feira";"17:10:00";"RS";116;259,5;"CANOAS";"Reação tardia ou ineficiente do condutor";"Colisão traseira";"Com Vítimas Feridas";"Pleno dia";"Decrescente";"Nublado";"Múltipla";"Desvio Temporário;Curva;Em Obras";"Sim";3;0;1;0;2;0;1;2;-29,87214995;-51,17950375;"SPRF-RS";"DEL01-RS";"UOP01-DEL01-RS"
750478;2026-02-06;"sexta-feira";"16:20:00";"RJ";493;122;"ITAGUAI";"Manobra de mudança de faixa";"Colisão lateral mesmo sentido";"Com Vítimas Feridas";"Pleno dia";"Decrescente";"Nublado";"Dupla";"Reta";"Sim";2;0;1;0;0;1;1;2;-22,88521425;-43,82478325;"SPRF-RJ";"DEL03-RJ";"UOP01-DEL03-RJ"
750480;2026-02-06;"sexta-feira";"17:00:00";"SP";116;204;"ARUJA";"Manobra de mudança de faixa";"Colisão traseira";"Com Vítimas Feridas";"Pleno dia";"Decrescente";"Garoa/Chuvisco";"Múltipla";"Reta";"Sim";4;0;1;0;3;0;1;2;-23,41517504;-46,36748521;"SPRF-SP";"DEL01-SP";"UOP01-DEL01-SP"
750482;2026-02-06;"sexta-feira";"17:00:00";"SP";153;61;"SAO JOSE DO RIO PRETO";"Acessar a via sem observar a presença dos outros veículos";"Colisão lateral mesmo sentido";"Com Vítimas Feridas";"Pleno dia";"Crescente";"Sol";"Dupla";"Reta";"Sim";3;0;1;0;2;0;1;2;-20,804366;-49,355966;"SPRF-SP";"DEL09-SP";"UOP01-DEL09-SP"
750483;2026-02-06;"sexta-feira";"14:30:00";"RS";287;367;"JAGUARI";"Ausência de reação do condutor";"Saída de leito carroçável";"Com Vítimas Feridas";"Pleno dia";"Decrescente";"Céu Claro";"Simples";"Curva";"Não";2;0;2;0;0;0;2;1;-29,409118;-54,732552;"SPRF-RS";"DEL12-RS";"UOP02-DEL12-RS"
750484;2026-02-06;"sexta-feira";"17:35:00";"RS";153;51,6;"ERECHIM";"Condutor deixou de manter distância do veículo da frente";"Colisão traseira";"Com Vítimas Feridas";"Pleno dia";"Decrescente";"Céu Claro";"Simples";"Reta;Declive";"Sim";3;0;1;0;2;0;1;3;-27,65590294;-52,27279609;"SPRF-RS";"DEL08-RS";"UOP04-DEL08-RS"
750485;2026-02-06;"sexta-feira";"16:30:00";"PR";116;112;"CURITIBA";"Acessar a via sem observar a presença dos outros veículos";"Colisão lateral mesmo sentido";"Sem Vítimas";"Pleno dia";"Crescente";"Sol";"Dupla";"Reta";"Sim";3;0;0;0;3;0;0;2;-25,5532763;-49,2765331;"SPRF-PR";"DEL01-PR";"UOP03-DEL01-PR"
750486;2026-02-06;"sexta-feira";"17:30:00";"SC";282;4,8;"SAO JOSE";"Reação tardia ou ineficiente do condutor";"Colisão lateral mesmo sentido";"Com Vítimas Feridas";"Pleno dia";"Crescente";"Céu Claro";"Múltipla";"Reta";"Sim";2;0;1;0;1;0;1;2;-27,58825612;-48,61008016;"SPRF-SC";"DEL01-SC";"UOP01-DEL01-SC"
750487;2026-02-06;"sexta-feira";"17:00:00";"PE";407;126;"PETROLINA";"Ingestão de álcool pelo condutor";"Colisão lateral mesmo sentido";"Sem Vítimas";"Pleno dia";"Decrescente";"Céu Claro";"Dupla";"Reta";"Sim";2;0;0;0;2;0;0;2;-9,38530412;-40,52773582;"SPRF-PE";"DEL06-PE";"UOP01-DEL06-PE"
750488;2026-02-06;"sexta-feira";"17:25:00";"RS";116;530;"CAPAO DO LEAO";"Desrespeitar a preferência no cruzamento";"Colisão transversal";"Sem Vítimas";"Pleno dia";"Crescente";"Céu Claro";"Simples";"Reta;Interseção de Vias";"Não";2;0;0;0;2;0;0;2;-31,760503;-52,438394;"SPRF-RS";"DEL07-RS";"UOP01-DEL07-RS"