"id";"data_inversa";"dia_semana";"horario";"uf";"br";"km";"municipio";"causa_acidente";"tipo_acidente";"classificacao_acidente";"fase_dia";"sentido_via";"condicao_metereologica";"tipo_pista";"tracado_via";"uso_solo";"pessoas";"mortos";"feridos_leves";"feridos_graves";"ilesos";"ignorados";"feridos";"veiculos";"latitude";"longitude";"regional";"delegacia";"uop"
750491;2026-02-06;"sexta-feira";"17:20:00";"RJ";101;326;"NITEROI";"Reação tardia ou ineficiente do condutor";"Colisão traseira";"Com Vítimas Feridas";"Pleno dia";"Crescente";"Nublado";"Dupla";"Reta;Ponte";"Sim";1;0;1;0;0;0;1;1;-22,87109447;-43,15611895;"SPRF-RJ";"DEL02-RJ";"UOP01-DEL02-RJ"
750494;2026-02-06;"sexta-feira";"17:50:00";"SC";470;145,2;"RIO DO SUL";"Acessar a via sem observar a presença dos outros veículos";"Colisão transversal";"Com Vítimas Feridas";"Pleno dia";"Crescente";"Céu Claro";"Simples";"Reta";"Não";2;0;1;0;1;0;1;2;-27,23306217;-49,67280686;"SPRF-SC";"DEL04-SC";"UOP02-DEL04-SC"
750497;2026-02-06;"sexta-feira";"17:50:00";"RJ";101;313;"SAO GONCALO";"Manobra de mudança de faixa";"Colisão traseira";"Com Vítimas Feridas";"Anoitecer";"Decrescente";"Céu Claro";"Dupla";"Reta";"Sim";3;0;1;1;1;0;2;2;-22,81426684;-43,07449433;"SPRF-RJ";"DEL02-RJ";"UOP02-DEL02-RJ"
750498;2026-02-06;"sexta-feira";"13:55:00";"MT";163;694;"SORRISO";"Reação tardia ou ineficiente do condutor";"Saída de leito carroçável";"Com Vítimas Feridas";"Pleno dia";"Decrescente";"Chuva";"Simples";"Rotatória";"Não";1;0;1;0;0;0;1;1;-13,02881015;-55,89793235;"SPRF-MT";"DEL06-MT";"UOP01-DEL06-MT"
750499;2026-02-06;"sexta-feira";"15:50:00";"RS";480;68,6;"ERECHIM";"Retorno proibido";"Colisão lateral sentido oposto";"Sem Vítimas";"Pleno dia";"Decrescente";"Céu Claro";"Simples";"Reta";"Não";2;0;0;0;2;0;0;2;-27,63393711;-52,33900515;"SPRF-RS";"DEL08-RS";"UOP04-DEL08-RS"
750501;2026-02-06;"sexta-feira";"18:30:00";"MG";365;827,8;"SANTA VITORIA";"Velocidade Incompatível";"Colisão frontal";"Com Vítimas Feridas";"Anoitecer";"Crescente";"Céu Claro";"Simples";"Reta";"Não";2;0;1;0;0;1;1;2;-18,891385;-50,165168;"SPRF-MG";"DEL15-MG";"UOP03-DEL15-MG"
750502;2026-02-06;"sexta-feira";"18:00:00";"SC";282;584;"FAXINAL DOS GUEDES";"Acessar a via sem observar a presença dos outros veículos";"Colisão transversal";"Sem Vítimas";"Anoitecer";"Crescente";"Céu Claro";"Simples";"Curva";"Não";2;0;0;0;2;0;0;2;-26,8615842;-52,23722553;"SPRF-SC";"DEL07-SC";"UOP02-DEL07-SC"
750503;2026-02-06;"sexta-feira";"18:30:00";"SP";116;155;"SAO JOSE DOS CAMPOS";"Acumulo de água sobre o pavimento";"Colisão com objeto";"Com Vítimas Feridas";"Plena Noite";"Decrescente";"Chuva";"Múltipla";"Reta;Em Obras";"Sim";2;0;2;0;0;0;2;1;-23,244931;-45,927263;"SPRF-SP";"DEL02-SP";"UOP01-DEL02-SP"
750504;2026-02-06;"sexta-feira";"16:00:00";"RO";364;540;"ALTO PARAISO";"Acessar a via sem observar a presença dos outros veículos";"Capotamento";"Com Vítimas Feridas";"Pleno dia";"Decrescente";"Céu Claro";"Simples";"Reta;Retorno Regulamentado;Rotatória";"Não";4;0;2;0;2;0;2;2;-9,71660765;-63,11815023;"SPRF-RO";"DEL03-RO";"UOP01-DEL03-RO"
750505;2026-02-06;"sexta-feira";"17:50:00";"BA";116;7;"VITORIA DA CONQUISTA";"Reação tardia ou ineficiente do condutor";"Tombamento";"Com Vítimas Feridas";"Pleno dia";"Crescente";"Céu Claro";"Simples";"Reta;Interseção de Vias";"Não";1;0;1;0;0;0;1;1;-14,840454;-40,888175;"SPRF-BA";"DEL08-BA";"UOP01-DEL08-BA"
750506;2026-02-06;"sexta-feira";"18:50:00";"PR";369;152;"LONDRINA";"Reação tardia ou ineficiente do condutor";"Colisão traseira";"Com Vítimas Feridas";"Anoitecer";"Decrescente";"Céu Claro";"Dupla";"Reta";"Sim";3;0;1;1;1;0;2;2;-23,292945;-51,175867;"SPRF-PR";"DEL07-PR";"UOP01-DEL07-PR"
750508;2026-02-06;"sexta-feira";"17:00:00";"SE";101;120;"ITAPORANGA DAJUDA";"Acessar a via sem observar a presença dos outros veículos";"Colisão traseira";"Com Vítimas Feridas";"Plena Noite";"Decrescente";"Céu Claro";"Dupla";"Curva;Aclive;Retorno Regulamentado";"Não";2;0;0;1;1;0;1;2;-11,028578;-37,330314;"SPRF-SE";"DEL02-SE";"UOP01-DEL02-SE"
750510;2026-02-06;"sexta-feira";"18:15:00";"RJ";393;258;"BARRA DO PIRAI";"Condutor deixou de manter distância do veículo da frente";"Colisão traseira";"Com Vítimas Feridas";"Plena Noite";"Crescente";"Chuva";"Simples";"Reta";"Não";2;0;0;1;1;0;1;2;-22,46876975;-43,86452347;"SPRF-RJ";"DEL05-RJ";"UOP04-DEL05-RJ"
750511;2026-02-06;"sexta-feira";"19:57:00";"PB";230;9;"CABEDELO";"Acostamento em desnível";"Tombamento";"Com Vítimas Feridas";"Plena Noite";"Decrescente";"Nublado";"Dupla";"Reta;Interseção de Vias";"Sim";1;0;1;0;0;0;1;1;-7,0583279;-34,8506059;"SPRF-PB";"DEL01-PB";"UOP01-DEL01-PB"
750512;2026-02-06;"sexta-feira";"16:10:00";"MG";116;636,5;"DIVINO";"Condutor Dormindo";"Saída de leito carroçável";"Com Vítimas Feridas";"Pleno dia";"Crescente";"Chuva";"Simples";"Reta";"Não";2;0;2;0;0;0;2;1;-20,635;-42,235;"SPRF-MG";"DEL07-MG";"UOP02-DEL07-MG"
750513;2026-02-06;"sexta-feira";"18:35:00";"RS";116;393;"CAMAQUA";"Ausência de reação do condutor";"Colisão traseira";"Com Vítimas Feridas";"Pleno dia";"Decrescente";"Céu Claro";"Dupla";"Reta;Retorno Regulamentado";"Sim";2;0;1;0;1;0;1;2;-30,844095;-51,754367;"SPRF-RS";"DEL02-RS";"UOP02-DEL02-RS"
750515;2026-02-06;"sexta-feira";"19:30:00";"SC";282;538,3;"CHAPECO";"Reação tardia ou ineficiente do condutor";"Tombamento";"Com Vítimas Feridas";"Plena Noite";"Decrescente";"Céu Claro";"Simples";"Reta";"Não";1;0;1;0;0;0;1;1;-26,99751237;-52,67446482;"SPRF-SC";"DEL07-SC";"UOP01-DEL07-SC"
750517;2026-02-06;"sexta-feira";"20:00:00";"PR";277;1,5;"PARANAGUA";"Animais na Pista";"Atropelamento de Animal";"Com Vítimas Feridas";"Plena Noite";"Crescente";"Céu Claro";"Dupla";"Reta";"Sim";1;0;0;1;0;0;1;1;-25,550165;-48,550256;"SPRF-PR";"DEL01-PR";"UOP05-DEL01-PR"
750519;2026-02-06;"sexta-feira";"19:20:00";"PI";316;3;"TERESINA";"Condutor deixou de manter distância do veículo da frente";"Colisão traseira";"Com Vítimas Feridas";"Plena Noite";"Decrescente";"Céu Claro";"Múltipla";"Reta";"Sim";3;0;0;1;2;0;1;2;-5,13280299;-42,79063851;"SPRF-PI";"DEL01-PI";"UOP02-DEL01-PI"
750522;2026-02-03;"terça-feira";"13:00:00";"GO";60;163;"GOIANIA";"Pista esburacada";"Colisão lateral mesmo sentido";"Sem Vítimas";"Pleno dia";"Decrescente";"Nublado";"Múltipla";"Viaduto;Curva";"Sim";4;0;0;0;4;0;0;2;-16,70168789;-49,33583228;"SPRF-GO";"DEL01-GO";"UOP02-DEL01-GO"
750524;2026-02-06;"sexta-feira";"20:30:00";"GO";153;438,5;"ANAPOLIS";"Velocidade Incompatível";"Colisão traseira";"Com Vítimas Feridas";"Plena Noite";"Crescente";"Nublado";"Dupla";"Reta;Interseção de Vias";"Sim";2;0;1;1;0;0;2;2;-16,315361;-48,92164;"SPRF-GO";"DEL02-GO";"UOP01-DEL02-GO"
750529;2026-02-06;"sexta-feira";"18:40:00";"AC";0;0;"MANCIO LIMA";"Ultrapassagem Indevida";"Colisão lateral sentido oposto";"Com Vítimas Feridas";"Plena Noite";"Não Informado";"Nublado";"Simples";"Reta";"Sim";2;0;1;0;1;0;1;2;-7,64938642;-72,83575058;"SPRF-AC";"DEL01-AC";"UOP03-DEL01-AC"
750530;2026-02-06;"sexta-feira";"20:40:00";"SC";101;216,5;"PALHOCA";"Reação tardia ou ineficiente do condutor";"Colisão lateral mesmo sentido";"Com Vítimas Feridas";"Plena Noite";"Decrescente";"Nublado";"Múltipla";"Curva;Viaduto";"Sim";2;0;1;0;1;0;1;2;-27,66414498;-48,67524862;"SPRF-SC";"DEL01-SC";"UOP02-DEL01-SC"
750531;2026-02-06;"sexta-feira";"20:30:00";"SP";116;94,5;"PINDAMONHANGABA";"Frear bruscamente";"Tombamento";"Com Vítimas Feridas";"Plena Noite";"Decrescente";"Garoa/Chuvisco";"Dupla";"Reta";"Não";2;0;0;2;0;0;2;1;-22,96263;-45,42478;"SPRF-SP";"DEL08-SP";"UOP01-DEL08-SP"
750532;2026-02-06;"sexta-feira";"20:30:00";"RS";290;43,5;"GLORINHA";"Demais falhas mecânicas ou elétricas";"Incêndio";"Sem Vítimas";"Plena Noite";"Decrescente";"Nublado";"Dupla";"Reta";"Não";1;0;0;0;1;0;0;1;-29,890111;-50,694929;"SPRF-RS";"DEL03-RS";"UOP01-DEL03-RS"
750533;2026-02-06;"sexta-feira";"21:00:00";"PE";101;76,1;"RECIFE";"Ausência de reação do condutor";"Queda de ocupante de veículo";"Com Vítimas Feridas";"Plena Noite";"Crescente";"Céu Claro";"Dupla";"Curva";"Sim";2;0;2;0;0;0;2;1;-8,11959;-34,94286;"SPRF-PE";"DEL01-PE";"UOP01-DEL01-PE"
750535;2026-02-06;"sexta-feira";"20:40:00";"GO";153;490,8;"GOIANIA";"Entrada inopinada do pedestre";"Atropelamento de Pedestre";"Com Vítimas Fatais";"Plena Noite";"Crescente";"Nublado";"Dupla";"Declive;Reta";"Sim";2;1;0;0;1;0;0;2;-16,62849981;-49,20562231;"SPRF-GO";"DEL01-GO";"UOP01-DEL01-GO"
750537;2026-02-06;"sexta-feira";"20:30:00";"BA";324;355;"CAPIM GROSSO";"Acessar a via sem observar a presença dos outros veículos";"Colisão transversal";"Com Vítimas Feridas";"Plena Noite";"Crescente";"Céu Claro";"Simples";"Reta";"Não";2;0;1;0;1;0;1;2;-11,3830392;-40,0023627;"SPRF-BA";"DEL04-BA";"UOP02-DEL04-BA"
750539;2026-02-06;"sexta-feira";"21:20:00";"MG";459;26,5;"CALDAS";"Transitar na contramão";"Colisão frontal";"Com Vítimas Feridas";"Plena Noite";"Crescente";"Chuva";"Simples";"Reta";"Não";5;0;0;5;0;0;5;2;-21,878556;-46,3852188;"SPRF-MG";"DEL09-MG";"UOP01-DEL09-MG"
750540;2026-02-06;"sexta-feira";"21:10:00";"RS";153;49;"ERECHIM";"Transitar na contramão";"Colisão transversal";"Com Vítimas Feridas";"Plena Noite";"Decrescente";"Céu Claro";"Simples";"Reta;Declive";"Sim";3;0;1;0;1;1;1;3;-27,6550036;-52,26486748;"SPRF-RS";"DEL08-RS";"UOP04-DEL08-RS"
750541;2026-02-06;"sexta-feira";"20:05:00";"MT";174;1;"PONTES E LACERDA";"Ingestão de álcool pelo condutor";"Colisão traseira";"Com Vítimas Feridas";"Plena Noite";"Crescente";"Céu Claro";"Simples";"Reta";"Sim";2;0;0;1;1;0;1;2;-15,246286;-59,319057;"SPRF-MT";"DEL03-MT";"UOP01-DEL03-MT"
750542;2026-02-06;"sexta-feira";"19:45:00";"PA";316;112;"SANTA MARIA DO PARA";"Acessar a via sem observar a presença dos outros veículos";"Colisão transversal";"Com Vítimas Feridas";"Plena Noite";"Crescente";"Céu Claro";"Simples";"Curva";"Não";2;0;0;1;1;0;1;2;-1,31652318;-47,51098447;"SPRF-PA";"DEL01-PA";"UOP02-DEL01-PA"
750543;2026-02-06;"sexta-feira";"17:47:00";"ES";101;143;"LINHARES";"Condutor deixou de manter distância do veículo da frente";"Colisão traseira";"Com Vítimas Feridas";"Anoitecer";"Crescente";"Céu Claro";"Dupla";"Reta";"Sim";3;0;1;0;1;1;1;2;-19,33600135;-40,06677121;"SPRF-ES";"DEL04-ES";"UOP01-DEL04-ES"
750546;2026-02-06;"sexta-feira";"21:06:00";"MS";163;462,2;"CAMPO GRANDE";"Acessar a via sem observar a presença dos outros veículos";"Atropelamento de Pedestre";"Com Vítimas Fatais";"Plena Noite";"Crescente";"Céu Claro";"Simples";"Reta";"Não";3;1;0;0;2;0;0;2;-20,617879;-54,574879;"SPRF-MS";"DEL01-MS";"UOP01-DEL01-MS"
750548;2026-02-06;"sexta-feira";"21:20:00";"PR";376;218,8;"CAMBIRA";"Reação tardia ou ineficiente do condutor";"Saída de leito carroçável";"Sem Vítimas";"Plena Noite";"Crescente";"Céu Claro";"Simples";"Declive;Curva";"Sim";1;0;0;0;0;1;0;1;-23,60246273;-51,60049796;"SPRF-PR";"DEL09-PR";"UOP01-DEL09-PR"
750549;2026-02-06;"sexta-feira";"20:30:00";"SC";101;126;"ITAJAI";"Acessar a via sem observar a presença dos outros veículos";"Colisão transversal";"Com Vítimas Feridas";"Plena Noite";"Crescente";"Céu Claro";"Dupla";"Reta";"Não";3;0;2;0;1;0;2;2;-26,97191371;-48,68304044;"SPRF-SC";"DEL04-SC";"UOP04-DEL04-SC"
750551;2026-02-06;"sexta-feira";"21:15:00";"RO";364;10;"VILHENA";"Ingestão de álcool pelo condutor";"Saída de leito carroçável";"Com Vítimas Feridas";"Plena Noite";"Crescente";"Céu Claro";"Simples";"Interseção de Vias";"Sim";1;0;1;0;0;0;1;1;-12,74597492;-60,11491729;"SPRF-RO";"DEL04-RO";"UOP01-DEL04-RO"
750552;2026-02-06;"sexta-feira";"20:45:00";"MG";262;752,5;"UBERABA";"Ingestão de álcool pelo condutor";"Capotamento";"Com Vítimas Feridas";"Plena Noite";"Decrescente";"Céu Claro";"Simples";"Reta";"Não";2;0;1;0;1;0;1;1;-19,61765779;-48,00329089;"SPRF-MG";"DEL13-MG";"UOP01-DEL13-MG"
750554;2026-02-06;"sexta-feira";"21:40:00";"PR";153;352,5;"REBOUCAS";"Transitar na contramão";"Colisão transversal";"Com Vítimas Feridas";"Plena Noite";"Crescente";"Céu Claro";"Simples";"Curva";"Não";2;0;1;0;0;1;1;2;-25,625975;-50,720721;"SPRF-PR";"DEL08-PR";"UOP02-DEL08-PR"
750557;2026-02-06;"sexta-feira";"22:30:00";"BA";116;584;"NOVA ITARANA";"Condutor deixou de manter distância do veículo da frente";"Colisão traseira";"Com Vítimas Feridas";"Plena Noite";"Crescente";"Céu Claro";"Simples";"Curva;Aclive";"Não";6;0;3;0;3;0;3;2;-13,1299967;-39,99275;"SPRF-BA";"DEL03-BA";"UOP02-DEL03-BA"
750558;2026-02-06;"sexta-feira";"22:30:00";"MG";262;438,9;"NOVA SERRANA";"Conversão proibida";"Colisão lateral mesmo sentido";"Com Vítimas Feridas";"Plena Noite";"Decrescente";"Vento";"Dupla";"Reta";"Sim";3;0;1;0;1;1;1;3;-19,87082926;-44,98398099;"SPRF-MG";"DEL08-MG";"UOP03-DEL08-MG"
750559;2026-02-06;"sexta-feira";"21:40:00";"MS";163;489,7;"CAMPO GRANDE";"Ingestão de álcool pelo condutor";"Colisão traseira";"Com Vítimas Feridas";"Plena Noite";"Crescente";"Céu Claro";"Simples";"Reta;Declive";"Não";3;0;2;0;0;1;2;2;-20,403261;-54,553921;"SPRF-MS";"DEL01-MS";"UOP02-DEL01-MS"
750562;2026-02-06;"sexta-feira";"22:00:00";"PI";316;47;"LAGOA DO PIAUI";"Demais Fenômenos da natureza";"Colisão com objeto";"Com Vítimas Feridas";"Plena Noite";"Crescente";"Vento";"Simples";"Reta";"Não";3;0;3;0;0;0;3;1;-5,47933557;-42,63825417;"SPRF-PI";"DEL01-PI";"UOP02-DEL01-PI"
750564;2026-02-06;"sexta-feira";"21:45:00";"MT";364;248;"JUSCIMEIRA";"Manobra de mudança de faixa";"Tombamento";"Com Vítimas Feridas";"Plena Noite";"Decrescente";"Nublado";"Dupla";"Reta;Em Obras";"Não";1;0;1;0;0;0;1;1;-16,126733;-54,843551;"SPRF-MT";"DEL02-MT";"UOP01-DEL02-MT"
750566;2026-02-06;"sexta-feira";"23:45:00";"PR";369;143;"LONDRINA";"Conversão proibida";"Colisão traseira";"Com Vítimas Feridas";"Plena Noite";"Decrescente";"Céu Claro";"Simples";"Reta";"Sim";2;0;1;0;0;1;1;2;-23,29291519;-51,09679498;"SPRF-PR";"DEL07-PR";"UOP01-DEL07-PR"
750569;2026-02-07;"sábado";"01:30:00";"GO";40;93,1;"CRISTALINA";"Ausência de reação do condutor";"Colisão com objeto";"Com Vítimas Feridas";"Plena Noite";"Crescente";"Nublado";"Dupla";"Curva";"Não";1;0;0;1;0;0;1;1;-16,73652;-47,619505;"SPRF-DF";"DEL01-DF";"UOP02-DEL01-DF"
750570;2026-02-07;"sábado";"00:30:00";"PR";277;662,9;"MATELANDIA";"Demais falhas mecânicas ou elétricas";"Incêndio";"Sem Vítimas";"Plena Noite";"Decrescente";"Céu Claro";"Dupla";"Reta";"Não";1;0;0;0;0;1;0;1;-25,25361816;-53,99566619;"SPRF-PR";"DEL05-PR";"UOP02-DEL05-PR"
750571;2026-02-07;"sábado";"01:28:00";"SC";101;214,8;"PALHOCA";"Velocidade Incompatível";"Colisão com objeto";"Sem Vítimas";"Plena Noite";"Decrescente";"Céu Claro";"Múltipla";"Reta";"Sim";1;0;0;0;0;1;0;1;-27,65195708;-48,6759123;"SPRF-SC";"DEL01-SC";"UOP02-DEL01-SC"
750573;2026-02-07;"sábado";"02:00:00";"MG";262;458,9;"BOM DESPACHO";"Condutor Dormindo";"Colisão com objeto";"Com Vítimas Fatais";"Plena Noite";"Decrescente";"Chuva";"Simples";"Reta;Ponte";"Não";2;1;0;0;1;0;0;2;-19,79223;-45,1553;"SPRF-MG";"DEL08-MG";"UOP03-DEL08-MG"
750574;2026-02-07;"sábado";"01:10:00";"RS";470;153,8;"NOVA PRATA";"Velocidade Incompatível";"Tombamento";"Com Vítimas Fatais";"Plena Noite";"Decrescente";"Céu Claro";"Simples";"Rotatória";"Sim";2;1;0;1;0;0;1;1;-28,76762362;-51,62228328;"SPRF-RS";"DEL06-RS";"UOP02-DEL06-RS"
750575;2026-02-07;"sábado";"02:03:00";"PI";343;307,2;"ALTOS";"Ausência de reação do condutor";"Colisão com objeto";"Sem Vítimas";"Plena Noite";"Decrescente";"Chuva";"Simples";"Reta";"Sim";1;0;0;0;0;1;0;1;-5,039537;-42,460808;"SPRF-PI";"DEL01-PI";"UOP01-DEL01-PI"
750577;2026-02-07;"sábado";"02:30:00";"PR";376;227;"APUCARANA";"Ingestão de álcool pelo condutor";"Capotamento";"Com Vítimas Feridas";"Plena Noite";"Decrescente";"Céu Claro";"Dupla";"Reta";"Não";1;0;1;0;0;0;1;1;-23,581066;-51,555868;"SPRF-PR";"DEL07-PR";"UOP03-DEL07-PR"
750578;2026-02-07;"sábado";"02:40:00";"BA";242;825;"BARREIRAS";"Velocidade Incompatível";"Saída de leito carroçável";"Com Vítimas Feridas";"Plena Noite";"Decrescente";"Céu Claro";"Dupla";"Curva";"Não";2;0;2;0;0;0;2;1;-12,11857294;-45,04485637;"SPRF-BA";"DEL10-BA";"UOP01-DEL10-BA"
750579;2026-02-07;"sábado";"04:00:00";"ES";101;296,9;"CARIACICA";"Velocidade Incompatível";"Colisão traseira";"Sem Vítimas";"Plena Noite";"Crescente";"Céu Claro";"Dupla";"Curva";"Sim";2;0;0;0;0;2;0;2;-20,34546188;-40,41050434;"SPRF-ES";"DEL01-ES";"UOP01-DEL01-ES"
750580;2026-02-07;"sábado";"03:50:00";"SC";158;104,6;"CUNHA PORA";"Reação tardia ou ineficiente do condutor";"Saída de leito carroçável";"Com Vítimas Feridas";"Plena Noite";"Decrescente";"Céu Claro";"Simples";"Reta";"Não";2;0;1;0;1;0;1;1;-26,8784834;-53,14926599;"SPRF-SC";"DEL07-SC";"UOP02-DEL07-SC"
750581;2026-02-07;"sábado";"02:40:00";"RS";116;644,5;"JAGUARAO";"Ausência de reação do condutor";"Saída de leito carroçável";"Sem Vítimas";"Plena Noite";"Crescente";"Céu Claro";"Simples";"Reta";"Não";1;0;0;0;1;0;0;1;-32,44576704;-53,2653122;"SPRF-RS";"DEL07-RS";"UOP03-DEL07-RS"
750582;2026-02-07;"sábado";"04:11:00";"SC";280;25,6;"ARAQUARI";"Área urbana sem a presença de local apropriado para a travessia de pedestres";"Atropelamento de Pedestre";"Com Vítimas Fatais";"Amanhecer";"Decrescente";"Céu Claro";"Simples";"Reta";"Sim";3;1;0;0;0;2;0;2;-26,38732;-48,73116;"SPRF-SC";"DEL03-SC";"UOP03-DEL03-SC"
750583;2026-02-07;"sábado";"03:30:00";"GO";60;64;"ABADIANIA";"Ingestão de álcool pelo condutor";"Saída de leito carroçável";"Com Vítimas Feridas";"Plena Noite";"Decrescente";"Nevoeiro/Neblina";"Dupla";"Reta";"Não";1;0;1;0;0;0;1;1;-16,201337;-48,737512;"SPRF-GO";"DEL02-GO";"UOP01-DEL02-GO"
750584;2026-02-07;"sábado";"03:30:00";"PR";376;161,4;"MARINGA";"Velocidade Incompatível";"Colisão traseira";"Com Vítimas Feridas";"Plena Noite";"Decrescente";"Céu Claro";"Dupla";"Reta";"Sim";1;0;1;0;0;0;1;1;-23,3685;-52,065542;"SPRF-PR";"DEL09-PR";"UOP02-DEL09-PR"
750585;2026-02-07;"sábado";"03:00:00";"MG";381;847;"POUSO ALEGRE";"Demais falhas mecânicas ou elétricas";"Incêndio";"Sem Vítimas";"Plena Noite";"Crescente";"Nublado";"Dupla";"Reta";"Não";1;0;0;0;1;0;0;1;-22,21549;-45,86957;"SPRF-MG";"DEL16-MG";"UOP01-DEL16-MG"
750587;2026-02-07;"sábado";"02:50:00";"PR";277;679;"MEDIANEIRA";"Animais na Pista";"Atropelamento de Animal";"Com Vítimas Feridas";"Plena Noite";"Crescente";"Céu Claro";"Dupla";"Reta";"Não";2;0;2;0;0;0;2;1;-25,30897349;-54,14273707;"SPRF-PR";"DEL05-PR";"UOP01-DEL05-PR"
750588;2026-02-07;"sábado";"05:19:00";"ES";101;149,9;"LINHARES";"Velocidade Incompatível";"Atropelamento de Pedestre";"Com Vítimas Feridas";"Amanhecer";"Crescente";"Céu Claro";"Dupla";"Curva";"Sim";2;0;1;1;0;0;2;2;-19,40423873;-40,06055371;"SPRF-ES";"DEL04-ES";"UOP01-DEL04-ES"
750589;2026-02-07;"sábado";"06:00:00";"RS";392;1;"CAPAO DO LEAO";"Reação tardia ou ineficiente do condutor";"Saída de leito carroçável";"Sem Vítimas";"Amanhecer";"Crescente";"Nublado";"Simples";"Curva;Aclive";"Não";1;0;0;0;1;0;0;1;-31,76146902;-52,40300417;"SPRF-RS";"DEL07-RS";"UOP01-DEL07-RS"
750590;2026-02-07;"sábado";"04:45:00";"MG";116;747,5;"LEOPOLDINA";"Condutor Dormindo";"Saída de leito carroçável";"Com Vítimas Feridas";"Amanhecer";"Decrescente";"Nublado";"Simples";"Reta";"Não";2;0;1;0;1;0;1;1;-21,44252355;-42,53700256;"SPRF-MG";"DEL07-MG";"UOP01-DEL07-MG"
750591;2026-02-07;"sábado";"05:50:00";"AL";423;37;"INHAPI";"Ausência de reação do condutor";"Colisão com objeto";"Com Vítimas Feridas";"Pleno dia";"Decrescente";"Céu Claro";"Simples";"Ponte;Reta";"Não";5;0;5;0;0;0;5;1;-9,225067;-37,611469;"SPRF-AL";"DEL03-AL";"UOP02-DEL03-AL"
750592;2026-02-07;"sábado";"03:50:00";"SC";101;133;"CAMBORIU";"Ausência de reação do condutor";"Colisão com objeto";"Sem Vítimas";"Plena Noite";"Decrescente";"Céu Claro";"Simples";"Reta";"Sim";1;0;0;0;0;1;0;1;-26,99961696;-48,64633307;"SPRF-SC";"DEL04-SC";"UOP03-DEL04-SC"
750593;2026-02-07;"sábado";"05:30:00";"SP";116;51;"LORENA";"Velocidade Incompatível";"Saída de leito carroçável";"Com Vítimas Feridas";"Amanhecer";"Decrescente";"Nublado";"Dupla";"Curva";"Não";5;0;5;0;0;0;5;1;-22,74137615;-45,09153843;"SPRF-SP";"DEL08-SP";"UOP02-DEL08-SP"
750595;2026-02-07;"sábado";"06:30:00";"PB";101;90,5;"JOAO PESSOA";"Demais falhas mecânicas ou elétricas";"Tombamento";"Com Vítimas Feridas";"Pleno dia";"Crescente";"Nublado";"Dupla";"Declive;Reta";"Sim";1;0;0;1;0;0;1;1;-7,18649187;-34,90251184;"SPRF-PB";"DEL01-PB";"UOP01-DEL01-PB"
750597;2026-02-07;"sábado";"02:30:00";"MA";316;401;"ALTO ALEGRE DO MARANHAO";"Acesso irregular";"Colisão lateral sentido oposto";"Com Vítimas Feridas";"Plena Noite";"Crescente";"Céu Claro";"Simples";"Reta";"Sim";2;0;0;1;1;0;1;2;-4,20934087;-44,45195317;"SPRF-MA";"DEL03-MA";"UOP01-DEL03-MA"
750598;2026-02-06;"sexta-feira";"23:40:00";"RJ";485;1;"ITATIAIA";"Acessar a via sem observar a presença dos outros veículos";"Colisão transversal";"Com Vítimas Feridas";"Plena Noite";"Crescente";"Nublado";"Simples";"Interseção de Vias";"Sim";3;0;2;1;0;0;3;2;-22,48773153;-44,56724016;"SPRF-RJ";"DEL07-RJ";"UOP02-DEL07-RJ"
750599;2026-02-07;"sábado";"05:30:00";"RJ";116;195;"QUEIMADOS";"Pedestre cruzava a pista fora da faixa";"Atropelamento de Pedestre";"Com Vítimas Feridas";"Amanhecer";"Crescente";"Chuva";"Dupla";"Reta;Em Obras";"Sim";2;0;0;1;0;1;1;2;-22,73581966;-43,54469625;"SPRF-RJ";"DEL06-RJ";"UOP01-DEL06-RJ"
750600;2026-02-07;"sábado";"05:30:00";"PR";476;198;"LAPA";"Reação tardia ou ineficiente do condutor";"Saída de leito carroçável";"Com Vítimas Feridas";"Amanhecer";"Decrescente";"Céu Claro";"Simples";"Reta";"Sim";1;0;1;0;0;0;1;1;-25,759968;-49,732863;"SPRF-PR";"DEL01-PR";"UOP06-DEL01-PR"
750601;2026-02-07;"sábado";"06:05:00";"PR";376;182;"MARINGA";"Ingestão de álcool pelo condutor";"Colisão traseira";"Com Vítimas Feridas";"Amanhecer";"Crescente";"Céu Claro";"Dupla";"Rotatória";"Sim";2;0;1;0;1;0;1;2;-23,432282;-51,887247;"SPRF-PR";"DEL09-PR";"UOP01-DEL09-PR"
750602;2026-02-07;"sábado";"02:00:00";"MS";262;326,6;"CAMPO GRANDE";"Ausência de reação do condutor";"Colisão com objeto";"Com Vítimas Feridas";"Plena Noite";"Crescente";"Céu Claro";"Dupla";"Reta";"Sim";1;0;1;0;0;0;1;1;-20,4682595;-54,5363107;"SPRF-MS";"DEL01-MS";"UOP01-DEL01-MS"
750603;2026-02-07;"sábado";"07:15:00";"BA";242;407;"SEABRA";"Acessar a via sem observar a presença dos outros veículos";"Colisão transversal";"Com Vítimas Feridas";"Pleno dia";"Crescente";"Céu Claro";"Simples";"Reta";"Não";2;0;1;1;0;0;2;2;-12,47410274;-41,74126625;"SPRF-BA";"DEL06-BA";"UOP01-DEL06-BA"
750605;2026-02-07;"sábado";"07:10:00";"PB";230;501;"CAJAZEIRAS";"Animais na Pista";"Atropelamento de Animal";"Com Vítimas Feridas";"Pleno dia";"Crescente";"Nublado";"Simples";"Reta;Aclive";"Sim";1;0;0;1;0;0;1;1;-6,89611;-38,534338;"SPRF-PB";"DEL03-PB";"UOP03-DEL03-PB"