"id";"data_inversa";"dia_semana";"horario";"uf";"br";"km";"municipio";"causa_acidente";"tipo_acidente";"classificacao_acidente";"fase_dia";"sentido_via";"condicao_metereologica";"tipo_pista";"tracado_via";"uso_solo";"pessoas";"mortos";"feridos_leves";"feridos_graves";"ilesos";"ignorados";"feridos";"veiculos";"latitude";"longitude";"regional";"delegacia";"uop"
750606;2026-02-07;"sábado";"06:50:00";"TO";10;458;"PALMAS";"Reação tardia ou ineficiente do condutor";"Colisão traseira";"Sem Vítimas";"Pleno dia";"Decrescente";"Céu Claro";"Dupla";"Curva";"Não";2;0;0;0;1;1;0;2;-10,27357;-48,30493;"SPRF-TO";"DEL01-TO";"UOP03-DEL01-TO"
750608;2026-02-07;"sábado";"07:00:00";"PE";101;125,9;"ESCADA";"Reação tardia ou ineficiente do condutor";"Colisão traseira";"Com Vítimas Feridas";"Pleno dia";"Decrescente";"Nublado";"Dupla";"Reta";"Sim";2;0;1;0;1;0;1;2;-8,36782;-35,22675;"SPRF-PE";"DEL01-PE";"UOP03-DEL01-PE"
750609;2026-02-07;"sábado";"05:00:00";"SC";282;587;"PINHALZINHO";"Ingestão de álcool pelo condutor";"Colisão com objeto";"Sem Vítimas";"Plena Noite";"Decrescente";"Céu Claro";"Simples";"Reta;Ponte";"Não";1;0;0;0;1;0;0;1;-26,82984992;-53,04576873;"SPRF-SC";"DEL07-SC";"UOP02-DEL07-SC"
750610;2026-02-07;"sábado";"07:20:00";"SP";116;1,5;"QUELUZ";"Manobra de mudança de faixa";"Colisão traseira";"Com Vítimas Feridas";"Pleno dia";"Crescente";"Céu Claro";"Dupla";"Reta";"Não";2;0;1;0;1;0;1;2;-22,51769931;-44,70657384;"SPRF-SP";"DEL08-SP";"UOP02-DEL08-SP"
750612;2026-02-07;"sábado";"07:20:00";"PR";373;174;"PONTA GROSSA";"Acessar a via sem observar a presença dos outros veículos";"Colisão transversal";"Com Vítimas Feridas";"Pleno dia";"Crescente";"Céu Claro";"Dupla";"Reta";"Sim";2;0;1;0;1;0;1;2;-25,07401237;-50,21089338;"SPRF-PR";"DEL03-PR";"UOP01-DEL03-PR"
750613;2026-02-07;"sábado";"07:30:00";"RN";304;24;"MOSSORO";"Acumulo de água sobre o pavimento";"Saída de leito carroçável";"Sem Vítimas";"Pleno dia";"Crescente";"Chuva";"Simples";"Reta";"Não";2;0;0;0;2;0;0;1;-5,078659;-37,332901;"SPRF-RN";"DEL04-RN";"UOP02-DEL04-RN"
750614;2026-02-06;"sexta-feira";"20:00:00";"BA";101;467;"URUCUCA";"Reação tardia ou ineficiente do condutor";"Colisão com objeto";"Com Vítimas Feridas";"Plena Noite";"Crescente";"Céu Claro";"Simples";"Curva";"Não";2;0;2;0;0;0;2;1;-14,507957;-39,332298;"SPRF-BA";"DEL05-BA";"UOP01-DEL05-BA"
750616;2026-02-07;"sábado";"08:15:00";"PB";230;432,9;"POMBAL";"Velocidade Incompatível";"Saída de leito carroçável";"Com Vítimas Fatais";"Pleno dia";"Crescente";"Nublado";"Simples";"Declive";"Não";7;1;0;6;0;0;6;1;-6,747653;-37,977348;"SPRF-PB";"DEL03-PB";"UOP02-DEL03-PB"
750617;2026-02-07;"sábado";"08:30:00";"PR";376;2;"APUCARANA";"Avarias e/ou desgaste excessivo no pneu";"Queda de ocupante de veículo";"Com Vítimas Feridas";"Pleno dia";"Crescente";"Céu Claro";"Simples";"Curva;Aclive";"Não";1;0;1;0;0;0;1;1;-23,565717;-51,433691;"SPRF-PR";"DEL07-PR";"UOP03-DEL07-PR"
750619;2026-02-07;"sábado";"06:04:00";"AC";364;137;"RIO BRANCO";"Frear bruscamente";"Tombamento";"Com Vítimas Feridas";"Pleno dia";"Decrescente";"Céu Claro";"Dupla";"Rotatória";"Sim";1;0;1;0;0;0;1;1;-9,96933985;-67,85285747;"SPRF-AC";"DEL01-AC";"UOP01-DEL01-AC"
750621;2026-02-02;"segunda-feira";"07:00:00";"GO";70;294;"ITAPIRAPUA";"Animais na Pista";"Atropelamento de Animal";"Sem Vítimas";"Pleno dia";"Decrescente";"Nublado";"Simples";"Reta";"Não";2;0;0;0;2;0;0;1;-15,84943287;-50,73346139;"SPRF-GO";"DEL04-GO";"UOP02-DEL04-GO"
750622;2026-02-07;"sábado";"00:01:00";"PR";476;349;"PAULA FREITAS";"Estacionar ou parar em local proibido";"Colisão traseira";"Com Vítimas Feridas";"Plena Noite";"Decrescente";"Nublado";"Simples";"Curva;Aclive";"Não";4;0;1;1;0;2;2;2;-26,18481125;-50,97079039;"SPRF-PR";"DEL02-PR";"UOP03-DEL02-PR"
750623;2026-02-07;"sábado";"06:25:00";"RJ";101;385;"ITAGUAI";"Transitar na contramão";"Colisão frontal";"Com Vítimas Feridas";"Pleno dia";"Crescente";"Céu Claro";"Múltipla";"Reta";"Sim";2;0;1;0;0;1;1;2;-22,85893243;-43,75936568;"SPRF-RJ";"DEL03-RJ";"UOP01-DEL03-RJ"
750624;2026-02-07;"sábado";"08:55:00";"DF";20;1,2;"BRASILIA";"Manobra de mudança de faixa";"Colisão traseira";"Com Vítimas Feridas";"Pleno dia";"Decrescente";"Céu Claro";"Dupla";"Reta";"Não";6;0;2;0;4;0;2;2;-15,684507;-47,847732;"SPRF-DF";"DEL02-DF";"UOP01-DEL02-DF"
750625;2026-02-07;"sábado";"07:15:00";"PR";373;463,5;"CHOPINZINHO";"Demais falhas mecânicas ou elétricas";"Incêndio";"Sem Vítimas";"Pleno dia";"Crescente";"Céu Claro";"Simples";"Reta";"Não";1;0;0;0;0;1;0;1;-25,82430758;-52,29938507;"SPRF-PR";"DEL02-PR";"UOP01-DEL02-PR"
750626;2026-02-07;"sábado";"08:30:00";"SP";116;195,5;"SANTA ISABEL";"Ausência de reação do condutor";"Atropelamento de Pedestre";"Com Vítimas Feridas";"Pleno dia";"Decrescente";"Nublado";"Dupla";"Reta";"Não";3;0;0;1;0;2;1;2;-23,38749698;-46,27255647;"SPRF-SP";"DEL01-SP";"UOP01-DEL01-SP"
750627;2026-01-22;"quinta-feira";"09:45:00";"RJ";101;473,6;"ANGRA DOS REIS";"Acessar a via sem observar a presença dos outros veículos";"Colisão transversal";"Com Vítimas Feridas";"Pleno dia";"Decrescente";"Céu Claro";"Simples";"Declive;Retorno Regulamentado";"Sim";3;0;0;1;2;0;1;2;-22,99285301;-44,24713433;"SPRF-RJ";"DEL03-RJ";"UOP03-DEL03-RJ"
750628;2026-02-07;"sábado";"09:30:00";"PR";116;121,9;"CURITIBA";"Condutor deixou de manter distância do veículo da frente";"Colisão lateral mesmo sentido";"Com Vítimas Feridas";"Pleno dia";"Crescente";"Céu Claro";"Dupla";"Reta";"Não";2;0;1;0;1;0;1;2;-25,602597;-49,317957;"SPRF-PR";"DEL01-PR";"UOP03-DEL01-PR"
750629;2026-02-07;"sábado";"07:17:00";"MS";60;424;"SIDROLANDIA";"Ultrapassagem Indevida";"Colisão lateral mesmo sentido";"Com Vítimas Feridas";"Pleno dia";"Decrescente";"Céu Claro";"Simples";"Reta";"Sim";2;0;1;0;1;0;1;2;-20,91342798;-54,94690609;"SPRF-MS";"DEL01-MS";"UOP04-DEL01-MS"
750630;2026-02-07;"sábado";"09:20:00";"MG";40;524,7;"BELO HORIZONTE";"Reação tardia ou ineficiente do condutor";"Eventos atípicos";"Sem Vítimas";"Pleno dia";"Crescente";"Céu Claro";"Dupla";"Reta";"Sim";2;0;0;0;2;0;0;2;-19,881164;-44,00745;"SPRF-MG";"DEL01-MG";"UOP02-DEL01-MG"
750631;2026-02-07;"sábado";"09:25:00";"RS";386;351,7;"ESTRELA";"Acumulo de água sobre o pavimento";"Colisão com objeto";"Sem Vítimas";"Pleno dia";"Decrescente";"Chuva";"Dupla";"Curva";"Não";1;0;0;0;1;0;0;1;-29,49001433;-51,95220993;"SPRF-RS";"DEL04-RS";"UOP01-DEL04-RS"
750632;2026-01-23;"sexta-feira";"11:00:00";"SC";101;24,5;"JOINVILLE";"Demais falhas mecânicas ou elétricas";"Incêndio";"Sem Vítimas";"Pleno dia";"Crescente";"Céu Claro";"Dupla";"Reta";"Sim";18;0;0;0;18;0;0;1;-26,17960731;-48,90937328;"SPRF-SC";"DEL03-SC";"UOP01-DEL03-SC"
750633;2026-01-30;"sexta-feira";"22:15:00";"RJ";101;459;"ANGRA DOS REIS";"Reação tardia ou ineficiente do condutor";"Colisão transversal";"Com Vítimas Feridas";"Plena Noite";"Decrescente";"Garoa/Chuvisco";"Dupla";"Reta";"Não";2;0;1;1;0;0;2;2;-22,98990379;-44,24197473;"SPRF-RJ";"DEL03-RJ";"UOP03-DEL03-RJ"
750634;2026-02-07;"sábado";"10:30:00";"RS";116;517;"PELOTAS";"Desrespeitar a preferência no cruzamento";"Colisão transversal";"Com Vítimas Feridas";"Pleno dia";"Crescente";"Céu Claro";"Simples";"Rotatória";"Não";2;0;1;0;1;0;1;2;-31,67512;-52,34047914;"SPRF-RS";"DEL07-RS";"UOP01-DEL07-RS"
750635;2026-02-07;"sábado";"09:10:00";"SC";116;62,7;"PAPANDUVA";"Ingestão de álcool pelo condutor";"Saída de leito carroçável";"Sem Vítimas";"Pleno dia";"Decrescente";"Céu Claro";"Simples";"Interseção de Vias";"Não";1;0;0;0;1;0;0;1;-26,403928;-50,226274;"SPRF-SC";"DEL06-SC";"UOP02-DEL06-SC"
750636;2026-02-07;"sábado";"09:50:00";"AL";101;242;"PORTO REAL DO COLEGIO";"Acesso irregular";"Colisão transversal";"Com Vítimas Fatais";"Pleno dia";"Decrescente";"Sol";"Dupla";"Curva";"Não";4;1;1;1;1;0;2;2;-10,1504484;-36,8079784;"SPRF-AL";"DEL02-AL";"UOP02-DEL02-AL"
750637;2026-02-07;"sábado";"10:30:00";"RS";386;304,7;"POUSO NOVO";"Ausência de reação do condutor";"Saída de leito carroçável";"Com Vítimas Feridas";"Pleno dia";"Crescente";"Garoa/Chuvisco";"Simples";"Curva;Declive";"Não";1;0;1;0;0;0;1;1;-29,18668427;-52,18926137;"SPRF-RS";"DEL04-RS";"UOP01-DEL04-RS"
750638;2026-02-07;"sábado";"08:25:00";"RS";285;142,6;"MUITOS CAPOES";"Reação tardia ou ineficiente do condutor";"Colisão frontal";"Com Vítimas Feridas";"Pleno dia";"Crescente";"Ignorado";"Simples";"Reta";"Não";3;0;1;2;0;0;3;2;-28,3761;-51,081607;"SPRF-RS";"DEL05-RS";"UOP03-DEL05-RS"
750639;2026-02-07;"sábado";"09:52:00";"SC";280;30,2;"ARAQUARI";"Trafegar com motocicleta (ou similar) entre as faixas";"Colisão lateral mesmo sentido";"Com Vítimas Feridas";"Pleno dia";"Crescente";"Céu Claro";"Simples";"Reta";"Sim";3;0;0;1;2;0;1;3;-26,4133;-48,75831;"SPRF-SC";"DEL03-SC";"UOP03-DEL03-SC"
750640;2026-02-07;"sábado";"10:10:00";"MG";381;197;"PERIQUITO";"Transitar na contramão";"Colisão frontal";"Com Vítimas Feridas";"Pleno dia";"Crescente";"Céu Claro";"Simples";"Reta";"Não";8;0;6;2;0;0;8;3;-19,166062;-42,245175;"SPRF-MG";"DEL06-MG";"UOP01-DEL06-MG"
750641;2026-02-07;"sábado";"10:00:00";"RO";364;236;"CACOAL";"Ausência de reação do condutor";"Colisão transversal";"Com Vítimas Feridas";"Pleno dia";"Decrescente";"Garoa/Chuvisco";"Simples";"Retorno Regulamentado;Aclive;Interseção de Vias";"Sim";2;0;1;0;1;0;1;2;-11,44563517;-61,43941319;"SPRF-RO";"DEL02-RO";"UOP02-DEL02-RO"
750642;2026-02-07;"sábado";"11:30:00";"RS";386;432;"NOVA SANTA RITA";"Condutor deixou de manter distância do veículo da frente";"Colisão traseira";"Com Vítimas Feridas";"Pleno dia";"Decrescente";"Nublado";"Simples";"Reta";"Não";6;0;1;0;5;0;1;2;-29,84002794;-51,29318587;"SPRF-RS";"DEL04-RS";"UOP02-DEL04-RS"
750644;2026-02-07;"sábado";"10:10:00";"SC";470;22,2;"ILHOTA";"Desrespeitar a preferência no cruzamento";"Colisão lateral mesmo sentido";"Com Vítimas Feridas";"Pleno dia";"Decrescente";"Céu Claro";"Dupla";"Interseção de Vias";"Não";2;0;1;0;1;0;1;2;-26,88025;-48,84013;"SPRF-SC";"DEL04-SC";"UOP04-DEL04-SC"
750645;2026-02-07;"sábado";"11:45:00";"PB";230;141,5;"CAMPINA GRANDE";"Avarias e/ou desgaste excessivo no pneu";"Saída de leito carroçável";"Com Vítimas Feridas";"Pleno dia";"Decrescente";"Chuva";"Dupla";"Reta";"Não";1;0;1;0;0;0;1;1;-7,25718181;-35,81524563;"SPRF-PB";"DEL02-PB";"UOP01-DEL02-PB"
750646;2026-02-07;"sábado";"11:50:00";"MG";381;493;"BETIM";"Velocidade Incompatível";"Queda de ocupante de veículo";"Com Vítimas Feridas";"Pleno dia";"Decrescente";"Nublado";"Dupla";"Reta";"Sim";2;0;2;0;0;0;2;1;-19,96395067;-44,16956663;"SPRF-MG";"DEL01-MG";"UOP03-DEL01-MG"
750647;2026-02-07;"sábado";"11:40:00";"SC";282;1;"FLORIANOPOLIS";"Condutor deixou de manter distância do veículo da frente";"Colisão traseira";"Com Vítimas Feridas";"Pleno dia";"Decrescente";"Céu Claro";"Múltipla";"Reta";"Não";2;0;1;0;1;0;1;2;-27,60344086;-48,58194916;"SPRF-SC";"DEL01-SC";"UOP01-DEL01-SC"
750650;2026-02-07;"sábado";"09:00:00";"BA";101;263;"SANTO ANTONIO DE JESUS";"Desrespeitar a preferência no cruzamento";"Colisão transversal";"Com Vítimas Feridas";"Pleno dia";"Crescente";"Céu Claro";"Simples";"Interseção de Vias;Rotatória";"Sim";2;0;1;0;1;0;1;2;-12,97852397;-39,28408217;"SPRF-BA";"DEL11-BA";"UOP01-DEL11-BA"
750652;2026-02-07;"sábado";"11:34:00";"PE";232;82,2;"GRAVATA";"Acessar a via sem observar a presença dos outros veículos";"Colisão transversal";"Com Vítimas Feridas";"Pleno dia";"Decrescente";"Céu Claro";"Simples";"Reta;Declive";"Não";4;0;4;0;0;0;4;2;-8,200797;-35,590275;"SPRF-PE";"DEL02-PE";"UOP02-DEL02PE"
750653;2026-02-07;"sábado";"11:15:00";"RS";290;276,6;"CACHOEIRA DO SUL";"Condutor Dormindo";"Saída de leito carroçável";"Com Vítimas Feridas";"Pleno dia";"Decrescente";"Chuva";"Simples";"Reta";"Não";4;0;3;1;0;0;4;1;-30,27438683;-52,94294357;"SPRF-RS";"DEL02-RS";"UOP03-DEL02-RS"
750654;2026-02-07;"sábado";"08:52:00";"SP";153;274;"OCAUCU";"Condutor Dormindo";"Saída de leito carroçável";"Com Vítimas Feridas";"Pleno dia";"Decrescente";"Céu Claro";"Simples";"Reta;Declive";"Não";1;0;1;0;0;0;1;1;-22,37063446;-49,86428261;"SPRF-SP";"DEL07-SP";"UOP02-DEL07-SP"
750655;2026-02-07;"sábado";"12:29:00";"RN";101;96;"NATAL";"Condutor deixou de manter distância do veículo da frente";"Colisão lateral mesmo sentido";"Com Vítimas Feridas";"Pleno dia";"Decrescente";"Nublado";"Dupla";"Viaduto";"Sim";3;0;2;0;0;1;2;2;-5,84885864;-35,2080185;"SPRF-RN";"DEL01-RN";"UOP01-DEL01-RN"
750656;2026-02-07;"sábado";"12:50:00";"MG";40;527;"CONTAGEM";"Ausência de reação do condutor";"Tombamento";"Com Vítimas Feridas";"Pleno dia";"Decrescente";"Céu Claro";"Múltipla";"Reta;Aclive";"Sim";2;0;2;0;0;0;2;1;-19,908559;-44,04479027;"SPRF-MG";"DEL01-MG";"UOP02-DEL01-MG"
750661;2026-02-07;"sábado";"13:00:00";"SC";280;236;"CANOINHAS";"Reação tardia ou ineficiente do condutor";"Saída de leito carroçável";"Com Vítimas Feridas";"Pleno dia";"Decrescente";"Céu Claro";"Simples";"Curva";"Não";4;0;1;0;0;3;1;1;-26,20482287;-50,43732827;"SPRF-SC";"DEL06-SC";"UOP04-DEL06-SC"
750662;2026-02-07;"sábado";"12:45:00";"PB";230;286;"SANTA LUZIA";"Acessar a via sem observar a presença dos outros veículos";"Colisão transversal";"Sem Vítimas";"Pleno dia";"Decrescente";"Nublado";"Simples";"Reta;Declive";"Não";2;0;0;0;2;0;0;2;-6,894485;-36,884003;"SPRF-PB";"DEL03-PB";"UOP01-DEL03-PB"
750663;2026-02-07;"sábado";"10:40:00";"MG";262;580,3;"CAMPOS ALTOS";"Chuva";"Capotamento";"Com Vítimas Feridas";"Pleno dia";"Decrescente";"Garoa/Chuvisco";"Simples";"Curva";"Não";1;0;1;0;0;0;1;1;-19,667183;-46,144911;"SPRF-MG";"DEL08-MG";"UOP02-DEL08-MG"
750664;2026-02-07;"sábado";"12:00:00";"SC";101;318,7;"PESCARIA BRAVA";"Acessar a via sem observar a presença dos outros veículos";"Colisão transversal";"Com Vítimas Feridas";"Pleno dia";"Crescente";"Céu Claro";"Dupla";"Reta;Aclive;Interseção de Vias";"Sim";2;0;1;0;0;1;1;2;-28,42702851;-48,88394443;"SPRF-SC";"DEL02-SC";"UOP01-DEL02-SC"
750666;2026-02-07;"sábado";"11:50:00";"RO";364;341,7;"JI-PARANA";"Acessar a via sem observar a presença dos outros veículos";"Colisão lateral mesmo sentido";"Com Vítimas Feridas";"Pleno dia";"Crescente";"Nublado";"Simples";"Reta";"Sim";2;0;1;0;1;0;1;2;-10,883975;-61,937029;"SPRF-RO";"DEL02-RO";"UOP01-DEL02-RO"
750668;2026-02-07;"sábado";"14:00:00";"MG";381;422;"CAETE";"Reação tardia ou ineficiente do condutor";"Capotamento";"Com Vítimas Feridas";"Pleno dia";"Decrescente";"Nublado";"Simples";"Curva";"Não";2;0;1;1;0;0;2;1;-19,79098876;-43,68140308;"SPRF-MG";"DEL01-MG";"UOP01-DEL01-MG"
750670;2026-02-07;"sábado";"13:50:00";"GO";60;97;"ANAPOLIS";"Acessar a via sem observar a presença dos outros veículos";"Colisão transversal";"Com Vítimas Feridas";"Pleno dia";"Crescente";"Sol";"Dupla";"Reta;Retorno Regulamentado";"Sim";4;0;2;0;1;1;2;3;-16,37553634;-48,94674158;"SPRF-GO";"DEL02-GO";"UOP01-DEL02-GO"
750671;2026-02-07;"sábado";"12:48:00";"AP";210;35;"MACAPA";"Velocidade Incompatível";"Capotamento";"Com Vítimas Feridas";"Pleno dia";"Crescente";"Chuva";"Simples";"Reta";"Não";5;0;1;0;4;0;1;1;0,323692;-51,085847;"SPRF-AP";"DEL01-AP";"UOP01-DEL01-AP"
750672;2026-02-07;"sábado";"13:10:00";"MG";262;622,7;"IBIA";"Acessar a via sem observar a presença dos outros veículos";"Colisão com objeto";"Com Vítimas Feridas";"Pleno dia";"Crescente";"Nublado";"Simples";"Curva;Rotatória;Declive";"Não";1;0;0;1;0;0;1;1;-19,59035898;-46,4943552;"SPRF-MG";"DEL08-MG";"UOP02-DEL08-MG"
750676;2026-02-07;"sábado";"14:48:00";"PE";101;49,4;"ABREU E LIMA";"Pedestre cruzava a pista fora da faixa";"Atropelamento de Pedestre";"Com Vítimas Feridas";"Pleno dia";"Decrescente";"Céu Claro";"Múltipla";"Reta";"Sim";2;0;1;0;1;0;1;2;-7,9064956;-34,9018972;"SPRF-PE";"DEL01-PE";"UOP02-DEL01-PE"
750677;2026-02-07;"sábado";"13:40:00";"PE";104;134,3;"QUIPAPA";"Acumulo de água sobre o pavimento";"Capotamento";"Com Vítimas Feridas";"Pleno dia";"Crescente";"Garoa/Chuvisco";"Simples";"Curva";"Não";1;0;1;0;0;0;1;1;-8,8173248;-36,012933;"SPRF-PE";"DEL02-PE";"UOP01-DEL02-PE"
750678;2026-02-07;"sábado";"08:00:00";"SC";280;28;"ARAQUARI";"Acessar a via sem observar a presença dos outros veículos";"Colisão lateral mesmo sentido";"Com Vítimas Feridas";"Pleno dia";"Decrescente";"Céu Claro";"Simples";"Reta";"Sim";3;0;2;0;1;0;2;2;-26,406895;-48,748032;"SPRF-SC";"DEL03-SC";"UOP03-DEL03-SC"
750680;2026-02-07;"sábado";"15:00:00";"MG";381;687,9;"LAVRAS";"Condutor Dormindo";"Saída de leito carroçável";"Com Vítimas Feridas";"Pleno dia";"Decrescente";"Nublado";"Dupla";"Reta";"Não";3;0;3;0;0;0;3;1;-21,18634248;-45,1176846;"SPRF-MG";"DEL04-MG";"UOP02-DEL04-MG"
750682;2026-02-07;"sábado";"14:10:00";"BA";101;745,8;"ITABELA";"Acessar a via sem observar a presença dos outros veículos";"Colisão transversal";"Sem Vítimas";"Pleno dia";"Decrescente";"Sol";"Simples";"Reta;Interseção de Vias";"Sim";2;0;0;0;1;1;0;2;-16,581405;-39,556628;"SPRF-BA";"DEL09-BA";"UOP01-DEL09-BA"
750683;2026-02-07;"sábado";"14:20:00";"BA";110;385;"CATU";"Manobra de mudança de faixa";"Colisão frontal";"Com Vítimas Feridas";"Pleno dia";"Decrescente";"Céu Claro";"Simples";"Reta;Ponte";"Não";3;0;3;0;0;0;3;2;-12,4155083;-38,4742367;"SPRF-BA";"DEL01-BA";"UOP01-DEL01-BA"
750685;2026-02-07;"sábado";"14:00:00";"SP";116;461;"PARIQUERA-ACU";"Velocidade Incompatível";"Saída de leito carroçável";"Com Vítimas Feridas";"Pleno dia";"Crescente";"Céu Claro";"Dupla";"Reta";"Não";1;0;0;1;0;0;1;1;-24,61811958;-47,89111789;"SPRF-SP";"DEL05-SP";"UOP01-DEL05-SP"
750686;2026-02-07;"sábado";"13:20:00";"SP";116;76,5;"ROSEIRA";"Frear bruscamente";"Capotamento";"Com Vítimas Feridas";"Pleno dia";"Crescente";"Céu Claro";"Dupla";"Reta";"Não";2;0;2;0;0;0;2;1;-22,88153243;-45,27723217;"SPRF-SP";"DEL08-SP";"UOP01-DEL08-SP"
750688;2026-02-07;"sábado";"15:10:00";"SC";282;595;"SAUDADES";"Avarias e/ou desgaste excessivo no pneu";"Saída de leito carroçável";"Com Vítimas Feridas";"Pleno dia";"Crescente";"Chuva";"Simples";"Curva";"Não";2;0;1;0;1;0;1;1;-26,8284298;-53,10930276;"SPRF-SC";"DEL07-SC";"UOP02-DEL07-SC"
750689;2026-02-07;"sábado";"15:00:00";"PR";116;134;"FAZENDA RIO GRANDE";"Condutor deixou de manter distância do veículo da frente";"Colisão traseira";"Com Vítimas Feridas";"Pleno dia";"Crescente";"Céu Claro";"Dupla";"Reta";"Não";2;0;1;0;1;0;1;2;-25,711981;-49,319225;"SPRF-PR";"DEL01-PR";"UOP03-DEL01-PR"
750692;2026-02-07;"sábado";"14:40:00";"ES";101;66;"SAO MATEUS";"Entrada inopinada do pedestre";"Atropelamento de Pedestre";"Com Vítimas Feridas";"Pleno dia";"Decrescente";"Sol";"Múltipla";"Reta";"Sim";2;0;1;0;1;0;1;2;-18,7172422;-39,8728594;"SPRF-ES";"DEL04-ES";"UOP02-DEL04-ES"
750695;2026-02-07;"sábado";"13:15:00";"SC";101;305,5;"LAGUNA";"Velocidade Incompatível";"Colisão com objeto";"Com Vítimas Feridas";"Pleno dia";"Crescente";"Chuva";"Múltipla";"Reta;Interseção de Vias";"Não";1;0;0;1;0;0;1;1;-28,398143;-48,784275;"SPRF-SC";"DEL02-SC";"UOP03-DEL02-SC"
750696;2026-02-07;"sábado";"14:50:00";"PE";232;116,5;"CARUARU";"Manobra de mudança de faixa";"Colisão lateral mesmo sentido";"Com Vítimas Feridas";"Pleno dia";"Decrescente";"Chuva";"Dupla";"Reta";"Não";4;0;0;2;2;0;2;2;-8,29582094;-35,87361968;"SPRF-PE";"DEL02-PE";"UOP03-DEL02-PE"
750697;2026-02-07;"sábado";"15:18:00";"GO";364;185;"JATAI";"Condutor Dormindo";"Colisão com objeto";"Sem Vítimas";"Pleno dia";"Crescente";"Céu Claro";"Múltipla";"Reta";"Não";1;0;0;0;1;0;0;1;-17,9365633;-51,65968716;"SPRF-GO";"DEL05-GO";"UOP01-DEL05-GO"
750698;2026-02-07;"sábado";"15:15:00";"SC";163;83,5;"GUARACIABA";"Ingestão de álcool pelo condutor";"Saída de leito carroçável";"Com Vítimas Feridas";"Pleno dia";"Crescente";"Céu Claro";"Simples";"Reta";"Não";3;0;1;0;0;2;1;2;-26,61854612;-53,51875725;"SPRF-SC";"DEL07-SC";"UOP03-DEL07-SC"
750702;2026-02-07;"sábado";"12:50:00";"MS";463;24;"DOURADOS";"Ausência de reação do condutor";"Saída de leito carroçável";"Com Vítimas Feridas";"Pleno dia";"Decrescente";"Chuva";"Simples";"Reta";"Não";2;0;2;0;0;0;2;1;-22,2829;-55,019032;"SPRF-MS";"DEL04-MS";"UOP03-DEL04-MS"
750703;2026-02-07;"sábado";"16:15:00";"SP";116;194;"SANTA ISABEL";"Ausência de reação do condutor";"Tombamento";"Com Vítimas Feridas";"Pleno dia";"Crescente";"Chuva";"Dupla";"Curva";"Não";2;0;1;0;1;0;1;1;-23,38373523;-46,26458494;"SPRF-SP";"DEL01-SP";"UOP01-DEL01-SP"
750704;2026-02-07;"sábado";"15:50:00";"MG";40;765,5;"JUIZ DE FORA";"Chuva";"Colisão com objeto";"Com Vítimas Feridas";"Pleno dia";"Crescente";"Chuva";"Simples";"Reta;Declive";"Não";1;0;1;0;0;0;1;1;-21,577778;-43,4775;"SPRF-MG";"DEL05-MG";"UOP01-DEL05-MG"
750705;2026-02-07;"sábado";"16:30:00";"SC";470;194,4;"PONTE ALTA";"Pista Escorregadia";"Saída de leito carroçável";"Com Vítimas Feridas";"Pleno dia";"Crescente";"Nublado";"Simples";"Declive;Curva";"Não";4;0;4;0;0;0;4;1;-27,30248;-50,08418;"SPRF-SC";"DEL04-SC";"UOP02-DEL04-SC"
750707;2026-02-07;"sábado";"16:30:00";"SC";470;194,4;"PONTE ALTA";"Pista Escorregadia";"Capotamento";"Com Vítimas Feridas";"Pleno dia";"Crescente";"Chuva";"Simples";"Reta;Declive";"Não";3;0;2;0;1;0;2;1;-27,30260738;-50,08389886;"SPRF-SC";"DEL04-SC";"UOP02-DEL04-SC"
750708;2026-02-07;"sábado";"15:35:00";"SP";381;70;"MAIRIPORA";"Velocidade Incompatível";"Tombamento";"Com Vítimas Feridas";"Pleno dia";"Decrescente";"Nublado";"Múltipla";"Curva";"Não";1;0;1;0;0;0;1;1;-23,3497;-46,56054;"SPRF-SP";"DEL03-SP";"UOP01-DEL03-SP"
750709;2026-02-07;"sábado";"16:40:00";"PR";153;36,7;"SANTO ANTONIO DA PLATINA";"Reação tardia ou ineficiente do condutor";"Colisão traseira";"Com Vítimas Feridas";"Pleno dia";"Decrescente";"Céu Claro";"Simples";"Curva";"Não";3;0;1;0;2;0;1;2;-23,24707425;-50,04202652;"SPRF-PR";"DEL07-PR";"UOP04-DEL07-PR"
750710;2026-01-24;"sábado";"05:40:00";"MG";50;72;"UBERLANDIA";"Frear bruscamente";"Tombamento";"Com Vítimas Feridas";"Amanhecer";"Decrescente";"Nublado";"Dupla";"Reta";"Não";1;0;0;1;0;0;1;1;-18,898848;-48,242333;"SPRF-MG";"DEL15-MG";"UOP01-DEL15-MG"
750711;2026-02-07;"sábado";"16:20:00";"PB";104;155;"QUEIMADAS";"Manobra de mudança de faixa";"Colisão traseira";"Com Vítimas Feridas";"Pleno dia";"Crescente";"Nublado";"Simples";"Reta;Declive";"Não";3;0;2;0;1;0;2;2;-7,481753;-35,939617;"SPRF-PB";"DEL02-PB";"UOP03-DEL02-PB"
750712;2026-02-07;"sábado";"16:45:00";"MG";50;83;"UBERLANDIA";"Avarias e/ou desgaste excessivo no pneu";"Colisão com objeto";"Sem Vítimas";"Pleno dia";"Crescente";"Chuva";"Dupla";"Reta;Declive";"Não";1;0;0;0;1;0;0;1;-18,98961381;-48,21168646;"SPRF-MG";"DEL15-MG";"UOP01-DEL15-MG"