"id";"data_inversa";"dia_semana";"horario";"uf";"br";"km";"municipio";"causa_acidente";"tipo_acidente";"classificacao_acidente";"fase_dia";"sentido_via";"condicao_metereologica";"tipo_pista";"tracado_via";"uso_solo";"pessoas";"mortos";"feridos_leves";"feridos_graves";"ilesos";"ignorados";"feridos";"veiculos";"latitude";"longitude";"regional";"delegacia";"uop"
751252;2026-02-09;"segunda-feira";"18:50:00";"PE";101;77;"RECIFE";"Manobra de mudança de faixa";"Colisão traseira";"Com Vítimas Feridas";"Plena Noite";"Decrescente";"Céu Claro";"Dupla";"Reta;Aclive";"Sim";2;0;1;0;1;0;1;2;-8,12746;-34,943855;"SPRF-PE";"DEL01-PE";"UOP01-DEL01-PE"
751253;2026-02-09;"segunda-feira";"17:19:00";"PB";230;185,3;"POCINHOS";"Animais na Pista";"Atropelamento de Animal";"Com Vítimas Feridas";"Anoitecer";"Crescente";"Céu Claro";"Simples";"Reta;Em Obras";"Não";1;0;1;0;0;0;1;1;-7,151593;-36,108855;"SPRF-PB";"DEL02-PB";"UOP02-DEL02-PB"
751254;2026-02-09;"segunda-feira";"19:00:00";"SC";101;210,6;"SAO JOSE";"Trafegar com motocicleta (ou similar) entre as faixas";"Colisão lateral mesmo sentido";"Com Vítimas Feridas";"Plena Noite";"Crescente";"Nublado";"Múltipla";"Reta";"Sim";3;0;1;0;2;0;1;3;-27,61750695;-48,64530444;"SPRF-SC";"DEL01-SC";"UOP01-DEL01-SC"
751257;2026-02-09;"segunda-feira";"18:30:00";"PR";476;168;"CONTENDA";"Ausência de reação do condutor";"Queda de ocupante de veículo";"Com Vítimas Feridas";"Anoitecer";"Crescente";"Nublado";"Simples";"Curva;Aclive";"Não";1;0;1;0;0;0;1;1;-25,66508565;-49,49529648;"SPRF-PR";"DEL01-PR";"UOP06-DEL01-PR"
751258;2026-02-09;"segunda-feira";"18:55:00";"PI";343;16;"PARNAIBA";"Acessar a via sem observar a presença dos outros veículos";"Colisão lateral mesmo sentido";"Com Vítimas Feridas";"Plena Noite";"Crescente";"Céu Claro";"Simples";"Reta";"Sim";2;0;1;0;1;0;1;2;-2,94962456;-41,75720427;"SPRF-PI";"DEL05-PI";"UOP01-DEL05-PI"
751259;2026-02-09;"segunda-feira";"19:30:00";"ES";101;257,6;"SERRA";"Acessar a via sem observar a presença dos outros veículos";"Colisão transversal";"Com Vítimas Feridas";"Plena Noite";"Decrescente";"Céu Claro";"Dupla";"Interseção de Vias";"Sim";3;0;2;0;1;0;2;2;-20,12797756;-40,29965311;"SPRF-ES";"DEL02-ES";"UOP01-DEL02-ES"
751262;2026-02-09;"segunda-feira";"17:30:00";"SC";282;641,6;"SAO MIGUEL DO OESTE";"Conversão proibida";"Colisão lateral mesmo sentido";"Com Vítimas Feridas";"Pleno dia";"Decrescente";"Céu Claro";"Simples";"Reta";"Não";6;0;1;0;5;0;1;2;-26,77228174;-53,46181065;"SPRF-SC";"DEL07-SC";"UOP03-DEL07-SC"
751263;2026-02-09;"segunda-feira";"19:30:00";"PR";153;82,2;"CONSELHEIRO MAIRINCK";"Desrespeitar a preferência no cruzamento";"Colisão transversal";"Com Vítimas Feridas";"Anoitecer";"Crescente";"Céu Claro";"Simples";"Interseção de Vias";"Não";3;0;2;1;0;0;3;2;-23,62749533;-50,14765112;"SPRF-PR";"DEL07-PR";"UOP04-DEL07-PR"
751264;2026-02-09;"segunda-feira";"19:50:00";"MG";365;455;"PATROCINIO";"Deficiência do Sistema de Iluminação/Sinalização";"Colisão frontal";"Com Vítimas Feridas";"Plena Noite";"Decrescente";"Chuva";"Simples";"Reta";"Não";4;0;1;1;2;0;2;2;-18,83880514;-46,84611452;"SPRF-MG";"DEL10-MG";"UOP01-DEL10-MG"
751265;2026-02-09;"segunda-feira";"20:10:00";"SC";101;132;"CAMBORIU";"Ausência de reação do condutor";"Colisão transversal";"Com Vítimas Feridas";"Plena Noite";"Decrescente";"Nublado";"Dupla";"Reta;Declive";"Sim";2;0;1;1;0;0;2;2;-26,9998289;-48,650212;"SPRF-SC";"DEL04-SC";"UOP03-DEL04-SC"
751266;2026-02-09;"segunda-feira";"19:13:00";"PR";369;36;"ANDIRA";"Reação tardia ou ineficiente do condutor";"Colisão traseira";"Com Vítimas Feridas";"Plena Noite";"Crescente";"Céu Claro";"Simples";"Reta";"Sim";2;0;1;0;1;0;1;2;-23,04516929;-50,23216147;"SPRF-PR";"DEL07-PR";"UOP05-DEL07-PR"
751267;2026-02-09;"segunda-feira";"20:00:00";"MG";50;189,9;"DELTA";"Acesso irregular";"Saída de leito carroçável";"Com Vítimas Feridas";"Plena Noite";"Crescente";"Chuva";"Dupla";"Reta;Declive";"Não";1;0;0;1;0;0;1;1;-19,91127349;-47,83205355;"SPRF-MG";"DEL13-MG";"UOP01-DEL13-MG"
751268;2026-02-09;"segunda-feira";"19:00:00";"RJ";101;477;"ANGRA DOS REIS";"Chuva";"Queda de ocupante de veículo";"Com Vítimas Feridas";"Plena Noite";"Decrescente";"Chuva";"Simples";"Curva";"Não";1;0;1;0;0;0;1;1;-23,004465;-44,259344;"SPRF-RJ";"DEL03-RJ";"UOP03-DEL03-RJ"
751269;2026-02-09;"segunda-feira";"20:30:00";"PR";369;193;"ARAPONGAS";"Reação tardia ou ineficiente do condutor";"Colisão traseira";"Com Vítimas Fatais";"Plena Noite";"Decrescente";"Céu Claro";"Dupla";"Reta";"Não";4;1;0;1;2;0;1;2;-23,46275424;-51,42346144;"SPRF-PR";"DEL07-PR";"UOP03-DEL07-PR"
751270;2026-02-09;"segunda-feira";"20:30:00";"SC";101;86;"BARRA VELHA";"Acessar a via sem observar a presença dos outros veículos";"Colisão lateral mesmo sentido";"Com Vítimas Feridas";"Plena Noite";"Crescente";"Céu Claro";"Dupla";"Rotatória";"Sim";3;0;2;0;1;0;2;2;-26,63685346;-48,69685006;"SPRF-SC";"DEL03-SC";"UOP02-DEL03-SC"
751271;2026-02-09;"segunda-feira";"20:50:00";"MG";50;165;"UBERABA";"Chuva";"Colisão com objeto";"Sem Vítimas";"Plena Noite";"Decrescente";"Céu Claro";"Dupla";"Reta";"Não";1;0;0;0;1;0;0;1;-19,7031472;-47,9854795;"SPRF-MG";"DEL13-MG";"UOP01-DEL13-MG"
751272;2026-02-09;"segunda-feira";"19:20:00";"MA";10;130;"ESTREITO";"Acessar a via sem observar a presença dos outros veículos";"Colisão transversal";"Com Vítimas Feridas";"Plena Noite";"Decrescente";"Céu Claro";"Simples";"Interseção de Vias;Reta";"Sim";2;0;2;0;0;0;2;2;-6,54993;-47,43419;"SPRF-MA";"DEL04-MA";"UOP02-DEL04-MA"
751275;2026-02-09;"segunda-feira";"20:45:00";"PR";163;199;"CASCAVEL";"Ausência de reação do condutor";"Colisão com objeto";"Com Vítimas Feridas";"Plena Noite";"Crescente";"Céu Claro";"Dupla";"Reta";"Não";1;0;1;0;0;0;1;1;-25,0065183;-53,5546967;"SPRF-PR";"DEL05-PR";"UOP05-DEL05-PR"
751276;2026-02-09;"segunda-feira";"17:00:00";"MG";116;431;"ALPERCATA";"Reação tardia ou ineficiente do condutor";"Capotamento";"Com Vítimas Feridas";"Pleno dia";"Decrescente";"Céu Claro";"Simples";"Reta";"Não";1;0;1;0;0;0;1;1;-18,994664;-41,980229;"SPRF-MG";"DEL06-MG";"UOP01-DEL06-MG"
751280;2026-02-09;"segunda-feira";"19:28:00";"MA";135;5,5;"SAO LUIS";"Afundamento ou ondulação no pavimento";"Tombamento";"Com Vítimas Feridas";"Plena Noite";"Decrescente";"Céu Claro";"Dupla";"Reta";"Não";1;0;1;0;0;0;1;1;-2,633227;-44,313188;"SPRF-MA";"DEL01-MA";"UOP01-DEL01-MA"
751282;2026-02-09;"segunda-feira";"21:30:00";"SP";116;53;"LORENA";"Acessar a via sem observar a presença dos outros veículos";"Colisão transversal";"Com Vítimas Feridas";"Plena Noite";"Decrescente";"Chuva";"Simples";"Reta;Aclive;Rotatória;Interseção de Vias;Retorno Regulamentado";"Não";3;0;1;0;2;0;1;2;-22,75142886;-45,10426283;"SPRF-SP";"DEL08-SP";"UOP02-DEL08-SP"
751283;2026-02-09;"segunda-feira";"22:50:00";"SP";116;154;"SAO JOSE DOS CAMPOS";"Acumulo de água sobre o pavimento";"Colisão com objeto";"Com Vítimas Feridas";"Plena Noite";"Decrescente";"Chuva";"Dupla";"Reta";"Sim";2;0;2;0;0;0;2;1;-23,23700979;-45,91834512;"SPRF-SP";"DEL02-SP";"UOP01-DEL02-SP"
751286;2026-02-09;"segunda-feira";"23:30:00";"GO";60;372;"RIO VERDE";"Chuva";"Saída de leito carroçável";"Sem Vítimas";"Plena Noite";"Decrescente";"Chuva";"Dupla";"Reta";"Não";2;0;0;0;2;0;0;1;-17,72805401;-50,86530883;"SPRF-GO";"DEL04-GO";"UOP02-DEL04-GO"
751287;2026-02-08;"domingo";"13:00:00";"PE";408;65,9;"PAUDALHO";"Reação tardia ou ineficiente do condutor";"Saída de leito carroçável";"Sem Vítimas";"Pleno dia";"Decrescente";"Ignorado";"Dupla";"Curva";"Não";1;0;0;0;0;1;0;1;-7,89256;-35,17445;"SPRF-PE";"DEL01-PE";"UOP01-DEL01-PE"
751288;2026-02-10;"terça-feira";"00:40:00";"ES";101;159;"LINHARES";"Reação tardia ou ineficiente do condutor";"Colisão traseira";"Com Vítimas Feridas";"Pleno dia";"Crescente";"Céu Claro";"Simples";"Reta";"Não";2;0;2;0;0;0;2;2;-19,47647531;-40,11396186;"SPRF-ES";"DEL04-ES";"UOP01-DEL04-ES"
751289;2026-02-10;"terça-feira";"01:00:00";"PE";408;61,5;"CARPINA";"Falta de elemento de contenção que evite a saída do leito carroçável";"Capotamento";"Sem Vítimas";"Plena Noite";"Decrescente";"Ignorado";"Simples";"Reta";"Sim";1;0;0;0;0;1;0;1;-7,82684;-35,24533;"SPRF-PE";"DEL01-PE";"UOP01-DEL01-PE"
751290;2026-02-10;"terça-feira";"02:20:00";"RJ";116;69;"TERESOPOLIS";"Ingestão de álcool pelo condutor";"Saída de leito carroçável";"Sem Vítimas";"Plena Noite";"Decrescente";"Chuva";"Simples";"Curva";"Não";1;0;0;0;1;0;0;1;-22,32090854;-42,93890174;"SPRF-RJ";"DEL04-RJ";"UOP01-DEL04-RJ"
751293;2026-02-09;"segunda-feira";"14:15:00";"RJ";101;322;"NITEROI";"Reação tardia ou ineficiente do condutor";"Tombamento";"Com Vítimas Feridas";"Pleno dia";"Crescente";"Garoa/Chuvisco";"Simples";"Curva";"Sim";1;0;1;0;0;0;1;1;-22,87856734;-43,11065197;"SPRF-RJ";"DEL02-RJ";"UOP01-DEL02-RJ"
751294;2026-02-10;"terça-feira";"05:00:00";"MG";381;888;"CAMBUI";"Ausência de reação do condutor";"Saída de leito carroçável";"Com Vítimas Feridas";"Amanhecer";"Crescente";"Garoa/Chuvisco";"Dupla";"Reta";"Não";3;0;3;0;0;0;3;2;-22,52363432;-46,02393222;"SPRF-MG";"DEL16-MG";"UOP01-DEL16-MG"
751295;2026-02-10;"terça-feira";"05:00:00";"BA";116;416,5;"FEIRA DE SANTANA";"Animais na Pista";"Colisão com objeto";"Com Vítimas Feridas";"Amanhecer";"Crescente";"Céu Claro";"Múltipla";"Reta";"Sim";1;0;1;0;0;0;1;1;-12,17663675;-38,96520138;"SPRF-BA";"DEL02-BA";"UOP01-DEL02-BA"
751297;2026-02-10;"terça-feira";"01:57:00";"MA";10;298;"CIDELANDIA";"Animais na Pista";"Atropelamento de Animal";"Sem Vítimas";"Plena Noite";"Decrescente";"Céu Claro";"Simples";"Reta";"Não";1;0;0;0;1;0;0;1;-5,131415;-47,545375;"SPRF-MA";"DEL04-MA";"UOP03-DEL04-MA"
751301;2026-02-10;"terça-feira";"06:15:00";"RJ";493;19;"MAGE";"Acessar a via sem observar a presença dos outros veículos";"Colisão transversal";"Com Vítimas Feridas";"Pleno dia";"Crescente";"Nublado";"Simples";"Reta";"Sim";3;0;1;0;2;0;1;2;-22,66545;-43,0297833;"SPRF-RJ";"DEL04-RJ";"UOP02-DEL04-RJ"
751303;2026-02-10;"terça-feira";"02:00:00";"BA";116;416,5;"FEIRA DE SANTANA";"Animais na Pista";"Atropelamento de Animal";"Com Vítimas Feridas";"Plena Noite";"Crescente";"Céu Claro";"Múltipla";"Reta";"Sim";2;0;2;0;0;0;2;1;-12,17677309;-38,96515846;"SPRF-BA";"DEL02-BA";"UOP01-DEL02-BA"
751304;2026-02-10;"terça-feira";"07:10:00";"PR";376;178;"MARINGA";"Ausência de reação do condutor";"Colisão traseira";"Com Vítimas Feridas";"Pleno dia";"Crescente";"Céu Claro";"Dupla";"Reta";"Sim";2;0;1;0;1;0;1;2;-23,4177247;-51,9165254;"SPRF-PR";"DEL09-PR";"UOP01-DEL09-PR"
751307;2026-02-10;"terça-feira";"07:05:00";"MA";135;15;"SAO LUIS";"Reação tardia ou ineficiente do condutor";"Atropelamento de Pedestre";"Com Vítimas Feridas";"Pleno dia";"Crescente";"Céu Claro";"Dupla";"Reta";"Sim";2;0;0;1;1;0;1;2;-2,698208;-44,307098;"SPRF-MA";"DEL01-MA";"UOP01-DEL01-MA"
751308;2026-02-10;"terça-feira";"07:20:00";"MA";135;3;"SAO LUIS";"Ausência de reação do condutor";"Colisão traseira";"Com Vítimas Feridas";"Pleno dia";"Crescente";"Céu Claro";"Dupla";"Reta";"Sim";4;0;1;1;1;1;2;3;-2,61137;-44,250422;"SPRF-MA";"DEL01-MA";"UOP01-DEL01-MA"
751309;2026-02-10;"terça-feira";"06:00:00";"MS";163;254,5;"DOURADOS";"Ausência de reação do condutor";"Tombamento";"Com Vítimas Feridas";"Amanhecer";"Decrescente";"Céu Claro";"Dupla";"Reta";"Sim";1;0;0;1;0;0;1;1;-22,26845335;-54,81268242;"SPRF-MS";"DEL04-MS";"UOP01-DEL04-MS"
751312;2026-02-10;"terça-feira";"03:30:00";"PE";232;172;"BELO JARDIM";"Acessar a via sem observar a presença dos outros veículos";"Colisão frontal";"Com Vítimas Feridas";"Plena Noite";"Decrescente";"Céu Claro";"Simples";"Aclive;Reta";"Não";2;0;0;1;1;0;1;2;-8,338759;-36,362415;"SPRF-PE";"DEL03-PE";"UOP02-DEL03-PE"
751313;2026-02-10;"terça-feira";"05:12:00";"RJ";40;114;"DUQUE DE CAXIAS";"Demais falhas mecânicas ou elétricas";"Incêndio";"Sem Vítimas";"Amanhecer";"Crescente";"Nublado";"Múltipla";"Reta";"Sim";1;0;0;0;1;0;0;1;-22,72050699;-43,28977378;"SPRF-RJ";"DEL01-RJ";"UOP02-DEL01-RJ"
751314;2026-02-10;"terça-feira";"07:00:00";"PR";376;184,8;"SARANDI";"Reação tardia ou ineficiente do condutor";"Colisão lateral mesmo sentido";"Sem Vítimas";"Pleno dia";"Decrescente";"Sol";"Dupla";"Reta";"Sim";4;0;0;0;4;0;0;2;-23,446773;-51,862158;"SPRF-PR";"DEL09-PR";"UOP01-DEL09-PR"
751316;2026-02-10;"terça-feira";"08:11:00";"DF";40;0,7;"BRASILIA";"Área urbana sem a presença de local apropriado para a travessia de pedestres";"Engavetamento";"Sem Vítimas";"Pleno dia";"Crescente";"Céu Claro";"Dupla";"Reta";"Sim";3;0;0;0;3;0;0;3;-15,98282934;-47,98803359;"SPRF-DF";"DEL01-DF";"UOP01-DEL01-DF"
751317;2026-02-06;"sexta-feira";"18:00:00";"RS";290;94;"PORTO ALEGRE";"Ausência de reação do condutor";"Tombamento";"Com Vítimas Feridas";"Pleno dia";"Decrescente";"Nublado";"Dupla";"Reta";"Não";3;0;3;0;0;0;3;2;-29,97200209;-51,19518076;"SPRF-RS";"DEL01-RS";"UOP01-DEL01-RS"
751318;2026-02-10;"terça-feira";"06:50:00";"RS";116;248;"SAO LEOPOLDO";"Conversão proibida";"Colisão transversal";"Com Vítimas Feridas";"Pleno dia";"Crescente";"Céu Claro";"Dupla";"Reta;Interseção de Vias;Viaduto";"Sim";2;0;1;0;1;0;1;2;-29,77270149;-51,15438893;"SPRF-RS";"DEL01-RS";"UOP02-DEL01-RS"
751319;2026-02-10;"terça-feira";"07:00:00";"SC";101;261;"PAULO LOPES";"Ausência de reação do condutor";"Saída de leito carroçável";"Com Vítimas Feridas";"Pleno dia";"Crescente";"Céu Claro";"Dupla";"Reta";"Não";1;0;1;0;0;0;1;1;-28,01316588;-48,69507249;"SPRF-SC";"DEL02-SC";"UOP03-DEL02-SC"
751320;2026-02-10;"terça-feira";"05:45:00";"RS";386;33;"FREDERICO WESTPHALEN";"Acessar a via sem observar a presença dos outros veículos";"Colisão transversal";"Com Vítimas Feridas";"Amanhecer";"Crescente";"Céu Claro";"Simples";"Interseção de Vias;Reta;Declive";"Sim";3;0;1;1;1;0;2;2;-27,34995113;-53,38635413;"SPRF-RS";"DEL08-RS";"UOP02-DEL08-RS"
751321;2026-02-10;"terça-feira";"07:15:00";"GO";153;501,1;"GOIANIA";"Manobra de mudança de faixa";"Colisão lateral mesmo sentido";"Com Vítimas Feridas";"Pleno dia";"Decrescente";"Nublado";"Dupla";"Reta";"Sim";5;0;0;1;4;0;1;2;-16,71319798;-49,23362797;"SPRF-GO";"DEL01-GO";"UOP01-DEL01-GO"
751323;2026-02-10;"terça-feira";"08:20:00";"SE";101;152;"ESTANCIA";"Entrada inopinada do pedestre";"Atropelamento de Pedestre";"Com Vítimas Feridas";"Pleno dia";"Crescente";"Sol";"Simples";"Reta";"Sim";3;0;2;1;0;0;3;2;-11,26774;-37,44238;"SPRF-SE";"DEL02-SE";"UOP01-DEL02-SE"
751324;2026-02-10;"terça-feira";"05:30:00";"PR";369;23;"CAMBARA";"Ultrapassagem Indevida";"Colisão transversal";"Com Vítimas Fatais";"Amanhecer";"Crescente";"Céu Claro";"Simples";"Reta;Declive";"Não";6;3;1;2;0;0;3;2;-23,04028505;-50,11834145;"SPRF-PR";"DEL07-PR";"UOP05-DEL07-PR"
751326;2026-02-10;"terça-feira";"07:15:00";"MG";381;2;"BETIM";"Ausência de reação do condutor";"Colisão lateral mesmo sentido";"Com Vítimas Feridas";"Pleno dia";"Decrescente";"Nublado";"Múltipla";"Curva";"Sim";2;0;1;0;0;1;1;2;-19,97751726;-44,16016102;"SPRF-MG";"DEL01-MG";"UOP03-DEL01-MG"
751329;2026-02-10;"terça-feira";"07:50:00";"PR";476;144;"CURITIBA";"Condutor deixou de manter distância do veículo da frente";"Colisão traseira";"Sem Vítimas";"Pleno dia";"Decrescente";"Nublado";"Dupla";"Curva;Declive";"Não";3;0;0;0;3;0;0;3;-25,545656;-49,316768;"SPRF-PR";"DEL01-PR";"UOP06-DEL01-PR"
751331;2026-02-10;"terça-feira";"07:30:00";"RJ";101;429;"MANGARATIBA";"Velocidade Incompatível";"Saída de leito carroçável";"Com Vítimas Feridas";"Pleno dia";"Decrescente";"Chuva";"Simples";"Curva";"Não";1;0;1;0;0;0;1;1;-22,93693446;-44,01032925;"SPRF-RJ";"DEL03-RJ";"UOP02-DEL03-RJ"
751332;2026-02-10;"terça-feira";"07:00:00";"CE";222;225;"SOBRAL";"Acessar a via sem observar a presença dos outros veículos";"Saída de leito carroçável";"Com Vítimas Fatais";"Pleno dia";"Crescente";"Céu Claro";"Simples";"Interseção de Vias";"Sim";2;1;0;1;0;0;1;1;-3,71869092;-40,33244956;"SPRF-CE";"DEL04-CE";"UOP01-DEL04-CE"
751333;2026-02-04;"quarta-feira";"06:10:00";"SE";101;132,8;"ESTANCIA";"Acessar a via sem observar a presença dos outros veículos";"Colisão transversal";"Com Vítimas Feridas";"Pleno dia";"Decrescente";"Céu Claro";"Dupla";"Reta;Declive";"Não";2;0;0;1;1;0;1;2;-11,123795;-37,379809;"SPRF-SE";"DEL02-SE";"UOP01-DEL02-SE"
751334;2026-02-10;"terça-feira";"07:40:00";"MG";381;913,4;"CAMANDUCAIA";"Velocidade Incompatível";"Colisão com objeto";"Sem Vítimas";"Pleno dia";"Crescente";"Chuva";"Dupla";"Curva";"Não";1;0;0;0;1;0;0;1;-22,72023744;-46,12912551;"SPRF-MG";"DEL16-MG";"UOP03-DEL16-MG"
751335;2026-02-10;"terça-feira";"08:34:00";"GO";40;60,4;"LUZIANIA";"Condutor deixou de manter distância do veículo da frente";"Tombamento";"Com Vítimas Feridas";"Pleno dia";"Crescente";"Céu Claro";"Simples";"Reta";"Não";2;0;2;0;0;0;2;1;-16,531498;-47,803051;"SPRF-DF";"DEL01-DF";"UOP02-DEL01-DF"
751338;2026-02-10;"terça-feira";"08:30:00";"MG";262;441;"NOVA SERRANA";"Chuva";"Queda de ocupante de veículo";"Com Vítimas Feridas";"Pleno dia";"Decrescente";"Chuva";"Simples";"Reta";"Sim";1;0;1;0;0;0;1;1;-19,86057486;-45,00575066;"SPRF-MG";"DEL08-MG";"UOP03-DEL08-MG"
751339;2026-02-10;"terça-feira";"07:10:00";"RO";319;143;"PORTO VELHO";"Reação tardia ou ineficiente do condutor";"Colisão lateral mesmo sentido";"Com Vítimas Feridas";"Pleno dia";"Crescente";"Garoa/Chuvisco";"Dupla";"Interseção de Vias";"Sim";2;0;0;1;1;0;1;2;-8,75868958;-63,88602787;"SPRF-RO";"DEL01-RO";"UOP01-DEL01-RO"
751340;2026-02-10;"terça-feira";"09:20:00";"BA";324;623;"SALVADOR";"Manobra de mudança de faixa";"Colisão lateral mesmo sentido";"Com Vítimas Feridas";"Pleno dia";"Crescente";"Céu Claro";"Dupla";"Reta";"Sim";3;0;2;0;1;0;2;3;-12,9399457;-38,47141743;"SPRF-BA";"DEL01-BA";"UOP01-DEL01-BA"
751342;2026-01-25;"domingo";"17:00:00";"MG";381;727;"CARMO DA CACHOEIRA";"Ausência de reação do condutor";"Saída de leito carroçável";"Com Vítimas Feridas";"Pleno dia";"Crescente";"Nublado";"Dupla";"Curva;Aclive";"Não";1;0;1;0;0;0;1;1;-21,51583943;-45,22069256;"SPRF-MG";"DEL04-MG";"UOP02-DEL04-MG"
751343;2026-02-10;"terça-feira";"08:30:00";"SC";101;203;"SAO JOSE";"Reação tardia ou ineficiente do condutor";"Colisão lateral mesmo sentido";"Com Vítimas Feridas";"Pleno dia";"Decrescente";"Céu Claro";"Múltipla";"Curva;Viaduto";"Sim";3;0;0;1;2;0;1;3;-27,56112373;-48,61656038;"SPRF-SC";"DEL01-SC";"UOP01-DEL01-SC"
751344;2026-02-10;"terça-feira";"08:50:00";"SC";101;139,7;"BALNEARIO CAMBORIU";"Reação tardia ou ineficiente do condutor";"Tombamento";"Com Vítimas Feridas";"Pleno dia";"Crescente";"Céu Claro";"Dupla";"Reta";"Não";1;0;1;0;0;0;1;1;-27,03437;-48,60095;"SPRF-SC";"DEL04-SC";"UOP03-DEL04-SC"
751345;2026-02-10;"terça-feira";"06:10:00";"RJ";40;110;"DUQUE DE CAXIAS";"Reação tardia ou ineficiente do condutor";"Queda de ocupante de veículo";"Com Vítimas Feridas";"Pleno dia";"Crescente";"Nublado";"Múltipla";"Reta";"Sim";1;0;1;0;0;0;1;1;-22,683847;-43,285434;"SPRF-RJ";"DEL01-RJ";"UOP02-DEL01-RJ"
751346;2026-02-10;"terça-feira";"08:10:00";"RS";116;266;"CANOAS";"Manobra de mudança de faixa";"Colisão lateral mesmo sentido";"Com Vítimas Feridas";"Pleno dia";"Crescente";"Céu Claro";"Múltipla";"Reta";"Sim";2;0;1;0;1;0;1;2;-29,93231354;-51,17756955;"SPRF-RS";"DEL01-RS";"UOP01-DEL01-RS"
751347;2026-02-10;"terça-feira";"07:00:00";"MT";70;522;"VARZEA GRANDE";"Transitar no Acostamento";"Colisão transversal";"Com Vítimas Feridas";"Pleno dia";"Crescente";"Céu Claro";"Simples";"Reta";"Sim";2;0;0;1;1;0;1;2;-15,6627;-56,18534;"SPRF-MT";"DEL01-MT";"UOP02-DEL01-MT"
751348;2026-02-10;"terça-feira";"09:50:00";"SC";282;212;"LAGES";"Condutor Dormindo";"Saída de leito carroçável";"Com Vítimas Feridas";"Pleno dia";"Crescente";"Céu Claro";"Simples";"Reta";"Não";2;0;1;0;1;0;1;1;-27,7820879;-50,2505854;"SPRF-SC";"DEL05-SC";"UOP01-DEL05-SC"
751354;2026-02-10;"terça-feira";"10:15:00";"SC";101;216;"PALHOCA";"Manobra de mudança de faixa";"Colisão lateral mesmo sentido";"Com Vítimas Feridas";"Pleno dia";"Crescente";"Céu Claro";"Múltipla";"Reta";"Sim";3;0;2;0;1;0;2;2;-27,6599;-48,6777;"SPRF-SC";"DEL01-SC";"UOP02-DEL01-SC"
751357;2026-02-10;"terça-feira";"06:59:00";"RS";116;241;"NOVO HAMBURGO";"Demais falhas mecânicas ou elétricas";"Tombamento";"Com Vítimas Feridas";"Pleno dia";"Decrescente";"Céu Claro";"Dupla";"Reta";"Sim";1;0;1;0;0;0;1;1;-29,7153439;-51,1478477;"SPRF-RS";"DEL01-RS";"UOP02-DEL01-RS"
751359;2026-02-10;"terça-feira";"11:45:00";"RS";290;393;"SANTA MARGARIDA DO SUL";"Acessar a via sem observar a presença dos outros veículos";"Colisão transversal";"Com Vítimas Feridas";"Pleno dia";"Crescente";"Céu Claro";"Simples";"Reta";"Não";3;0;2;0;1;0;2;2;-30,34212919;-54,09395155;"SPRF-RS";"DEL09-RS";"UOP02-DEL09-RS"
751360;2026-02-10;"terça-feira";"11:40:00";"SC";101;210;"SAO JOSE";"Acessar a via sem observar a presença dos outros veículos";"Colisão lateral mesmo sentido";"Com Vítimas Feridas";"Pleno dia";"Decrescente";"Céu Claro";"Dupla";"Reta";"Sim";2;0;1;0;1;0;1;2;-27,61657963;-48,64508836;"SPRF-SC";"DEL01-SC";"UOP01-DEL01-SC"
751362;2026-02-10;"terça-feira";"11:10:00";"MG";40;512,8;"RIBEIRAO DAS NEVES";"Ausência de reação do condutor";"Colisão traseira";"Com Vítimas Feridas";"Pleno dia";"Crescente";"Nublado";"Dupla";"Reta;Aclive";"Sim";2;0;1;0;1;0;1;2;-19,80932408;-44,09499519;"SPRF-MG";"DEL01-MG";"UOP02-DEL01-MG"
751363;2026-02-10;"terça-feira";"11:20:00";"PA";316;61;"CASTANHAL";"Acessar a via sem observar a presença dos outros veículos";"Colisão transversal";"Com Vítimas Feridas";"Pleno dia";"Decrescente";"Céu Claro";"Dupla";"Reta";"Sim";3;0;0;1;2;0;1;2;-1,297115;-47,945263;"SPRF-PA";"DEL01-PA";"UOP01-DEL01-PA"
751364;2026-02-10;"terça-feira";"12:00:00";"SC";101;46;"JOINVILLE";"Reação tardia ou ineficiente do condutor";"Queda de ocupante de veículo";"Com Vítimas Feridas";"Pleno dia";"Decrescente";"Céu Claro";"Dupla";"Reta";"Não";1;0;1;0;0;0;1;1;-26,35458841;-48,85863511;"SPRF-SC";"DEL03-SC";"UOP01-DEL03-SC"
751367;2026-02-10;"terça-feira";"11:40:00";"RN";101;95,5;"NATAL";"Ausência de reação do condutor";"Colisão traseira";"Com Vítimas Feridas";"Pleno dia";"Crescente";"Sol";"Simples";"Declive";"Sim";2;0;1;0;1;0;1;2;-5,84438695;-35,20910947;"SPRF-RN";"DEL01-RN";"UOP01-DEL01-RN"
751368;2026-02-10;"terça-feira";"11:00:00";"PE";232;70;"GRAVATA";"Condutor deixou de manter distância do veículo da frente";"Colisão traseira";"Com Vítimas Feridas";"Pleno dia";"Crescente";"Nublado";"Dupla";"Reta";"Não";2;0;1;0;1;0;1;2;-8,19476014;-35,5173893;"SPRF-PE";"DEL02-PE";"UOP02-DEL02PE"
751371;2026-02-10;"terça-feira";"12:19:00";"PE";423;26,3;"SAO CAITANO";"Ausência de reação do condutor";"Engavetamento";"Com Vítimas Feridas";"Pleno dia";"Decrescente";"Céu Claro";"Simples";"Reta";"Não";6;0;1;0;5;0;1;5;-8,385874;-36,175588;"SPRF-PE";"DEL03-PE";"UOP02-DEL03-PE"