"id";"data_inversa";"dia_semana";"horario";"uf";"br";"km";"municipio";"causa_acidente";"tipo_acidente";"classificacao_acidente";"fase_dia";"sentido_via";"condicao_metereologica";"tipo_pista";"tracado_via";"uso_solo";"pessoas";"mortos";"feridos_leves";"feridos_graves";"ilesos";"ignorados";"feridos";"veiculos";"latitude";"longitude";"regional";"delegacia";"uop"
751829;2026-02-12;"quinta-feira";"17:30:00";"MG";40;548;"NOVA LIMA";"Reação tardia ou ineficiente do condutor";"Colisão traseira";"Com Vítimas Feridas";"Pleno dia";"Decrescente";"Céu Claro";"Dupla";"Reta;Declive";"Não";2;0;0;1;1;0;1;2;-20,0289779;-43,96968238;"SPRF-MG";"DEL01-MG";"UOP02-DEL01-MG"
751830;2026-02-12;"quinta-feira";"17:30:00";"MG";116;425;"ALPERCATA";"Demais falhas mecânicas ou elétricas";"Queda de ocupante de veículo";"Com Vítimas Feridas";"Pleno dia";"Crescente";"Céu Claro";"Simples";"Curva";"Não";2;0;1;0;1;0;1;1;-18,96636942;-41,97250382;"SPRF-MG";"DEL06-MG";"UOP01-DEL06-MG"
751833;2026-02-12;"quinta-feira";"11:03:00";"BA";324;550;"AMELIA RODRIGUES";"Condutor Dormindo";"Capotamento";"Com Vítimas Feridas";"Pleno dia";"Decrescente";"Céu Claro";"Dupla";"Reta";"Não";2;0;2;0;0;0;2;1;-12,445393;-38,7165383;"SPRF-BA";"DEL11-BA";"UOP02-DEL11-BA"
751834;2026-02-12;"quinta-feira";"17:22:00";"GO";153;387;"SAO FRANCISCO DE GOIAS";"Chuva";"Colisão traseira";"Com Vítimas Feridas";"Pleno dia";"Crescente";"Chuva";"Simples";"Reta";"Não";3;0;1;0;2;0;1;2;-15,99836662;-49,14340205;"SPRF-GO";"DEL02-GO";"UOP02-DEL02-GO"
751835;2026-02-12;"quinta-feira";"18:25:00";"SP";116;120;"TAUBATE";"Demais falhas mecânicas ou elétricas";"Tombamento";"Com Vítimas Feridas";"Anoitecer";"Decrescente";"Nublado";"Dupla";"Reta";"Sim";1;0;1;0;0;0;1;1;-23,06925533;-45,63765526;"SPRF-SP";"DEL02-SP";"UOP02-DEL02-SP"
751837;2026-02-12;"quinta-feira";"17:50:00";"RS";116;231,2;"ESTANCIA VELHA";"Conversão proibida";"Colisão transversal";"Com Vítimas Feridas";"Anoitecer";"Crescente";"Chuva";"Dupla";"Reta";"Sim";2;0;0;1;1;0;1;2;-29,62744839;-51,13870589;"SPRF-RS";"DEL01-RS";"UOP02-DEL01-RS"
751839;2026-02-12;"quinta-feira";"12:40:00";"MT";364;494;"JANGADA";"Acessar a via sem observar a presença dos outros veículos";"Colisão transversal";"Sem Vítimas";"Pleno dia";"Decrescente";"Céu Claro";"Simples";"Reta";"Não";2;0;0;0;2;0;0;2;-15,239813;-56,48652;"SPRF-MT";"DEL01-MT";"UOP01-DEL01-MT"
751840;2026-02-12;"quinta-feira";"17:30:00";"DF";20;25;"BRASILIA";"Ausência de reação do condutor";"Saída de leito carroçável";"Com Vítimas Fatais";"Pleno dia";"Crescente";"Céu Claro";"Dupla";"Reta";"Não";2;1;0;0;0;1;0;2;-15,59609;-47,64214;"SPRF-DF";"DEL02-DF";"UOP01-DEL02-DF"
751841;2026-02-12;"quinta-feira";"17:30:00";"SC";470;57;"BLUMENAU";"Desrespeitar a preferência no cruzamento";"Colisão transversal";"Com Vítimas Feridas";"Pleno dia";"Crescente";"Céu Claro";"Simples";"Rotatória";"Sim";3;0;1;0;2;0;1;2;-26,88242;-49,1413;"SPRF-SC";"DEL04-SC";"UOP01-DEL04-SC"
751843;2026-02-12;"quinta-feira";"18:30:00";"SC";101;17,2;"PALHOCA";"Acessar a via sem observar a presença dos outros veículos";"Colisão transversal";"Com Vítimas Feridas";"Pleno dia";"Crescente";"Céu Claro";"Simples";"Reta;Interseção de Vias";"Sim";2;0;1;1;0;0;2;2;-27,66750268;-48,68966998;"SPRF-SC";"DEL03-SC";"UOP01-DEL03-SC"
751845;2026-02-12;"quinta-feira";"19:00:00";"PE";104;67,8;"CARUARU";"Reação tardia ou ineficiente do condutor";"Colisão lateral mesmo sentido";"Com Vítimas Feridas";"Plena Noite";"Crescente";"Céu Claro";"Dupla";"Reta;Viaduto;Interseção de Vias";"Não";4;0;2;0;2;0;2;2;-8,30106;-35,9887;"SPRF-PE";"DEL02-PE";"UOP01-DEL02-PE"
751846;2026-02-12;"quinta-feira";"18:10:00";"PB";230;15,2;"CABEDELO";"Ausência de reação do condutor";"Colisão traseira";"Com Vítimas Feridas";"Plena Noite";"Decrescente";"Céu Claro";"Dupla";"Ponte;Declive";"Sim";2;0;0;2;0;0;2;2;-7,09855681;-34,84761953;"SPRF-PB";"DEL01-PB";"UOP01-DEL01-PB"
751847;2026-02-12;"quinta-feira";"19:30:00";"SC";280;23,9;"ARAQUARI";"Acessar a via sem observar a presença dos outros veículos";"Colisão transversal";"Com Vítimas Feridas";"Plena Noite";"Crescente";"Céu Claro";"Simples";"Reta";"Sim";3;0;1;1;1;0;2;2;-26,38140618;-48,72409309;"SPRF-SC";"DEL03-SC";"UOP03-DEL03-SC"
751848;2026-02-12;"quinta-feira";"19:45:00";"PB";230;11,1;"JOAO PESSOA";"Demais falhas na via";"Saída de leito carroçável";"Com Vítimas Feridas";"Plena Noite";"Decrescente";"Céu Claro";"Dupla";"Reta";"Sim";1;0;0;1;0;0;1;1;-7,16439813;-34,86305797;"SPRF-PB";"DEL01-PB";"UOP01-DEL01-PB"
751853;2026-02-12;"quinta-feira";"17:00:00";"RJ";101;303;"SAO GONCALO";"Reação tardia ou ineficiente do condutor";"Colisão traseira";"Com Vítimas Feridas";"Pleno dia";"Decrescente";"Céu Claro";"Dupla";"Reta";"Não";3;0;1;0;2;0;1;2;-22,7821292;-42,97396367;"SPRF-RJ";"DEL02-RJ";"UOP02-DEL02-RJ"
751857;2026-02-12;"quinta-feira";"20:15:00";"SP";101;50;"UBATUBA";"Acessar a via sem observar a presença dos outros veículos";"Colisão transversal";"Com Vítimas Feridas";"Plena Noite";"Crescente";"Céu Claro";"Simples";"Reta";"Sim";2;0;1;0;1;0;1;2;-23,45155338;-45,07591247;"SPRF-SP";"DEL06-SP";"UOP01-DEL06-SP"
751858;2026-02-12;"quinta-feira";"20:00:00";"MG";40;522;"CONTAGEM";"Ausência de reação do condutor";"Atropelamento de Pedestre";"Com Vítimas Feridas";"Plena Noite";"Decrescente";"Nublado";"Dupla";"Reta";"Sim";3;0;2;1;0;0;3;2;-19,9650847;-44,05509864;"SPRF-MG";"DEL01-MG";"UOP02-DEL01-MG"
751859;2026-02-12;"quinta-feira";"17:10:00";"BA";415;27,3;"ILHEUS";"Avarias e/ou desgaste excessivo no pneu";"Saída de leito carroçável";"Com Vítimas Feridas";"Pleno dia";"Crescente";"Garoa/Chuvisco";"Dupla";"Curva";"Não";3;0;0;1;2;0;1;2;-14,794562;-39,204953;"SPRF-BA";"DEL05-BA";"UOP01-DEL05-BA"
751862;2026-02-12;"quinta-feira";"14:30:00";"GO";153;284;"NOVA GLORIA";"Ausência de reação do condutor";"Colisão traseira";"Com Vítimas Feridas";"Pleno dia";"Crescente";"Céu Claro";"Simples";"Declive;Reta";"Não";3;0;2;0;1;0;2;2;-15,17917498;-49,54507828;"SPRF-GO";"DEL07-GO";"UOP02-DEL07-GO"
751863;2026-02-12;"quinta-feira";"10:15:00";"SC";280;27;"ARAQUARI";"Trafegar com motocicleta (ou similar) entre as faixas";"Colisão transversal";"Com Vítimas Feridas";"Pleno dia";"Decrescente";"Céu Claro";"Simples";"Reta";"Não";2;0;0;1;1;0;1;2;-26,39807271;-48,74104707;"SPRF-SC";"DEL03-SC";"UOP03-DEL03-SC"
751864;2026-02-12;"quinta-feira";"20:05:00";"PR";277;253,6;"IRATI";"Velocidade Incompatível";"Saída de leito carroçável";"Com Vítimas Fatais";"Plena Noite";"Crescente";"Chuva";"Simples";"Curva";"Não";22;1;15;6;0;0;21;1;-25,443956;-50,681847;"SPRF-PR";"DEL08-PR";"UOP02-DEL08-PR"
751865;2026-02-12;"quinta-feira";"18:40:00";"RR";432;197;"CANTA";"Pedestre andava na pista";"Atropelamento de Pedestre";"Com Vítimas Feridas";"Anoitecer";"Decrescente";"Céu Claro";"Simples";"Reta";"Não";3;0;0;1;2;0;1;2;2,60385006;-60,60002804;"SPRF-RR";"DEL01-RR";"UOP01-DEL01-RR"
751866;2026-02-12;"quinta-feira";"17:50:00";"RJ";101;320;"NITEROI";"Ausência de reação do condutor";"Colisão traseira";"Com Vítimas Feridas";"Anoitecer";"Decrescente";"Céu Claro";"Dupla";"Reta";"Sim";3;0;1;0;2;0;1;2;-22,86288913;-43,10760498;"SPRF-RJ";"DEL02-RJ";"UOP01-DEL02-RJ"
751867;2026-02-12;"quinta-feira";"20:35:00";"RS";472;176,3;"SANTA ROSA";"Transitar na contramão";"Colisão lateral sentido oposto";"Com Vítimas Feridas";"Plena Noite";"Decrescente";"Céu Claro";"Simples";"Reta";"Não";2;0;0;1;1;0;1;2;-27,85416904;-54,52512503;"SPRF-RS";"DEL10-RS";"UOP01-DEL10-RS"
751868;2026-02-12;"quinta-feira";"19:50:00";"MG";40;57;"PARACATU";"Reação tardia ou ineficiente do condutor";"Saída de leito carroçável";"Com Vítimas Feridas";"Plena Noite";"Decrescente";"Céu Claro";"Simples";"Reta";"Sim";4;0;1;0;3;0;1;1;-17,296;-46,773;"SPRF-MG";"DEL14-MG";"UOP01-DEL14-MG"
751869;2026-02-12;"quinta-feira";"19:00:00";"GO";452;1,5;"RIO VERDE";"Ausência de reação do condutor";"Queda de ocupante de veículo";"Com Vítimas Feridas";"Plena Noite";"Crescente";"Céu Claro";"Dupla";"Reta";"Sim";1;0;1;0;0;0;1;1;-17,79414616;-50,88904236;"SPRF-GO";"DEL04-GO";"UOP01-DEL04-GO"
751873;2026-02-12;"quinta-feira";"21:20:00";"PR";376;33,3;"NOVA LONDRINA";"Ausência de reação do condutor";"Colisão frontal";"Com Vítimas Fatais";"Plena Noite";"Decrescente";"Nublado";"Simples";"Reta";"Não";2;1;0;0;0;1;0;2;-22,78494575;-52,98826218;"SPRF-PR";"DEL09-PR";"UOP02-DEL09-PR"
751874;2026-01-08;"quinta-feira";"06:45:00";"SP";116;141,8;"SAO JOSE DOS CAMPOS";"Trafegar com motocicleta (ou similar) entre as faixas";"Colisão lateral mesmo sentido";"Com Vítimas Feridas";"Pleno dia";"Crescente";"Céu Claro";"Dupla";"Reta";"Sim";2;0;1;0;1;0;1;2;-23,17132489;-45,82415294;"SPRF-SP";"DEL02-SP";"UOP01-DEL02-SP"
751876;2026-02-12;"quinta-feira";"21:10:00";"SP";116;401;"MIRACATU";"Demais falhas mecânicas ou elétricas";"Incêndio";"Sem Vítimas";"Plena Noite";"Crescente";"Nublado";"Dupla";"Reta";"Não";1;0;0;0;1;0;0;1;-24,31047306;-47,51081491;"SPRF-SP";"DEL04-SP";"UOP02-DEL04-SP"
751877;2026-02-12;"quinta-feira";"22:04:00";"RN";101;96,2;"NATAL";"Reação tardia ou ineficiente do condutor";"Colisão com objeto";"Com Vítimas Feridas";"Plena Noite";"Crescente";"Céu Claro";"Simples";"Reta";"Sim";2;0;1;0;0;1;1;2;-5,8520538;-35,2105638;"SPRF-RN";"DEL01-RN";"UOP01-DEL01-RN"
751878;2026-02-12;"quinta-feira";"20:50:00";"DF";40;0,5;"BRASILIA";"Frear bruscamente";"Colisão traseira";"Com Vítimas Feridas";"Plena Noite";"Crescente";"Céu Claro";"Dupla";"Reta";"Sim";3;0;1;0;2;0;1;3;-15,9685006;-47,99134701;"SPRF-DF";"DEL01-DF";"UOP01-DEL01-DF"
751879;2026-02-12;"quinta-feira";"18:00:00";"SC";163;92,5;"GUARACIABA";"Reação tardia ou ineficiente do condutor";"Colisão traseira";"Com Vítimas Feridas";"Pleno dia";"Crescente";"Céu Claro";"Simples";"Curva";"Não";5;0;0;1;3;1;1;3;-26,54829052;-53,51947486;"SPRF-SC";"DEL07-SC";"UOP03-DEL07-SC"
751880;2026-02-12;"quinta-feira";"20:20:00";"RJ";116;248;"PIRAI";"Pista esburacada";"Queda de ocupante de veículo";"Com Vítimas Feridas";"Plena Noite";"Decrescente";"Céu Claro";"Dupla";"Curva";"Não";2;0;1;0;1;0;1;1;-22,66670584;-43,84154422;"SPRF-RJ";"DEL07-RJ";"UOP01-DEL07-RJ"
751881;2026-02-12;"quinta-feira";"20:50:00";"BA";101;167;"CONCEICAO DO JACUIPE";"Pedestre - Ingestão de álcool/ substâncias psicoativas";"Atropelamento de Pedestre";"Com Vítimas Feridas";"Plena Noite";"Decrescente";"Céu Claro";"Dupla";"Curva;Interseção de Vias;Viaduto";"Não";2;0;1;0;0;1;1;2;-12,36231485;-38,82762551;"SPRF-BA";"DEL11-BA";"UOP02-DEL11-BA"
751882;2026-02-12;"quinta-feira";"23:08:00";"GO";153;442;"ANAPOLIS";"Reação tardia ou ineficiente do condutor";"Colisão traseira";"Com Vítimas Feridas";"Plena Noite";"Crescente";"Céu Claro";"Dupla";"Aclive;Reta";"Sim";3;0;2;0;1;0;2;3;-16,35088249;-48,92804146;"SPRF-GO";"DEL02-GO";"UOP01-DEL02-GO"
751884;2026-02-12;"quinta-feira";"23:00:00";"BA";135;187;"BARREIRAS";"Animais na Pista";"Atropelamento de Animal";"Com Vítimas Feridas";"Plena Noite";"Crescente";"Céu Claro";"Simples";"Reta";"Não";7;0;2;0;5;0;2;2;-12,21044195;-45,01682281;"SPRF-BA";"DEL10-BA";"UOP01-DEL10-BA"
751886;2026-02-12;"quinta-feira";"22:15:00";"SC";116;63,2;"PAPANDUVA";"Ultrapassagem Indevida";"Colisão frontal";"Com Vítimas Feridas";"Plena Noite";"Crescente";"Céu Claro";"Simples";"Reta";"Não";3;0;3;0;0;0;3;2;-26,408662;-50,226745;"SPRF-SC";"DEL06-SC";"UOP02-DEL06-SC"
751887;2026-02-12;"quinta-feira";"23:10:00";"SC";101;203,4;"SAO JOSE";"Manobra de mudança de faixa";"Queda de ocupante de veículo";"Com Vítimas Feridas";"Plena Noite";"Crescente";"Céu Claro";"Múltipla";"Reta";"Sim";2;0;2;0;0;0;2;1;-27,56893223;-48,61397473;"SPRF-SC";"DEL01-SC";"UOP01-DEL01-SC"
751888;2026-02-12;"quinta-feira";"21:00:00";"MG";262;435,7;"NOVA SERRANA";"Reação tardia ou ineficiente do condutor";"Colisão traseira";"Com Vítimas Feridas";"Plena Noite";"Crescente";"Céu Claro";"Dupla";"Reta";"Não";4;0;2;0;2;0;2;2;-19,87535117;-44,9504292;"SPRF-MG";"DEL08-MG";"UOP03-DEL08-MG"
751891;2026-02-12;"quinta-feira";"23:38:00";"RN";405;78;"APODI";"Ingestão de álcool pelo condutor";"Colisão frontal";"Com Vítimas Feridas";"Plena Noite";"Crescente";"Céu Claro";"Simples";"Reta";"Sim";4;0;1;0;3;0;1;2;-5,67291;-37,789058;"SPRF-RN";"DEL04-RN";"UOP02-DEL04-RN"
751892;2026-02-12;"quinta-feira";"20:45:00";"RJ";101;324;"NITEROI";"Condutor usando celular";"Engavetamento";"Com Vítimas Feridas";"Plena Noite";"Decrescente";"Céu Claro";"Múltipla";"Reta;Ponte";"Não";8;0;5;0;3;0;5;3;-22,87680783;-43,11893463;"SPRF-RJ";"DEL02-RJ";"UOP01-DEL02-RJ"
751894;2026-02-12;"quinta-feira";"23:50:00";"MG";40;702,3;"BARBACENA";"Entrada inopinada do pedestre";"Atropelamento de Pedestre";"Com Vítimas Feridas";"Plena Noite";"Decrescente";"Nublado";"Dupla";"Curva";"Sim";2;0;0;1;1;0;1;2;-21,21738062;-43,74652863;"SPRF-MG";"DEL05-MG";"UOP02-DEL05-MG"
751897;2026-02-13;"sexta-feira";"00:05:00";"RS";116;558,9;"PEDRO OSORIO";"Animais na Pista";"Atropelamento de Animal";"Com Vítimas Feridas";"Plena Noite";"Crescente";"Céu Claro";"Simples";"Reta";"Não";5;0;4;0;1;0;4;1;-31,91564074;-52,69104894;"SPRF-RS";"DEL07-RS";"UOP03-DEL07-RS"
751899;2026-02-12;"quinta-feira";"23:35:00";"BA";367;81;"EUNAPOLIS";"Transitar na contramão";"Colisão frontal";"Com Vítimas Feridas";"Plena Noite";"Decrescente";"Ignorado";"Simples";"Curva";"Não";4;0;3;0;0;1;3;2;-16,3680137;-39,5583626;"SPRF-BA";"DEL09-BA";"UOP03-DEL09-BA"
751901;2026-02-12;"quinta-feira";"23:35:00";"PB";230;125;"RIACHAO DO BACAMARTE";"Condutor deixou de manter distância do veículo da frente";"Colisão lateral mesmo sentido";"Com Vítimas Fatais";"Plena Noite";"Crescente";"Nublado";"Dupla";"Aclive";"Não";2;1;0;0;0;1;0;2;-7,254897;-35,689265;"SPRF-PB";"DEL02-PB";"UOP01-DEL02-PB"
751902;2026-02-13;"sexta-feira";"00:30:00";"PR";376;327;"ORTIGUEIRA";"Reação tardia ou ineficiente do condutor";"Tombamento";"Com Vítimas Feridas";"Plena Noite";"Crescente";"Nublado";"Dupla";"Reta";"Não";3;0;1;0;2;0;1;1;-24,09291;-51,04618;"SPRF-PR";"DEL07-PR";"UOP02-DEL07-PR"
751904;2026-02-12;"quinta-feira";"19:30:00";"PI";135;526;"GILBUES";"Animais na Pista";"Atropelamento de Animal";"Com Vítimas Feridas";"Plena Noite";"Crescente";"Céu Claro";"Simples";"Reta";"Não";1;0;0;1;0;0;1;1;-9,92771606;-45,33337493;"SPRF-PI";"DEL03-PI";"UOP02-DEL03-PI"
751905;2026-02-13;"sexta-feira";"00:30:00";"ES";101;294,7;"CARIACICA";"Pedestre cruzava a pista fora da faixa";"Atropelamento de Pedestre";"Com Vítimas Fatais";"Plena Noite";"Decrescente";"Céu Claro";"Dupla";"Reta;Declive";"Sim";2;1;0;0;0;1;0;2;-20,330786;-40,399296;"SPRF-ES";"DEL01-ES";"UOP01-DEL01-ES"
751906;2026-02-13;"sexta-feira";"00:05:00";"MT";70;357;"CAMPO VERDE";"Ausência de reação do condutor";"Saída de leito carroçável";"Sem Vítimas";"Plena Noite";"Crescente";"Chuva";"Simples";"Curva";"Não";1;0;0;0;0;1;0;1;-15,32624069;-54,9659729;"SPRF-MT";"DEL05-MT";"UOP02-DEL05-MT"
751909;2026-02-13;"sexta-feira";"02:00:00";"PR";116;92;"SAO JOSE DOS PINHAIS";"Velocidade Incompatível";"Saída de leito carroçável";"Com Vítimas Feridas";"Plena Noite";"Crescente";"Céu Claro";"Simples";"Curva";"Não";1;0;1;0;0;0;1;1;-25,51080854;-49,13083641;"SPRF-PR";"DEL01-PR";"UOP07-DEL01-PR"
751910;2026-02-12;"quinta-feira";"22:30:00";"SC";282;220;"LAGES";"Velocidade Incompatível";"Saída de leito carroçável";"Com Vítimas Feridas";"Plena Noite";"Crescente";"Nublado";"Simples";"Rotatória";"Sim";2;0;2;0;0;0;2;1;-27,79462938;-50,32815456;"SPRF-SC";"DEL05-SC";"UOP01-DEL05-SC"
751911;2026-02-13;"sexta-feira";"01:40:00";"CE";116;42,7;"HORIZONTE";"Acessar a via sem observar a presença dos outros veículos";"Colisão transversal";"Com Vítimas Feridas";"Plena Noite";"Decrescente";"Nublado";"Dupla";"Reta";"Sim";2;0;0;1;1;0;1;2;-4,1154176;-38,4889087;"SPRF-CE";"DEL01-CE";"UOP02-DEL01-CE"
751912;2026-02-13;"sexta-feira";"01:45:00";"PB";230;16;"JOAO PESSOA";"Ausência de reação do condutor";"Saída de leito carroçável";"Sem Vítimas";"Plena Noite";"Decrescente";"Céu Claro";"Dupla";"Curva";"Sim";1;0;0;0;0;1;0;1;-7,101128;-34,847507;"SPRF-PB";"DEL01-PB";"UOP01-DEL01-PB"
751913;2026-02-13;"sexta-feira";"02:10:00";"SC";101;216,3;"PALHOCA";"Ausência de reação do condutor";"Tombamento";"Com Vítimas Feridas";"Plena Noite";"Crescente";"Nublado";"Dupla";"Reta;Interseção de Vias";"Sim";1;0;1;0;0;0;1;1;-27,66394974;-48,67581574;"SPRF-SC";"DEL01-SC";"UOP02-DEL01-SC"
751917;2026-02-13;"sexta-feira";"03:10:00";"SC";280;116;"SAO BENTO DO SUL";"Pista Escorregadia";"Saída de leito carroçável";"Com Vítimas Feridas";"Plena Noite";"Decrescente";"Garoa/Chuvisco";"Simples";"Curva;Declive";"Não";1;0;1;0;0;0;1;1;-26,27812;-49,41979;"SPRF-SC";"DEL06-SC";"UOP03-DEL06-SC"
751918;2026-02-13;"sexta-feira";"03:15:00";"PR";376;180;"MARINGA";"Ingestão de álcool pelo condutor";"Saída de leito carroçável";"Sem Vítimas";"Plena Noite";"Crescente";"Céu Claro";"Dupla";"Reta;Aclive";"Sim";1;0;0;0;1;0;0;1;-23,422238;-51,903571;"SPRF-PR";"DEL09-PR";"UOP01-DEL09-PR"
751921;2026-02-13;"sexta-feira";"04:50:00";"MG";381;493;"BETIM";"Ausência de reação do condutor";"Tombamento";"Com Vítimas Feridas";"Amanhecer";"Crescente";"Céu Claro";"Dupla";"Reta";"Sim";1;0;1;0;0;0;1;1;-19,96385521;-44,16998434;"SPRF-MG";"DEL01-MG";"UOP03-DEL01-MG"
751922;2026-02-13;"sexta-feira";"05:20:00";"PE";101;5;"RECIFE";"Condutor deixou de manter distância do veículo da frente";"Engavetamento";"Sem Vítimas";"Amanhecer";"Decrescente";"Nublado";"Dupla";"Reta";"Não";3;0;0;0;3;0;0;3;-8,067367;-34,943773;"SPRF-PE";"DEL01-PE";"UOP02-DEL01-PE"
751928;2026-02-13;"sexta-feira";"06:30:00";"MG";50;172,5;"UBERABA";"Demais falhas mecânicas ou elétricas";"Tombamento";"Com Vítimas Feridas";"Pleno dia";"Decrescente";"Céu Claro";"Dupla";"Reta";"Sim";2;0;1;1;0;0;2;1;-19,69632834;-47,98856598;"SPRF-MG";"DEL13-MG";"UOP01-DEL13-MG"
751930;2026-02-13;"sexta-feira";"06:50:00";"RS";101;75;"OSORIO";"Manobra de mudança de faixa";"Colisão lateral mesmo sentido";"Com Vítimas Feridas";"Pleno dia";"Crescente";"Céu Claro";"Dupla";"Aclive;Reta";"Não";5;0;2;0;3;0;2;2;-29,7931;-50,23114;"SPRF-RS";"DEL03-RS";"UOP01-DEL03-RS"
751932;2026-02-13;"sexta-feira";"06:35:00";"SC";470;51,2;"BLUMENAU";"Acessar a via sem observar a presença dos outros veículos";"Atropelamento de Pedestre";"Com Vítimas Feridas";"Pleno dia";"Crescente";"Céu Claro";"Dupla";"Reta";"Não";2;0;1;0;1;0;1;2;-26,86283512;-49,08576457;"SPRF-SC";"DEL04-SC";"UOP01-DEL04-SC"
751933;2026-02-13;"sexta-feira";"03:30:00";"PE";232;30;"MORENO";"Ausência de reação do condutor";"Atropelamento de Pedestre";"Com Vítimas Fatais";"Plena Noite";"Crescente";"Nublado";"Dupla";"Curva;Aclive";"Não";2;1;0;0;0;1;0;2;-8,10982617;-35,15740798;"SPRF-PE";"DEL02-PE";"UOP02-DEL02PE"
751934;2026-02-12;"quinta-feira";"21:00:00";"AM";174;905,8;"MANAUS";"Pedestre - Ingestão de álcool/ substâncias psicoativas";"Atropelamento de Pedestre";"Com Vítimas Feridas";"Plena Noite";"Crescente";"Céu Claro";"Simples";"Reta;Declive";"Não";2;0;1;0;0;1;1;2;-2,795277;-60,037096;"SPRF-AM";"DEL01-AM";"UOP01-DEL01-AM"
751935;2026-02-13;"sexta-feira";"06:00:00";"PR";376;339,9;"ORTIGUEIRA";"Velocidade Incompatível";"Saída de leito carroçável";"Com Vítimas Feridas";"Amanhecer";"Crescente";"Nublado";"Simples";"Curva;Declive";"Não";1;0;1;0;0;0;1;1;-24,15692;-50,97419;"SPRF-PR";"DEL07-PR";"UOP02-DEL07-PR"
751936;2026-02-09;"segunda-feira";"10:20:00";"SC";101;213,3;"PALHOCA";"Acessar a via sem observar a presença dos outros veículos";"Colisão transversal";"Com Vítimas Feridas";"Pleno dia";"Decrescente";"Céu Claro";"Simples";"Interseção de Vias";"Sim";2;0;1;0;1;0;1;2;-27,639402;-48,666513;"SPRF-SC";"DEL01-SC";"UOP02-DEL01-SC"
751937;2026-02-13;"sexta-feira";"06:40:00";"SC";101;151;"ITAPEMA";"Demais falhas mecânicas ou elétricas";"Tombamento";"Com Vítimas Feridas";"Amanhecer";"Crescente";"Céu Claro";"Dupla";"Reta";"Sim";2;0;2;0;0;0;2;1;-27,13046944;-48,60984413;"SPRF-SC";"DEL04-SC";"UOP03-DEL04-SC"
751940;2026-02-13;"sexta-feira";"07:00:00";"RJ";101;425;"MANGARATIBA";"Ultrapassagem Indevida";"Colisão transversal";"Com Vítimas Feridas";"Pleno dia";"Decrescente";"Sol";"Simples";"Retorno Regulamentado;Reta";"Sim";2;0;1;1;0;0;2;2;-22,92948431;-43,97550344;"SPRF-RJ";"DEL03-RJ";"UOP02-DEL03-RJ"
751942;2026-02-13;"sexta-feira";"06:50:00";"SP";116;122;"CACAPAVA";"Trafegar com motocicleta (ou similar) entre as faixas";"Colisão lateral mesmo sentido";"Com Vítimas Feridas";"Pleno dia";"Crescente";"Céu Claro";"Dupla";"Reta";"Não";2;0;1;0;1;0;1;2;-23,07897623;-45,65742586;"SPRF-SP";"DEL02-SP";"UOP02-DEL02-SP"
751943;2026-02-13;"sexta-feira";"01:00:00";"PR";277;77;"SAO JOSE DOS PINHAIS";"Velocidade Incompatível";"Tombamento";"Com Vítimas Feridas";"Plena Noite";"Decrescente";"Nublado";"Dupla";"Reta";"Não";1;0;1;0;0;0;1;1;-25,48588087;-49,18505609;"SPRF-PR";"DEL01-PR";"UOP07-DEL01-PR"
751944;2026-02-13;"sexta-feira";"05:40:00";"PR";376;463,7;"PONTA GROSSA";"Ingestão de álcool pelo condutor";"Saída de leito carroçável";"Sem Vítimas";"Amanhecer";"Decrescente";"Céu Claro";"Dupla";"Curva";"Não";2;0;0;0;2;0;0;1;-25,02456778;-50,32032105;"SPRF-PR";"DEL03-PR";"UOP01-DEL03-PR"
751945;2026-02-13;"sexta-feira";"07:20:00";"RS";116;526,9;"PELOTAS";"Condutor deixou de manter distância do veículo da frente";"Colisão lateral mesmo sentido";"Com Vítimas Feridas";"Pleno dia";"Decrescente";"Céu Claro";"Simples";"Reta;Declive";"Sim";2;0;1;0;1;0;1;2;-31,748462;-52,412603;"SPRF-RS";"DEL07-RS";"UOP01-DEL07-RS"
751946;2026-02-13;"sexta-feira";"06:00:00";"RJ";493;101;"SEROPEDICA";"Ausência de reação do condutor";"Colisão lateral mesmo sentido";"Com Vítimas Feridas";"Pleno dia";"Decrescente";"Céu Claro";"Dupla";"Retorno Regulamentado;Reta";"Não";3;0;0;2;1;0;2;2;-22,8029034;-43,6421924;"SPRF-RJ";"DEL01-RJ";"UOP03-DEL01-RJ"
751947;2026-02-13;"sexta-feira";"07:50:00";"SC";101;211,4;"PALHOCA";"Manobra de mudança de faixa";"Colisão lateral mesmo sentido";"Com Vítimas Feridas";"Pleno dia";"Decrescente";"Céu Claro";"Múltipla";"Reta";"Não";2;0;0;1;1;0;1;2;-27,626352;-48,655187;"SPRF-SC";"DEL01-SC";"UOP02-DEL01-SC"
751954;2026-02-13;"sexta-feira";"08:00:00";"SP";381;38;"ATIBAIA";"Condutor deixou de manter distância do veículo da frente";"Colisão traseira";"Com Vítimas Feridas";"Pleno dia";"Decrescente";"Céu Claro";"Dupla";"Reta";"Sim";2;0;1;0;1;0;1;2;-23,19068675;-46,58467401;"SPRF-SP";"DEL03-SP";"UOP01-DEL03-SP"