"id";"data_inversa";"dia_semana";"horario";"uf";"br";"km";"municipio";"causa_acidente";"tipo_acidente";"classificacao_acidente";"fase_dia";"sentido_via";"condicao_metereologica";"tipo_pista";"tracado_via";"uso_solo";"pessoas";"mortos";"feridos_leves";"feridos_graves";"ilesos";"ignorados";"feridos";"veiculos";"latitude";"longitude";"regional";"delegacia";"uop"
751955;2026-02-13;"sexta-feira";"08:40:00";"ES";101;289;"CARIACICA";"Condutor deixou de manter distância do veículo da frente";"Engavetamento";"Com Vítimas Feridas";"Pleno dia";"Crescente";"Céu Claro";"Dupla";"Reta";"Sim";5;0;3;1;1;0;4;5;-20,280817;-40,393133;"SPRF-ES";"DEL01-ES";"UOP01-DEL01-ES"
751956;2026-02-13;"sexta-feira";"08:15:00";"SC";101;42,5;"JOINVILLE";"Trafegar com motocicleta (ou similar) entre as faixas";"Colisão lateral mesmo sentido";"Com Vítimas Feridas";"Pleno dia";"Crescente";"Céu Claro";"Dupla";"Reta";"Sim";2;0;1;0;1;0;1;2;-26,32845536;-48,86375276;"SPRF-SC";"DEL03-SC";"UOP01-DEL03-SC"
751961;2026-02-13;"sexta-feira";"08:10:00";"RJ";493;17;"GUAPIMIRIM";"Ausência de reação do condutor";"Tombamento";"Com Vítimas Feridas";"Pleno dia";"Crescente";"Céu Claro";"Simples";"Reta";"Sim";1;0;1;0;0;0;1;1;-22,66828687;-43,01089223;"SPRF-RJ";"DEL04-RJ";"UOP02-DEL04-RJ"
751962;2026-02-12;"quinta-feira";"22:30:00";"PE";232;116,7;"CARUARU";"Reação tardia ou ineficiente do condutor";"Saída de leito carroçável";"Com Vítimas Fatais";"Plena Noite";"Crescente";"Ignorado";"Dupla";"Reta";"Não";2;1;1;0;0;0;1;1;-8,295365;-35,8783;"SPRF-PE";"DEL02-PE";"UOP03-DEL02-PE"
751963;2026-02-13;"sexta-feira";"05:30:00";"RJ";40;124;"RIO DE JANEIRO";"Área urbana sem a presença de local apropriado para a travessia de pedestres";"Atropelamento de Pedestre";"Com Vítimas Feridas";"Pleno dia";"Crescente";"Céu Claro";"Múltipla";"Reta";"Sim";2;0;1;0;0;1;1;2;-22,81254324;-43,28805524;"SPRF-RJ";"DEL01-RJ";"UOP02-DEL01-RJ"
751964;2026-02-13;"sexta-feira";"08:00:00";"PR";116;106;"SAO JOSE DOS PINHAIS";"Reação tardia ou ineficiente do condutor";"Engavetamento";"Com Vítimas Feridas";"Pleno dia";"Decrescente";"Céu Claro";"Dupla";"Reta";"Não";3;0;1;0;2;0;1;3;-25,56913485;-49,22754161;"SPRF-PR";"DEL01-PR";"UOP03-DEL01-PR"
751967;2026-02-13;"sexta-feira";"09:00:00";"PR";376;4,4;"MANDAGUARI";"Acessar a via sem observar a presença dos outros veículos";"Colisão lateral mesmo sentido";"Com Vítimas Feridas";"Pleno dia";"Decrescente";"Nublado";"Simples";"Reta";"Sim";3;0;2;0;1;0;2;2;-23,5206609;-51,6799821;"SPRF-PR";"DEL09-PR";"UOP01-DEL09-PR"
751968;2026-02-13;"sexta-feira";"09:35:00";"MG";40;525,3;"CONTAGEM";"Condutor deixou de manter distância do veículo da frente";"Engavetamento";"Com Vítimas Feridas";"Pleno dia";"Decrescente";"Céu Claro";"Dupla";"Reta";"Sim";3;0;1;0;2;0;1;3;-19,89081719;-44,0499711;"SPRF-MG";"DEL01-MG";"UOP02-DEL01-MG"
751969;2026-02-13;"sexta-feira";"08:58:00";"CE";116;18;"ITAITINGA";"Condutor deixou de manter distância do veículo da frente";"Colisão traseira";"Com Vítimas Feridas";"Pleno dia";"Decrescente";"Céu Claro";"Múltipla";"Reta";"Sim";2;0;1;0;1;0;1;2;-3,90959274;-38,50632571;"SPRF-CE";"DEL01-CE";"UOP02-DEL01-CE"
751970;2026-02-13;"sexta-feira";"08:30:00";"PR";376;281;"MARILANDIA DO SUL";"Reação tardia ou ineficiente do condutor";"Saída de leito carroçável";"Com Vítimas Feridas";"Pleno dia";"Decrescente";"Chuva";"Dupla";"Curva";"Não";2;0;2;0;0;0;2;1;-23,84564989;-51,25632763;"SPRF-PR";"DEL07-PR";"UOP02-DEL07-PR"
751971;2026-02-13;"sexta-feira";"09:10:00";"RJ";101;321;"NITEROI";"Demais falhas mecânicas ou elétricas";"Tombamento";"Com Vítimas Feridas";"Pleno dia";"Crescente";"Céu Claro";"Dupla";"Reta;Ponte";"Sim";2;0;1;1;0;0;2;1;-22,8731513;-43,11018284;"SPRF-RJ";"DEL02-RJ";"UOP01-DEL02-RJ"
751974;2026-02-13;"sexta-feira";"08:50:00";"RS";116;153;"CAXIAS DO SUL";"Condutor deixou de manter distância do veículo da frente";"Colisão traseira";"Com Vítimas Feridas";"Pleno dia";"Decrescente";"Céu Claro";"Dupla";"Reta";"Sim";3;0;1;0;1;1;1;3;-29,17848194;-51,18447511;"SPRF-RS";"DEL05-RS";"UOP01-DEL05-RS"
751975;2026-02-13;"sexta-feira";"08:20:00";"MG";50;177,5;"UBERABA";"Ausência de reação do condutor";"Queda de ocupante de veículo";"Com Vítimas Feridas";"Pleno dia";"Crescente";"Céu Claro";"Dupla";"Retorno Regulamentado";"Sim";1;0;1;0;0;0;1;1;-19,780015;-47,944509;"SPRF-MG";"DEL13-MG";"UOP01-DEL13-MG"
751976;2026-02-13;"sexta-feira";"08:50:00";"PR";369;158,3;"CAMBE";"Manobra de mudança de faixa";"Colisão lateral mesmo sentido";"Com Vítimas Feridas";"Pleno dia";"Crescente";"Nublado";"Dupla";"Reta";"Não";2;0;1;0;1;0;1;2;-23,2845439;-51,24190204;"SPRF-PR";"DEL07-PR";"UOP01-DEL07-PR"
751977;2026-02-13;"sexta-feira";"08:10:00";"PE";104;30,1;"TORITAMA";"Desrespeitar a preferência no cruzamento";"Colisão transversal";"Com Vítimas Feridas";"Pleno dia";"Crescente";"Sol";"Simples";"Rotatória;Interseção de Vias";"Sim";2;0;1;0;0;1;1;2;-8,01063055;-36,05759486;"SPRF-PE";"DEL02-PE";"UOP01-DEL02-PE"
751978;2026-02-13;"sexta-feira";"08:50:00";"MG";116;277;"TEOFILO OTONI";"Desrespeitar a preferência no cruzamento";"Colisão transversal";"Com Vítimas Feridas";"Pleno dia";"Crescente";"Chuva";"Simples";"Reta;Retorno Regulamentado";"Sim";2;0;0;1;1;0;1;2;-17,865032;-41,516195;"SPRF-MG";"DEL11-MG";"UOP01-DEL11-MG"
751979;2026-02-13;"sexta-feira";"09:59:00";"MG";40;526;"CONTAGEM";"Condutor deixou de manter distância do veículo da frente";"Colisão traseira";"Sem Vítimas";"Pleno dia";"Decrescente";"Céu Claro";"Dupla";"Reta";"Sim";2;0;0;0;2;0;0;2;-19,8934546;-44,04965877;"SPRF-MG";"DEL01-MG";"UOP02-DEL01-MG"
751980;2026-02-13;"sexta-feira";"08:40:00";"GO";40;95,3;"CRISTALINA";"Reação tardia ou ineficiente do condutor";"Colisão traseira";"Sem Vítimas";"Pleno dia";"Crescente";"Céu Claro";"Simples";"Reta";"Não";2;0;0;0;2;0;0;2;-16,751463;-47,60688;"SPRF-DF";"DEL01-DF";"UOP02-DEL01-DF"
751981;2026-02-13;"sexta-feira";"09:00:00";"RJ";101;286;"ITABORAI";"Condutor deixou de manter distância do veículo da frente";"Colisão traseira";"Com Vítimas Feridas";"Pleno dia";"Decrescente";"Céu Claro";"Dupla";"Reta";"Sim";3;0;1;0;2;0;1;2;-22,75419453;-42,8276485;"SPRF-RJ";"DEL02-RJ";"UOP02-DEL02-RJ"
751982;2026-02-13;"sexta-feira";"09:20:00";"SC";470;167;"POUSO REDONDO";"Retorno proibido";"Colisão transversal";"Com Vítimas Feridas";"Pleno dia";"Decrescente";"Céu Claro";"Dupla";"Reta";"Não";2;0;1;0;1;0;1;2;-27,26760444;-49,86927001;"SPRF-SC";"DEL04-SC";"UOP02-DEL04-SC"
751983;2026-02-13;"sexta-feira";"08:40:00";"ES";101;94;"JAGUARE";"Desrespeitar a preferência no cruzamento";"Colisão transversal";"Com Vítimas Feridas";"Pleno dia";"Crescente";"Sol";"Simples";"Interseção de Vias";"Sim";5;0;2;0;3;0;2;2;-18,93305448;-39,97305393;"SPRF-ES";"DEL04-ES";"UOP02-DEL04-ES"
751984;2026-02-13;"sexta-feira";"07:15:00";"RN";110;23,7;"MOSSORO";"Acessar a via sem observar a presença dos outros veículos";"Colisão transversal";"Com Vítimas Feridas";"Pleno dia";"Crescente";"Céu Claro";"Simples";"Reta";"Sim";2;0;1;0;1;0;1;2;-5,075675;-37,175003;"SPRF-RN";"DEL04-RN";"UOP01-DEL04-RN"
751985;2026-02-13;"sexta-feira";"09:11:00";"MS";60;426;"SIDROLANDIA";"Acessar a via sem observar a presença dos outros veículos";"Colisão lateral mesmo sentido";"Com Vítimas Feridas";"Pleno dia";"Crescente";"Nublado";"Dupla";"Reta;Interseção de Vias";"Não";2;0;1;0;1;0;1;2;-20,930488;-54,957877;"SPRF-MS";"DEL01-MS";"UOP04-DEL01-MS"
751989;2026-02-13;"sexta-feira";"09:45:00";"RJ";116;181;"NOVA IGUACU";"Condutor deixou de manter distância do veículo da frente";"Colisão traseira";"Com Vítimas Feridas";"Pleno dia";"Crescente";"Céu Claro";"Múltipla";"Reta";"Não";2;0;0;1;1;0;1;2;-22,7616535;-43,42249481;"SPRF-RJ";"DEL06-RJ";"UOP01-DEL06-RJ"
751991;2026-02-13;"sexta-feira";"09:50:00";"RS";285;567,2;"SAO LUIZ GONZAGA";"Desrespeitar a preferência no cruzamento";"Colisão transversal";"Com Vítimas Feridas";"Pleno dia";"Decrescente";"Céu Claro";"Simples";"Reta";"Sim";2;0;0;1;1;0;1;2;-28,419369;-54,950404;"SPRF-RS";"DEL12-RS";"UOP01-DEL12-RS"
751994;2026-02-13;"sexta-feira";"10:17:00";"PB";230;4,3;"CABEDELO";"Acessar a via sem observar a presença dos outros veículos";"Colisão transversal";"Com Vítimas Feridas";"Pleno dia";"Crescente";"Garoa/Chuvisco";"Dupla";"Reta";"Sim";2;0;1;0;1;0;1;2;-7,0057997;-34,8300063;"SPRF-PB";"DEL01-PB";"UOP01-DEL01-PB"
751995;2026-02-13;"sexta-feira";"10:30:00";"SP";381;52;"ATIBAIA";"Reação tardia ou ineficiente do condutor";"Colisão traseira";"Com Vítimas Feridas";"Pleno dia";"Decrescente";"Céu Claro";"Dupla";"Declive;Curva";"Não";2;0;1;0;1;0;1;2;-23,216919;-46,5937902;"SPRF-SP";"DEL03-SP";"UOP01-DEL03-SP"
751996;2026-02-13;"sexta-feira";"08:00:00";"SC";158;101,5;"CUNHA PORA";"Reação tardia ou ineficiente do condutor";"Atropelamento de Animal";"Com Vítimas Feridas";"Pleno dia";"Crescente";"Céu Claro";"Simples";"Curva";"Não";1;0;0;1;0;0;1;1;-26,83020689;-53,179962;"SPRF-SC";"DEL07-SC";"UOP02-DEL07-SC"
751997;2026-02-13;"sexta-feira";"10:20:00";"MG";40;549;"NOVA LIMA";"Ausência de reação do condutor";"Tombamento";"Com Vítimas Feridas";"Pleno dia";"Decrescente";"Nublado";"Dupla";"Curva;Aclive";"Não";1;0;1;0;0;0;1;1;-20,04905777;-43,96418667;"SPRF-MG";"DEL01-MG";"UOP02-DEL01-MG"
751998;2026-02-12;"quinta-feira";"11:30:00";"PE";101;70;"RECIFE";"Acessar a via sem observar a presença dos outros veículos";"Atropelamento de Pedestre";"Com Vítimas Feridas";"Pleno dia";"Crescente";"Nublado";"Múltipla";"Reta";"Sim";2;0;0;1;1;0;1;2;-8,07163;-34,942667;"SPRF-PE";"DEL01-PE";"UOP01-DEL01-PE"
751999;2026-02-13;"sexta-feira";"05:40:00";"BA";101;646,3;"BELMONTE";"Velocidade Incompatível";"Colisão frontal";"Com Vítimas Fatais";"Amanhecer";"Decrescente";"Nublado";"Simples";"Reta";"Não";5;3;1;1;0;0;2;2;-15,840933;-39,526184;"SPRF-BA";"DEL05-BA";"UOP02-DEL05-BA"
752000;2026-02-13;"sexta-feira";"09:45:00";"MS";163;499,8;"CAMPO GRANDE";"Chuva";"Colisão com objeto";"Com Vítimas Feridas";"Pleno dia";"Decrescente";"Chuva";"Simples";"Curva";"Não";2;0;2;0;0;0;2;1;-20,325179;-54,518163;"SPRF-MS";"DEL01-MS";"UOP02-DEL01-MS"
752004;2026-02-13;"sexta-feira";"11:10:00";"GO";153;575;"PROFESSOR JAMIL";"Ausência de reação do condutor";"Queda de ocupante de veículo";"Com Vítimas Feridas";"Pleno dia";"Crescente";"Céu Claro";"Dupla";"Curva";"Não";2;0;2;0;0;0;2;1;-17,30811;-49,23699;"SPRF-GO";"DEL03-GO";"UOP01-DEL03-GO"
752005;2026-02-13;"sexta-feira";"11:00:00";"PI";316;7,7;"TERESINA";"Estacionar ou parar em local proibido";"Colisão traseira";"Com Vítimas Feridas";"Pleno dia";"Crescente";"Céu Claro";"Múltipla";"Declive";"Sim";2;0;1;0;1;0;1;2;-5,167787;-42,768278;"SPRF-PI";"DEL01-PI";"UOP02-DEL01-PI"
752007;2026-02-13;"sexta-feira";"11:29:00";"SP";116;322;"JUQUITIBA";"Reação tardia ou ineficiente do condutor";"Saída de leito carroçável";"Com Vítimas Feridas";"Pleno dia";"Decrescente";"Céu Claro";"Dupla";"Reta";"Sim";1;0;0;1;0;0;1;1;-23,934952;-47,031675;"SPRF-SP";"DEL04-SP";"UOP03-DEL04-SP"
752009;2026-02-13;"sexta-feira";"11:45:00";"PE";232;6,5;"RECIFE";"Ausência de reação do condutor";"Colisão traseira";"Com Vítimas Feridas";"Pleno dia";"Decrescente";"Chuva";"Dupla";"Reta";"Sim";3;0;1;0;2;0;1;2;-8,07213;-34,957413;"SPRF-PE";"DEL01-PE";"UOP01-DEL01-PE"
752010;2026-02-13;"sexta-feira";"11:30:00";"BA";324;540;"AMELIA RODRIGUES";"Entrada inopinada do pedestre";"Atropelamento de Pedestre";"Com Vítimas Feridas";"Pleno dia";"Crescente";"Céu Claro";"Dupla";"Declive";"Não";2;0;0;1;0;1;1;2;-12,3946196;-38,7729718;"SPRF-BA";"DEL11-BA";"UOP02-DEL11-BA"
752012;2026-02-13;"sexta-feira";"12:35:00";"CE";222;310;"TIANGUA";"Ingestão de álcool pelo condutor";"Colisão transversal";"Com Vítimas Feridas";"Pleno dia";"Decrescente";"Nublado";"Múltipla";"Interseção de Vias";"Sim";4;0;0;1;2;1;1;4;-3,70300331;-40,97598759;"SPRF-CE";"DEL04-CE";"UOP02-DEL04-CE"
752013;2026-02-13;"sexta-feira";"12:45:00";"RJ";116;182;"NOVA IGUACU";"Ausência de reação do condutor";"Colisão frontal";"Sem Vítimas";"Pleno dia";"Crescente";"Céu Claro";"Simples";"Reta;Em Obras";"Sim";3;0;0;0;2;1;0;2;-22,75391673;-43,43497245;"SPRF-RJ";"DEL06-RJ";"UOP01-DEL06-RJ"
752014;2026-02-13;"sexta-feira";"07:20:00";"RS";293;251;"DOM PEDRITO";"Acessar a via sem observar a presença dos outros veículos";"Colisão transversal";"Com Vítimas Feridas";"Pleno dia";"Crescente";"Céu Claro";"Simples";"Reta;Interseção de Vias";"Sim";2;0;0;1;1;0;1;2;-30,96764658;-54,66262506;"SPRF-RS";"DEL11-RS";"UOP01-DEL11-RS"
752016;2026-02-13;"sexta-feira";"12:25:00";"RS";116;252,3;"SAPUCAIA DO SUL";"Ultrapassagem Indevida";"Colisão lateral mesmo sentido";"Com Vítimas Feridas";"Pleno dia";"Decrescente";"Céu Claro";"Simples";"Reta;Em Obras";"Sim";3;0;1;1;1;0;2;2;-29,80831779;-51,16713881;"SPRF-RS";"DEL01-RS";"UOP02-DEL01-RS"
752020;2026-02-09;"segunda-feira";"14:00:00";"SC";0;0;"SAO JOSE";"Deficiência do Sistema de Iluminação/Sinalização";"Colisão com objeto";"Sem Vítimas";"Pleno dia";"Não Informado";"Sol";"Simples";"Declive;Interseção de Vias";"Não";2;0;0;0;2;0;0;1;-27,57444442;-48,6129216;"SPRF-SC";"DEL01-SC";"UOP01-DEL01-SC"
752021;2026-02-13;"sexta-feira";"12:30:00";"PE";101;51,6;"ABREU E LIMA";"Acessar a via sem observar a presença dos outros veículos";"Colisão transversal";"Com Vítimas Feridas";"Pleno dia";"Crescente";"Garoa/Chuvisco";"Múltipla";"Reta";"Sim";2;0;1;0;1;0;1;2;-7,914563;-34,89885;"SPRF-PE";"DEL01-PE";"UOP02-DEL01-PE"
752022;2026-02-06;"sexta-feira";"18:30:00";"RJ";101;457;"ANGRA DOS REIS";"Velocidade Incompatível";"Colisão frontal";"Com Vítimas Feridas";"Plena Noite";"Decrescente";"Chuva";"Simples";"Reta";"Não";5;0;4;0;1;0;4;2;-23,03141588;-44,17687867;"SPRF-RJ";"DEL03-RJ";"UOP03-DEL03-RJ"
752024;2026-02-13;"sexta-feira";"12:30:00";"RJ";101;576;"PARATY";"Ausência de reação do condutor";"Colisão transversal";"Com Vítimas Feridas";"Pleno dia";"Decrescente";"Sol";"Simples";"Reta";"Sim";3;0;0;2;1;0;2;2;-23,22756458;-44,72733663;"SPRF-RJ";"DEL03-RJ";"UOP04-DEL03-RJ"
752026;2026-02-13;"sexta-feira";"13:36:00";"CE";116;491;"MILAGRES";"Desrespeitar a preferência no cruzamento";"Colisão transversal";"Com Vítimas Feridas";"Pleno dia";"Crescente";"Sol";"Dupla";"Interseção de Vias";"Não";3;0;0;2;0;1;2;2;-7,395723;-38,961445;"SPRF-CE";"DEL05-CE";"UOP03-DEL05-CE"
752031;2026-02-13;"sexta-feira";"13:15:00";"PB";230;260;"JUNCO DO SERIDO";"Acesso irregular";"Colisão frontal";"Com Vítimas Feridas";"Pleno dia";"Crescente";"Céu Claro";"Simples";"Reta";"Sim";2;0;2;0;0;0;2;2;-6,992068;-36,714368;"SPRF-PB";"DEL03-PB";"UOP01-DEL03-PB"
752032;2026-02-13;"sexta-feira";"07:15:00";"RN";406;161,4;"SAO GONCALO DO AMARANTE";"Avarias e/ou desgaste excessivo no pneu";"Queda de ocupante de veículo";"Com Vítimas Feridas";"Pleno dia";"Crescente";"Céu Claro";"Simples";"Curva";"Não";4;0;2;1;0;1;3;3;-5,73910379;-35,35228729;"SPRF-RN";"DEL02-RN";"UOP01-DEL02-RN"
752033;2026-02-13;"sexta-feira";"10:15:00";"MG";262;37,1;"MANHUACU";"Conversão proibida";"Colisão transversal";"Com Vítimas Feridas";"Pleno dia";"Decrescente";"Céu Claro";"Simples";"Reta";"Sim";2;0;1;0;1;0;1;2;-20,27136649;-42,03940666;"SPRF-MG";"DEL06-MG";"UOP03-DEL06-MG"
752034;2026-02-13;"sexta-feira";"14:40:00";"PB";101;40,3;"MAMANGUAPE";"Pedestre andava na pista";"Atropelamento de Pedestre";"Com Vítimas Feridas";"Pleno dia";"Crescente";"Nublado";"Dupla";"Reta";"Sim";2;0;0;1;1;0;1;2;-6,84103476;-35,13625102;"SPRF-PB";"DEL01-PB";"UOP03-DEL01-PB"
752036;2026-02-13;"sexta-feira";"15:00:00";"SC";101;222,8;"PALHOCA";"Reação tardia ou ineficiente do condutor";"Colisão traseira";"Com Vítimas Feridas";"Pleno dia";"Decrescente";"Nublado";"Dupla";"Reta;Declive";"Não";3;0;1;0;2;0;1;2;-27,713423;-48,650146;"SPRF-SC";"DEL01-SC";"UOP02-DEL01-SC"
752037;2026-02-13;"sexta-feira";"14:30:00";"SC";282;0,4;"FLORIANOPOLIS";"Condutor deixou de manter distância do veículo da frente";"Colisão traseira";"Com Vítimas Feridas";"Pleno dia";"Decrescente";"Chuva";"Múltipla";"Reta;Declive";"Sim";3;0;1;0;1;1;1;3;-27,5989398;-48,5736025;"SPRF-SC";"DEL01-SC";"UOP01-DEL01-SC"
752038;2026-02-13;"sexta-feira";"15:15:00";"PR";163;173,1;"LINDOESTE";"Chuva";"Capotamento";"Com Vítimas Feridas";"Pleno dia";"Decrescente";"Chuva";"Dupla";"Reta;Declive";"Não";1;0;1;0;0;0;1;1;-25,214172;-53,595948;"SPRF-PR";"DEL05-PR";"UOP05-DEL05-PR"
752039;2026-02-13;"sexta-feira";"09:00:00";"SC";282;2;"FLORIANOPOLIS";"Trafegar com motocicleta (ou similar) entre as faixas";"Colisão lateral mesmo sentido";"Com Vítimas Feridas";"Pleno dia";"Decrescente";"Céu Claro";"Múltipla";"Reta";"Sim";3;0;1;0;2;0;1;2;-27,60337465;-48,58944702;"SPRF-SC";"DEL01-SC";"UOP01-DEL01-SC"
752040;2026-02-13;"sexta-feira";"14:35:00";"RS";285;30;"BOM JESUS";"Acessar a via sem observar a presença dos outros veículos";"Colisão transversal";"Com Vítimas Feridas";"Pleno dia";"Decrescente";"Sol";"Simples";"Reta";"Não";5;0;3;0;2;0;3;2;-28,707322;-50,155929;"SPRF-RS";"DEL05-RS";"UOP03-DEL05-RS"
752041;2026-02-13;"sexta-feira";"15:30:00";"MG";381;6;"BETIM";"Trafegar com motocicleta (ou similar) entre as faixas";"Colisão lateral mesmo sentido";"Com Vítimas Feridas";"Pleno dia";"Crescente";"Céu Claro";"Dupla";"Curva";"Não";2;0;1;0;0;1;1;2;-19,98851366;-44,19662476;"SPRF-MG";"DEL01-MG";"UOP03-DEL01-MG"
752042;2026-02-13;"sexta-feira";"15:30:00";"SC";282;530,7;"CORDILHEIRA ALTA";"Velocidade Incompatível";"Saída de leito carroçável";"Sem Vítimas";"Pleno dia";"Decrescente";"Chuva";"Simples";"Reta";"Não";1;0;0;0;0;1;0;1;-26,989097;-52,610505;"SPRF-SC";"DEL07-SC";"UOP01-DEL07-SC"
752044;2026-02-13;"sexta-feira";"15:30:00";"PR";116;188;"CAMPO DO TENENTE";"Acessar a via sem observar a presença dos outros veículos";"Colisão transversal";"Com Vítimas Feridas";"Pleno dia";"Decrescente";"Céu Claro";"Simples";"Interseção de Vias;Reta";"Sim";4;0;1;0;3;0;1;2;-25,9729938;-49,66078132;"SPRF-PR";"DEL01-PR";"UOP03-DEL01-PR"
752045;2026-02-13;"sexta-feira";"15:40:00";"SC";101;197;"BIGUACU";"Chuva";"Colisão com objeto";"Com Vítimas Feridas";"Pleno dia";"Decrescente";"Chuva";"Dupla";"Curva;Aclive";"Sim";2;0;1;0;1;0;1;1;-27,518626;-48,638535;"SPRF-SC";"DEL01-SC";"UOP01-DEL01-SC"
752046;2026-02-13;"sexta-feira";"15:55:00";"SP";153;61,3;"SAO JOSE DO RIO PRETO";"Condutor deixou de manter distância do veículo da frente";"Colisão traseira";"Com Vítimas Feridas";"Pleno dia";"Crescente";"Sol";"Dupla";"Declive";"Sim";2;0;1;0;1;0;1;2;-20,80665;-49,35616;"SPRF-SP";"DEL09-SP";"UOP01-DEL09-SP"
752047;2026-02-13;"sexta-feira";"14:30:00";"SC";101;428,5;"SOMBRIO";"Ultrapassagem Indevida";"Colisão frontal";"Com Vítimas Feridas";"Pleno dia";"Decrescente";"Nublado";"Múltipla";"Curva;Aclive";"Sim";3;0;0;1;1;1;1;3;-29,04950046;-49,61944755;"SPRF-SC";"DEL02-SC";"UOP02-DEL02-SC"
752048;2026-02-13;"sexta-feira";"16:00:00";"PR";369;150;"LONDRINA";"Manobra de mudança de faixa";"Colisão traseira";"Com Vítimas Feridas";"Pleno dia";"Decrescente";"Garoa/Chuvisco";"Dupla";"Reta";"Sim";2;0;0;1;1;0;1;2;-23,29304141;-51,16401371;"SPRF-PR";"DEL07-PR";"UOP01-DEL07-PR"
752049;2026-02-13;"sexta-feira";"14:45:00";"SC";101;443,4;"SANTA ROSA DO SUL";"Acessar a via sem observar a presença dos outros veículos";"Colisão lateral mesmo sentido";"Com Vítimas Feridas";"Pleno dia";"Crescente";"Nublado";"Múltipla";"Interseção de Vias";"Sim";2;0;1;0;1;0;1;2;-29,13545034;-49,70877735;"SPRF-SC";"DEL02-SC";"UOP02-DEL02-SC"
752051;2026-02-13;"sexta-feira";"16:20:00";"PB";101;90,9;"JOAO PESSOA";"Condutor deixou de manter distância do veículo da frente";"Engavetamento";"Com Vítimas Feridas";"Pleno dia";"Decrescente";"Céu Claro";"Dupla";"Reta;Declive";"Não";3;0;1;0;1;1;1;3;-7,1877724;-34,9021169;"SPRF-PB";"DEL01-PB";"UOP01-DEL01-PB"
752052;2026-02-13;"sexta-feira";"11:25:00";"RO";364;11;"VILHENA";"Transitar na calçada";"Colisão transversal";"Com Vítimas Feridas";"Pleno dia";"Decrescente";"Céu Claro";"Simples";"Reta";"Sim";2;0;1;0;1;0;1;2;-12,74863024;-60,10835616;"SPRF-RO";"DEL04-RO";"UOP01-DEL04-RO"
752053;2026-02-12;"quinta-feira";"17:05:00";"SC";0;0;"SAO JOSE";"Reação tardia ou ineficiente do condutor";"Colisão lateral sentido oposto";"Sem Vítimas";"Pleno dia";"Não Informado";"Céu Claro";"Simples";"Reta";"Sim";1;0;0;0;1;0;0;1;-27,53234217;-48,63264911;"SPRF-SC";"DEL01-SC";"UOP01-DEL01-SC"
752055;2026-02-13;"sexta-feira";"15:40:00";"BA";324;621;"SALVADOR";"Demais falhas mecânicas ou elétricas";"Tombamento";"Com Vítimas Feridas";"Pleno dia";"Decrescente";"Nublado";"Dupla";"Curva";"Não";2;0;2;0;0;0;2;1;-12,9217712;-38,46737358;"SPRF-BA";"DEL01-BA";"UOP01-DEL01-BA"
752056;2026-02-13;"sexta-feira";"16:40:00";"SP";116;225;"GUARULHOS";"Condutor deixou de manter distância do veículo da frente";"Tombamento";"Com Vítimas Feridas";"Pleno dia";"Decrescente";"Nublado";"Múltipla";"Reta";"Sim";1;0;1;0;0;0;1;1;-23,487629;-46,5434;"SPRF-SP";"DEL01-SP";"UOP01-DEL01-SP"
752057;2026-02-13;"sexta-feira";"16:30:00";"SC";101;134;"BALNEARIO CAMBORIU";"Desrespeitar a preferência no cruzamento";"Colisão transversal";"Com Vítimas Feridas";"Pleno dia";"Crescente";"Céu Claro";"Dupla";"Reta;Interseção de Vias";"Sim";2;0;1;0;1;0;1;2;-27,00213;-48,638013;"SPRF-SC";"DEL04-SC";"UOP03-DEL04-SC"
752058;2026-02-13;"sexta-feira";"10:00:00";"PE";116;58;"CABROBO";"Entrada inopinada do pedestre";"Atropelamento de Pedestre";"Com Vítimas Fatais";"Pleno dia";"Decrescente";"Céu Claro";"Simples";"Reta";"Não";2;1;0;0;1;0;0;2;-8,347753;-39,140001;"SPRF-PE";"DEL05-PE";"UOP03-DEL05-PE"
752059;2026-02-13;"sexta-feira";"16:00:00";"MG";381;485;"BETIM";"Ausência de reação do condutor";"Colisão traseira";"Com Vítimas Feridas";"Pleno dia";"Crescente";"Céu Claro";"Múltipla";"Reta";"Sim";2;0;1;0;1;0;1;2;-19,95805041;-44,09212288;"SPRF-MG";"DEL01-MG";"UOP03-DEL01-MG"
752060;2026-02-13;"sexta-feira";"16:00:00";"PI";316;39,5;"LAGOA DO PIAUI";"Acessar a via sem observar a presença dos outros veículos";"Colisão transversal";"Sem Vítimas";"Pleno dia";"Decrescente";"Chuva";"Simples";"Interseção de Vias";"Sim";2;0;0;0;2;0;0;2;-5,40782;-42,647902;"SPRF-PI";"DEL01-PI";"UOP02-DEL01-PI"
752062;2026-02-13;"sexta-feira";"16:15:00";"CE";304;49,6;"ARACATI";"Animais na Pista";"Colisão traseira";"Sem Vítimas";"Pleno dia";"Crescente";"Céu Claro";"Simples";"Reta";"Sim";5;0;0;0;5;0;0;2;-4,57430539;-37,76435293;"SPRF-CE";"DEL03-CE";"UOP02-DEL03-CE"
752063;2026-02-13;"sexta-feira";"16:06:00";"MS";163;184,1;"JUTI";"Demais falhas mecânicas ou elétricas";"Saída de leito carroçável";"Com Vítimas Feridas";"Pleno dia";"Crescente";"Chuva";"Simples";"Reta";"Não";3;0;3;0;0;0;3;1;-22,815217;-54,709948;"SPRF-MS";"DEL09-MS";"UOP01-DEL09-MS"