"id";"data_inversa";"dia_semana";"horario";"uf";"br";"km";"municipio";"causa_acidente";"tipo_acidente";"classificacao_acidente";"fase_dia";"sentido_via";"condicao_metereologica";"tipo_pista";"tracado_via";"uso_solo";"pessoas";"mortos";"feridos_leves";"feridos_graves";"ilesos";"ignorados";"feridos";"veiculos";"latitude";"longitude";"regional";"delegacia";"uop"
752568;2026-02-13;"sexta-feira";"22:00:00";"GO";158;165;"CAIAPONIA";"Desrespeitar a preferência no cruzamento";"Colisão frontal";"Com Vítimas Feridas";"Plena Noite";"Decrescente";"Nevoeiro/Neblina";"Simples";"Aclive;Reta;Interseção de Vias";"Não";5;0;3;0;2;0;3;2;-17,013672;-51,84831;"SPRF-GO";"DEL05-GO";"UOP01-DEL05-GO"
752570;2026-02-15;"domingo";"11:44:00";"RO";364;691;"CANDEIAS DO JAMARI";"Ausência de reação do condutor";"Tombamento";"Com Vítimas Feridas";"Pleno dia";"Decrescente";"Céu Claro";"Dupla";"Reta";"Não";1;0;1;0;0;0;1;1;-8,79667549;-63,68862525;"SPRF-RO";"DEL01-RO";"UOP01-DEL01-RO"
752571;2026-02-15;"domingo";"13:00:00";"PB";104;130;"CAMPINA GRANDE";"Condutor deixou de manter distância do veículo da frente";"Colisão traseira";"Com Vítimas Feridas";"Pleno dia";"Decrescente";"Céu Claro";"Simples";"Viaduto";"Sim";2;0;1;0;1;0;1;2;-7,280722;-35,888968;"SPRF-PB";"DEL02-PB";"UOP01-DEL02-PB"
752572;2026-02-15;"domingo";"13:30:00";"SC";470;72;"BLUMENAU";"Manobra de mudança de faixa";"Colisão lateral mesmo sentido";"Com Vítimas Feridas";"Pleno dia";"Crescente";"Sol";"Dupla";"Reta";"Não";4;0;2;0;2;0;2;2;-26,86249581;-49,09178335;"SPRF-SC";"DEL04-SC";"UOP01-DEL04-SC"
752574;2026-02-15;"domingo";"14:39:00";"RN";101;95;"NATAL";"Manobra de mudança de faixa";"Colisão lateral mesmo sentido";"Com Vítimas Feridas";"Pleno dia";"Decrescente";"Céu Claro";"Dupla";"Reta;Interseção de Vias";"Sim";2;0;1;0;1;0;1;2;-5,83906;-35,210712;"SPRF-RN";"DEL01-RN";"UOP01-DEL01-RN"
752575;2026-02-15;"domingo";"14:40:00";"SC";101;291,7;"IMBITUBA";"Ausência de reação do condutor";"Colisão com objeto";"Com Vítimas Feridas";"Pleno dia";"Crescente";"Céu Claro";"Dupla";"Reta";"Não";1;0;0;1;0;0;1;1;-28,29965752;-48,71759963;"SPRF-SC";"DEL02-SC";"UOP03-DEL02-SC"
752576;2026-02-15;"domingo";"14:35:00";"PE";232;15,3;"JABOATAO DOS GUARARAPES";"Acumulo de água sobre o pavimento";"Saída de leito carroçável";"Com Vítimas Feridas";"Pleno dia";"Decrescente";"Chuva";"Dupla";"Curva";"Não";1;0;1;0;0;0;1;1;-8,09372;-35,03159;"SPRF-PE";"DEL01-PE";"UOP01-DEL01-PE"
752577;2026-02-15;"domingo";"10:00:00";"MS";60;124,2;"PARAISO DAS AGUAS";"Reação tardia ou ineficiente do condutor";"Saída de leito carroçável";"Com Vítimas Feridas";"Pleno dia";"Decrescente";"Céu Claro";"Simples";"Reta;Declive";"Não";2;0;0;2;0;0;2;1;-19,334033;-53,435004;"SPRF-MS";"DEL06-MS";"UOP02-DEL06-MS"
752579;2026-02-15;"domingo";"14:00:00";"ES";101;261;"SERRA";"Acesso irregular";"Atropelamento de Pedestre";"Com Vítimas Feridas";"Pleno dia";"Crescente";"Céu Claro";"Dupla";"Reta";"Não";2;0;2;0;0;0;2;2;-20,15262211;-40,27860403;"SPRF-ES";"DEL02-ES";"UOP01-DEL02-ES"
752580;2026-02-15;"domingo";"13:45:00";"RO";364;11;"VILHENA";"Reação tardia ou ineficiente do condutor";"Queda de ocupante de veículo";"Com Vítimas Feridas";"Pleno dia";"Decrescente";"Céu Claro";"Dupla";"Rotatória";"Sim";1;0;1;0;0;0;1;1;-12,74561393;-60,11538327;"SPRF-RO";"DEL04-RO";"UOP01-DEL04-RO"
752581;2026-02-14;"sábado";"23:40:00";"PI";135;487;"MONTE ALEGRE DO PIAUI";"Animais na Pista";"Atropelamento de Animal";"Sem Vítimas";"Plena Noite";"Decrescente";"Nublado";"Simples";"Reta";"Não";3;0;0;0;3;0;0;1;-9,71631;-45,144313;"SPRF-PI";"DEL03-PI";"UOP02-DEL03-PI"
752582;2026-02-15;"domingo";"15:10:00";"ES";101;276;"SERRA";"Ausência de reação do condutor";"Saída de leito carroçável";"Sem Vítimas";"Pleno dia";"Decrescente";"Céu Claro";"Dupla";"Reta";"Não";2;0;0;0;0;2;0;2;-20,209456;-40,315597;"SPRF-ES";"DEL02-ES";"UOP01-DEL02-ES"
752583;2026-02-15;"domingo";"15:00:00";"SP";101;52;"UBATUBA";"Acessar a via sem observar a presença dos outros veículos";"Atropelamento de Pedestre";"Com Vítimas Feridas";"Pleno dia";"Crescente";"Céu Claro";"Simples";"Reta";"Sim";3;0;0;1;1;1;1;3;-23,46160381;-45,06571348;"SPRF-SP";"DEL06-SP";"UOP01-DEL06-SP"
752584;2026-02-15;"domingo";"11:35:00";"RO";364;416;"JARU";"Objeto estático sobre o leito carroçável";"Queda de ocupante de veículo";"Com Vítimas Feridas";"Pleno dia";"Crescente";"Garoa/Chuvisco";"Simples";"Aclive";"Não";2;0;1;0;0;1;1;2;-10,492183;-62,42741;"SPRF-RO";"DEL03-RO";"UOP02-DEL03-RO"
752585;2026-02-15;"domingo";"15:05:00";"PE";428;188;"PETROLINA";"Manobra de mudança de faixa";"Colisão lateral mesmo sentido";"Com Vítimas Feridas";"Pleno dia";"Crescente";"Céu Claro";"Dupla";"Rotatória";"Sim";3;0;1;0;2;0;1;2;-9,37452383;-40,488693;"SPRF-PE";"DEL06-PE";"UOP01-DEL06-PE"
752586;2026-02-15;"domingo";"12:00:00";"SP";116;47,6;"CANAS";"Reação tardia ou ineficiente do condutor";"Colisão traseira";"Com Vítimas Feridas";"Pleno dia";"Decrescente";"Céu Claro";"Dupla";"Reta";"Não";6;0;4;0;1;1;4;3;-22,72339347;-45,0642716;"SPRF-SP";"DEL08-SP";"UOP02-DEL08-SP"
752587;2026-02-15;"domingo";"15:30:00";"SC";280;4;"SAO FRANCISCO DO SUL";"Ultrapassagem Indevida";"Colisão transversal";"Com Vítimas Feridas";"Pleno dia";"Crescente";"Nublado";"Simples";"Reta";"Não";2;0;1;1;0;0;2;2;-26,255047;-48,620562;"SPRF-SC";"DEL03-SC";"UOP03-DEL03-SC"
752588;2026-02-15;"domingo";"15:19:00";"PE";101;50;"ABREU E LIMA";"Reação tardia ou ineficiente do condutor";"Colisão traseira";"Com Vítimas Feridas";"Pleno dia";"Crescente";"Céu Claro";"Múltipla";"Reta";"Sim";2;0;1;0;1;0;1;2;-7,914763;-34,899148;"SPRF-PE";"DEL01-PE";"UOP02-DEL01-PE"
752589;2026-02-15;"domingo";"15:40:00";"RJ";116;309;"RESENDE";"Mal súbito do condutor";"Colisão com objeto";"Com Vítimas Feridas";"Pleno dia";"Crescente";"Nublado";"Dupla";"Reta";"Sim";1;0;0;1;0;0;1;1;-22,45908667;-44,43453833;"SPRF-RJ";"DEL07-RJ";"UOP02-DEL07-RJ"
752590;2026-02-15;"domingo";"15:15:00";"GO";70;425;"MONTES CLAROS DE GOIAS";"Ultrapassagem Indevida";"Colisão lateral mesmo sentido";"Com Vítimas Feridas";"Pleno dia";"Decrescente";"Céu Claro";"Simples";"Reta";"Não";3;0;1;0;2;0;1;2;-15,892117;-51,798733;"SPRF-GO";"DEL04-GO";"UOP02-DEL04-GO"
752592;2026-02-15;"domingo";"15:00:00";"SC";101;137,2;"BALNEARIO CAMBORIU";"Manobra de mudança de faixa";"Colisão lateral mesmo sentido";"Com Vítimas Feridas";"Pleno dia";"Crescente";"Céu Claro";"Múltipla";"Reta";"Sim";4;0;2;1;1;0;3;3;-27,014304;-48,612919;"SPRF-SC";"DEL04-SC";"UOP03-DEL04-SC"
752593;2026-02-15;"domingo";"12:03:00";"SP";116;47,6;"CANAS";"Reação tardia ou ineficiente do condutor";"Colisão lateral mesmo sentido";"Com Vítimas Feridas";"Pleno dia";"Decrescente";"Céu Claro";"Dupla";"Reta";"Não";4;0;2;0;2;0;2;3;-22,72086005;-45,0628983;"SPRF-SP";"DEL08-SP";"UOP02-DEL08-SP"
752594;2026-02-15;"domingo";"14:00:00";"BA";407;139;"SENHOR DO BONFIM";"Demais falhas mecânicas ou elétricas";"Incêndio";"Sem Vítimas";"Pleno dia";"Crescente";"Céu Claro";"Simples";"Reta";"Não";1;0;0;0;1;0;0;1;-10,56563;-40,135908;"SPRF-BA";"DEL04-BA";"UOP01-DEL04-BA"
752595;2026-02-15;"domingo";"11:30:00";"MT";174;366;"CONQUISTA DOESTE";"Ausência de reação do condutor";"Saída de leito carroçável";"Com Vítimas Feridas";"Pleno dia";"Crescente";"Ignorado";"Simples";"Curva";"Não";2;0;2;0;0;0;2;1;-14,632197;-59,476802;"SPRF-MT";"DEL04-MT";"UOP01-DEL04-MT"
752596;2026-02-15;"domingo";"15:32:00";"RJ";101;305;"SAO GONCALO";"Reação tardia ou ineficiente do condutor";"Colisão traseira";"Com Vítimas Feridas";"Pleno dia";"Crescente";"Sol";"Dupla";"Reta";"Sim";5;0;1;0;4;0;1;3;-22,793068;-43,024872;"SPRF-RJ";"DEL02-RJ";"UOP02-DEL02-RJ"
752597;2026-02-15;"domingo";"14:00:00";"RS";471;172;"RIO PARDO";"Ingestão de álcool pelo condutor";"Saída de leito carroçável";"Com Vítimas Feridas";"Pleno dia";"Decrescente";"Céu Claro";"Simples";"Curva;Declive";"Sim";1;0;1;0;0;0;1;1;-29,956821;-52,370829;"SPRF-RS";"DEL02-RS";"UOP03-DEL02-RS"
752598;2026-02-15;"domingo";"15:50:00";"MG";381;858,9;"POUSO ALEGRE";"Avarias e/ou desgaste excessivo no pneu";"Tombamento";"Com Vítimas Feridas";"Pleno dia";"Crescente";"Sol";"Dupla";"Reta";"Não";2;0;2;0;0;0;2;1;-22,312373;-45,903578;"SPRF-MG";"DEL16-MG";"UOP01-DEL16-MG"
752599;2026-02-15;"domingo";"16:32:00";"PA";155;293;"MARABA";"Condutor deixou de manter distância do veículo da frente";"Colisão traseira";"Com Vítimas Feridas";"Pleno dia";"Decrescente";"Sol";"Simples";"Reta;Declive";"Não";4;0;1;0;3;0;1;2;-5,78432;-49,175378;"SPRF-PA";"DEL03-PA";"UOP01-DEL03-PA"
752601;2026-02-15;"domingo";"13:10:00";"RJ";356;43;"ITAPERUNA";"Falta de elemento de contenção que evite a saída do leito carroçável";"Saída de leito carroçável";"Com Vítimas Feridas";"Pleno dia";"Crescente";"Sol";"Simples";"Curva;Aclive";"Não";1;0;1;0;0;0;1;1;-21,21929;-41,821556;"SPRF-RJ";"DEL08-RJ";"UOP03-DEL08-RJ"
752602;2026-02-15;"domingo";"14:20:00";"MS";376;39,5;"VICENTINA";"Acessar a via sem observar a presença dos outros veículos";"Colisão transversal";"Com Vítimas Feridas";"Pleno dia";"Crescente";"Céu Claro";"Simples";"Reta;Declive";"Não";3;0;0;1;2;0;1;2;-22,41989;-54,40798;"SPRF-MS";"DEL04-MS";"UOP01-DEL04-MS"
752603;2026-02-15;"domingo";"16:38:00";"PR";116;135,7;"MANDIRITUBA";"Velocidade Incompatível";"Saída de leito carroçável";"Com Vítimas Feridas";"Pleno dia";"Decrescente";"Nublado";"Dupla";"Reta;Declive";"Não";2;0;2;0;0;0;2;1;-25,725407;-49,317886;"SPRF-PR";"DEL01-PR";"UOP03-DEL01-PR"
752604;2026-02-15;"domingo";"17:25:00";"CE";222;310;"TIANGUA";"Ingestão de álcool pelo condutor";"Engavetamento";"Com Vítimas Feridas";"Pleno dia";"Crescente";"Nublado";"Dupla";"Reta";"Sim";8;0;1;0;7;0;1;4;-3,7143365;-40,98823071;"SPRF-CE";"DEL04-CE";"UOP02-DEL04-CE"
752605;2026-02-15;"domingo";"16:50:00";"BA";367;29,5;"PORTO SEGURO";"Acessar a via sem observar a presença dos outros veículos";"Colisão transversal";"Com Vítimas Feridas";"Pleno dia";"Decrescente";"Céu Claro";"Simples";"Interseção de Vias";"Não";3;0;0;1;2;0;1;2;-16,414788;-39,12028;"SPRF-BA";"DEL09-BA";"UOP03-DEL09-BA"
752606;2026-02-15;"domingo";"16:50:00";"SC";101;138;"BALNEARIO CAMBORIU";"Acessar a via sem observar a presença dos outros veículos";"Colisão transversal";"Com Vítimas Feridas";"Pleno dia";"Crescente";"Céu Claro";"Simples";"Reta;Interseção de Vias";"Sim";2;0;1;0;1;0;1;2;-27,0256192;-48,6070643;"SPRF-SC";"DEL04-SC";"UOP03-DEL04-SC"
752607;2026-02-15;"domingo";"15:50:00";"RS";392;325;"SAO SEPE";"Transitar na contramão";"Colisão frontal";"Com Vítimas Feridas";"Pleno dia";"Decrescente";"Nublado";"Simples";"Ponte;Reta";"Não";6;0;5;1;0;0;6;2;-29,94113883;-53,70790958;"SPRF-RS";"DEL09-RS";"UOP01-DEL09-RS"
752609;2026-02-15;"domingo";"17:00:00";"DF";80;18,8;"BRASILIA";"Ausência de reação do condutor";"Colisão traseira";"Sem Vítimas";"Pleno dia";"Decrescente";"Céu Claro";"Dupla";"Reta;Em Obras";"Sim";3;0;0;0;3;0;0;2;-15,676787;-48,205119;"SPRF-DF";"DEL03-DF";"UOP02-DEL03-DF"
752610;2026-02-15;"domingo";"17:40:00";"SP";381;84;"SAO PAULO";"Pista esburacada";"Queda de ocupante de veículo";"Com Vítimas Feridas";"Anoitecer";"Decrescente";"Céu Claro";"Múltipla";"Reta;Declive";"Sim";2;0;2;0;0;0;2;1;-23,4506996;-46,5704025;"SPRF-SP";"DEL03-SP";"UOP01-DEL03-SP"
752612;2026-02-15;"domingo";"17:08:00";"MS";163;839;"SONORA";"Ingestão de álcool pelo condutor";"Colisão traseira";"Sem Vítimas";"Pleno dia";"Decrescente";"Céu Claro";"Simples";"Reta";"Sim";5;0;0;0;5;0;0;2;-17,59;-54,745;"SPRF-MS";"DEL06-MS";"UOP01-DEL06-MS"
752613;2026-02-15;"domingo";"18:00:00";"RJ";40;84;"DUQUE DE CAXIAS";"Reação tardia ou ineficiente do condutor";"Queda de ocupante de veículo";"Com Vítimas Feridas";"Anoitecer";"Crescente";"Céu Claro";"Dupla";"Curva;Túnel";"Não";1;0;1;0;0;0;1;1;-22,52061364;-43,23056884;"SPRF-RJ";"DEL01-RJ";"UOP01-DEL01-RJ"
752614;2026-02-15;"domingo";"17:00:00";"RS";290;39;"SANTO ANTONIO DA PATRULHA";"Ingestão de álcool pelo condutor";"Capotamento";"Com Vítimas Feridas";"Pleno dia";"Decrescente";"Chuva";"Dupla";"Reta";"Não";4;0;2;0;2;0;2;1;-29,8864519;-50,6423552;"SPRF-RS";"DEL03-RS";"UOP01-DEL03-RS"
752615;2026-02-15;"domingo";"18:40:00";"AP";210;29;"MACAPA";"Ingestão de álcool pelo condutor";"Colisão frontal";"Com Vítimas Feridas";"Anoitecer";"Crescente";"Nublado";"Simples";"Reta";"Não";8;0;7;0;0;1;7;4;0,27091608;-51,08233792;"SPRF-AP";"DEL01-AP";"UOP01-DEL01-AP"
752616;2026-02-06;"sexta-feira";"16:22:00";"RR";174;367;"CARACARAI";"Ultrapassagem Indevida";"Colisão lateral mesmo sentido";"Com Vítimas Feridas";"Pleno dia";"Decrescente";"Céu Claro";"Simples";"Reta";"Sim";8;0;1;2;5;0;3;2;1,83021049;-61,12801552;"SPRF-RR";"DEL01-RR";"UOP02-DEL01-RR"
752618;2026-02-15;"domingo";"18:30:00";"PI";316;8,3;"TERESINA";"Acessar a via sem observar a presença dos outros veículos";"Colisão lateral mesmo sentido";"Com Vítimas Feridas";"Plena Noite";"Crescente";"Céu Claro";"Múltipla";"Interseção de Vias;Reta";"Sim";2;0;0;1;1;0;1;2;-5,16848565;-42,76830051;"SPRF-PI";"DEL01-PI";"UOP02-DEL01-PI"
752620;2026-02-15;"domingo";"17:17:00";"PR";277;701;"SAO MIGUEL DO IGUACU";"Reação tardia ou ineficiente do condutor";"Tombamento";"Com Vítimas Feridas";"Pleno dia";"Decrescente";"Céu Claro";"Dupla";"Reta";"Não";1;0;1;0;0;0;1;1;-25,40470368;-54,32557797;"SPRF-PR";"DEL05-PR";"UOP01-DEL05-PR"
752621;2026-02-15;"domingo";"19:15:00";"SP";116;214;"GUARULHOS";"Velocidade Incompatível";"Colisão lateral mesmo sentido";"Com Vítimas Feridas";"Plena Noite";"Decrescente";"Céu Claro";"Múltipla";"Reta";"Sim";15;0;0;1;14;0;1;5;-23,44368598;-46,446546;"SPRF-SP";"DEL01-SP";"UOP01-DEL01-SP"
752622;2026-02-15;"domingo";"04:00:00";"MA";230;382,8;"BALSAS";"Pista esburacada";"Saída de leito carroçável";"Com Vítimas Feridas";"Amanhecer";"Crescente";"Céu Claro";"Simples";"Declive;Curva";"Não";2;0;1;0;1;0;1;1;-7,352223;-45,96424;"SPRF-MA";"DEL05-MA";"UOP01-DEL05-MA"
752623;2026-02-15;"domingo";"19:43:00";"PE";101;49;"ABREU E LIMA";"Pedestre cruzava a pista fora da faixa";"Atropelamento de Pedestre";"Com Vítimas Feridas";"Plena Noite";"Crescente";"Céu Claro";"Múltipla";"Reta";"Sim";3;0;1;0;1;1;1;2;-7,90515237;-34,90217892;"SPRF-PE";"DEL01-PE";"UOP02-DEL01-PE"
752624;2026-02-15;"domingo";"19:25:00";"AL";104;84;"RIO LARGO";"Ausência de sinalização";"Saída de leito carroçável";"Com Vítimas Feridas";"Plena Noite";"Decrescente";"Nublado";"Dupla";"Retorno Regulamentado";"Não";3;0;2;0;1;0;2;1;-9,44625626;-35,83332237;"SPRF-AL";"DEL01-AL";"UOP01-DEL01-AL"
752625;2026-02-15;"domingo";"18:00:00";"RJ";116;291,4;"BARRA MANSA";"Reação tardia ou ineficiente do condutor";"Tombamento";"Com Vítimas Feridas";"Plena Noite";"Crescente";"Céu Claro";"Dupla";"Reta;Declive";"Não";1;0;1;0;0;0;1;1;-22,476523;-44,26441;"SPRF-RJ";"DEL07-RJ";"UOP02-DEL07-RJ"
752626;2026-02-15;"domingo";"14:40:00";"BA";349;946;"CORRENTINA";"Reação tardia ou ineficiente do condutor";"Colisão frontal";"Com Vítimas Feridas";"Pleno dia";"Crescente";"Céu Claro";"Simples";"Reta;Aclive";"Não";7;0;3;0;4;0;3;2;-13,38453488;-44,67835665;"SPRF-BA";"DEL10-BA";"UOP02-DEL10-BA"
752627;2026-02-15;"domingo";"19:28:00";"PE";101;55;"PAULISTA";"Transitar no Acostamento";"Tombamento";"Com Vítimas Feridas";"Plena Noite";"Crescente";"Céu Claro";"Simples";"Aclive;Viaduto";"Não";2;0;0;2;0;0;2;1;-7,946755;-34,905707;"SPRF-PE";"DEL01-PE";"UOP02-DEL01-PE"
752628;2026-02-15;"domingo";"20:00:00";"ES";262;43;"MARECHAL FLORIANO";"Ausência de reação do condutor";"Tombamento";"Com Vítimas Feridas";"Plena Noite";"Crescente";"Céu Claro";"Simples";"Curva";"Não";1;0;0;1;0;0;1;1;-20,3843564;-40,66428995;"SPRF-ES";"DEL01-ES";"UOP01-DEL01-ES"
752629;2026-02-15;"domingo";"17:50:00";"GO";60;281;"INDIARA";"Ingestão de álcool pelo condutor";"Colisão com objeto";"Com Vítimas Feridas";"Pleno dia";"Decrescente";"Céu Claro";"Dupla";"Reta";"Não";1;0;1;0;0;0;1;1;-17,19105317;-50,07680476;"SPRF-GO";"DEL04-GO";"UOP02-DEL04-GO"
752630;2026-02-15;"domingo";"20:00:00";"PI";343;338,5;"TERESINA";"Manobra de mudança de faixa";"Colisão traseira";"Com Vítimas Feridas";"Plena Noite";"Crescente";"Céu Claro";"Dupla";"Interseção de Vias";"Sim";2;0;0;1;1;0;1;2;-5,06749865;-42,73173004;"SPRF-PI";"DEL01-PI";"UOP01-DEL01-PI"
752632;2026-02-15;"domingo";"15:00:00";"MS";376;72,5;"GLORIA DE DOURADOS";"Reação tardia ou ineficiente do condutor";"Saída de leito carroçável";"Com Vítimas Feridas";"Pleno dia";"Crescente";"Céu Claro";"Simples";"Aclive;Reta";"Não";5;0;1;0;4;0;1;1;-22,34563029;-54,19898987;"SPRF-MS";"DEL04-MS";"UOP04-DEL04-MS"
752633;2026-01-18;"domingo";"13:30:00";"AL";316;211,5;"MARIBONDO";"Reação tardia ou ineficiente do condutor";"Colisão lateral sentido oposto";"Sem Vítimas";"Pleno dia";"Crescente";"Céu Claro";"Simples";"Reta";"Não";2;0;0;0;2;0;0;2;-9,55779427;-36,26911864;"SPRF-AL";"DEL01-AL";"UOP01-DEL01-AL"
752634;2026-02-15;"domingo";"18:40:00";"PE";423;72;"JUPI";"Transitar na contramão";"Colisão frontal";"Com Vítimas Feridas";"Plena Noite";"Crescente";"Vento";"Simples";"Aclive;Reta";"Sim";4;0;0;4;0;0;4;2;-8,70864397;-36,4176178;"SPRF-PE";"DEL03-PE";"UOP01-DEL03-PE"
752635;2026-02-15;"domingo";"19:50:00";"MG";365;808,2;"GURINHATA";"Animais na Pista";"Atropelamento de Animal";"Sem Vítimas";"Plena Noite";"Crescente";"Céu Claro";"Simples";"Reta;Declive";"Não";1;0;0;0;1;0;0;1;-18,8926367;-49,9856676;"SPRF-MG";"DEL15-MG";"UOP03-DEL15-MG"
752637;2026-02-15;"domingo";"17:50:00";"RO";364;201,8;"PIMENTA BUENO";"Ingestão de álcool pelo condutor";"Colisão traseira";"Sem Vítimas";"Pleno dia";"Crescente";"Nublado";"Simples";"Reta;Aclive";"Não";4;0;0;0;4;0;0;2;-11,637838;-61,199373;"SPRF-RO";"DEL02-RO";"UOP02-DEL02-RO"
752638;2026-02-15;"domingo";"19:45:00";"SP";101;42;"UBATUBA";"Transitar na contramão";"Tombamento";"Com Vítimas Feridas";"Plena Noite";"Decrescente";"Céu Claro";"Simples";"Reta";"Sim";1;0;0;1;0;0;1;1;-23,41302367;-45,05683549;"SPRF-SP";"DEL06-SP";"UOP01-DEL06-SP"
752639;2026-02-15;"domingo";"19:09:00";"MS";163;248,5;"DOURADOS";"Reação tardia ou ineficiente do condutor";"Tombamento";"Sem Vítimas";"Plena Noite";"Crescente";"Nublado";"Simples";"Rotatória;Reta";"Não";1;0;0;0;0;1;0;1;-22,32029303;-54,81935363;"SPRF-MS";"DEL04-MS";"UOP02-DEL04-MS"
752640;2026-02-15;"domingo";"20:00:00";"MG";262;94,5;"ABRE CAMPO";"Pedestre cruzava a pista fora da faixa";"Atropelamento de Pedestre";"Com Vítimas Fatais";"Plena Noite";"Decrescente";"Garoa/Chuvisco";"Simples";"Reta;Declive";"Sim";2;1;0;1;0;0;1;2;-20,30290843;-42,46832795;"SPRF-MG";"DEL03-MG";"UOP03-DEL03-MG"
752641;2026-02-15;"domingo";"20:20:00";"RJ";493;53;"DUQUE DE CAXIAS";"Acessar a via sem observar a presença dos outros veículos";"Colisão transversal";"Com Vítimas Feridas";"Plena Noite";"Decrescente";"Nublado";"Dupla";"Reta";"Não";5;0;3;0;2;0;3;2;-22,67088004;-43,29466711;"SPRF-RJ";"DEL01-RJ";"UOP03-DEL01-RJ"
752642;2026-02-15;"domingo";"19:40:00";"BA";330;797;"JEQUIE";"Ingestão de álcool pelo condutor";"Colisão traseira";"Com Vítimas Feridas";"Plena Noite";"Decrescente";"Céu Claro";"Simples";"Reta";"Não";4;0;2;1;1;0;3;2;-13,90771631;-40,0165608;"SPRF-BA";"DEL03-BA";"UOP01-DEL03-BA"
752643;2026-02-15;"domingo";"20:35:00";"MS";163;477;"CAMPO GRANDE";"Ingestão de álcool pelo condutor";"Tombamento";"Com Vítimas Feridas";"Plena Noite";"Decrescente";"Céu Claro";"Simples";"Curva;Declive";"Não";1;0;1;0;0;0;1;1;-20,506128;-54,555618;"SPRF-MS";"DEL01-MS";"UOP01-DEL01-MS"
752644;2026-02-15;"domingo";"19:10:00";"SC";101;214,2;"PALHOCA";"Acessar a via sem observar a presença dos outros veículos";"Tombamento";"Com Vítimas Feridas";"Plena Noite";"Crescente";"Nublado";"Múltipla";"Reta";"Sim";2;0;1;0;0;1;1;2;-27,646492;-48,672223;"SPRF-SC";"DEL01-SC";"UOP02-DEL01-SC"
752645;2026-02-15;"domingo";"19:45:00";"ES";393;10;"CACHOEIRO DE ITAPEMIRIM";"Condutor Dormindo";"Tombamento";"Com Vítimas Feridas";"Plena Noite";"Crescente";"Céu Claro";"Simples";"Reta";"Não";2;0;2;0;0;0;2;1;-20,8377094;-41,22958358;"SPRF-ES";"DEL03-ES";"UOP02-DEL03-ES"
752646;2026-02-15;"domingo";"21:10:00";"SC";282;2,8;"FLORIANOPOLIS";"Reação tardia ou ineficiente do condutor";"Engavetamento";"Com Vítimas Feridas";"Plena Noite";"Decrescente";"Garoa/Chuvisco";"Múltipla";"Curva";"Não";3;0;1;0;2;0;1;3;-27,601205;-48,598747;"SPRF-SC";"DEL01-SC";"UOP01-DEL01-SC"
752648;2026-02-15;"domingo";"20:45:00";"SP";116;1;"GUARULHOS";"Animais na Pista";"Colisão traseira";"Com Vítimas Feridas";"Plena Noite";"Crescente";"Céu Claro";"Dupla";"Reta";"Sim";2;0;1;0;1;0;1;2;-23,45344534;-46,49052348;"SPRF-SP";"DEL01-SP";"UOP01-DEL01-SP"
752650;2026-02-15;"domingo";"21:00:00";"MG";262;443;"NOVA SERRANA";"Ausência de reação do condutor";"Saída de leito carroçável";"Com Vítimas Fatais";"Plena Noite";"Decrescente";"Céu Claro";"Simples";"Aclive";"Não";1;1;0;0;0;0;0;1;-19,85463862;-45,02000928;"SPRF-MG";"DEL08-MG";"UOP03-DEL08-MG"
752652;2026-02-15;"domingo";"21:45:00";"SC";282;4;"FLORIANOPOLIS";"Reação tardia ou ineficiente do condutor";"Colisão com objeto";"Com Vítimas Feridas";"Plena Noite";"Crescente";"Céu Claro";"Múltipla";"Reta";"Sim";1;0;1;0;0;0;1;1;-27,59252;-48,60424;"SPRF-SC";"DEL01-SC";"UOP01-DEL01-SC"
752653;2026-02-15;"domingo";"20:15:00";"MT";174;288;"PONTES E LACERDA";"Acessar a via sem observar a presença dos outros veículos";"Colisão transversal";"Com Vítimas Feridas";"Plena Noite";"Crescente";"Chuva";"Simples";"Reta";"Não";2;0;2;0;0;0;2;2;-15,24782093;-59,31201356;"SPRF-MT";"DEL04-MT";"UOP01-DEL04-MT"
752654;2026-02-15;"domingo";"18:20:00";"RO";364;346;"JI-PARANA";"Ausência de reação do condutor";"Colisão traseira";"Com Vítimas Feridas";"Anoitecer";"Decrescente";"Céu Claro";"Simples";"Reta";"Sim";5;0;1;0;4;0;1;2;-10,860532;-61,976718;"SPRF-RO";"DEL02-RO";"UOP01-DEL02-RO"
752655;2026-02-15;"domingo";"21:40:00";"RS";285;310,6;"PASSO FUNDO";"Avarias e/ou desgaste excessivo no pneu";"Saída de leito carroçável";"Sem Vítimas";"Plena Noite";"Crescente";"Chuva";"Simples";"Reta";"Não";1;0;0;0;0;1;0;1;-28,2387977;-52,5345852;"SPRF-RS";"DEL08-RS";"UOP03-DEL08-RS"
752656;2026-02-15;"domingo";"22:00:00";"MG";381;2;"BETIM";"Ingestão de álcool pelo condutor";"Saída de leito carroçável";"Com Vítimas Feridas";"Plena Noite";"Decrescente";"Céu Claro";"Dupla";"Reta";"Não";1;0;0;1;0;0;1;1;-19,977231;-44,160374;"SPRF-MG";"DEL01-MG";"UOP03-DEL01-MG"
752658;2026-02-15;"domingo";"21:50:00";"MG";381;147,7;"GOVERNADOR VALADARES";"Transitar na contramão";"Colisão frontal";"Com Vítimas Fatais";"Plena Noite";"Crescente";"Céu Claro";"Simples";"Reta";"Sim";3;2;1;0;0;0;1;2;-18,8527859;-41,9831481;"SPRF-MG";"DEL06-MG";"UOP01-DEL06-MG"