"id";"data_inversa";"dia_semana";"horario";"uf";"br";"km";"municipio";"causa_acidente";"tipo_acidente";"classificacao_acidente";"fase_dia";"sentido_via";"condicao_metereologica";"tipo_pista";"tracado_via";"uso_solo";"pessoas";"mortos";"feridos_leves";"feridos_graves";"ilesos";"ignorados";"feridos";"veiculos";"latitude";"longitude";"regional";"delegacia";"uop"
752659;2026-02-15;"domingo";"20:00:00";"MS";60;608;"JARDIM";"Reação tardia ou ineficiente do condutor";"Saída de leito carroçável";"Sem Vítimas";"Plena Noite";"Decrescente";"Céu Claro";"Simples";"Reta";"Não";3;0;0;0;3;0;0;1;-21,60031636;-56,19381953;"SPRF-MS";"DEL05-MS";"UOP01-DEL05-MS"
752660;2026-02-15;"domingo";"22:50:00";"PB";101;39,4;"MAMANGUAPE";"Conversão proibida";"Colisão transversal";"Com Vítimas Feridas";"Plena Noite";"Crescente";"Céu Claro";"Simples";"Reta";"Sim";3;0;1;2;0;0;3;2;-6,83353;-35,13738;"SPRF-PB";"DEL01-PB";"UOP03-DEL01-PB"
752662;2026-02-15;"domingo";"23:20:00";"SC";470;55,3;"BLUMENAU";"Ingestão de álcool pelo condutor";"Capotamento";"Sem Vítimas";"Plena Noite";"Decrescente";"Nublado";"Simples";"Reta";"Sim";2;0;0;0;2;0;0;2;-26,87650526;-49,12106864;"SPRF-SC";"DEL04-SC";"UOP01-DEL04-SC"
752663;2026-02-15;"domingo";"23:05:00";"RN";110;22,9;"MOSSORO";"Animais na Pista";"Atropelamento de Animal";"Com Vítimas Fatais";"Plena Noite";"Crescente";"Céu Claro";"Simples";"Reta";"Não";2;1;0;0;0;1;0;2;-5,07523;-37,17448;"SPRF-RN";"DEL04-RN";"UOP01-DEL04-RN"
752664;2026-02-15;"domingo";"23:05:00";"RS";290;31;"SANTO ANTONIO DA PATRULHA";"Animais na Pista";"Atropelamento de Animal";"Com Vítimas Feridas";"Plena Noite";"Crescente";"Céu Claro";"Dupla";"Reta";"Não";4;0;2;0;2;0;2;1;-29,8843967;-50,5702867;"SPRF-RS";"DEL03-RS";"UOP01-DEL03-RS"
752665;2026-02-15;"domingo";"21:30:00";"RO";364;326;"PRESIDENTE MEDICI";"Ingestão de álcool pelo condutor";"Saída de leito carroçável";"Com Vítimas Feridas";"Plena Noite";"Crescente";"Céu Claro";"Simples";"Reta";"Não";1;0;1;0;0;0;1;1;-11,01288;-61,924515;"SPRF-RO";"DEL02-RO";"UOP01-DEL02-RO"
752668;2026-02-15;"domingo";"21:20:00";"CE";222;86;"UMIRIM";"Ingestão de álcool pelo condutor";"Colisão transversal";"Sem Vítimas";"Plena Noite";"Crescente";"Céu Claro";"Dupla";"Interseção de Vias;Reta;Declive";"Não";3;0;0;0;3;0;0;2;-3,67234248;-39,32333773;"SPRF-CE";"DEL01-CE";"UOP03-DEL01-CE"
752669;2026-02-15;"domingo";"23:55:00";"PI";343;267,5;"CAMPO MAIOR";"Reação tardia ou ineficiente do condutor";"Colisão frontal";"Com Vítimas Feridas";"Plena Noite";"Crescente";"Nublado";"Simples";"Curva";"Sim";4;0;0;1;2;1;1;3;-4,839173;-42,184987;"SPRF-PI";"DEL01-PI";"UOP03-DEL01-PI"
752670;2026-02-15;"domingo";"23:00:00";"MS";463;1,5;"DOURADOS";"Transitar na contramão";"Colisão lateral sentido oposto";"Com Vítimas Feridas";"Plena Noite";"Decrescente";"Céu Claro";"Simples";"Reta;Ponte";"Sim";3;0;1;0;2;0;1;2;-22,25917;-54,81902;"SPRF-MS";"DEL04-MS";"UOP01-DEL04-MS"
752671;2026-02-16;"segunda-feira";"01:20:00";"MG";40;439,5;"PARAOPEBA";"Avarias e/ou desgaste excessivo no pneu";"Saída de leito carroçável";"Com Vítimas Feridas";"Plena Noite";"Decrescente";"Céu Claro";"Dupla";"Reta";"Não";1;0;0;1;0;0;1;1;-19,24526;-44,42614;"SPRF-MG";"DEL02-MG";"UOP01-DEL02-MG"
752672;2026-02-16;"segunda-feira";"00:40:00";"SC";101;231,1;"PALHOCA";"Pedestre andava na pista";"Atropelamento de Pedestre";"Com Vítimas Fatais";"Plena Noite";"Decrescente";"Nublado";"Dupla";"Curva;Aclive";"Sim";2;1;0;0;1;0;0;2;-27,785798;-48,63527;"SPRF-SC";"DEL01-SC";"UOP02-DEL01-SC"
752673;2026-02-16;"segunda-feira";"01:36:00";"PE";101;74,2;"RECIFE";"Avarias e/ou desgaste excessivo no pneu";"Colisão com objeto";"Sem Vítimas";"Plena Noite";"Crescente";"Garoa/Chuvisco";"Dupla";"Curva";"Não";1;0;0;0;1;0;0;1;-8,10337;-34,94853;"SPRF-PE";"DEL01-PE";"UOP01-DEL01-PE"
752674;2026-02-15;"domingo";"22:50:00";"RJ";356;154;"CAMPOS DOS GOYTACAZES";"Transitar na contramão";"Colisão frontal";"Com Vítimas Fatais";"Plena Noite";"Crescente";"Céu Claro";"Simples";"Curva";"Não";3;1;0;1;0;1;1;2;-21,754195;-41,23061;"SPRF-RJ";"DEL08-RJ";"UOP02-DEL08-RJ"
752676;2026-02-16;"segunda-feira";"01:30:00";"CE";116;51;"PACAJUS";"Velocidade Incompatível";"Saída de leito carroçável";"Sem Vítimas";"Pleno dia";"Crescente";"Nublado";"Dupla";"Reta;Interseção de Vias";"Não";1;0;0;0;0;1;0;1;-4,177616;-38,4920101;"SPRF-CE";"DEL01-CE";"UOP04-DEL01-CE"
752677;2026-02-15;"domingo";"22:30:00";"MT";163;1038;"MATUPA";"Frear bruscamente";"Tombamento";"Com Vítimas Feridas";"Plena Noite";"Crescente";"Nublado";"Simples";"Rotatória;Curva";"Não";3;0;2;0;0;1;2;2;-10,1851673;-54,9453652;"SPRF-MT";"DEL06-MT";"UOP03-DEL06-MT"
752678;2026-02-16;"segunda-feira";"02:10:00";"SC";101;112;"ITAJAI";"Ingestão de álcool pelo condutor";"Tombamento";"Com Vítimas Feridas";"Plena Noite";"Crescente";"Céu Claro";"Simples";"Reta";"Não";1;0;1;0;0;0;1;1;-26,84572;-48,72126;"SPRF-SC";"DEL04-SC";"UOP04-DEL04-SC"
752679;2026-02-16;"segunda-feira";"01:35:00";"SP";153;265,6;"MARILIA";"Demais falhas mecânicas ou elétricas";"Saída de leito carroçável";"Com Vítimas Fatais";"Plena Noite";"Crescente";"Céu Claro";"Simples";"Declive;Reta";"Não";47;6;14;27;0;0;41;1;-22,31395;-49,89807;"SPRF-SP";"DEL07-SP";"UOP02-DEL07-SP"
752680;2026-02-16;"segunda-feira";"02:30:00";"MS";163;616,2;"SAO GABRIEL DO OESTE";"Ausência de reação do condutor";"Atropelamento de Animal";"Com Vítimas Feridas";"Plena Noite";"Crescente";"Céu Claro";"Simples";"Reta;Ponte";"Sim";1;0;0;1;0;0;1;1;-19,38545416;-54,57394552;"SPRF-MS";"DEL06-MS";"UOP02-DEL06-MS"
752682;2026-02-16;"segunda-feira";"02:50:00";"SC";101;138,2;"BALNEARIO CAMBORIU";"Ingestão de álcool pelo condutor";"Colisão lateral mesmo sentido";"Com Vítimas Feridas";"Plena Noite";"Crescente";"Nublado";"Múltipla";"Reta";"Sim";2;0;1;0;1;0;1;2;-27,026381;-48,606477;"SPRF-SC";"DEL04-SC";"UOP03-DEL04-SC"
752684;2026-02-16;"segunda-feira";"03:25:00";"MS";60;426;"SIDROLANDIA";"Acessar a via sem observar a presença dos outros veículos";"Colisão transversal";"Com Vítimas Feridas";"Plena Noite";"Crescente";"Céu Claro";"Dupla";"Reta";"Sim";2;0;0;1;0;1;1;2;-20,9395264;-54,9641904;"SPRF-MS";"DEL01-MS";"UOP04-DEL01-MS"
752685;2026-02-16;"segunda-feira";"03:26:00";"RJ";116;259,9;"PINHEIRAL";"Ausência de reação do condutor";"Colisão com objeto";"Com Vítimas Fatais";"Plena Noite";"Crescente";"Céu Claro";"Dupla";"Reta";"Não";2;1;0;1;0;0;1;1;-22,58242351;-44,03966188;"SPRF-RJ";"DEL07-RJ";"UOP02-DEL07-RJ"
752686;2026-02-16;"segunda-feira";"02:15:00";"GO";50;102,2;"CRISTALINA";"Reação tardia ou ineficiente do condutor";"Colisão traseira";"Com Vítimas Feridas";"Plena Noite";"Crescente";"Nublado";"Dupla";"Reta";"Não";4;0;3;1;0;0;4;2;-16,79622;-47,646342;"SPRF-DF";"DEL01-DF";"UOP02-DEL01-DF"
752687;2026-02-16;"segunda-feira";"02:20:00";"MA";135;23;"SAO LUIS";"Acessar a via sem observar a presença dos outros veículos";"Colisão transversal";"Com Vítimas Feridas";"Plena Noite";"Decrescente";"Céu Claro";"Dupla";"Reta";"Não";3;0;2;0;1;0;2;2;-2,6880698;-44,2925056;"SPRF-MA";"DEL01-MA";"UOP01-DEL01-MA"
752688;2026-02-16;"segunda-feira";"02:30:00";"MG";116;502,3;"INHAPIM";"Ausência de reação do condutor";"Saída de leito carroçável";"Com Vítimas Feridas";"Plena Noite";"Decrescente";"Céu Claro";"Simples";"Curva";"Não";1;0;0;1;0;0;1;1;-19,60140795;-42,11297525;"SPRF-MG";"DEL06-MG";"UOP02-DEL06-MG"
752689;2026-02-16;"segunda-feira";"03:45:00";"SC";282;0,6;"FLORIANOPOLIS";"Ausência de reação do condutor";"Atropelamento de Pedestre";"Com Vítimas Fatais";"Plena Noite";"Crescente";"Garoa/Chuvisco";"Múltipla";"Reta;Aclive";"Não";3;1;0;0;0;2;0;2;-27,60094172;-48,57776332;"SPRF-SC";"DEL01-SC";"UOP01-DEL01-SC"
752690;2026-02-16;"segunda-feira";"04:45:00";"GO";40;1;"VALPARAISO DE GOIAS";"Acesso irregular";"Colisão transversal";"Com Vítimas Feridas";"Amanhecer";"Crescente";"Chuva";"Dupla";"Reta";"Sim";4;0;1;1;2;0;2;2;-16,06081518;-47,98321724;"SPRF-DF";"DEL01-DF";"UOP01-DEL01-DF"
752691;2026-02-16;"segunda-feira";"04:00:00";"SC";116;66,5;"PAPANDUVA";"Condutor Dormindo";"Colisão com objeto";"Com Vítimas Feridas";"Plena Noite";"Decrescente";"Nublado";"Simples";"Reta";"Não";1;0;1;0;0;0;1;1;-26,43800661;-50,22869332;"SPRF-SC";"DEL06-SC";"UOP02-DEL06-SC"
752692;2026-02-16;"segunda-feira";"05:23:00";"PE";101;48,9;"ABREU E LIMA";"Transitar na contramão";"Colisão frontal";"Com Vítimas Feridas";"Pleno dia";"Decrescente";"Céu Claro";"Múltipla";"Reta";"Sim";2;0;0;1;1;0;1;2;-7,900732;-34,901725;"SPRF-PE";"DEL01-PE";"UOP02-DEL01-PE"
752694;2026-02-15;"domingo";"23:40:00";"GO";153;212;"URUACU";"Ingestão de álcool pelo condutor";"Colisão com objeto";"Sem Vítimas";"Plena Noite";"Decrescente";"Nublado";"Simples";"Rotatória;Interseção de Vias";"Não";1;0;0;0;1;0;0;1;-14,636124;-49,177026;"SPRF-GO";"DEL07-GO";"UOP02-DEL07-GO"
752695;2026-02-16;"segunda-feira";"04:05:00";"PB";230;457,4;"SOUSA";"Animais na Pista";"Atropelamento de Animal";"Com Vítimas Feridas";"Plena Noite";"Decrescente";"Chuva";"Simples";"Reta";"Não";1;0;1;0;0;0;1;1;-6,775967;-38,210157;"SPRF-PB";"DEL03-PB";"UOP03-DEL03-PB"
752696;2026-02-16;"segunda-feira";"05:20:00";"AL";101;91;"RIO LARGO";"Condutor deixou de manter distância do veículo da frente";"Colisão lateral mesmo sentido";"Com Vítimas Feridas";"Pleno dia";"Crescente";"Céu Claro";"Dupla";"Reta";"Sim";2;0;1;0;1;0;1;2;-9,49190074;-35,81739887;"SPRF-AL";"DEL01-AL";"UOP01-DEL01-AL"
752697;2026-02-15;"domingo";"21:00:00";"BA";135;331;"CORRENTINA";"Demais falhas mecânicas ou elétricas";"Colisão traseira";"Com Vítimas Feridas";"Plena Noite";"Crescente";"Céu Claro";"Simples";"Reta";"Não";4;0;1;2;1;0;3;2;-13,220001;-44,652004;"SPRF-BA";"DEL10-BA";"UOP02-DEL10-BA"
752699;2026-02-16;"segunda-feira";"04:00:00";"MT";364;543;"ROSARIO OESTE";"Ingestão de álcool pelo condutor";"Saída de leito carroçável";"Sem Vítimas";"Plena Noite";"Crescente";"Garoa/Chuvisco";"Dupla";"Retorno Regulamentado";"Não";1;0;0;0;1;0;0;1;-14,85761911;-56,45315409;"SPRF-MT";"DEL01-MT";"UOP01-DEL01-MT"
752703;2026-02-15;"domingo";"23:00:00";"MG";381;484;"BETIM";"Pista esburacada";"Tombamento";"Com Vítimas Feridas";"Plena Noite";"Decrescente";"Céu Claro";"Simples";"Reta";"Sim";1;0;1;0;0;0;1;1;-19,958638;-44,091597;"SPRF-MG";"DEL01-MG";"UOP03-DEL01-MG"
752704;2026-02-16;"segunda-feira";"05:00:00";"PR";277;49;"MORRETES";"Reação tardia ou ineficiente do condutor";"Queda de ocupante de veículo";"Com Vítimas Feridas";"Amanhecer";"Decrescente";"Céu Claro";"Dupla";"Reta";"Não";2;0;2;0;0;0;2;1;-25,5896;-48,9362;"SPRF-PR";"DEL01-PR";"UOP05-DEL01-PR"
752705;2026-02-16;"segunda-feira";"06:50:00";"GO";153;321;"RIANAPOLIS";"Reação tardia ou ineficiente do condutor";"Saída de leito carroçável";"Sem Vítimas";"Pleno dia";"Crescente";"Céu Claro";"Simples";"Reta";"Não";1;0;0;0;0;1;0;1;-15,47789946;-49,49482262;"SPRF-GO";"DEL02-GO";"UOP02-DEL02-GO"
752707;2026-02-16;"segunda-feira";"07:00:00";"MG";40;467,8;"SETE LAGOAS";"Velocidade Incompatível";"Colisão lateral mesmo sentido";"Sem Vítimas";"Pleno dia";"Decrescente";"Céu Claro";"Dupla";"Reta";"Não";2;0;0;0;1;1;0;2;-19,45244;-44,3139;"SPRF-MG";"DEL02-MG";"UOP01-DEL02-MG"
752709;2026-02-16;"segunda-feira";"06:10:00";"RJ";40;120;"DUQUE DE CAXIAS";"Avarias e/ou desgaste excessivo no pneu";"Queda de ocupante de veículo";"Com Vítimas Feridas";"Pleno dia";"Crescente";"Céu Claro";"Múltipla";"Reta";"Sim";2;0;1;0;1;0;1;1;-22,77400969;-43,28626802;"SPRF-RJ";"DEL01-RJ";"UOP02-DEL01-RJ"
752710;2026-02-16;"segunda-feira";"06:19:00";"AL";101;58;"MESSIAS";"Ausência de reação do condutor";"Colisão com objeto";"Com Vítimas Feridas";"Pleno dia";"Crescente";"Céu Claro";"Dupla";"Curva";"Não";3;0;3;0;0;0;3;1;-9,29213;-35,817767;"SPRF-AL";"DEL01-AL";"UOP02-DEL01-AL"
752711;2026-02-16;"segunda-feira";"07:15:00";"PR";272;369,7;"CAMPO MOURAO";"Reação tardia ou ineficiente do condutor";"Colisão transversal";"Com Vítimas Feridas";"Pleno dia";"Crescente";"Céu Claro";"Simples";"Reta";"Não";6;0;5;0;1;0;5;2;-24,061992;-52,42639;"SPRF-PR";"DEL09-PR";"UOP03-DEL09-PR"
752713;2026-02-16;"segunda-feira";"07:20:00";"SC";280;226,4;"TRES BARRAS";"Reação tardia ou ineficiente do condutor";"Saída de leito carroçável";"Com Vítimas Feridas";"Pleno dia";"Crescente";"Nublado";"Simples";"Reta";"Não";1;0;1;0;0;0;1;1;-26,181818;-50,328028;"SPRF-SC";"DEL06-SC";"UOP04-DEL06-SC"
752714;2026-02-16;"segunda-feira";"08:10:00";"SP";116;113;"TAUBATE";"Condutor Dormindo";"Tombamento";"Com Vítimas Feridas";"Pleno dia";"Crescente";"Céu Claro";"Dupla";"Reta";"Sim";1;0;1;0;0;0;1;1;-23,04606767;-45,58871764;"SPRF-SP";"DEL02-SP";"UOP02-DEL02-SP"
752715;2026-02-15;"domingo";"18:00:00";"BA";367;28,8;"PORTO SEGURO";"Ingestão de álcool pelo condutor";"Colisão lateral mesmo sentido";"Sem Vítimas";"Anoitecer";"Decrescente";"Céu Claro";"Simples";"Curva";"Não";2;0;0;0;2;0;0;2;-16,417927;-39,115802;"SPRF-BA";"DEL09-BA";"UOP03-DEL09-BA"
752716;2026-02-16;"segunda-feira";"08:00:00";"MA";135;7;"SAO LUIS";"Entrada inopinada do pedestre";"Atropelamento de Pedestre";"Com Vítimas Feridas";"Pleno dia";"Crescente";"Céu Claro";"Dupla";"Reta;Aclive";"Sim";2;0;0;1;1;0;1;2;-2,63682;-44,26902;"SPRF-MA";"DEL01-MA";"UOP01-DEL01-MA"
752717;2026-02-16;"segunda-feira";"08:10:00";"PR";373;194;"PONTA GROSSA";"Conversão proibida";"Colisão transversal";"Com Vítimas Feridas";"Pleno dia";"Decrescente";"Céu Claro";"Simples";"Curva";"Não";2;0;2;0;0;0;2;2;-25,078445;-50,366691;"SPRF-PR";"DEL03-PR";"UOP01-DEL03-PR"
752718;2026-02-16;"segunda-feira";"08:50:00";"PR";476;169;"CONTENDA";"Avarias e/ou desgaste excessivo no pneu";"Queda de ocupante de veículo";"Com Vítimas Feridas";"Pleno dia";"Crescente";"Céu Claro";"Simples";"Reta";"Sim";2;0;2;0;0;0;2;1;-25,66806846;-49,50355617;"SPRF-PR";"DEL01-PR";"UOP06-DEL01-PR"
752719;2026-02-16;"segunda-feira";"08:30:00";"RJ";116;205;"SEROPEDICA";"Demais falhas mecânicas ou elétricas";"Tombamento";"Com Vítimas Feridas";"Pleno dia";"Crescente";"Céu Claro";"Dupla";"Reta";"Não";2;0;1;0;1;0;1;1;-22,726678;-43,649908;"SPRF-RJ";"DEL06-RJ";"UOP02-DEL06-RJ"
752721;2026-02-16;"segunda-feira";"09:01:00";"PI";343;341,4;"TERESINA";"Desrespeitar a preferência no cruzamento";"Colisão transversal";"Com Vítimas Feridas";"Pleno dia";"Crescente";"Céu Claro";"Dupla";"Rotatória;Interseção de Vias;Viaduto";"Sim";3;0;2;0;1;0;2;2;-5,078169;-42,750018;"SPRF-PI";"DEL01-PI";"UOP01-DEL01-PI"
752722;2026-02-16;"segunda-feira";"08:15:00";"BA";235;350;"JUAZEIRO";"Acesso irregular";"Colisão traseira";"Com Vítimas Feridas";"Pleno dia";"Crescente";"Céu Claro";"Dupla";"Reta";"Sim";2;0;1;0;1;0;1;2;-9,42895;-40,504155;"SPRF-PE";"DEL06-PE";"UOP01-DEL06-PE"
752725;2026-02-16;"segunda-feira";"07:08:00";"MT";163;842,2;"SINOP";"Condutor deixou de manter distância do veículo da frente";"Colisão traseira";"Com Vítimas Feridas";"Pleno dia";"Decrescente";"Céu Claro";"Simples";"Reta";"Sim";2;0;1;0;0;1;1;2;-11,7989099;-55,4790621;"SPRF-MT";"DEL06-MT";"UOP02-DEL06-MT"
752727;2026-02-16;"segunda-feira";"08:40:00";"RJ";465;20;"NOVA IGUACU";"Transitar no Acostamento";"Colisão frontal";"Com Vítimas Feridas";"Pleno dia";"Crescente";"Ignorado";"Simples";"Curva";"Sim";2;0;1;0;1;0;1;2;-22,85236265;-43,60196561;"SPRF-RJ";"DEL06-RJ";"UOP02-DEL06-RJ"
752729;2026-02-16;"segunda-feira";"10:20:00";"ES";101;16;"SERRA";"Ausência de reação do condutor";"Queda de ocupante de veículo";"Com Vítimas Feridas";"Pleno dia";"Crescente";"Céu Claro";"Dupla";"Reta";"Não";1;0;1;0;0;0;1;1;-20,195118;-40,334087;"SPRF-ES";"DEL04-ES";"UOP02-DEL04-ES"
752731;2026-02-16;"segunda-feira";"10:00:00";"CE";222;101,1;"UMIRIM";"Ausência de reação do condutor";"Capotamento";"Sem Vítimas";"Pleno dia";"Crescente";"Céu Claro";"Simples";"Reta";"Não";1;0;0;0;0;1;0;1;-3,72928237;-39,42169189;"SPRF-CE";"DEL04-CE";"UOP03-DEL04-CE"
752732;2026-02-16;"segunda-feira";"10:20:00";"PR";277;729;"FOZ DO IGUACU";"Reação tardia ou ineficiente do condutor";"Colisão traseira";"Com Vítimas Feridas";"Pleno dia";"Crescente";"Sol";"Dupla";"Reta";"Sim";3;0;2;0;1;0;2;2;-25,50966978;-54,57505381;"SPRF-PR";"DEL05-PR";"UOP03-DEL05-PR"
752733;2026-02-16;"segunda-feira";"11:20:00";"SC";101;213,3;"PALHOCA";"Desrespeitar a preferência no cruzamento";"Colisão transversal";"Com Vítimas Feridas";"Pleno dia";"Decrescente";"Céu Claro";"Múltipla";"Interseção de Vias";"Sim";2;0;1;0;1;0;1;2;-27,639402;-48,66646;"SPRF-SC";"DEL01-SC";"UOP02-DEL01-SC"
752734;2026-02-16;"segunda-feira";"10:40:00";"RJ";101;219;"SILVA JARDIM";"Avarias e/ou desgaste excessivo no pneu";"Queda de ocupante de veículo";"Com Vítimas Feridas";"Pleno dia";"Crescente";"Sol";"Dupla";"Reta";"Não";2;0;2;0;0;0;2;1;-22,51102;-42,30747;"SPRF-RJ";"DEL02-RJ";"UOP03-DEL02-RJ"
752735;2026-02-16;"segunda-feira";"10:55:00";"SC";282;504,5;"XANXERE";"Acessar a via sem observar a presença dos outros veículos";"Colisão frontal";"Com Vítimas Feridas";"Pleno dia";"Decrescente";"Céu Claro";"Simples";"Interseção de Vias;Viaduto";"Sim";2;0;1;0;1;0;1;2;-26,88589605;-52,41452074;"SPRF-SC";"DEL07-SC";"UOP01-DEL07-SC"
752736;2026-02-16;"segunda-feira";"11:40:00";"PE";110;96;"SERTANIA";"Acessar a via sem observar a presença dos outros veículos";"Colisão transversal";"Com Vítimas Feridas";"Pleno dia";"Crescente";"Sol";"Simples";"Reta";"Não";2;0;1;0;0;1;1;2;-8,366485;-37,280383;"SPRF-PE";"DEL04-PE";"UOP02-DEL04-PE"
752738;2026-02-16;"segunda-feira";"12:10:00";"RS";153;48;"ERECHIM";"Condutor deixou de manter distância do veículo da frente";"Colisão traseira";"Com Vítimas Feridas";"Pleno dia";"Decrescente";"Céu Claro";"Simples";"Interseção de Vias";"Sim";3;0;1;0;2;0;1;2;-27,6511968;-52,25686518;"SPRF-RS";"DEL08-RS";"UOP04-DEL08-RS"
752739;2026-02-16;"segunda-feira";"12:35:00";"RS";470;217,3;"BENTO GONCALVES";"Avarias e/ou desgaste excessivo no pneu";"Tombamento";"Com Vítimas Feridas";"Pleno dia";"Crescente";"Nublado";"Dupla";"Rotatória";"Sim";1;0;1;0;0;0;1;1;-29,17641172;-51,52155368;"SPRF-RS";"DEL06-RS";"UOP01-DEL06-RS"
752740;2026-02-08;"domingo";"19:50:00";"MS";163;267,7;"DOURADOS";"Falta de elemento de contenção que evite a saída do leito carroçável";"Saída de leito carroçável";"Sem Vítimas";"Plena Noite";"Crescente";"Céu Claro";"Dupla";"Reta";"Sim";1;0;0;0;1;0;0;1;-22,20907456;-54,7105;"SPRF-MS";"DEL04-MS";"UOP01-DEL04-MS"
752742;2026-02-16;"segunda-feira";"12:55:00";"PE";101;64;"RECIFE";"Manobra de mudança de faixa";"Colisão lateral mesmo sentido";"Com Vítimas Feridas";"Pleno dia";"Crescente";"Sol";"Múltipla";"Reta";"Sim";2;0;1;0;1;0;1;2;-8,019127;-34,942417;"SPRF-PE";"DEL01-PE";"UOP01-DEL01-PE"
752743;2026-02-16;"segunda-feira";"10:15:00";"ES";262;170;"IBATIBA";"Velocidade Incompatível";"Tombamento";"Com Vítimas Feridas";"Pleno dia";"Crescente";"Sol";"Simples";"Curva";"Não";2;0;2;0;0;0;2;1;-20,264775;-41,584815;"SPRF-ES";"DEL01-ES";"UOP02-DEL01-ES"
752744;2026-02-16;"segunda-feira";"13:30:00";"RJ";101;540;"PARATY";"Velocidade Incompatível";"Colisão lateral sentido oposto";"Com Vítimas Feridas";"Pleno dia";"Decrescente";"Céu Claro";"Simples";"Curva;Declive";"Não";2;0;1;0;1;0;1;2;-23,05073475;-44,58886949;"SPRF-RJ";"DEL03-RJ";"UOP04-DEL03-RJ"
752745;2026-02-16;"segunda-feira";"12:05:00";"RN";101;83,3;"SAO GONCALO DO AMARANTE";"Acessar a via sem observar a presença dos outros veículos";"Colisão lateral mesmo sentido";"Com Vítimas Feridas";"Pleno dia";"Crescente";"Céu Claro";"Dupla";"Reta";"Não";3;0;1;0;2;0;1;2;-5,771942;-35,264263;"SPRF-RN";"DEL02-RN";"UOP01-DEL02-RN"
752746;2026-02-16;"segunda-feira";"12:45:00";"SC";470;67,8;"INDAIAL";"Ultrapassagem Indevida";"Colisão transversal";"Com Vítimas Feridas";"Pleno dia";"Crescente";"Céu Claro";"Dupla";"Reta";"Não";2;0;1;0;1;0;1;2;-26,87201343;-49,23063604;"SPRF-SC";"DEL04-SC";"UOP01-DEL04-SC"
752749;2026-02-16;"segunda-feira";"12:10:00";"ES";262;46,1;"MARECHAL FLORIANO";"Ingestão de álcool pelo condutor";"Colisão transversal";"Com Vítimas Feridas";"Pleno dia";"Crescente";"Garoa/Chuvisco";"Simples";"Reta";"Não";2;0;2;0;0;0;2;2;-20,408056;-40,673833;"SPRF-ES";"DEL01-ES";"UOP01-DEL01-ES"
752750;2026-02-16;"segunda-feira";"13:10:00";"RJ";40;112;"DUQUE DE CAXIAS";"Entrada inopinada do pedestre";"Atropelamento de Pedestre";"Com Vítimas Fatais";"Pleno dia";"Decrescente";"Céu Claro";"Múltipla";"Reta";"Sim";2;1;0;0;0;1;0;2;-22,70777978;-43,29015291;"SPRF-RJ";"DEL01-RJ";"UOP02-DEL01-RJ"
752751;2026-02-16;"segunda-feira";"14:00:00";"ES";101;276;"SERRA";"Retorno proibido";"Colisão transversal";"Com Vítimas Feridas";"Pleno dia";"Crescente";"Céu Claro";"Dupla";"Reta";"Sim";2;0;2;0;0;0;2;2;-20,20941658;-40,31576693;"SPRF-ES";"DEL02-ES";"UOP01-DEL02-ES"
752752;2026-01-23;"sexta-feira";"16:30:00";"GO";364;20,7;"PARANAIGUARA";"Avarias e/ou desgaste excessivo no pneu";"Queda de ocupante de veículo";"Com Vítimas Feridas";"Pleno dia";"Decrescente";"Céu Claro";"Simples";"Reta";"Não";2;0;1;0;1;0;1;1;-18,929;-50,65;"SPRF-GO";"DEL05-GO";"UOP02-DEL05-GO"
752753;2026-02-16;"segunda-feira";"10:20:00";"CE";20;326;"CARIDADE";"Reação tardia ou ineficiente do condutor";"Colisão com objeto";"Com Vítimas Feridas";"Pleno dia";"Crescente";"Céu Claro";"Simples";"Aclive";"Não";2;0;2;0;0;0;2;1;-4,215034;-39,189579;"SPRF-CE";"DEL02-CE";"UOP01-DEL02-CE"
752754;2026-02-16;"segunda-feira";"12:50:00";"MG";262;855;"VERISSIMO";"Demais falhas mecânicas ou elétricas";"Tombamento";"Com Vítimas Feridas";"Pleno dia";"Decrescente";"Céu Claro";"Dupla";"Reta";"Não";2;0;2;0;0;0;2;1;-19,76776278;-48,3484034;"SPRF-MG";"DEL13-MG";"UOP01-DEL13-MG"
752756;2026-02-16;"segunda-feira";"13:05:00";"RO";364;510,4;"ARIQUEMES";"Ausência de reação do condutor";"Saída de leito carroçável";"Com Vítimas Feridas";"Pleno dia";"Crescente";"Chuva";"Simples";"Reta;Declive";"Não";2;0;2;0;0;0;2;1;-9,963872;-63,048272;"SPRF-RO";"DEL03-RO";"UOP01-DEL03-RO"
752760;2026-02-15;"domingo";"05:00:00";"PA";308;152;"CAPANEMA";"Ausência de reação do condutor";"Colisão traseira";"Com Vítimas Feridas";"Amanhecer";"Decrescente";"Nublado";"Simples";"Curva";"Não";3;0;0;3;0;0;3;2;-1,203723;-47,171453;"SPRF-PA";"DEL01-PA";"UOP03-DEL01-PA"
752761;2026-02-16;"segunda-feira";"15:50:00";"RJ";101;456,5;"ANGRA DOS REIS";"Ausência de reação do condutor";"Colisão traseira";"Com Vítimas Feridas";"Pleno dia";"Crescente";"Céu Claro";"Simples";"Reta";"Sim";2;0;1;0;1;0;1;2;-22,98986808;-44,24192848;"SPRF-RJ";"DEL03-RJ";"UOP03-DEL03-RJ"