"id";"data_inversa";"dia_semana";"horario";"uf";"br";"km";"municipio";"causa_acidente";"tipo_acidente";"classificacao_acidente";"fase_dia";"sentido_via";"condicao_metereologica";"tipo_pista";"tracado_via";"uso_solo";"pessoas";"mortos";"feridos_leves";"feridos_graves";"ilesos";"ignorados";"feridos";"veiculos";"latitude";"longitude";"regional";"delegacia";"uop"
752877;2026-02-17;"terça-feira";"11:00:00";"PR";153;238,6;"TIBAGI";"Reação tardia ou ineficiente do condutor";"Saída de leito carroçável";"Com Vítimas Feridas";"Pleno dia";"Crescente";"Sol";"Simples";"Curva";"Não";3;0;1;0;2;0;1;1;-24,77138889;-50,46613889;"SPRF-PR";"DEL03-PR";"UOP02-DEL03-PR"
752878;2026-02-17;"terça-feira";"10:15:00";"GO";60;107,2;"GOIANAPOLIS";"Conversão proibida";"Colisão lateral mesmo sentido";"Com Vítimas Feridas";"Pleno dia";"Decrescente";"Céu Claro";"Dupla";"Reta";"Não";2;0;0;1;1;0;1;2;-16,434581;-49,018606;"SPRF-GO";"DEL02-GO";"UOP01-DEL02-GO"
752881;2026-02-17;"terça-feira";"11:30:00";"PE";232;117;"CARUARU";"Acumulo de água sobre o pavimento";"Capotamento";"Com Vítimas Feridas";"Pleno dia";"Decrescente";"Céu Claro";"Dupla";"Declive";"Não";2;0;2;0;0;0;2;1;-8,29517;-35,887828;"SPRF-PE";"DEL02-PE";"UOP03-DEL02-PE"
752882;2026-02-17;"terça-feira";"11:30:00";"RJ";40;96;"DUQUE DE CAXIAS";"Reação tardia ou ineficiente do condutor";"Tombamento";"Com Vítimas Feridas";"Pleno dia";"Decrescente";"Céu Claro";"Dupla";"Reta";"Sim";2;0;1;0;1;0;1;1;-22,58047;-43,262153;"SPRF-RJ";"DEL01-RJ";"UOP01-DEL01-RJ"
752886;2026-02-17;"terça-feira";"09:20:00";"RJ";101;418;"MANGARATIBA";"Reação tardia ou ineficiente do condutor";"Colisão lateral sentido oposto";"Com Vítimas Feridas";"Pleno dia";"Crescente";"Sol";"Simples";"Reta";"Não";3;0;0;1;2;0;1;2;-22,9181601;-43,92891884;"SPRF-RJ";"DEL03-RJ";"UOP02-DEL03-RJ"
752887;2026-02-17;"terça-feira";"11:50:00";"SE";101;31,6;"CAPELA";"Ausência de reação do condutor";"Saída de leito carroçável";"Com Vítimas Feridas";"Pleno dia";"Decrescente";"Nublado";"Dupla";"Reta;Declive";"Não";1;0;1;0;0;0;1;1;-10,46049579;-36,94070689;"SPRF-SE";"DEL02-SE";"UOP02-DEL02-SE"
752889;2026-02-17;"terça-feira";"12:30:00";"SP";116;137,4;"SAO JOSE DOS CAMPOS";"Condutor deixou de manter distância do veículo da frente";"Colisão traseira";"Com Vítimas Feridas";"Pleno dia";"Crescente";"Nublado";"Dupla";"Reta";"Não";3;0;3;0;0;0;3;2;-23,1506593;-45,7833526;"SPRF-SP";"DEL02-SP";"UOP01-DEL02-SP"
752890;2026-02-17;"terça-feira";"12:45:00";"RJ";393;268;"BARRA DO PIRAI";"Acessar a via sem observar a presença dos outros veículos";"Colisão transversal";"Sem Vítimas";"Pleno dia";"Decrescente";"Céu Claro";"Simples";"Reta";"Não";8;0;0;0;8;0;0;2;-22,47639598;-43,94359589;"SPRF-RJ";"DEL05-RJ";"UOP04-DEL05-RJ"
752891;2026-02-17;"terça-feira";"12:25:00";"SC";101;88;"BARRA VELHA";"Entrada inopinada do pedestre";"Atropelamento de Pedestre";"Com Vítimas Feridas";"Pleno dia";"Decrescente";"Sol";"Múltipla";"Reta";"Não";2;0;0;1;1;0;1;2;-26,642987;-48,688887;"SPRF-SC";"DEL03-SC";"UOP02-DEL03-SC"
752893;2026-02-17;"terça-feira";"12:00:00";"AL";101;231;"PORTO REAL DO COLEGIO";"Demais falhas mecânicas ou elétricas";"Capotamento";"Com Vítimas Feridas";"Pleno dia";"Crescente";"Nublado";"Dupla";"Reta";"Não";2;0;2;0;0;0;2;1;-10,119269;-36,7364;"SPRF-AL";"DEL02-AL";"UOP02-DEL02-AL"
752894;2026-02-17;"terça-feira";"12:50:00";"DF";251;36,4;"BRASILIA";"Ultrapassagem Indevida";"Saída de leito carroçável";"Com Vítimas Feridas";"Pleno dia";"Crescente";"Céu Claro";"Simples";"Reta";"Não";5;0;1;0;4;0;1;2;-15,943898;-47,7826392;"SPRF-DF";"DEL01-DF";"UOP01-DEL01-DF"
752896;2026-02-17;"terça-feira";"12:20:00";"SC";101;157;"PORTO BELO";"Reação tardia ou ineficiente do condutor";"Tombamento";"Com Vítimas Feridas";"Pleno dia";"Crescente";"Céu Claro";"Múltipla";"Reta";"Não";2;0;2;0;0;0;2;1;-27,18504401;-48,61268727;"SPRF-SC";"DEL04-SC";"UOP03-DEL04-SC"
752897;2026-02-17;"terça-feira";"13:45:00";"SC";470;135;"RIO DO SUL";"Reação tardia ou ineficiente do condutor";"Colisão lateral mesmo sentido";"Com Vítimas Feridas";"Pleno dia";"Crescente";"Céu Claro";"Simples";"Rotatória";"Sim";2;0;1;0;1;0;1;2;-27,17846822;-49,5950195;"SPRF-SC";"DEL04-SC";"UOP02-DEL04-SC"
752900;2026-02-17;"terça-feira";"13:45:00";"ES";101;180,5;"ARACRUZ";"Demais falhas mecânicas ou elétricas";"Tombamento";"Com Vítimas Feridas";"Pleno dia";"Crescente";"Céu Claro";"Simples";"Reta";"Não";2;0;2;0;0;0;2;1;-19,628218;-40,224011;"SPRF-ES";"DEL04-ES";"UOP01-DEL04-ES"
752901;2026-02-17;"terça-feira";"11:00:00";"MG";381;817,2;"CAREACU";"Condutor deixou de manter distância do veículo da frente";"Colisão lateral mesmo sentido";"Com Vítimas Feridas";"Pleno dia";"Crescente";"Céu Claro";"Dupla";"Reta;Aclive";"Não";3;0;2;0;1;0;2;2;-22,0473638;-45,6909312;"SPRF-MG";"DEL16-MG";"UOP02-DEL16-MG"
752902;2026-02-13;"sexta-feira";"19:30:00";"RJ";101;293;"ITABORAI";"Manobra de mudança de faixa";"Colisão transversal";"Com Vítimas Feridas";"Plena Noite";"Decrescente";"Céu Claro";"Dupla";"Curva";"Sim";2;0;1;0;1;0;1;2;-22,7550312;-42,88954066;"SPRF-RJ";"DEL02-RJ";"UOP02-DEL02-RJ"
752903;2026-02-17;"terça-feira";"13:45:00";"RS";470;219;"BENTO GONCALVES";"Acumulo de areia ou detritos sobre o pavimento";"Tombamento";"Com Vítimas Feridas";"Pleno dia";"Crescente";"Nublado";"Simples";"Curva";"Não";1;0;1;0;0;0;1;1;-29,18638772;-51,5203735;"SPRF-RS";"DEL06-RS";"UOP01-DEL06-RS"
752904;2026-02-17;"terça-feira";"13:20:00";"PI";402;4;"BURITI DOS LOPES";"Reação tardia ou ineficiente do condutor";"Saída de leito carroçável";"Com Vítimas Feridas";"Pleno dia";"Decrescente";"Garoa/Chuvisco";"Simples";"Reta";"Não";3;0;2;0;1;0;2;1;-3,1761127;-41,865509;"SPRF-PI";"DEL05-PI";"UOP01-DEL05-PI"
752905;2026-02-17;"terça-feira";"12:00:00";"RJ";40;109;"DUQUE DE CAXIAS";"Reação tardia ou ineficiente do condutor";"Queda de ocupante de veículo";"Com Vítimas Feridas";"Pleno dia";"Crescente";"Céu Claro";"Múltipla";"Curva";"Sim";2;0;2;0;0;0;2;1;-22,670808;-43,284417;"SPRF-RJ";"DEL01-RJ";"UOP02-DEL01-RJ"
752906;2026-02-17;"terça-feira";"08:00:00";"RJ";101;313;"SAO GONCALO";"Animais na Pista";"Queda de ocupante de veículo";"Com Vítimas Feridas";"Pleno dia";"Crescente";"Céu Claro";"Simples";"Curva";"Não";1;0;1;0;0;0;1;1;-22,81125861;-43,07129714;"SPRF-RJ";"DEL02-RJ";"UOP02-DEL02-RJ"
752908;2026-02-17;"terça-feira";"14:10:00";"DF";60;13;"BRASILIA";"Reação tardia ou ineficiente do condutor";"Colisão traseira";"Com Vítimas Feridas";"Pleno dia";"Decrescente";"Céu Claro";"Dupla";"Reta";"Não";2;0;1;0;1;0;1;2;-15,92769128;-48,16722462;"SPRF-DF";"DEL03-DF";"UOP01-DEL03-DF"
752909;2026-02-13;"sexta-feira";"22:30:00";"RJ";116;127;"MAGE";"Manobra de mudança de faixa";"Capotamento";"Com Vítimas Feridas";"Plena Noite";"Decrescente";"Chuva";"Dupla";"Curva";"Não";1;0;1;0;0;0;1;1;-22,66571337;-43,10256028;"SPRF-RJ";"DEL04-RJ";"UOP02-DEL04-RJ"
752910;2026-02-17;"terça-feira";"13:35:00";"PE";232;114,4;"CARUARU";"Reação tardia ou ineficiente do condutor";"Saída de leito carroçável";"Com Vítimas Feridas";"Pleno dia";"Crescente";"Chuva";"Dupla";"Reta;Declive";"Não";5;0;1;4;0;0;5;1;-8,29826278;-35,86044637;"SPRF-PE";"DEL02-PE";"UOP03-DEL02-PE"
752911;2026-02-17;"terça-feira";"14:40:00";"RJ";393;285;"VOLTA REDONDA";"Ausência de reação do condutor";"Tombamento";"Com Vítimas Feridas";"Pleno dia";"Crescente";"Sol";"Simples";"Reta";"Sim";1;0;0;1;0;0;1;1;-22,50628299;-44,07701969;"SPRF-RJ";"DEL05-RJ";"UOP04-DEL05-RJ"
752913;2026-02-17;"terça-feira";"13:00:00";"PR";153;161;"VENTANIA";"Reação tardia ou ineficiente do condutor";"Saída de leito carroçável";"Com Vítimas Feridas";"Pleno dia";"Decrescente";"Chuva";"Simples";"Interseção de Vias;Rotatória";"Não";1;0;1;0;0;0;1;1;-24,23593399;-50,23267362;"SPRF-PR";"DEL03-PR";"UOP02-DEL03-PR"
752915;2026-02-17;"terça-feira";"07:53:00";"AC";317;183;"XAPURI";"Ausência de reação do condutor";"Atropelamento de Pedestre";"Com Vítimas Fatais";"Amanhecer";"Decrescente";"Nublado";"Simples";"Reta";"Não";2;1;0;0;0;1;0;2;-10,67061531;-68,2985174;"SPRF-AC";"DEL01-AC";"UOP02-DEL01-AC"
752916;2026-02-17;"terça-feira";"14:30:00";"RJ";40;64;"PETROPOLIS";"Mal súbito do condutor";"Colisão com objeto";"Com Vítimas Feridas";"Pleno dia";"Crescente";"Céu Claro";"Dupla";"Curva";"Não";1;0;1;0;0;0;1;1;-22,426987;-43,158701;"SPRF-RJ";"DEL05-RJ";"UOP02-DEL05-RJ"
752917;2026-02-17;"terça-feira";"14:30:00";"PR";116;88;"PIRAQUARA";"Reação tardia ou ineficiente do condutor";"Colisão traseira";"Com Vítimas Feridas";"Pleno dia";"Decrescente";"Céu Claro";"Dupla";"Reta";"Sim";2;0;1;0;1;0;1;2;-25,47884464;-49,1001749;"SPRF-PR";"DEL01-PR";"UOP07-DEL01-PR"
752918;2026-02-17;"terça-feira";"14:15:00";"MG";381;896;"CAMBUI";"Velocidade Incompatível";"Saída de leito carroçável";"Sem Vítimas";"Pleno dia";"Crescente";"Chuva";"Dupla";"Reta";"Sim";1;0;0;0;1;0;0;1;-22,59239233;-46,05459362;"SPRF-MG";"DEL16-MG";"UOP01-DEL16-MG"
752919;2026-02-17;"terça-feira";"15:20:00";"PB";230;20;"JOAO PESSOA";"Ausência de reação do condutor";"Colisão traseira";"Com Vítimas Feridas";"Pleno dia";"Crescente";"Céu Claro";"Dupla";"Reta";"Sim";7;0;1;0;6;0;1;2;-7,14911142;-34,85111237;"SPRF-PB";"DEL01-PB";"UOP01-DEL01-PB"
752920;2026-02-17;"terça-feira";"15:20:00";"PR";277;11,1;"PARANAGUA";"Reação tardia ou ineficiente do condutor";"Saída de leito carroçável";"Com Vítimas Feridas";"Pleno dia";"Crescente";"Chuva";"Dupla";"Reta";"Sim";9;0;8;1;0;0;9;2;-25,56591478;-48,62528121;"SPRF-PR";"DEL01-PR";"UOP05-DEL01-PR"
752922;2026-02-17;"terça-feira";"13:54:00";"CE";116;437,1;"BARRO";"Demais falhas na via";"Capotamento";"Com Vítimas Feridas";"Pleno dia";"Crescente";"Nublado";"Simples";"Reta;Interseção de Vias";"Não";5;0;5;0;0;0;5;1;-7,02232;-38,764668;"SPRF-CE";"DEL05-CE";"UOP03-DEL05-CE"
752924;2026-02-17;"terça-feira";"16:00:00";"SC";101;149;"ITAPEMA";"Ausência de reação do condutor";"Colisão traseira";"Com Vítimas Feridas";"Pleno dia";"Decrescente";"Céu Claro";"Dupla";"Reta";"Sim";3;0;0;2;1;0;2;2;-27,104817;-48,615765;"SPRF-SC";"DEL04-SC";"UOP03-DEL04-SC"
752925;2026-02-17;"terça-feira";"15:40:00";"ES";101;270;"SERRA";"Reação tardia ou ineficiente do condutor";"Tombamento";"Com Vítimas Feridas";"Pleno dia";"Crescente";"Céu Claro";"Simples";"Viaduto";"Sim";1;0;1;0;0;0;1;1;-20,232402;-40,274945;"SPRF-ES";"DEL02-ES";"UOP01-DEL02-ES"
752927;2026-02-17;"terça-feira";"16:20:00";"RN";304;17,1;"MOSSORO";"Demais falhas mecânicas ou elétricas";"Queda de ocupante de veículo";"Com Vítimas Feridas";"Pleno dia";"Crescente";"Céu Claro";"Simples";"Reta";"Não";2;0;0;2;0;0;2;1;-5,011726;-37,364837;"SPRF-RN";"DEL04-RN";"UOP02-DEL04-RN"
752928;2026-02-17;"terça-feira";"15:50:00";"PR";376;404;"TIBAGI";"Reação tardia ou ineficiente do condutor";"Tombamento";"Com Vítimas Feridas";"Pleno dia";"Crescente";"Chuva";"Dupla";"Aclive;Reta";"Não";2;0;2;0;0;0;2;1;-24,614505;-50,653096;"SPRF-PR";"DEL03-PR";"UOP02-DEL03-PR"
752929;2026-02-17;"terça-feira";"14:30:00";"MG";50;112;"UBERABA";"Condutor Dormindo";"Saída de leito carroçável";"Com Vítimas Feridas";"Pleno dia";"Crescente";"Céu Claro";"Dupla";"Curva";"Não";1;0;1;0;0;0;1;1;-19,245643;-48,137661;"SPRF-MG";"DEL13-MG";"UOP01-DEL13-MG"
752932;2026-02-17;"terça-feira";"16:20:00";"PE";232;51,9;"POMBOS";"Reação tardia ou ineficiente do condutor";"Saída de leito carroçável";"Com Vítimas Feridas";"Pleno dia";"Crescente";"Nublado";"Dupla";"Reta";"Não";2;0;2;0;0;0;2;1;-8,13402;-35,341175;"SPRF-PE";"DEL02-PE";"UOP02-DEL02PE"
752933;2026-02-17;"terça-feira";"16:30:00";"RJ";40;114;"DUQUE DE CAXIAS";"Demais falhas mecânicas ou elétricas";"Incêndio";"Sem Vítimas";"Pleno dia";"Crescente";"Céu Claro";"Múltipla";"Reta";"Não";2;0;0;0;0;2;0;1;-22,726;-43,289;"SPRF-RJ";"DEL01-RJ";"UOP02-DEL01-RJ"
752937;2026-02-13;"sexta-feira";"17:00:00";"PA";155;97,8;"RIO MARIA";"Ultrapassagem Indevida";"Colisão frontal";"Com Vítimas Fatais";"Pleno dia";"Decrescente";"Céu Claro";"Simples";"Reta";"Não";8;1;2;5;0;0;7;2;-7,199375;-49,98976;"SPRF-PA";"DEL03-PA";"UOP01-DEL03-PA"
752938;2026-02-17;"terça-feira";"15:36:00";"MT";163;749;"SORRISO";"Acessar a via sem observar a presença dos outros veículos";"Colisão transversal";"Sem Vítimas";"Pleno dia";"Crescente";"Nublado";"Dupla";"Reta;Aclive";"Sim";2;0;0;0;2;0;0;2;-12,58060833;-55,73249167;"SPRF-MT";"DEL06-MT";"UOP01-DEL06-MT"
752941;2026-02-17;"terça-feira";"17:40:00";"ES";262;22;"VIANA";"Acessar a via sem observar a presença dos outros veículos";"Colisão transversal";"Com Vítimas Feridas";"Anoitecer";"Crescente";"Céu Claro";"Simples";"Reta";"Não";5;0;2;0;3;0;2;2;-20,37641642;-40,51192252;"SPRF-ES";"DEL01-ES";"UOP01-DEL01-ES"
752944;2026-02-17;"terça-feira";"17:40:00";"AP";156;799;"OIAPOQUE";"Acessar a via sem observar a presença dos outros veículos";"Colisão transversal";"Com Vítimas Feridas";"Pleno dia";"Crescente";"Céu Claro";"Simples";"Reta;Aclive";"Sim";2;0;1;0;1;0;1;2;3,83768092;-51,81483362;"SPRF-AP";"DEL01-AP";"UOP03-DEL01-AP"
752947;2026-02-17;"terça-feira";"17:00:00";"PR";369;458,5;"CORBELIA";"Transitar no Acostamento";"Colisão lateral mesmo sentido";"Com Vítimas Fatais";"Pleno dia";"Decrescente";"Céu Claro";"Simples";"Curva;Aclive";"Não";3;1;0;0;2;0;0;2;-24,599262;-53,2038;"SPRF-PR";"DEL04-PR";"UOP03-DEL04-PR"
752948;2026-02-17;"terça-feira";"15:40:00";"MG";116;510,6;"UBAPORANGA";"Transitar no Acostamento";"Colisão traseira";"Com Vítimas Fatais";"Pleno dia";"Decrescente";"Sol";"Simples";"Curva";"Não";2;1;0;0;1;0;0;2;-19,652112;-42,110405;"SPRF-MG";"DEL06-MG";"UOP02-DEL06-MG"
752949;2026-02-17;"terça-feira";"17:30:00";"CE";230;70,9;"VARZEA ALEGRE";"Acessar a via sem observar a presença dos outros veículos";"Colisão lateral mesmo sentido";"Sem Vítimas";"Anoitecer";"Decrescente";"Nublado";"Simples";"Reta";"Não";2;0;0;0;2;0;0;2;-6,78141;-39,21792;"SPRF-CE";"DEL05-CE";"UOP01-DEL05-CE"
752950;2026-02-17;"terça-feira";"18:47:00";"SP";116;292,1;"ITAPECERICA DA SERRA";"Reação tardia ou ineficiente do condutor";"Colisão traseira";"Com Vítimas Feridas";"Anoitecer";"Decrescente";"Chuva";"Dupla";"Reta";"Não";4;0;0;1;2;1;1;3;-23,73250241;-46,89484119;"SPRF-SP";"DEL04-SP";"UOP01-DEL04-SP"
752951;2026-02-17;"terça-feira";"18:30:00";"ES";262;46;"MARECHAL FLORIANO";"Mal súbito do condutor";"Saída de leito carroçável";"Com Vítimas Feridas";"Plena Noite";"Decrescente";"Céu Claro";"Simples";"Reta";"Sim";27;0;20;4;3;0;24;1;-20,410998;-40,678051;"SPRF-ES";"DEL01-ES";"UOP01-DEL01-ES"
752952;2026-02-17;"terça-feira";"18:45:00";"PB";101;88;"JOAO PESSOA";"Ausência de reação do condutor";"Colisão traseira";"Com Vítimas Feridas";"Plena Noite";"Decrescente";"Céu Claro";"Múltipla";"Reta";"Sim";3;0;0;1;2;0;1;3;-7,1639433;-34,8630621;"SPRF-PB";"DEL01-PB";"UOP01-DEL01-PB"
752953;2026-02-17;"terça-feira";"19:00:00";"BA";116;428;"FEIRA DE SANTANA";"Entrada inopinada do pedestre";"Atropelamento de Pedestre";"Com Vítimas Fatais";"Plena Noite";"Decrescente";"Céu Claro";"Dupla";"Reta";"Sim";4;1;0;0;3;0;0;2;-12,28797867;-39,00323577;"SPRF-BA";"DEL02-BA";"UOP01-DEL02-BA"
752954;2026-02-17;"terça-feira";"18:10:00";"RJ";101;430;"MANGARATIBA";"Ausência de reação do condutor";"Colisão frontal";"Com Vítimas Feridas";"Anoitecer";"Crescente";"Céu Claro";"Simples";"Curva;Declive";"Não";2;0;1;0;1;0;1;2;-22,93440131;-44,03219059;"SPRF-RJ";"DEL03-RJ";"UOP02-DEL03-RJ"
752955;2026-02-17;"terça-feira";"17:30:00";"PR";153;461,1;"PORTO VITORIA";"Chuva";"Saída de leito carroçável";"Com Vítimas Feridas";"Anoitecer";"Crescente";"Chuva";"Simples";"Aclive;Curva";"Não";1;0;1;0;0;0;1;1;-26,22807314;-51,139188;"SPRF-PR";"DEL02-PR";"UOP03-DEL02-PR"
752957;2026-02-17;"terça-feira";"17:20:00";"RO";364;427;"JARU";"Manobra de mudança de faixa";"Colisão lateral mesmo sentido";"Com Vítimas Feridas";"Pleno dia";"Crescente";"Céu Claro";"Múltipla";"Reta;Interseção de Vias";"Sim";2;0;1;0;0;1;1;2;-10,42805783;-62,48610288;"SPRF-RO";"DEL03-RO";"UOP02-DEL03-RO"
752958;2026-02-17;"terça-feira";"18:44:00";"PR";116;115;"CURITIBA";"Pedestre cruzava a pista fora da faixa";"Atropelamento de Pedestre";"Com Vítimas Feridas";"Anoitecer";"Decrescente";"Céu Claro";"Múltipla";"Reta";"Sim";3;0;0;1;2;0;1;2;-25,54998655;-49,30487959;"SPRF-PR";"DEL01-PR";"UOP03-DEL01-PR"
752959;2026-02-17;"terça-feira";"17:05:00";"PI";230;310,1;"FLORIANO";"Deficiência do Sistema de Iluminação/Sinalização";"Tombamento";"Com Vítimas Feridas";"Pleno dia";"Crescente";"Sol";"Simples";"Reta";"Sim";1;0;0;1;0;0;1;1;-6,76471697;-43,00980279;"SPRF-PI";"DEL03-PI";"UOP01-DEL03-PI"
752960;2026-02-17;"terça-feira";"15:30:00";"MG";116;201,2;"CARAI";"Ausência de reação do condutor";"Saída de leito carroçável";"Com Vítimas Feridas";"Anoitecer";"Decrescente";"Céu Claro";"Simples";"Curva";"Não";1;0;0;1;0;0;1;1;-17,253315;-41,501259;"SPRF-MG";"DEL11-MG";"UOP01-DEL11-MG"
752961;2026-02-17;"terça-feira";"17:40:00";"MG";262;52,5;"MANHUACU";"Ausência de reação do condutor";"Saída de leito carroçável";"Sem Vítimas";"Pleno dia";"Decrescente";"Céu Claro";"Simples";"Reta";"Não";1;0;0;0;1;0;0;1;-20,24995771;-42,15763092;"SPRF-MG";"DEL06-MG";"UOP03-DEL06-MG"
752962;2026-02-17;"terça-feira";"19:25:00";"CE";116;16;"EUSEBIO";"Reação tardia ou ineficiente do condutor";"Colisão traseira";"Com Vítimas Feridas";"Plena Noite";"Crescente";"Céu Claro";"Dupla";"Declive;Reta";"Sim";2;0;1;0;1;0;1;2;-3,88793252;-38,5016942;"SPRF-CE";"DEL01-CE";"UOP02-DEL01-CE"
752963;2026-02-17;"terça-feira";"19:30:00";"MG";381;502;"BETIM";"Mal súbito do condutor";"Colisão traseira";"Com Vítimas Feridas";"Plena Noite";"Decrescente";"Céu Claro";"Dupla";"Reta";"Não";2;0;1;0;1;0;1;2;-20,01891968;-44,2275238;"SPRF-MG";"DEL01-MG";"UOP03-DEL01-MG"
752964;2026-02-17;"terça-feira";"11:30:00";"SC";280;213,5;"TRES BARRAS";"Frear bruscamente";"Queda de ocupante de veículo";"Com Vítimas Feridas";"Pleno dia";"Crescente";"Céu Claro";"Simples";"Reta;Aclive";"Não";2;0;2;0;0;0;2;1;-26,18233316;-50,21682923;"SPRF-SC";"DEL06-SC";"UOP04-DEL06-SC"
752966;2026-02-17;"terça-feira";"19:15:00";"PE";101;45,3;"IGARASSU";"Pedestre cruzava a pista fora da faixa";"Atropelamento de Pedestre";"Com Vítimas Feridas";"Plena Noite";"Crescente";"Céu Claro";"Dupla";"Reta";"Sim";2;0;0;1;1;0;1;2;-7,87554283;-34,90594246;"SPRF-PE";"DEL01-PE";"UOP02-DEL01-PE"
752967;2026-02-17;"terça-feira";"18:00:00";"SC";282;48,5;"AGUAS MORNAS";"Ausência de reação do condutor";"Colisão lateral mesmo sentido";"Com Vítimas Feridas";"Amanhecer";"Decrescente";"Chuva";"Simples";"Curva";"Não";3;0;1;0;0;2;1;3;-27,716072;-48,942812;"SPRF-SC";"DEL01-SC";"UOP03-DEL01-SC"
752968;2026-02-17;"terça-feira";"19:00:00";"PR";277;118;"CAMPO LARGO";"Condutor deixou de manter distância do veículo da frente";"Colisão traseira";"Com Vítimas Feridas";"Anoitecer";"Decrescente";"Céu Claro";"Dupla";"Curva";"Não";4;0;1;0;2;1;1;2;-25,44382;-49,46561;"SPRF-PR";"DEL03-PR";"UOP03-DEL03-PR"
752969;2026-02-17;"terça-feira";"19:41:00";"PR";277;119;"CAMPO LARGO";"Reação tardia ou ineficiente do condutor";"Colisão lateral mesmo sentido";"Com Vítimas Feridas";"Plena Noite";"Decrescente";"Céu Claro";"Dupla";"Reta;Declive";"Não";7;0;0;1;6;0;1;3;-25,44682727;-49,47309701;"SPRF-PR";"DEL03-PR";"UOP03-DEL03-PR"
752970;2026-02-17;"terça-feira";"20:00:00";"GO";60;96;"ANAPOLIS";"Condutor deixou de manter distância do veículo da frente";"Colisão traseira";"Com Vítimas Feridas";"Plena Noite";"Decrescente";"Nublado";"Dupla";"Reta";"Sim";2;0;1;0;0;1;1;2;-16,375;-48,947;"SPRF-GO";"DEL02-GO";"UOP01-DEL02-GO"
752971;2026-02-17;"terça-feira";"18:20:00";"MG";40;225;"JOAO PINHEIRO";"Mal súbito do condutor";"Tombamento";"Com Vítimas Feridas";"Anoitecer";"Crescente";"Céu Claro";"Simples";"Rotatória";"Sim";1;0;1;0;0;0;1;1;-17,984457;-45,612132;"SPRF-MG";"DEL14-MG";"UOP02-DEL14-MG"
752975;2026-02-17;"terça-feira";"20:45:00";"RS";290;76;"GRAVATAI";"Demais falhas mecânicas ou elétricas";"Queda de ocupante de veículo";"Sem Vítimas";"Plena Noite";"Crescente";"Céu Claro";"Múltipla";"Reta";"Não";2;0;0;0;2;0;0;1;-29,95658916;-51,01464987;"SPRF-RS";"DEL01-RS";"UOP01-DEL01-RS"
752976;2026-02-17;"terça-feira";"20:20:00";"MG";251;442,2;"GRAO MOGOL";"Acessar a via sem observar a presença dos outros veículos";"Queda de ocupante de veículo";"Com Vítimas Feridas";"Plena Noite";"Decrescente";"Céu Claro";"Simples";"Reta";"Sim";1;0;1;0;0;0;1;1;-16,406463;-43,228791;"SPRF-MG";"DEL12-MG";"UOP01-DEL12-MG"
752978;2026-02-17;"terça-feira";"17:30:00";"BA";110;283;"INHAMBUPE";"Ausência de reação do condutor";"Saída de leito carroçável";"Com Vítimas Feridas";"Anoitecer";"Decrescente";"Nublado";"Simples";"Reta";"Não";1;0;0;1;0;0;1;1;-11,71117654;-38,32891837;"SPRF-BA";"DEL01-BA";"UOP04-DEL01-BA"
752980;2026-02-17;"terça-feira";"20:10:00";"RJ";493;17;"GUAPIMIRIM";"Reação tardia ou ineficiente do condutor";"Saída de leito carroçável";"Com Vítimas Feridas";"Plena Noite";"Decrescente";"Céu Claro";"Simples";"Reta";"Não";2;0;2;0;0;0;2;1;-22,68467563;-42,96262085;"SPRF-RJ";"DEL04-RJ";"UOP02-DEL04-RJ"
752982;2026-02-17;"terça-feira";"20:30:00";"MG";40;288;"TRES MARIAS";"Animais na Pista";"Colisão com objeto";"Com Vítimas Feridas";"Plena Noite";"Crescente";"Céu Claro";"Simples";"Reta";"Não";3;0;3;0;0;0;3;1;-18,267174;-45,152578;"SPRF-MG";"DEL14-MG";"UOP02-DEL14-MG"
752983;2026-02-17;"terça-feira";"18:30:00";"MG";381;913;"CAMANDUCAIA";"Chuva";"Tombamento";"Com Vítimas Feridas";"Anoitecer";"Decrescente";"Nublado";"Dupla";"Curva";"Não";5;0;2;0;3;0;2;1;-22,7138303;-46,12238217;"SPRF-MG";"DEL16-MG";"UOP03-DEL16-MG"
752984;2026-02-17;"terça-feira";"20:15:00";"PI";343;441,9;"SAO PEDRO DO PIAUI";"Animais na Pista";"Atropelamento de Animal";"Com Vítimas Feridas";"Plena Noite";"Crescente";"Céu Claro";"Simples";"Reta";"Não";1;0;0;1;0;0;1;1;-5,871437;-42,674013;"SPRF-PI";"DEL01-PI";"UOP02-DEL01-PI"
752985;2026-02-17;"terça-feira";"20:20:00";"SP";116;213;"GUARULHOS";"Ausência de reação do condutor";"Colisão traseira";"Com Vítimas Feridas";"Plena Noite";"Crescente";"Céu Claro";"Múltipla";"Reta";"Sim";3;0;2;0;1;0;2;2;-23,439344;-46,436869;"SPRF-SP";"DEL01-SP";"UOP01-DEL01-SP"
752986;2026-02-17;"terça-feira";"21:30:00";"GO";60;97;"ANAPOLIS";"Acessar a via sem observar a presença dos outros veículos";"Colisão traseira";"Com Vítimas Feridas";"Plena Noite";"Crescente";"Céu Claro";"Dupla";"Reta";"Sim";3;0;1;0;2;0;1;2;-16,3761744;-48,948383;"SPRF-GO";"DEL02-GO";"UOP01-DEL02-GO"
752988;2026-02-17;"terça-feira";"18:40:00";"RS";285;107,5;"VACARIA";"Reação tardia ou ineficiente do condutor";"Saída de leito carroçável";"Com Vítimas Feridas";"Anoitecer";"Crescente";"Chuva";"Simples";"Reta";"Não";3;0;3;0;0;0;3;1;-28,522945;-50,816233;"SPRF-RS";"DEL05-RS";"UOP03-DEL05-RS"