"id";"data_inversa";"dia_semana";"horario";"uf";"br";"km";"municipio";"causa_acidente";"tipo_acidente";"classificacao_acidente";"fase_dia";"sentido_via";"condicao_metereologica";"tipo_pista";"tracado_via";"uso_solo";"pessoas";"mortos";"feridos_leves";"feridos_graves";"ilesos";"ignorados";"feridos";"veiculos";"latitude";"longitude";"regional";"delegacia";"uop"
753104;2026-02-18;"quarta-feira";"10:30:00";"RJ";101;420,5;"MANGARATIBA";"Reação tardia ou ineficiente do condutor";"Colisão traseira";"Sem Vítimas";"Pleno dia";"Crescente";"Céu Claro";"Dupla";"Reta";"Não";3;0;0;0;3;0;0;3;-22,91982921;-43,95348486;"SPRF-RJ";"DEL03-RJ";"UOP02-DEL03-RJ"
753108;2026-02-18;"quarta-feira";"09:50:00";"RS";116;147;"CAXIAS DO SUL";"Reação tardia ou ineficiente do condutor";"Colisão traseira";"Com Vítimas Feridas";"Pleno dia";"Crescente";"Céu Claro";"Múltipla";"Reta;Interseção de Vias";"Sim";3;0;0;1;2;0;1;2;-29,15067572;-51,14572255;"SPRF-RS";"DEL05-RS";"UOP01-DEL05-RS"
753109;2026-02-18;"quarta-feira";"09:00:00";"BA";242;568;"IBOTIRAMA";"Reação tardia ou ineficiente do condutor";"Saída de leito carroçável";"Com Vítimas Feridas";"Pleno dia";"Crescente";"Céu Claro";"Simples";"Reta";"Não";3;0;3;0;0;0;3;1;-12,17073238;-43,19659168;"SPRF-BA";"DEL06-BA";"UOP03-DEL06-BA"
753112;2026-02-18;"quarta-feira";"10:30:00";"MG";262;426,3;"SAO GONCALO DO PARA";"Acessar a via sem observar a presença dos outros veículos";"Atropelamento de Pedestre";"Com Vítimas Feridas";"Pleno dia";"Decrescente";"Sol";"Dupla";"Reta";"Não";2;0;0;1;1;0;1;2;-19,8967269;-44,8714164;"SPRF-MG";"DEL08-MG";"UOP03-DEL08-MG"
753113;2026-02-03;"terça-feira";"00:05:00";"GO";364;352;"MINEIROS";"Chuva";"Saída de leito carroçável";"Com Vítimas Feridas";"Plena Noite";"Crescente";"Garoa/Chuvisco";"Simples";"Curva";"Não";1;0;0;1;0;0;1;1;-17,37984238;-52,92501569;"SPRF-GO";"DEL05-GO";"UOP01-DEL05-GO"
753114;2026-02-18;"quarta-feira";"10:00:00";"PA";316;95;"SAO FRANCISCO DO PARA";"Reação tardia ou ineficiente do condutor";"Saída de leito carroçável";"Com Vítimas Feridas";"Pleno dia";"Decrescente";"Chuva";"Simples";"Reta;Declive";"Não";3;0;0;3;0;0;3;1;-1,327317;-47,647478;"SPRF-PA";"DEL01-PA";"UOP02-DEL01-PA"
753117;2026-01-23;"sexta-feira";"18:15:00";"GO";70;319;"JUSSARA";"Acessar a via sem observar a presença dos outros veículos";"Colisão traseira";"Com Vítimas Feridas";"Pleno dia";"Decrescente";"Céu Claro";"Dupla";"Aclive";"Sim";3;0;1;0;2;0;1;2;-15,878398;-50,879303;"SPRF-GO";"DEL04-GO";"UOP02-DEL04-GO"
753118;2026-02-18;"quarta-feira";"12:00:00";"MG";40;755,9;"SANTOS DUMONT";"Demais falhas mecânicas ou elétricas";"Incêndio";"Sem Vítimas";"Pleno dia";"Crescente";"Céu Claro";"Dupla";"Curva;Aclive";"Não";2;0;0;0;2;0;0;1;-21,5095542;-43,5280512;"SPRF-MG";"DEL05-MG";"UOP01-DEL05-MG"
753120;2026-02-18;"quarta-feira";"07:40:00";"SC";101;325,5;"CAPIVARI DE BAIXO";"Condutor deixou de manter distância do veículo da frente";"Colisão traseira";"Com Vítimas Feridas";"Pleno dia";"Crescente";"Nublado";"Múltipla";"Reta";"Sim";4;0;2;0;2;0;2;2;-28,430413;-48,946893;"SPRF-SC";"DEL02-SC";"UOP01-DEL02-SC"
753121;2026-02-18;"quarta-feira";"11:50:00";"PR";376;619;"SAO JOSE DOS PINHAIS";"Condutor deixou de manter distância do veículo da frente";"Engavetamento";"Com Vítimas Feridas";"Pleno dia";"Decrescente";"Nublado";"Dupla";"Declive;Reta";"Sim";4;0;1;0;3;0;1;3;-25,6082982;-49,1716399;"SPRF-PR";"DEL01-PR";"UOP04-DEL01-PR"
753123;2026-02-18;"quarta-feira";"12:00:00";"SP";116;362;"MIRACATU";"Ausência de reação do condutor";"Atropelamento de Pedestre";"Com Vítimas Feridas";"Pleno dia";"Decrescente";"Céu Claro";"Dupla";"Reta";"Não";2;0;1;0;1;0;1;2;-24,1352495;-47,2722363;"SPRF-SP";"DEL04-SP";"UOP03-DEL04-SP"
753124;2026-02-18;"quarta-feira";"06:50:00";"PA";0;0;"ALTAMIRA";"Pista esburacada";"Saída de leito carroçável";"Sem Vítimas";"Pleno dia";"Não Informado";"Nublado";"Simples";"Reta;Aclive";"Sim";3;0;0;0;2;1;0;2;-3,19767874;-52,21826345;"SPRF-PA";"DEL04-PA";"UOP01-DEL04-PA"
753125;2026-02-18;"quarta-feira";"12:09:00";"SC";101;433,7;"SOMBRIO";"Reação tardia ou ineficiente do condutor";"Tombamento";"Com Vítimas Feridas";"Pleno dia";"Crescente";"Nublado";"Múltipla";"Reta";"Sim";1;0;1;0;0;0;1;1;-29,096267;-49,634172;"SPRF-SC";"DEL02-SC";"UOP02-DEL02-SC"
753126;2026-02-18;"quarta-feira";"09:40:00";"MT";158;792;"BARRA DO GARCAS";"Demais falhas mecânicas ou elétricas";"Queda de ocupante de veículo";"Com Vítimas Feridas";"Pleno dia";"Crescente";"Céu Claro";"Simples";"Reta";"Não";2;0;2;0;0;0;2;1;-15,83916197;-52,30740845;"SPRF-MT";"DEL07-MT";"UOP01-DEL07-MT"
753127;2026-02-18;"quarta-feira";"10:30:00";"RJ";116;134;"MAGE";"Mal súbito do condutor";"Saída de leito carroçável";"Com Vítimas Feridas";"Pleno dia";"Decrescente";"Céu Claro";"Dupla";"Reta";"Sim";1;0;1;0;0;0;1;1;-22,65389825;-43,15234423;"SPRF-RJ";"DEL04-RJ";"UOP02-DEL04-RJ"
753129;2026-02-18;"quarta-feira";"12:22:00";"BA";110;394;"SAO SEBASTIAO DO PASSE";"Desrespeitar a preferência no cruzamento";"Colisão transversal";"Com Vítimas Feridas";"Pleno dia";"Decrescente";"Nublado";"Simples";"Interseção de Vias";"Sim";3;0;2;0;1;0;2;2;-12,50989;-38,496439;"SPRF-BA";"DEL01-BA";"UOP01-DEL01-BA"
753130;2026-02-18;"quarta-feira";"13:00:00";"RJ";116;173;"SAO JOAO DE MERITI";"Reação tardia ou ineficiente do condutor";"Tombamento";"Com Vítimas Feridas";"Pleno dia";"Crescente";"Céu Claro";"Múltipla";"Retorno Regulamentado;Reta";"Sim";1;0;1;0;0;0;1;1;-22,79905762;-43,35524797;"SPRF-RJ";"DEL06-RJ";"UOP01-DEL06-RJ"
753131;2026-02-18;"quarta-feira";"11:51:00";"ES";101;141;"LINHARES";"Condutor deixou de manter distância do veículo da frente";"Colisão traseira";"Com Vítimas Feridas";"Pleno dia";"Crescente";"Céu Claro";"Dupla";"Interseção de Vias";"Não";2;0;1;0;1;0;1;2;-19,32268668;-40,0740172;"SPRF-ES";"DEL04-ES";"UOP01-DEL04-ES"
753132;2026-02-18;"quarta-feira";"11:40:00";"PI";343;283;"CAMPO MAIOR";"Ultrapassagem Indevida";"Colisão lateral mesmo sentido";"Com Vítimas Feridas";"Pleno dia";"Decrescente";"Céu Claro";"Simples";"Reta";"Não";2;0;2;0;0;0;2;2;-4,84812602;-42,19230632;"SPRF-PI";"DEL01-PI";"UOP03-DEL01-PI"
753133;2026-02-18;"quarta-feira";"12:00:00";"SE";101;43,1;"JAPARATUBA";"Reação tardia ou ineficiente do condutor";"Queda de ocupante de veículo";"Com Vítimas Feridas";"Pleno dia";"Crescente";"Chuva";"Dupla";"Reta;Ponte";"Não";1;0;1;0;0;0;1;1;-10,5464774;-36,97024791;"SPRF-SE";"DEL02-SE";"UOP02-DEL02-SE"
753134;2026-02-18;"quarta-feira";"13:30:00";"MG";381;4;"BETIM";"Demais falhas mecânicas ou elétricas";"Tombamento";"Com Vítimas Feridas";"Pleno dia";"Crescente";"Sol";"Dupla";"Reta";"Sim";2;0;2;0;0;0;2;1;-19,987;-44,179;"SPRF-MG";"DEL01-MG";"UOP03-DEL01-MG"
753136;2026-02-18;"quarta-feira";"12:45:00";"PR";369;184;"ARAPONGAS";"Acesso irregular";"Colisão transversal";"Com Vítimas Feridas";"Pleno dia";"Crescente";"Céu Claro";"Simples";"Reta";"Sim";2;0;2;0;0;0;2;2;-23,39047958;-51,42207905;"SPRF-PR";"DEL07-PR";"UOP03-DEL07-PR"
753137;2026-02-01;"domingo";"06:30:00";"AM";319;32,5;"CAREIRO";"Reação tardia ou ineficiente do condutor";"Colisão lateral sentido oposto";"Com Vítimas Feridas";"Amanhecer";"Decrescente";"Céu Claro";"Simples";"Reta";"Não";6;0;3;0;1;2;3;2;-3,35554;-59,87873;"SPRF-AM";"DEL01-AM";"UOP04-DEL01-AM"
753138;2026-02-18;"quarta-feira";"12:50:00";"SC";101;30;"JOINVILLE";"Ausência de reação do condutor";"Colisão com objeto";"Sem Vítimas";"Pleno dia";"Crescente";"Céu Claro";"Múltipla";"Reta;Declive";"Não";1;0;0;0;1;0;0;1;-26,22918647;-48,91672103;"SPRF-SC";"DEL03-SC";"UOP01-DEL03-SC"
753139;2026-02-18;"quarta-feira";"10:10:00";"RJ";101;30;"CAMPOS DOS GOYTACAZES";"Demais falhas mecânicas ou elétricas";"Incêndio";"Sem Vítimas";"Pleno dia";"Crescente";"Céu Claro";"Simples";"Curva";"Não";3;0;0;0;3;0;0;1;-21,47264891;-41,3351047;"SPRF-RJ";"DEL08-RJ";"UOP01-DEL08-RJ"
753141;2026-02-18;"quarta-feira";"11:30:00";"BA";116;521,3;"ITATIM";"Conversão proibida";"Colisão transversal";"Com Vítimas Feridas";"Pleno dia";"Crescente";"Céu Claro";"Simples";"Reta;Interseção de Vias";"Sim";2;0;0;1;1;0;1;2;-12,705114;-39,722238;"SPRF-BA";"DEL03-BA";"UOP02-DEL03-BA"
753142;2026-02-18;"quarta-feira";"13:20:00";"SP";381;5;"VARGEM";"Condutor Dormindo";"Capotamento";"Com Vítimas Feridas";"Pleno dia";"Crescente";"Céu Claro";"Dupla";"Reta";"Sim";2;0;2;0;0;0;2;1;-22,87810341;-46,39833185;"SPRF-SP";"DEL03-SP";"UOP02-DEL03-SP"
753143;2026-02-18;"quarta-feira";"13:30:00";"SP";101;50;"UBATUBA";"Acessar a via sem observar a presença dos outros veículos";"Colisão transversal";"Com Vítimas Feridas";"Pleno dia";"Decrescente";"Chuva";"Simples";"Reta";"Sim";2;0;1;0;1;0;1;2;-23,446825;-45,080486;"SPRF-SP";"DEL06-SP";"UOP01-DEL06-SP"
753144;2026-02-18;"quarta-feira";"13:50:00";"DF";40;5;"BRASILIA";"Condutor deixou de manter distância do veículo da frente";"Engavetamento";"Com Vítimas Feridas";"Pleno dia";"Decrescente";"Céu Claro";"Dupla";"Reta";"Sim";6;0;0;1;5;0;1;6;-16,02397855;-47,97947858;"SPRF-DF";"DEL01-DF";"UOP01-DEL01-DF"
753147;2026-02-18;"quarta-feira";"13:40:00";"RS";158;565,9;"SANTANA DO LIVRAMENTO";"Desrespeitar a preferência no cruzamento";"Colisão transversal";"Com Vítimas Feridas";"Pleno dia";"Decrescente";"Sol";"Simples";"Interseção de Vias;Declive";"Sim";3;0;2;0;1;0;2;2;-30,87642651;-55,51072954;"SPRF-RS";"DEL11-RS";"UOP01-DEL11-RS"
753148;2026-02-18;"quarta-feira";"14:00:00";"RJ";101;305;"SAO GONCALO";"Condutor deixou de manter distância do veículo da frente";"Colisão traseira";"Com Vítimas Feridas";"Pleno dia";"Crescente";"Céu Claro";"Dupla";"Reta";"Sim";3;0;2;0;1;0;2;2;-22,78607339;-42,99207687;"SPRF-RJ";"DEL02-RJ";"UOP02-DEL02-RJ"
753149;2026-02-18;"quarta-feira";"07:30:00";"BA";407;130,4;"SENHOR DO BONFIM";"Demais falhas mecânicas ou elétricas";"Colisão traseira";"Com Vítimas Feridas";"Pleno dia";"Decrescente";"Sol";"Simples";"Reta";"Não";6;0;1;0;5;0;1;3;-10,49228488;-40,16271114;"SPRF-BA";"DEL04-BA";"UOP01-DEL04-BA"
753150;2026-02-18;"quarta-feira";"13:10:00";"RJ";40;93;"DUQUE DE CAXIAS";"Reação tardia ou ineficiente do condutor";"Queda de ocupante de veículo";"Com Vítimas Feridas";"Pleno dia";"Decrescente";"Céu Claro";"Dupla";"Curva;Aclive";"Não";1;0;1;0;0;0;1;1;-22,57400836;-43,25993104;"SPRF-RJ";"DEL01-RJ";"UOP01-DEL01-RJ"
753151;2026-02-18;"quarta-feira";"13:50:00";"MG";40;415,5;"CURVELO";"Condutor deixou de manter distância do veículo da frente";"Colisão traseira";"Sem Vítimas";"Pleno dia";"Crescente";"Céu Claro";"Simples";"Reta;Aclive";"Não";2;0;0;0;2;0;0;2;-19,15038;-44,60422;"SPRF-MG";"DEL02-MG";"UOP01-DEL02-MG"
753153;2026-02-14;"sábado";"05:20:00";"RO";364;300,5;"PRESIDENTE MEDICI";"Ultrapassagem Indevida";"Colisão frontal";"Com Vítimas Feridas";"Amanhecer";"Decrescente";"Céu Claro";"Simples";"Reta";"Não";5;0;0;5;0;0;5;2;-11,24095;-61,90209;"SPRF-RO";"DEL02-RO";"UOP01-DEL02-RO"
753154;2026-02-18;"quarta-feira";"14:30:00";"DF";20;33,2;"BRASILIA";"Manobra de mudança de faixa";"Saída de leito carroçável";"Sem Vítimas";"Pleno dia";"Crescente";"Nublado";"Dupla";"Reta;Declive";"Não";1;0;0;0;1;0;0;1;-15,58144449;-47,5084734;"SPRF-DF";"DEL02-DF";"UOP01-DEL02-DF"
753155;2026-02-18;"quarta-feira";"10:15:00";"MT";174;269;"VALE DE SAO DOMINGOS";"Condutor Dormindo";"Saída de leito carroçável";"Com Vítimas Feridas";"Pleno dia";"Decrescente";"Céu Claro";"Simples";"Declive";"Não";1;0;1;0;0;0;1;1;-15,37303;-59,18745;"SPRF-MT";"DEL04-MT";"UOP01-DEL04-MT"
753156;2026-02-18;"quarta-feira";"13:30:00";"RJ";116;146;"DUQUE DE CAXIAS";"Retorno proibido";"Tombamento";"Com Vítimas Feridas";"Pleno dia";"Crescente";"Sol";"Simples";"Reta";"Sim";3;0;1;0;1;1;1;2;-22,6659164;-43,2622241;"SPRF-RJ";"DEL01-RJ";"UOP02-DEL01-RJ"
753157;2026-02-18;"quarta-feira";"11:00:00";"TO";10;410;"PORTO NACIONAL";"Ausência de reação do condutor";"Colisão lateral mesmo sentido";"Com Vítimas Feridas";"Pleno dia";"Crescente";"Céu Claro";"Simples";"Curva";"Não";2;0;1;0;1;0;1;2;-10,69450393;-48,38846684;"SPRF-TO";"DEL01-TO";"UOP03-DEL01-TO"
753158;2026-02-18;"quarta-feira";"14:00:00";"PR";369;370,9;"MAMBORE";"Acessar a via sem observar a presença dos outros veículos";"Colisão transversal";"Com Vítimas Feridas";"Pleno dia";"Decrescente";"Céu Claro";"Simples";"Interseção de Vias;Reta";"Sim";5;0;3;0;2;0;3;2;-24,2732841;-52,5122636;"SPRF-PR";"DEL04-PR";"UOP03-DEL04-PR"
753160;2026-02-18;"quarta-feira";"12:20:00";"RJ";393;215;"VASSOURAS";"Mal súbito do condutor";"Queda de ocupante de veículo";"Com Vítimas Feridas";"Pleno dia";"Crescente";"Céu Claro";"Simples";"Reta";"Não";1;0;1;0;0;0;1;1;-22,31419426;-43,51682022;"SPRF-RJ";"DEL05-RJ";"UOP03-DEL05-RJ"
753162;2026-02-18;"quarta-feira";"13:40:00";"RJ";393;169;"TRES RIOS";"Reação tardia ou ineficiente do condutor";"Colisão lateral sentido oposto";"Com Vítimas Feridas";"Pleno dia";"Crescente";"Céu Claro";"Simples";"Interseção de Vias";"Não";5;0;1;0;4;0;1;2;-22,1251368;-43,17422954;"SPRF-RJ";"DEL05-RJ";"UOP02-DEL05-RJ"
753165;2026-02-18;"quarta-feira";"15:10:00";"SC";101;216,5;"PALHOCA";"Ausência de reação do condutor";"Colisão lateral mesmo sentido";"Com Vítimas Feridas";"Pleno dia";"Decrescente";"Céu Claro";"Simples";"Reta;Interseção de Vias;Viaduto";"Sim";4;0;1;0;3;0;1;3;-27,66391693;-48,67530227;"SPRF-SC";"DEL01-SC";"UOP02-DEL01-SC"
753169;2026-02-14;"sábado";"07:00:00";"RS";468;80,5;"CAMPO NOVO";"Transitar na contramão";"Colisão lateral sentido oposto";"Com Vítimas Feridas";"Amanhecer";"Decrescente";"Sol";"Simples";"Reta";"Não";4;0;0;1;3;0;1;2;-27,6246337;-53,8598774;"SPRF-RS";"DEL08-RS";"UOP02-DEL08-RS"
753171;2026-02-18;"quarta-feira";"15:25:00";"MG";116;406,6;"GOVERNADOR VALADARES";"Acessar a via sem observar a presença dos outros veículos";"Colisão lateral mesmo sentido";"Com Vítimas Feridas";"Pleno dia";"Decrescente";"Nublado";"Dupla";"Interseção de Vias";"Não";3;0;3;0;0;0;3;2;-18,84727867;-41,98007438;"SPRF-MG";"DEL06-MG";"UOP01-DEL06-MG"
753172;2026-02-18;"quarta-feira";"14:30:00";"BA";101;107,8;"ALAGOINHAS";"Mal súbito do condutor";"Capotamento";"Com Vítimas Feridas";"Pleno dia";"Decrescente";"Céu Claro";"Simples";"Rotatória;Curva";"Sim";1;0;1;0;0;0;1;1;-12,10101756;-38,37241325;"SPRF-BA";"DEL01-BA";"UOP04-DEL01-BA"
753173;2026-02-18;"quarta-feira";"09:30:00";"CE";20;204;"BOA VIAGEM";"Reação tardia ou ineficiente do condutor";"Colisão traseira";"Com Vítimas Feridas";"Pleno dia";"Decrescente";"Nublado";"Simples";"Aclive;Reta";"Sim";2;0;1;0;1;0;1;2;-5,117112;-39,727048;"SPRF-CE";"DEL02-CE";"UOP02-DEL02-CE"
753177;2026-02-18;"quarta-feira";"14:35:00";"MT";70;297;"PRIMAVERA DO LESTE";"Avarias e/ou desgaste excessivo no pneu";"Saída de leito carroçável";"Com Vítimas Feridas";"Pleno dia";"Crescente";"Nublado";"Simples";"Reta";"Não";1;0;1;0;0;0;1;1;-15,581235;-54,449622;"SPRF-MT";"DEL05-MT";"UOP01-DEL05-MT"
753180;2026-02-18;"quarta-feira";"15:30:00";"BA";101;929;"NOVA VICOSA";"Reação tardia ou ineficiente do condutor";"Colisão traseira";"Com Vítimas Feridas";"Pleno dia";"Crescente";"Sol";"Simples";"Reta";"Não";3;0;2;0;1;0;2;2;-17,95851931;-39,86180306;"SPRF-BA";"DEL09-BA";"UOP02-DEL09-BA"
753181;2026-02-18;"quarta-feira";"16:30:00";"RN";101;80,5;"SAO GONCALO DO AMARANTE";"Reação tardia ou ineficiente do condutor";"Colisão traseira";"Com Vítimas Feridas";"Pleno dia";"Crescente";"Nublado";"Dupla";"Reta";"Sim";2;0;1;0;1;0;1;2;-5,762109;-35,287389;"SPRF-RN";"DEL02-RN";"UOP01-DEL02-RN"
753182;2026-02-18;"quarta-feira";"16:30:00";"MG";381;628,7;"OLIVEIRA";"Velocidade Incompatível";"Capotamento";"Com Vítimas Feridas";"Pleno dia";"Decrescente";"Nublado";"Dupla";"Curva";"Não";3;0;1;0;2;0;1;1;-20,824527;-44,801142;"SPRF-MG";"DEL04-MG";"UOP01-DEL04-MG"
753184;2026-02-18;"quarta-feira";"16:10:00";"PB";230;17,2;"JOAO PESSOA";"Ausência de reação do condutor";"Engavetamento";"Sem Vítimas";"Pleno dia";"Decrescente";"Céu Claro";"Dupla";"Reta;Aclive";"Sim";5;0;0;0;4;1;0;5;-7,10796303;-34,84349281;"SPRF-PB";"DEL01-PB";"UOP01-DEL01-PB"
753185;2026-02-18;"quarta-feira";"15:50:00";"SC";282;4,5;"SAO JOSE";"Condutor deixou de manter distância do veículo da frente";"Queda de ocupante de veículo";"Com Vítimas Feridas";"Pleno dia";"Crescente";"Céu Claro";"Múltipla";"Declive";"Sim";2;0;1;0;1;0;1;2;-27,58845214;-48,61295712;"SPRF-SC";"DEL01-SC";"UOP01-DEL01-SC"
753186;2026-01-02;"sexta-feira";"19:08:00";"PA";163;288;"NOVO PROGRESSO";"Ausência de reação do condutor";"Colisão frontal";"Sem Vítimas";"Plena Noite";"Crescente";"Céu Claro";"Simples";"Reta";"Não";6;0;0;0;0;6;0;2;-7,2293964;-55,3490909;"SPRF-PA";"DEL05-PA";"UOP03-DEL05-PA"
753188;2026-02-18;"quarta-feira";"16:00:00";"RJ";116;173;"SAO JOAO DE MERITI";"Ausência de reação do condutor";"Queda de ocupante de veículo";"Com Vítimas Feridas";"Pleno dia";"Crescente";"Garoa/Chuvisco";"Dupla";"Reta";"Sim";2;0;2;0;0;0;2;1;-22,79329216;-43,36594932;"SPRF-RJ";"DEL06-RJ";"UOP01-DEL06-RJ"
753189;2026-02-18;"quarta-feira";"15:00:00";"MG";381;908;"CAMBUI";"Velocidade Incompatível";"Capotamento";"Com Vítimas Feridas";"Pleno dia";"Decrescente";"Chuva";"Dupla";"Curva;Declive";"Não";2;0;1;0;0;1;1;1;-22,68023262;-46,10064983;"SPRF-MG";"DEL16-MG";"UOP03-DEL16-MG"
753190;2026-02-18;"quarta-feira";"17:15:00";"BA";324;537;"AMELIA RODRIGUES";"Condutor deixou de manter distância do veículo da frente";"Engavetamento";"Com Vítimas Feridas";"Pleno dia";"Decrescente";"Céu Claro";"Dupla";"Reta";"Sim";10;0;0;1;9;0;1;3;-12,37680935;-38,80275799;"SPRF-BA";"DEL11-BA";"UOP02-DEL11-BA"
753191;2026-02-18;"quarta-feira";"17:00:00";"GO";153;502;"GOIANIA";"Trafegar com motocicleta (ou similar) entre as faixas";"Colisão lateral mesmo sentido";"Com Vítimas Fatais";"Pleno dia";"Decrescente";"Céu Claro";"Dupla";"Reta";"Sim";3;1;0;0;1;1;0;3;-16,72329757;-49,23989151;"SPRF-GO";"DEL01-GO";"UOP01-DEL01-GO"
753192;2026-02-18;"quarta-feira";"15:05:00";"RJ";101;133;"CONCEICAO DE MACABU";"Demais falhas mecânicas ou elétricas";"Incêndio";"Sem Vítimas";"Pleno dia";"Crescente";"Céu Claro";"Dupla";"Reta";"Não";3;0;0;0;3;0;0;1;-22,10234078;-41,69054031;"SPRF-RJ";"DEL08-RJ";"UOP04-DEL08-RJ"
753193;2026-02-18;"quarta-feira";"17:30:00";"RS";101;6;"TORRES";"Reação tardia ou ineficiente do condutor";"Colisão lateral mesmo sentido";"Com Vítimas Feridas";"Pleno dia";"Decrescente";"Céu Claro";"Dupla";"Reta";"Não";2;0;0;1;1;0;1;2;-29,34709253;-49,79261398;"SPRF-RS";"DEL03-RS";"UOP02-DEL03-RS"
753194;2026-02-18;"quarta-feira";"16:40:00";"MS";376;41,4;"VICENTINA";"Acessar a via sem observar a presença dos outros veículos";"Colisão transversal";"Com Vítimas Feridas";"Anoitecer";"Decrescente";"Nublado";"Simples";"Reta;Retorno Regulamentado";"Não";3;0;1;0;2;0;1;2;-22,42644553;-54,39075205;"SPRF-MS";"DEL04-MS";"UOP01-DEL04-MS"
753195;2026-02-18;"quarta-feira";"17:40:00";"SC";101;202;"SAO JOSE";"Ausência de reação do condutor";"Colisão traseira";"Com Vítimas Feridas";"Pleno dia";"Crescente";"Céu Claro";"Dupla";"Reta";"Sim";2;0;1;0;1;0;1;2;-27,5496119;-48,6198691;"SPRF-SC";"DEL01-SC";"UOP01-DEL01-SC"
753197;2026-02-18;"quarta-feira";"18:00:00";"RJ";116;176;"SAO JOAO DE MERITI";"Demais falhas mecânicas ou elétricas";"Tombamento";"Com Vítimas Feridas";"Pleno dia";"Crescente";"Nublado";"Múltipla";"Reta";"Não";2;0;1;0;1;0;1;1;-22,7880694;-43,3744084;"SPRF-RJ";"DEL06-RJ";"UOP01-DEL06-RJ"
753198;2026-02-18;"quarta-feira";"17:45:00";"SP";116;91,2;"PINDAMONHANGABA";"Velocidade Incompatível";"Colisão lateral mesmo sentido";"Com Vítimas Feridas";"Pleno dia";"Crescente";"Ignorado";"Dupla";"Reta";"Não";2;0;1;0;1;0;1;2;-22,9474498;-45,396599;"SPRF-SP";"DEL08-SP";"UOP01-DEL08-SP"
753200;2026-02-18;"quarta-feira";"15:00:00";"RJ";101;381;"RIO DE JANEIRO";"Demais falhas mecânicas ou elétricas";"Incêndio";"Sem Vítimas";"Pleno dia";"Crescente";"Chuva";"Dupla";"Reta";"Sim";1;0;0;0;0;1;0;1;-22,87269563;-43,60649586;"SPRF-RJ";"DEL03-RJ";"UOP01-DEL03-RJ"
753202;2026-02-18;"quarta-feira";"18:20:00";"RS";392;8,9;"RIO GRANDE";"Demais falhas na via";"Queda de ocupante de veículo";"Com Vítimas Feridas";"Pleno dia";"Decrescente";"Céu Claro";"Simples";"Rotatória";"Sim";2;0;0;2;0;0;2;1;-32,11006222;-52,11118983;"SPRF-RS";"DEL07-RS";"UOP02-DEL07-RS"
753206;2026-02-18;"quarta-feira";"12:24:00";"RJ";101;267;"RIO BONITO";"Ausência de reação do condutor";"Queda de ocupante de veículo";"Com Vítimas Feridas";"Pleno dia";"Crescente";"Céu Claro";"Dupla";"Reta";"Não";2;0;0;1;1;0;1;2;-22,70846219;-42,66336679;"SPRF-RJ";"DEL02-RJ";"UOP03-DEL02-RJ"
753207;2026-02-18;"quarta-feira";"16:30:00";"MG";50;179,2;"UBERABA";"Condutor deixou de manter distância do veículo da frente";"Colisão lateral mesmo sentido";"Com Vítimas Feridas";"Anoitecer";"Decrescente";"Chuva";"Dupla";"Reta;Declive";"Sim";3;0;2;0;1;0;2;1;-19,7782941;-47,92976618;"SPRF-MG";"DEL13-MG";"UOP01-DEL13-MG"
753208;2026-02-18;"quarta-feira";"17:40:00";"MG";153;231,6;"FRONTEIRA";"Acessar a via sem observar a presença dos outros veículos";"Colisão frontal";"Com Vítimas Feridas";"Pleno dia";"Decrescente";"Céu Claro";"Simples";"Reta";"Não";5;0;1;3;1;0;4;3;-20,191853;-49,093869;"SPRF-MG";"DEL13-MG";"UOP02-DEL13-MG"
753210;2026-02-18;"quarta-feira";"16:15:00";"PE";316;78;"OURICURI";"Chuva";"Colisão transversal";"Com Vítimas Fatais";"Anoitecer";"Crescente";"Chuva";"Simples";"Reta";"Não";2;1;0;1;0;0;1;2;-7,85224356;-40,12043953;"SPRF-PE";"DEL05-PE";"UOP02-DEL05-PE"
753212;2026-02-18;"quarta-feira";"17:30:00";"DF";60;1;"BRASILIA";"Entrada inopinada do pedestre";"Atropelamento de Pedestre";"Com Vítimas Feridas";"Anoitecer";"Crescente";"Nublado";"Dupla";"Reta";"Sim";2;0;1;0;1;0;1;2;-15,88589437;-48,07243466;"SPRF-DF";"DEL03-DF";"UOP01-DEL03-DF"
753214;2026-02-18;"quarta-feira";"18:40:00";"RN";110;37;"MOSSORO";"Animais na Pista";"Atropelamento de Animal";"Com Vítimas Feridas";"Plena Noite";"Crescente";"Ignorado";"Simples";"Reta";"Não";1;0;1;0;0;0;1;1;-5,168795;-37,240283;"SPRF-RN";"DEL04-RN";"UOP01-DEL04-RN"
753215;2026-02-18;"quarta-feira";"19:05:00";"ES";101;150;"LINHARES";"Condutor deixou de manter distância do veículo da frente";"Colisão traseira";"Com Vítimas Feridas";"Plena Noite";"Crescente";"Céu Claro";"Dupla";"Declive";"Sim";5;0;2;0;3;0;2;2;-19,40714075;-40,06400439;"SPRF-ES";"DEL04-ES";"UOP01-DEL04-ES"