"id";"data_inversa";"dia_semana";"horario";"uf";"br";"km";"municipio";"causa_acidente";"tipo_acidente";"classificacao_acidente";"fase_dia";"sentido_via";"condicao_metereologica";"tipo_pista";"tracado_via";"uso_solo";"pessoas";"mortos";"feridos_leves";"feridos_graves";"ilesos";"ignorados";"feridos";"veiculos";"latitude";"longitude";"regional";"delegacia";"uop"
753317;2026-02-19;"quinta-feira";"11:10:00";"RJ";101;319;"NITEROI";"Trafegar com motocicleta (ou similar) entre as faixas";"Colisão lateral mesmo sentido";"Com Vítimas Feridas";"Pleno dia";"Crescente";"Céu Claro";"Dupla";"Curva";"Não";4;0;2;0;2;0;2;2;-22,8591622;-43,10596375;"SPRF-RJ";"DEL02-RJ";"UOP02-DEL02-RJ"
753319;2026-02-19;"quinta-feira";"10:40:00";"MG";381;705;"LAVRAS";"Reação tardia ou ineficiente do condutor";"Colisão com objeto";"Com Vítimas Feridas";"Pleno dia";"Decrescente";"Chuva";"Dupla";"Curva;Declive";"Não";1;0;1;0;0;0;1;1;-21,31770156;-45,16762108;"SPRF-MG";"DEL04-MG";"UOP02-DEL04-MG"
753321;2026-02-19;"quinta-feira";"10:00:00";"ES";101;429;"ATILIO VIVACQUA";"Condutor deixou de manter distância do veículo da frente";"Colisão traseira";"Com Vítimas Feridas";"Pleno dia";"Crescente";"Céu Claro";"Simples";"Curva";"Não";3;0;1;0;2;0;1;2;-21,02961713;-41,16503656;"SPRF-ES";"DEL03-ES";"UOP02-DEL03-ES"
753322;2026-02-19;"quinta-feira";"11:25:00";"RS";386;425,8;"MONTENEGRO";"Acumulo de areia ou detritos sobre o pavimento";"Queda de ocupante de veículo";"Com Vítimas Feridas";"Pleno dia";"Crescente";"Céu Claro";"Simples";"Reta";"Não";1;0;1;0;0;0;1;1;-29,819646;-51,361473;"SPRF-RS";"DEL04-RS";"UOP02-DEL04-RS"
753324;2026-02-19;"quinta-feira";"10:40:00";"RN";304;157;"FERNANDO PEDROZA";"Acessar a via sem observar a presença dos outros veículos";"Colisão lateral mesmo sentido";"Com Vítimas Feridas";"Pleno dia";"Decrescente";"Céu Claro";"Simples";"Reta";"Não";2;0;0;1;1;0;1;2;-5,6944376;-36,52829647;"SPRF-RN";"DEL04-RN";"UOP01-DEL04-RN"
753325;2026-02-15;"domingo";"04:00:00";"PR";376;187;"MARIALVA";"Ingestão de álcool pelo condutor";"Colisão traseira";"Com Vítimas Feridas";"Plena Noite";"Crescente";"Céu Claro";"Dupla";"Reta";"Não";5;0;2;0;2;1;2;4;-23,45906;-51,84105;"SPRF-PR";"DEL09-PR";"UOP01-DEL09-PR"
753326;2026-02-19;"quinta-feira";"12:30:00";"SC";101;206,8;"SAO JOSE";"Desrespeitar a preferência no cruzamento";"Colisão lateral mesmo sentido";"Com Vítimas Feridas";"Pleno dia";"Decrescente";"Céu Claro";"Múltipla";"Reta;Interseção de Vias";"Sim";3;0;1;1;1;0;2;2;-27,59925616;-48,62171157;"SPRF-SC";"DEL01-SC";"UOP01-DEL01-SC"
753327;2026-02-08;"domingo";"15:50:00";"MS";60;56,6;"PARAISO DAS AGUAS";"Ausência de reação do condutor";"Saída de leito carroçável";"Com Vítimas Feridas";"Pleno dia";"Crescente";"Nublado";"Simples";"Reta";"Não";1;0;0;1;0;0;1;1;-19,23301036;-53,12818214;"SPRF-MS";"DEL08-MS";"UOP01-DEL08-MS"
753329;2026-02-19;"quinta-feira";"12:20:00";"TO";226;1,2;"AGUIARNOPOLIS";"Ingestão de álcool pelo condutor";"Colisão com objeto";"Sem Vítimas";"Pleno dia";"Decrescente";"Sol";"Simples";"Reta;Declive";"Sim";1;0;0;0;0;1;0;1;-6,56233875;-47,4694562;"SPRF-TO";"DEL02-TO";"UOP03-DEL02-TO"
753330;2026-02-19;"quinta-feira";"12:30:00";"DF";20;56,9;"BRASILIA";"Velocidade Incompatível";"Saída de leito carroçável";"Com Vítimas Feridas";"Pleno dia";"Crescente";"Céu Claro";"Dupla";"Curva";"Não";1;0;1;0;0;0;1;1;-15,58711119;-47,35997201;"SPRF-DF";"DEL02-DF";"UOP01-DEL02-DF"
753331;2026-02-19;"quinta-feira";"12:59:00";"SE";235;0;"ARACAJU";"Manobra de mudança de faixa";"Colisão lateral mesmo sentido";"Com Vítimas Feridas";"Pleno dia";"Crescente";"Céu Claro";"Dupla";"Rotatória;Curva";"Sim";2;0;1;0;1;0;1;2;-10,91001484;-37,07511155;"SPRF-SE";"DEL01-SE";"UOP01-DEL01-SE"
753333;2026-02-08;"domingo";"12:45:00";"PR";369;159;"CAMBE";"Ausência de reação do condutor";"Colisão traseira";"Com Vítimas Feridas";"Pleno dia";"Crescente";"Céu Claro";"Dupla";"Reta";"Sim";2;0;1;0;1;0;1;2;-23,283296;-51,2481308;"SPRF-PR";"DEL07-PR";"UOP01-DEL07-PR"
753334;2026-02-19;"quinta-feira";"11:40:00";"PE";423;95;"GARANHUNS";"Demais falhas na via";"Colisão lateral sentido oposto";"Com Vítimas Feridas";"Pleno dia";"Crescente";"Nublado";"Simples";"Reta";"Sim";3;0;2;0;0;1;2;2;-8,879253;-36,485348;"SPRF-PE";"DEL03-PE";"UOP01-DEL03-PE"
753338;2026-02-19;"quinta-feira";"13:15:00";"GO";40;10,5;"LUZIANIA";"Reação tardia ou ineficiente do condutor";"Colisão traseira";"Com Vítimas Feridas";"Pleno dia";"Decrescente";"Céu Claro";"Dupla";"Reta";"Sim";2;0;1;0;1;0;1;2;-16,13372496;-47,95553684;"SPRF-DF";"DEL01-DF";"UOP01-DEL01-DF"
753339;2026-02-19;"quinta-feira";"13:10:00";"PB";230;27,5;"JOAO PESSOA";"Manobra de mudança de faixa";"Colisão lateral mesmo sentido";"Com Vítimas Feridas";"Pleno dia";"Decrescente";"Céu Claro";"Dupla";"Reta";"Sim";2;0;2;0;0;0;2;2;-7,16523588;-34,89125347;"SPRF-PB";"DEL01-PB";"UOP01-DEL01-PB"
753341;2026-02-19;"quinta-feira";"11:00:00";"RJ";116;142;"RIO DE JANEIRO";"Acessar a via sem observar a presença dos outros veículos";"Queda de ocupante de veículo";"Com Vítimas Feridas";"Pleno dia";"Crescente";"Céu Claro";"Dupla";"Curva";"Não";1;0;1;0;0;0;1;1;-22,81377197;-43,28783951;"SPRF-RJ";"DEL01-RJ";"UOP02-DEL01-RJ"
753343;2026-02-19;"quinta-feira";"14:15:00";"MG";40;736,9;"SANTOS DUMONT";"Acessar a via sem observar a presença dos outros veículos";"Colisão transversal";"Com Vítimas Feridas";"Pleno dia";"Decrescente";"Sol";"Simples";"Reta;Interseção de Vias";"Não";2;0;1;0;1;0;1;2;-21,43453434;-43,55220795;"SPRF-MG";"DEL05-MG";"UOP01-DEL05-MG"
753345;2026-02-19;"quinta-feira";"12:50:00";"RJ";101;422;"MANGARATIBA";"Reação tardia ou ineficiente do condutor";"Colisão traseira";"Com Vítimas Feridas";"Pleno dia";"Decrescente";"Céu Claro";"Simples";"Reta";"Sim";3;0;1;0;2;0;1;3;-22,91764084;-43,95012472;"SPRF-RJ";"DEL03-RJ";"UOP02-DEL03-RJ"
753346;2026-02-19;"quinta-feira";"14:45:00";"AP";210;1;"MACAPA";"Carga excessiva e/ou mal acondicionada";"Colisão lateral mesmo sentido";"Com Vítimas Feridas";"Pleno dia";"Crescente";"Sol";"Dupla";"Reta";"Sim";2;0;1;0;1;0;1;2;0,08186686;-51,07621763;"SPRF-AP";"DEL01-AP";"UOP01-DEL01-AP"
753348;2026-02-19;"quinta-feira";"14:20:00";"ES";101;339,9;"GUARAPARI";"Demais falhas mecânicas ou elétricas";"Incêndio";"Sem Vítimas";"Pleno dia";"Crescente";"Céu Claro";"Dupla";"Reta";"Não";2;0;0;0;2;0;0;1;-20,6442615;-40,5630009;"SPRF-ES";"DEL03-ES";"UOP01-DEL03-ES"
753352;2026-02-19;"quinta-feira";"13:30:00";"PA";230;113;"MARABA";"Ultrapassagem Indevida";"Colisão lateral mesmo sentido";"Com Vítimas Fatais";"Pleno dia";"Crescente";"Céu Claro";"Simples";"Reta;Declive";"Não";2;1;0;0;1;0;0;2;-5,36721611;-49,05638731;"SPRF-PA";"DEL03-PA";"UOP01-DEL03-PA"
753354;2026-02-19;"quinta-feira";"13:45:00";"RO";364;13;"VILHENA";"Ultrapassagem Indevida";"Colisão lateral mesmo sentido";"Com Vítimas Feridas";"Pleno dia";"Crescente";"Céu Claro";"Dupla";"Rotatória";"Sim";4;0;1;0;0;3;1;3;-12,740591;-60,133019;"SPRF-RO";"DEL04-RO";"UOP01-DEL04-RO"
753355;2026-02-19;"quinta-feira";"14:50:00";"SC";280;286,8;"IRINEOPOLIS";"Transitar na contramão";"Colisão transversal";"Sem Vítimas";"Pleno dia";"Crescente";"Céu Claro";"Simples";"Reta;Declive";"Não";2;0;0;0;2;0;0;2;-26,29381;-50,894518;"SPRF-SC";"DEL06-SC";"UOP04-DEL06-SC"
753356;2026-02-19;"quinta-feira";"15:05:00";"RJ";493;93;"SEROPEDICA";"Ausência de reação do condutor";"Saída de leito carroçável";"Com Vítimas Feridas";"Pleno dia";"Decrescente";"Céu Claro";"Dupla";"Reta";"Não";1;0;1;0;0;0;1;1;-22,6939428;-43,6879245;"SPRF-RJ";"DEL01-RJ";"UOP03-DEL01-RJ"
753358;2026-02-19;"quinta-feira";"14:45:00";"RS";116;519,2;"PELOTAS";"Ausência de reação do condutor";"Queda de ocupante de veículo";"Com Vítimas Feridas";"Pleno dia";"Crescente";"Nublado";"Dupla";"Reta";"Sim";1;0;1;0;0;0;1;1;-31,69569457;-52,35678736;"SPRF-RS";"DEL07-RS";"UOP01-DEL07-RS"
753359;2026-02-19;"quinta-feira";"15:40:00";"RN";101;81,5;"NATAL";"Reação tardia ou ineficiente do condutor";"Colisão traseira";"Com Vítimas Feridas";"Pleno dia";"Decrescente";"Céu Claro";"Dupla";"Reta";"Sim";3;0;0;1;2;0;1;2;-5,766025;-35,27934;"SPRF-RN";"DEL02-RN";"UOP01-DEL02-RN"
753360;2026-02-19;"quinta-feira";"11:45:00";"RJ";101;454;"MANGARATIBA";"Acesso irregular";"Colisão transversal";"Com Vítimas Feridas";"Pleno dia";"Decrescente";"Céu Claro";"Simples";"Reta";"Não";2;0;1;0;1;0;1;2;-22,93525632;-43,99874268;"SPRF-RJ";"DEL03-RJ";"UOP02-DEL03-RJ"
753363;2026-02-19;"quinta-feira";"15:55:00";"GO";50;201;"CAMPO ALEGRE DE GOIAS";"Ausência de reação do condutor";"Saída de leito carroçável";"Com Vítimas Feridas";"Pleno dia";"Decrescente";"Céu Claro";"Dupla";"Reta";"Não";1;0;1;0;0;0;1;1;-17,589868;-47,809186;"SPRF-GO";"DEL06-GO";"UOP01-DEL06-GO"
753364;2026-02-19;"quinta-feira";"15:40:00";"MG";40;632,2;"CONSELHEIRO LAFAIETE";"Manobra de mudança de faixa";"Colisão lateral mesmo sentido";"Com Vítimas Feridas";"Pleno dia";"Crescente";"Céu Claro";"Dupla";"Reta;Declive";"Sim";3;0;2;0;1;0;2;2;-20,6778976;-43,7959006;"SPRF-MG";"DEL05-MG";"UOP02-DEL05-MG"
753365;2026-02-19;"quinta-feira";"15:49:00";"PI";343;2,4;"TERESINA";"Manobra de mudança de faixa";"Colisão transversal";"Com Vítimas Feridas";"Pleno dia";"Crescente";"Sol";"Dupla";"Retorno Regulamentado";"Sim";2;0;0;1;1;0;1;2;-5,08157204;-42,77135253;"SPRF-PI";"DEL01-PI";"UOP01-DEL01-PI"
753366;2026-02-19;"quinta-feira";"15:45:00";"RJ";116;176;"SAO JOAO DE MERITI";"Manobra de mudança de faixa";"Colisão traseira";"Com Vítimas Feridas";"Pleno dia";"Crescente";"Nublado";"Dupla";"Reta";"Sim";3;0;1;0;2;0;1;2;-22,78387205;-43,38183252;"SPRF-RJ";"DEL06-RJ";"UOP01-DEL06-RJ"
753367;2026-01-18;"domingo";"17:45:00";"SC";101;208;"SAO JOSE";"Condutor deixou de manter distância do veículo da frente";"Colisão traseira";"Sem Vítimas";"Pleno dia";"Decrescente";"Chuva";"Múltipla";"Reta";"Sim";2;0;0;0;1;1;0;2;-27,60293;-48,6313;"SPRF-SC";"DEL01-SC";"UOP01-DEL01-SC"
753368;2026-02-19;"quinta-feira";"16:00:00";"PB";230;22,9;"JOAO PESSOA";"Condutor deixou de manter distância do veículo da frente";"Tombamento";"Com Vítimas Feridas";"Pleno dia";"Decrescente";"Céu Claro";"Dupla";"Reta";"Sim";1;0;1;0;0;0;1;1;-7,158123;-34,858753;"SPRF-PB";"DEL01-PB";"UOP01-DEL01-PB"
753369;2026-02-19;"quinta-feira";"16:10:00";"MG";40;455,1;"CAETANOPOLIS";"Ausência de reação do condutor";"Saída de leito carroçável";"Com Vítimas Feridas";"Pleno dia";"Decrescente";"Céu Claro";"Dupla";"Reta;Declive";"Não";1;0;1;0;0;0;1;1;-19,357782;-44,347235;"SPRF-MG";"DEL02-MG";"UOP01-DEL02-MG"
753370;2026-02-19;"quinta-feira";"15:40:00";"SP";381;31;"ATIBAIA";"Acumulo de areia ou detritos sobre o pavimento";"Queda de ocupante de veículo";"Com Vítimas Feridas";"Pleno dia";"Crescente";"Céu Claro";"Dupla";"Reta";"Não";1;0;1;0;0;0;1;1;-23,05350052;-46,56855664;"SPRF-SP";"DEL03-SP";"UOP02-DEL03-SP"
753371;2026-02-15;"domingo";"19:30:00";"GO";153;204;"URUACU";"Ingestão de álcool pelo condutor";"Colisão traseira";"Sem Vítimas";"Plena Noite";"Crescente";"Céu Claro";"Simples";"Reta";"Não";3;0;0;0;3;0;0;2;-14,46965379;-49,15604562;"SPRF-GO";"DEL07-GO";"UOP02-DEL07-GO"
753372;2026-02-19;"quinta-feira";"16:25:00";"TO";153;692;"CARIRI DO TOCANTINS";"Acessar a via sem observar a presença dos outros veículos";"Colisão transversal";"Com Vítimas Feridas";"Pleno dia";"Crescente";"Céu Claro";"Simples";"Retorno Regulamentado;Reta";"Sim";3;0;1;0;2;0;1;2;-11,88820216;-49,16481614;"SPRF-TO";"DEL01-TO";"UOP02-DEL01-TO"
753373;2026-02-19;"quinta-feira";"12:25:00";"MG";40;530,8;"CONTAGEM";"Acessar a via sem observar a presença dos outros veículos";"Colisão lateral mesmo sentido";"Com Vítimas Feridas";"Pleno dia";"Crescente";"Céu Claro";"Dupla";"Curva;Retorno Regulamentado";"Sim";2;0;1;0;1;0;1;2;-19,9205986;-44,026792;"SPRF-MG";"DEL01-MG";"UOP02-DEL01-MG"
753374;2026-02-19;"quinta-feira";"16:35:00";"PE";101;58;"RECIFE";"Reação tardia ou ineficiente do condutor";"Colisão traseira";"Com Vítimas Feridas";"Pleno dia";"Decrescente";"Céu Claro";"Dupla";"Reta";"Não";3;0;2;0;1;0;2;2;-7,97136;-34,92089;"SPRF-PE";"DEL01-PE";"UOP02-DEL01-PE"
753377;2026-02-19;"quinta-feira";"15:00:00";"PB";230;218,2;"SOLEDADE";"Mal súbito do condutor";"Colisão lateral sentido oposto";"Com Vítimas Feridas";"Pleno dia";"Crescente";"Céu Claro";"Simples";"Reta";"Não";6;0;2;3;1;0;5;3;-7,047145;-36,38928;"SPRF-PB";"DEL02-PB";"UOP02-DEL02-PB"
753378;2026-02-19;"quinta-feira";"15:40:00";"RO";364;427;"JARU";"Desrespeitar a preferência no cruzamento";"Colisão transversal";"Com Vítimas Feridas";"Pleno dia";"Decrescente";"Céu Claro";"Simples";"Rotatória";"Não";2;0;2;0;0;0;2;2;-10,42671216;-62,48849329;"SPRF-RO";"DEL03-RO";"UOP02-DEL03-RO"
753379;2026-02-03;"terça-feira";"16:00:00";"SC";282;30,9;"SANTO AMARO DA IMPERATRIZ";"Retorno proibido";"Colisão lateral mesmo sentido";"Com Vítimas Feridas";"Pleno dia";"Crescente";"Garoa/Chuvisco";"Simples";"Reta";"Sim";2;0;1;0;1;0;1;2;-27,694752;-48,793422;"SPRF-SC";"DEL01-SC";"UOP03-DEL01-SC"
753380;2026-02-19;"quinta-feira";"17:14:00";"TO";153;498;"PARAISO DO TOCANTINS";"Acessar a via sem observar a presença dos outros veículos";"Colisão transversal";"Com Vítimas Feridas";"Pleno dia";"Crescente";"Céu Claro";"Múltipla";"Reta";"Sim";2;0;0;1;1;0;1;2;-10,181395;-48,880645;"SPRF-TO";"DEL01-TO";"UOP01-DEL01-TO"
753383;2026-02-19;"quinta-feira";"17:10:00";"PI";343;14;"PARNAIBA";"Ingestão de álcool pelo condutor";"Colisão lateral mesmo sentido";"Com Vítimas Feridas";"Pleno dia";"Decrescente";"Céu Claro";"Simples";"Rotatória";"Sim";2;0;1;0;1;0;1;2;-2,92894672;-41,75355023;"SPRF-PI";"DEL05-PI";"UOP01-DEL05-PI"
753386;2026-02-19;"quinta-feira";"17:55:00";"PB";101;96,8;"CONDE";"Acessar a via sem observar a presença dos outros veículos";"Colisão transversal";"Com Vítimas Feridas";"Anoitecer";"Decrescente";"Céu Claro";"Múltipla";"Reta;Interseção de Vias";"Sim";2;0;2;0;0;0;2;2;-7,236771;-34,9254499;"SPRF-PB";"DEL01-PB";"UOP01-DEL01-PB"
753387;2026-02-19;"quinta-feira";"17:10:00";"PE";104;64;"CARUARU";"Manobra de mudança de faixa";"Colisão traseira";"Com Vítimas Feridas";"Pleno dia";"Decrescente";"Céu Claro";"Dupla";"Interseção de Vias";"Sim";2;0;1;0;1;0;1;2;-8,26997;-35,98028;"SPRF-PE";"DEL02-PE";"UOP01-DEL02-PE"
753388;2026-02-19;"quinta-feira";"17:47:00";"SC";101;214,7;"PALHOCA";"Demais falhas mecânicas ou elétricas";"Tombamento";"Com Vítimas Feridas";"Pleno dia";"Crescente";"Céu Claro";"Dupla";"Reta";"Sim";2;0;2;0;0;0;2;2;-27,64981879;-48,67466776;"SPRF-SC";"DEL01-SC";"UOP02-DEL01-SC"
753390;2026-02-19;"quinta-feira";"18:00:00";"CE";116;20;"EUSEBIO";"Pista esburacada";"Tombamento";"Com Vítimas Feridas";"Plena Noite";"Decrescente";"Nublado";"Dupla";"Reta";"Sim";2;0;2;0;0;0;2;1;-3,92140091;-38,5072693;"SPRF-CE";"DEL01-CE";"UOP02-DEL01-CE"
753393;2026-02-19;"quinta-feira";"17:35:00";"RO";364;307;"PRESIDENTE MEDICI";"Animais na Pista";"Atropelamento de Animal";"Com Vítimas Feridas";"Pleno dia";"Decrescente";"Céu Claro";"Simples";"Reta";"Não";1;0;1;0;0;0;1;1;-11,1787;-61,901578;"SPRF-RO";"DEL02-RO";"UOP01-DEL02-RO"
753394;2026-02-19;"quinta-feira";"17:06:00";"MT";163;117;"RONDONOPOLIS";"Demais falhas mecânicas ou elétricas";"Queda de ocupante de veículo";"Com Vítimas Feridas";"Pleno dia";"Crescente";"Nublado";"Dupla";"Reta";"Sim";1;0;1;0;0;0;1;1;-16,50760098;-54,6525303;"SPRF-MT";"DEL02-MT";"UOP01-DEL02-MT"
753395;2026-02-19;"quinta-feira";"19:00:00";"ES";101;269;"SERRA";"Trafegar com motocicleta (ou similar) entre as faixas";"Atropelamento de Pedestre";"Com Vítimas Feridas";"Plena Noite";"Crescente";"Céu Claro";"Dupla";"Reta";"Sim";2;0;1;0;0;1;1;2;-20,23637932;-40,27707696;"SPRF-ES";"DEL02-ES";"UOP01-DEL02-ES"
753397;2026-02-19;"quinta-feira";"17:30:00";"GO";70;353;"JUSSARA";"Acumulo de água sobre o pavimento";"Saída de leito carroçável";"Sem Vítimas";"Anoitecer";"Crescente";"Chuva";"Simples";"Curva";"Não";1;0;0;0;0;1;0;1;-15,92584161;-51,15749359;"SPRF-GO";"DEL04-GO";"UOP02-DEL04-GO"
753398;2026-02-19;"quinta-feira";"19:10:00";"SC";282;548,5;"CHAPECO";"Acessar a via sem observar a presença dos outros veículos";"Colisão lateral mesmo sentido";"Sem Vítimas";"Plena Noite";"Crescente";"Chuva";"Simples";"Reta";"Sim";4;0;0;0;4;0;0;2;-26,96819768;-52,75405169;"SPRF-SC";"DEL07-SC";"UOP01-DEL07-SC"
753399;2026-02-19;"quinta-feira";"18:30:00";"SC";280;92,2;"CORUPA";"Reação tardia ou ineficiente do condutor";"Tombamento";"Com Vítimas Feridas";"Anoitecer";"Crescente";"Céu Claro";"Simples";"Reta;Declive";"Não";2;0;2;0;0;0;2;1;-26,39606;-49,29982;"SPRF-SC";"DEL06-SC";"UOP03-DEL06-SC"
753400;2026-02-19;"quinta-feira";"17:35:00";"CE";222;220;"SOBRAL";"Condutor deixou de manter distância do veículo da frente";"Colisão traseira";"Com Vítimas Feridas";"Anoitecer";"Decrescente";"Céu Claro";"Simples";"Reta";"Não";2;0;1;0;1;0;1;2;-3,721;-40,33;"SPRF-CE";"DEL04-CE";"UOP01-DEL04-CE"
753403;2026-02-19;"quinta-feira";"20:05:00";"GO";40;0,5;"VALPARAISO DE GOIAS";"Acumulo de óleo sobre o pavimento";"Tombamento";"Com Vítimas Feridas";"Plena Noite";"Decrescente";"Céu Claro";"Dupla";"Reta";"Sim";1;0;1;0;0;0;1;1;-16,051543;-47,981473;"SPRF-DF";"DEL01-DF";"UOP01-DEL01-DF"
753404;2026-02-19;"quinta-feira";"19:30:00";"PR";116;12;"COLOMBO";"Ausência de reação do condutor";"Colisão traseira";"Com Vítimas Fatais";"Plena Noite";"Crescente";"Nublado";"Dupla";"Reta;Declive";"Sim";5;1;0;1;3;0;1;2;-25,374515;-49,147412;"SPRF-PR";"DEL01-PR";"UOP02-DEL01-PR"
753406;2026-02-19;"quinta-feira";"20:20:00";"RS";386;412,3;"MONTENEGRO";"Velocidade Incompatível";"Colisão transversal";"Com Vítimas Feridas";"Plena Noite";"Decrescente";"Nublado";"Simples";"Reta;Interseção de Vias;Retorno Regulamentado";"Sim";3;0;1;0;2;0;1;2;-29,810527;-51,49694;"SPRF-RS";"DEL04-RS";"UOP02-DEL04-RS"
753407;2026-02-19;"quinta-feira";"20:45:00";"BA";101;716,4;"EUNAPOLIS";"Acessar a via sem observar a presença dos outros veículos";"Colisão transversal";"Com Vítimas Feridas";"Plena Noite";"Decrescente";"Céu Claro";"Simples";"Rotatória;Reta;Interseção de Vias";"Sim";6;0;1;0;5;0;1;2;-16,3662;-39,58205;"SPRF-BA";"DEL09-BA";"UOP01-DEL09-BA"
753408;2026-02-19;"quinta-feira";"18:00:00";"SC";280;23,5;"ARAQUARI";"Acessar a via sem observar a presença dos outros veículos";"Colisão transversal";"Com Vítimas Feridas";"Anoitecer";"Crescente";"Nublado";"Simples";"Reta";"Não";2;0;1;0;1;0;1;2;-26,37513637;-48,71699452;"SPRF-SC";"DEL03-SC";"UOP03-DEL03-SC"
753409;2026-02-19;"quinta-feira";"20:00:00";"DF";20;15,8;"BRASILIA";"Demais falhas na via";"Queda de ocupante de veículo";"Com Vítimas Feridas";"Plena Noite";"Decrescente";"Chuva";"Dupla";"Reta;Em Obras";"Sim";2;0;1;0;0;1;1;2;-15,62597123;-47,7251029;"SPRF-DF";"DEL02-DF";"UOP01-DEL02-DF"
753412;2026-02-19;"quinta-feira";"19:50:00";"RS";285;302,2;"PASSO FUNDO";"Objeto estático sobre o leito carroçável";"Colisão com objeto";"Com Vítimas Feridas";"Plena Noite";"Decrescente";"Chuva";"Simples";"Rotatória";"Não";1;0;0;1;0;0;1;1;-28,220279;-52,463893;"SPRF-RS";"DEL08-RS";"UOP03-DEL08-RS"
753414;2026-02-19;"quinta-feira";"20:40:00";"MS";163;814;"PEDRO GOMES";"Acessar a via sem observar a presença dos outros veículos";"Colisão transversal";"Com Vítimas Feridas";"Plena Noite";"Crescente";"Céu Claro";"Simples";"Reta";"Não";2;0;1;0;1;0;1;2;-17,79911777;-54,73964569;"SPRF-MS";"DEL06-MS";"UOP01-DEL06-MS"
753415;2026-02-19;"quinta-feira";"21:15:00";"PR";116;12,3;"COLOMBO";"Reação tardia ou ineficiente do condutor";"Colisão traseira";"Com Vítimas Feridas";"Plena Noite";"Decrescente";"Céu Claro";"Dupla";"Aclive";"Não";2;0;1;0;1;0;1;2;-25,37208366;-49,13362741;"SPRF-PR";"DEL01-PR";"UOP02-DEL01-PR"
753416;2026-02-19;"quinta-feira";"20:05:00";"RO";421;1;"ARIQUEMES";"Mal súbito do condutor";"Saída de leito carroçável";"Com Vítimas Feridas";"Plena Noite";"Decrescente";"Céu Claro";"Simples";"Reta";"Sim";1;0;1;0;0;0;1;1;-9,91997034;-63,0616278;"SPRF-RO";"DEL03-RO";"UOP01-DEL03-RO"
753418;2026-02-19;"quinta-feira";"20:45:00";"DF";40;1;"BRASILIA";"Reação tardia ou ineficiente do condutor";"Colisão traseira";"Com Vítimas Feridas";"Plena Noite";"Crescente";"Nublado";"Dupla";"Reta";"Não";2;0;1;0;1;0;1;2;-15,986357;-47,98759;"SPRF-DF";"DEL01-DF";"UOP01-DEL01-DF"
753419;2026-02-19;"quinta-feira";"21:05:00";"PE";101;0,5;"GOIANA";"Reação tardia ou ineficiente do condutor";"Saída de leito carroçável";"Com Vítimas Feridas";"Plena Noite";"Crescente";"Céu Claro";"Dupla";"Curva";"Não";1;0;1;0;0;0;1;1;-7,504727;-34,986429;"SPRF-PE";"DEL01-PE";"UOP02-DEL01-PE"
753421;2026-02-19;"quinta-feira";"21:45:00";"TO";153;98;"WANDERLANDIA";"Entrada inopinada do pedestre";"Atropelamento de Pedestre";"Com Vítimas Fatais";"Plena Noite";"Crescente";"Céu Claro";"Dupla";"Curva;Aclive";"Não";2;1;0;0;1;0;0;2;-6,88348194;-47,99343109;"SPRF-TO";"DEL02-TO";"UOP01-DEL02-TO"
753423;2026-02-19;"quinta-feira";"21:50:00";"MG";381;489,1;"BETIM";"Reação tardia ou ineficiente do condutor";"Colisão traseira";"Com Vítimas Feridas";"Plena Noite";"Decrescente";"Céu Claro";"Múltipla";"Aclive;Reta";"Sim";5;0;0;1;4;0;1;2;-19,956384;-44,135111;"SPRF-MG";"DEL01-MG";"UOP03-DEL01-MG"
753425;2026-02-19;"quinta-feira";"22:10:00";"SC";282;16,4;"PALHOCA";"Acessar a via sem observar a presença dos outros veículos";"Colisão transversal";"Com Vítimas Feridas";"Plena Noite";"Crescente";"Céu Claro";"Simples";"Interseção de Vias;Reta";"Sim";3;0;2;0;1;0;2;2;-27,66176058;-48,68454752;"SPRF-SC";"DEL01-SC";"UOP02-DEL01-SC"
753427;2026-02-19;"quinta-feira";"14:00:00";"MA";222;153;"VARGEM GRANDE";"Demais falhas mecânicas ou elétricas";"Incêndio";"Sem Vítimas";"Anoitecer";"Decrescente";"Céu Claro";"Simples";"Reta";"Sim";1;0;0;0;1;0;0;1;-3,55011752;-43,92455194;"SPRF-MA";"DEL01-MA";"UOP02-DEL01-MA"
753428;2026-02-19;"quinta-feira";"21:40:00";"PR";476;174;"CONTENDA";"Acessar a via sem observar a presença dos outros veículos";"Atropelamento de Pedestre";"Com Vítimas Fatais";"Plena Noite";"Decrescente";"Céu Claro";"Simples";"Reta";"Sim";2;1;0;0;1;0;0;2;-25,68659657;-49,53647637;"SPRF-PR";"DEL01-PR";"UOP06-DEL01-PR"
753429;2026-02-19;"quinta-feira";"22:10:00";"ES";101;64,5;"SAO MATEUS";"Ausência de reação do condutor";"Tombamento";"Com Vítimas Feridas";"Plena Noite";"Decrescente";"Nublado";"Simples";"Reta";"Não";1;0;1;0;0;0;1;1;-18,71079005;-39,87585962;"SPRF-ES";"DEL04-ES";"UOP02-DEL04-ES"
753430;2026-02-19;"quinta-feira";"23:00:00";"PR";469;15;"FOZ DO IGUACU";"Ausência de reação do condutor";"Tombamento";"Com Vítimas Feridas";"Plena Noite";"Decrescente";"Céu Claro";"Simples";"Desvio Temporário;Interseção de Vias;Reta;Em Obras";"Sim";1;0;1;0;0;0;1;1;-25,58014985;-54,53510284;"SPRF-PR";"DEL05-PR";"UOP04-DEL05-PR"