"id";"data_inversa";"dia_semana";"horario";"uf";"br";"km";"municipio";"causa_acidente";"tipo_acidente";"classificacao_acidente";"fase_dia";"sentido_via";"condicao_metereologica";"tipo_pista";"tracado_via";"uso_solo";"pessoas";"mortos";"feridos_leves";"feridos_graves";"ilesos";"ignorados";"feridos";"veiculos";"latitude";"longitude";"regional";"delegacia";"uop"
753431;2026-02-19;"quinta-feira";"21:45:00";"SC";101;385;"ICARA";"Reação tardia ou ineficiente do condutor";"Tombamento";"Com Vítimas Feridas";"Plena Noite";"Crescente";"Nublado";"Simples";"Reta";"Não";1;0;0;1;0;0;1;1;-28,783713;-49,335172;"SPRF-SC";"DEL02-SC";"UOP02-DEL02-SC"
753432;2026-02-18;"quarta-feira";"21:30:00";"MG";116;429;"ALPERCATA";"Animais na Pista";"Atropelamento de Animal";"Com Vítimas Feridas";"Plena Noite";"Decrescente";"Ignorado";"Simples";"Reta";"Não";1;0;1;0;0;0;1;1;-18,99249875;-41,98253632;"SPRF-MG";"DEL06-MG";"UOP01-DEL06-MG"
753433;2026-02-19;"quinta-feira";"23:45:00";"SC";101;153,6;"PORTO BELO";"Ingestão de álcool pelo condutor";"Queda de ocupante de veículo";"Com Vítimas Feridas";"Plena Noite";"Crescente";"Nublado";"Dupla";"Reta";"Sim";1;0;1;0;0;0;1;1;-27,15105;-48,610777;"SPRF-SC";"DEL04-SC";"UOP03-DEL04-SC"
753434;2026-02-19;"quinta-feira";"23:15:00";"RJ";116;145;"DUQUE DE CAXIAS";"Animais na Pista";"Atropelamento de Animal";"Com Vítimas Feridas";"Plena Noite";"Decrescente";"Céu Claro";"Dupla";"Reta";"Não";1;0;1;0;0;0;1;1;-22,6615418;-43,2539739;"SPRF-RJ";"DEL01-RJ";"UOP02-DEL01-RJ"
753435;2026-02-20;"sexta-feira";"00:00:00";"MG";381;478;"CONTAGEM";"Velocidade Incompatível";"Queda de ocupante de veículo";"Sem Vítimas";"Plena Noite";"Decrescente";"Nublado";"Simples";"Reta";"Sim";1;0;0;0;0;1;0;1;-19,96234382;-44,04021978;"SPRF-MG";"DEL01-MG";"UOP03-DEL01-MG"
753437;2026-02-19;"quinta-feira";"18:30:00";"SC";101;141;"ITAPEMA";"Manobra de mudança de faixa";"Colisão lateral mesmo sentido";"Com Vítimas Feridas";"Pleno dia";"Decrescente";"Céu Claro";"Dupla";"Reta";"Não";2;0;0;1;1;0;1;2;-27,10222709;-48,6182785;"SPRF-SC";"DEL04-SC";"UOP03-DEL04-SC"
753438;2026-02-19;"quinta-feira";"22:50:00";"RS";287;467;"SAO BORJA";"Ausência de reação do condutor";"Saída de leito carroçável";"Com Vítimas Feridas";"Plena Noite";"Crescente";"Céu Claro";"Simples";"Curva";"Não";1;0;0;1;0;0;1;1;-28,841618;-55,707531;"SPRF-RS";"DEL12-RS";"UOP01-DEL12-RS"
753439;2026-02-20;"sexta-feira";"01:10:00";"ES";262;163,8;"IBATIBA";"Ausência de reação do condutor";"Saída de leito carroçável";"Com Vítimas Feridas";"Plena Noite";"Crescente";"Nublado";"Simples";"Curva";"Não";2;0;1;1;0;0;2;1;-20,243455;-41,54675;"SPRF-ES";"DEL01-ES";"UOP02-DEL01-ES"
753443;2026-02-20;"sexta-feira";"01:35:00";"SC";282;512,9;"XANXERE";"Velocidade Incompatível";"Saída de leito carroçável";"Com Vítimas Feridas";"Plena Noite";"Decrescente";"Céu Claro";"Simples";"Curva;Aclive";"Não";1;0;1;0;0;0;1;1;-26,91382939;-52,47646833;"SPRF-SC";"DEL07-SC";"UOP01-DEL07-SC"
753444;2026-02-20;"sexta-feira";"04:20:00";"DF";60;27;"BRASILIA";"Avarias e/ou desgaste excessivo no pneu";"Saída de leito carroçável";"Com Vítimas Feridas";"Plena Noite";"Crescente";"Chuva";"Dupla";"Reta;Declive";"Não";1;0;1;0;0;0;1;1;-16,023418;-48,252198;"SPRF-DF";"DEL03-DF";"UOP01-DEL03-DF"
753445;2026-02-20;"sexta-feira";"04:30:00";"SC";101;215,3;"PALHOCA";"Ausência de reação do condutor";"Colisão com objeto";"Com Vítimas Feridas";"Plena Noite";"Decrescente";"Céu Claro";"Múltipla";"Curva";"Sim";1;0;0;1;0;0;1;1;-27,65465602;-48,67798297;"SPRF-SC";"DEL01-SC";"UOP02-DEL01-SC"
753447;2026-02-20;"sexta-feira";"03:00:00";"MT";364;246;"JUSCIMEIRA";"Ingestão de álcool pelo condutor";"Queda de ocupante de veículo";"Com Vítimas Feridas";"Plena Noite";"Decrescente";"Céu Claro";"Dupla";"Reta";"Não";2;0;0;2;0;0;2;1;-16,14290378;-54,81948271;"SPRF-MT";"DEL02-MT";"UOP01-DEL02-MT"
753449;2026-01-16;"sexta-feira";"10:23:00";"ES";101;400;"RIO NOVO DO SUL";"Reação tardia ou ineficiente do condutor";"Colisão traseira";"Com Vítimas Feridas";"Pleno dia";"Decrescente";"Céu Claro";"Simples";"Reta";"Não";4;0;2;0;2;0;2;2;-20,87356886;-40,94844818;"SPRF-ES";"DEL03-ES";"UOP02-DEL03-ES"
753450;2026-02-20;"sexta-feira";"05:00:00";"MG";40;448;"CAETANOPOLIS";"Pedestre - Ingestão de álcool/ substâncias psicoativas";"Atropelamento de Pedestre";"Com Vítimas Feridas";"Amanhecer";"Crescente";"Ignorado";"Dupla";"Curva";"Não";2;0;1;0;1;0;1;2;-19,295343;-44,382232;"SPRF-MG";"DEL02-MG";"UOP01-DEL02-MG"
753452;2026-02-20;"sexta-feira";"04:00:00";"RO";364;681;"CANDEIAS DO JAMARI";"Ingestão de álcool pelo condutor";"Saída de leito carroçável";"Sem Vítimas";"Plena Noite";"Decrescente";"Céu Claro";"Simples";"Reta";"Não";1;0;0;0;1;0;0;1;-8,786979;-63,599468;"SPRF-RO";"DEL01-RO";"UOP01-DEL01-RO"
753453;2026-02-20;"sexta-feira";"05:03:00";"PR";277;148,9;"BALSA NOVA";"Problema na suspensão";"Saída de leito carroçável";"Com Vítimas Feridas";"Plena Noite";"Decrescente";"Nublado";"Simples";"Reta;Aclive";"Não";5;0;3;0;2;0;3;1;-25,46531194;-49,74183725;"SPRF-PR";"DEL03-PR";"UOP03-DEL03-PR"
753454;2026-02-20;"sexta-feira";"05:00:00";"PB";101;116;"CAAPORA";"Ingestão de álcool pelo condutor";"Saída de leito carroçável";"Com Vítimas Feridas";"Amanhecer";"Decrescente";"Nublado";"Dupla";"Reta;Declive;Retorno Regulamentado";"Não";1;0;0;1;0;0;1;1;-7,411219;-34,95625;"SPRF-PB";"DEL01-PB";"UOP01-DEL01-PB"
753455;2026-02-19;"quinta-feira";"20:23:00";"BA";101;878;"TEIXEIRA DE FREITAS";"Reação tardia ou ineficiente do condutor";"Eventos atípicos";"Sem Vítimas";"Plena Noite";"Decrescente";"Céu Claro";"Simples";"Rotatória";"Sim";2;0;0;0;2;0;0;2;-17,55456904;-39,72390946;"SPRF-BA";"DEL09-BA";"UOP02-DEL09-BA"
753456;2026-02-19;"quinta-feira";"22:45:00";"RS";285;240,9;"CASEIROS";"Avarias e/ou desgaste excessivo no pneu";"Saída de leito carroçável";"Com Vítimas Feridas";"Plena Noite";"Decrescente";"Nublado";"Simples";"Reta";"Não";3;0;2;1;0;0;3;1;-28,258987;-51,888483;"SPRF-RS";"DEL08-RS";"UOP03-DEL08-RS"
753458;2026-02-20;"sexta-feira";"03:55:00";"SC";282;470,8;"VARGEAO";"Ausência de reação do condutor";"Saída de leito carroçável";"Com Vítimas Feridas";"Plena Noite";"Decrescente";"Nublado";"Simples";"Reta";"Não";3;0;1;0;2;0;1;1;-26,863338;-52,128822;"SPRF-SC";"DEL07-SC";"UOP01-DEL07-SC"
753459;2026-02-20;"sexta-feira";"04:15:00";"MG";153;44;"CANAPOLIS";"Ausência de reação do condutor";"Saída de leito carroçável";"Sem Vítimas";"Plena Noite";"Decrescente";"Chuva";"Dupla";"Reta";"Não";2;0;0;0;2;0;0;1;-18,73189806;-49,11089984;"SPRF-MG";"DEL15-MG";"UOP03-DEL15-MG"
753460;2026-02-20;"sexta-feira";"05:50:00";"PB";101;119,9;"CAAPORA";"Reação tardia ou ineficiente do condutor";"Colisão traseira";"Com Vítimas Fatais";"Pleno dia";"Decrescente";"Céu Claro";"Dupla";"Reta;Declive";"Não";2;1;0;0;0;1;0;2;-7,43561;-34,97309;"SPRF-PB";"DEL01-PB";"UOP01-DEL01-PB"
753461;2026-02-20;"sexta-feira";"05:15:00";"PR";153;8,9;"JACAREZINHO";"Ausência de reação do condutor";"Saída de leito carroçável";"Com Vítimas Feridas";"Amanhecer";"Crescente";"Céu Claro";"Simples";"Reta";"Não";2;0;0;1;0;1;1;1;-23,06728;-49,93259;"SPRF-PR";"DEL07-PR";"UOP04-DEL07-PR"
753462;2026-02-20;"sexta-feira";"03:50:00";"SC";282;646;"SAO MIGUEL DO OESTE";"Ausência de reação do condutor";"Saída de leito carroçável";"Sem Vítimas";"Plena Noite";"Decrescente";"Céu Claro";"Simples";"Reta;Declive";"Não";1;0;0;0;1;0;0;1;-26,76520811;-53,49517671;"SPRF-SC";"DEL07-SC";"UOP03-DEL07-SC"
753463;2026-02-19;"quinta-feira";"23:25:00";"SC";470;174,9;"POUSO REDONDO";"Reação tardia ou ineficiente do condutor";"Colisão frontal";"Com Vítimas Fatais";"Plena Noite";"Crescente";"Nublado";"Simples";"Reta";"Sim";2;1;1;0;0;0;1;2;-27,2558145;-49,9403435;"SPRF-SC";"DEL04-SC";"UOP02-DEL04-SC"
753465;2026-02-12;"quinta-feira";"07:00:00";"RS";470;213,1;"BENTO GONCALVES";"Desrespeitar a preferência no cruzamento";"Colisão transversal";"Com Vítimas Feridas";"Pleno dia";"Crescente";"Céu Claro";"Dupla";"Curva;Interseção de Vias";"Sim";4;0;1;0;2;1;1;4;-29,144802;-51,533518;"SPRF-RS";"DEL06-RS";"UOP01-DEL06-RS"
753466;2026-02-20;"sexta-feira";"05:20:00";"MS";163;68,1;"ITAQUIRAI";"Ausência de reação do condutor";"Saída de leito carroçável";"Sem Vítimas";"Pleno dia";"Crescente";"Céu Claro";"Simples";"Reta";"Não";1;0;0;0;0;1;0;1;-23,5647512;-54,1903872;"SPRF-MS";"DEL09-MS";"UOP02-DEL09-MS"
753467;2026-02-20;"sexta-feira";"07:00:00";"SC";101;216,6;"PALHOCA";"Ausência de reação do condutor";"Colisão lateral mesmo sentido";"Com Vítimas Feridas";"Pleno dia";"Decrescente";"Nublado";"Múltipla";"Reta";"Sim";3;0;2;0;1;0;2;2;-27,66172616;-48,67630927;"SPRF-SC";"DEL01-SC";"UOP02-DEL01-SC"
753469;2026-02-20;"sexta-feira";"07:00:00";"ES";101;15;"SERRA";"Ausência de reação do condutor";"Queda de ocupante de veículo";"Com Vítimas Feridas";"Pleno dia";"Crescente";"Céu Claro";"Dupla";"Reta";"Não";1;0;1;0;0;0;1;1;-20,184022;-40,339487;"SPRF-ES";"DEL04-ES";"UOP02-DEL04-ES"
753472;2026-02-20;"sexta-feira";"07:30:00";"MG";40;428;"PARAOPEBA";"Demais falhas mecânicas ou elétricas";"Saída de leito carroçável";"Com Vítimas Feridas";"Pleno dia";"Crescente";"Céu Claro";"Dupla";"Reta";"Não";2;0;1;0;1;0;1;1;-19,181015;-44,500175;"SPRF-MG";"DEL02-MG";"UOP01-DEL02-MG"
753473;2026-02-20;"sexta-feira";"07:09:00";"ES";262;110;"VENDA NOVA DO IMIGRANTE";"Ausência de reação do condutor";"Colisão traseira";"Com Vítimas Feridas";"Pleno dia";"Decrescente";"Céu Claro";"Simples";"Reta";"Sim";2;0;1;0;1;0;1;2;-20,335986;-41,1718;"SPRF-ES";"DEL01-ES";"UOP02-DEL01-ES"
753475;2026-02-20;"sexta-feira";"07:29:00";"RN";304;43,7;"MOSSORO";"Manobra de mudança de faixa";"Colisão traseira";"Com Vítimas Feridas";"Pleno dia";"Crescente";"Céu Claro";"Dupla";"Reta";"Não";2;0;0;1;1;0;1;2;-5,26654206;-37,30096579;"SPRF-RN";"DEL04-RN";"UOP01-DEL04-RN"
753476;2026-02-20;"sexta-feira";"07:50:00";"SC";470;126,6;"LONTRAS";"Acessar a via sem observar a presença dos outros veículos";"Colisão transversal";"Com Vítimas Feridas";"Pleno dia";"Decrescente";"Nublado";"Simples";"Reta";"Não";2;0;2;0;0;0;2;2;-27,13419846;-49,54057217;"SPRF-SC";"DEL04-SC";"UOP02-DEL04-SC"
753480;2026-02-20;"sexta-feira";"07:53:00";"GO";60;380;"RIO VERDE";"Reação tardia ou ineficiente do condutor";"Colisão traseira";"Com Vítimas Feridas";"Pleno dia";"Crescente";"Céu Claro";"Dupla";"Aclive;Reta";"Sim";2;0;1;0;1;0;1;2;-17,783057;-50,89827;"SPRF-GO";"DEL04-GO";"UOP02-DEL04-GO"
753481;2026-02-20;"sexta-feira";"07:39:00";"RJ";116;312,8;"RESENDE";"Reação tardia ou ineficiente do condutor";"Colisão traseira";"Com Vítimas Feridas";"Pleno dia";"Decrescente";"Nublado";"Dupla";"Declive;Reta";"Não";2;0;0;1;1;0;1;2;-22,45979178;-44,45992863;"SPRF-RJ";"DEL07-RJ";"UOP02-DEL07-RJ"
753482;2026-02-20;"sexta-feira";"07:30:00";"MG";459;87,2;"CONGONHAL";"Velocidade Incompatível";"Colisão transversal";"Com Vítimas Feridas";"Pleno dia";"Crescente";"Nublado";"Simples";"Interseção de Vias;Reta";"Sim";2;0;1;0;1;0;1;2;-22,15107121;-46,04638249;"SPRF-MG";"DEL09-MG";"UOP01-DEL09-MG"
753483;2026-02-20;"sexta-feira";"08:00:00";"SC";101;207;"SAO JOSE";"Acessar a via sem observar a presença dos outros veículos";"Colisão traseira";"Com Vítimas Feridas";"Pleno dia";"Decrescente";"Nublado";"Múltipla";"Reta";"Sim";3;0;1;0;2;0;1;2;-27,59464595;-48,61889927;"SPRF-SC";"DEL01-SC";"UOP01-DEL01-SC"
753484;2026-02-20;"sexta-feira";"08:05:00";"MA";10;254,8;"IMPERATRIZ";"Condutor desrespeitou a iluminação vermelha do semáforo";"Colisão transversal";"Com Vítimas Feridas";"Pleno dia";"Decrescente";"Sol";"Simples";"Interseção de Vias;Reta";"Sim";3;0;1;0;2;0;1;2;-5,51021;-47,471689;"SPRF-MA";"DEL04-MA";"UOP01-DEL04-MA"
753485;2026-02-20;"sexta-feira";"06:50:00";"MG";40;422,9;"CURVELO";"Acessar a via sem observar a presença dos outros veículos";"Colisão transversal";"Com Vítimas Feridas";"Pleno dia";"Decrescente";"Nublado";"Simples";"Reta";"Sim";2;0;0;1;1;0;1;2;-19,15335;-44,53712;"SPRF-MG";"DEL02-MG";"UOP01-DEL02-MG"
753486;2026-02-20;"sexta-feira";"07:35:00";"PE";104;24,3;"TAQUARITINGA DO NORTE";"Ausência de sinalização";"Colisão traseira";"Com Vítimas Feridas";"Pleno dia";"Decrescente";"Céu Claro";"Dupla";"Reta;Declive";"Não";4;0;1;1;2;0;2;2;-7,98143;-36,10067;"SPRF-PE";"DEL02-PE";"UOP01-DEL02-PE"
753489;2026-02-20;"sexta-feira";"07:00:00";"RJ";116;179;"NOVA IGUACU";"Reação tardia ou ineficiente do condutor";"Queda de ocupante de veículo";"Com Vítimas Feridas";"Pleno dia";"Decrescente";"Céu Claro";"Dupla";"Reta";"Não";1;0;1;0;0;0;1;1;-22,74927194;-43,44268799;"SPRF-RJ";"DEL06-RJ";"UOP01-DEL06-RJ"
753492;2026-02-20;"sexta-feira";"08:30:00";"GO";153;520,1;"HIDROLANDIA";"Condutor deixou de manter distância do veículo da frente";"Colisão traseira";"Com Vítimas Feridas";"Pleno dia";"Decrescente";"Garoa/Chuvisco";"Dupla";"Declive";"Não";2;0;1;0;1;0;1;2;-16,92146743;-49,25243855;"SPRF-GO";"DEL01-GO";"UOP03-DEL01-GO"
753493;2026-02-20;"sexta-feira";"08:40:00";"PB";230;14,4;"CABEDELO";"Ausência de reação do condutor";"Colisão lateral mesmo sentido";"Com Vítimas Feridas";"Pleno dia";"Crescente";"Céu Claro";"Simples";"Reta";"Sim";2;0;0;1;1;0;1;2;-7,093;-34,848;"SPRF-PB";"DEL01-PB";"UOP01-DEL01-PB"
753494;2026-02-20;"sexta-feira";"09:05:00";"SC";282;1;"FLORIANOPOLIS";"Reação tardia ou ineficiente do condutor";"Tombamento";"Com Vítimas Feridas";"Pleno dia";"Decrescente";"Nublado";"Múltipla";"Reta";"Sim";2;0;2;0;0;0;2;1;-27,602764;-48,580606;"SPRF-SC";"DEL01-SC";"UOP01-DEL01-SC"
753495;2026-02-20;"sexta-feira";"08:00:00";"ES";101;289,3;"CARIACICA";"Trafegar com motocicleta (ou similar) entre as faixas";"Colisão traseira";"Com Vítimas Feridas";"Pleno dia";"Crescente";"Céu Claro";"Dupla";"Reta";"Sim";3;0;0;1;2;0;1;3;-20,280505;-40,393094;"SPRF-ES";"DEL01-ES";"UOP01-DEL01-ES"
753496;2026-02-20;"sexta-feira";"07:30:00";"SC";470;63;"INDAIAL";"Trafegar com motocicleta (ou similar) entre as faixas";"Tombamento";"Com Vítimas Feridas";"Pleno dia";"Crescente";"Nublado";"Simples";"Declive;Em Obras";"Não";2;0;1;0;1;0;1;2;-26,87212;-49,19386;"SPRF-SC";"DEL04-SC";"UOP01-DEL04-SC"
753498;2026-02-20;"sexta-feira";"07:30:00";"AL";104;30,7;"UNIAO DOS PALMARES";"Acessar a via sem observar a presença dos outros veículos";"Colisão transversal";"Com Vítimas Feridas";"Pleno dia";"Decrescente";"Céu Claro";"Simples";"Interseção de Vias";"Não";3;0;3;0;0;0;3;2;-9,131253;-36,028555;"SPRF-AL";"DEL01-AL";"UOP02-DEL01-AL"
753500;2026-02-20;"sexta-feira";"08:00:00";"SC";101;268;"IMBITUBA";"Ausência de reação do condutor";"Capotamento";"Com Vítimas Feridas";"Pleno dia";"Crescente";"Céu Claro";"Dupla";"Curva";"Não";5;0;0;2;3;0;2;1;-28,094005;-48,709228;"SPRF-SC";"DEL02-SC";"UOP03-DEL02-SC"
753502;2026-02-20;"sexta-feira";"07:10:00";"RO";364;536;"ALTO PARAISO";"Ultrapassagem Indevida";"Colisão frontal";"Com Vítimas Fatais";"Pleno dia";"Crescente";"Céu Claro";"Simples";"Curva";"Não";5;1;0;0;3;1;0;3;-9,75420435;-63,10970265;"SPRF-RO";"DEL03-RO";"UOP01-DEL03-RO"
753505;2026-02-20;"sexta-feira";"10:40:00";"SC";101;127,9;"ITAJAI";"Ausência de reação do condutor";"Colisão traseira";"Sem Vítimas";"Pleno dia";"Decrescente";"Nublado";"Dupla";"Reta;Declive";"Não";3;0;0;0;3;0;0;3;-26,96971088;-48,68329793;"SPRF-SC";"DEL04-SC";"UOP04-DEL04-SC"
753506;2026-02-20;"sexta-feira";"10:00:00";"PR";376;595,1;"CURITIBA";"Frear bruscamente";"Colisão traseira";"Sem Vítimas";"Pleno dia";"Decrescente";"Nublado";"Dupla";"Reta";"Não";4;0;0;0;3;1;0;4;-25,49452879;-49,3431797;"SPRF-PR";"DEL01-PR";"UOP03-DEL01-PR"
753507;2026-02-20;"sexta-feira";"09:57:00";"AL";424;102;"MARECHAL DEODORO";"Animais na Pista";"Colisão com objeto";"Com Vítimas Feridas";"Pleno dia";"Crescente";"Céu Claro";"Simples";"Reta";"Sim";1;0;1;0;0;0;1;1;-9,670746;-35,841;"SPRF-AL";"DEL02-AL";"UOP01-DEL02-AL"
753508;2026-02-20;"sexta-feira";"10:35:00";"MG";262;383;"FLORESTAL";"Ausência de reação do condutor";"Colisão traseira";"Com Vítimas Fatais";"Pleno dia";"Decrescente";"Céu Claro";"Dupla";"Retorno Regulamentado;Reta";"Não";4;1;0;1;1;1;1;3;-19,91857202;-44,49125183;"SPRF-MG";"DEL01-MG";"UOP03-DEL01-MG"
753510;2026-02-20;"sexta-feira";"08:30:00";"MG";381;190;"PERIQUITO";"Velocidade Incompatível";"Saída de leito carroçável";"Com Vítimas Feridas";"Pleno dia";"Decrescente";"Céu Claro";"Simples";"Reta";"Não";1;0;1;0;0;0;1;1;-19,13437614;-42,21316874;"SPRF-MG";"DEL06-MG";"UOP01-DEL06-MG"
753517;2026-02-20;"sexta-feira";"12:49:00";"RN";101;97;"NATAL";"Avarias e/ou desgaste excessivo no pneu";"Queda de ocupante de veículo";"Com Vítimas Feridas";"Pleno dia";"Crescente";"Sol";"Múltipla";"Reta";"Não";1;0;1;0;0;0;1;1;-5,861473;-35,214717;"SPRF-RN";"DEL01-RN";"UOP01-DEL01-RN"
753519;2026-02-20;"sexta-feira";"11:30:00";"RS";116;455;"SAO LOURENCO DO SUL";"Ausência de reação do condutor";"Colisão lateral mesmo sentido";"Com Vítimas Feridas";"Pleno dia";"Decrescente";"Sol";"Dupla";"Reta";"Sim";3;0;1;0;2;0;1;2;-31,24419089;-51,99487774;"SPRF-RS";"DEL02-RS";"UOP02-DEL02-RS"
753521;2026-02-20;"sexta-feira";"12:30:00";"PR";277;19,8;"MORRETES";"Ausência de reação do condutor";"Colisão traseira";"Com Vítimas Feridas";"Pleno dia";"Crescente";"Nublado";"Dupla";"Reta";"Não";6;0;1;0;5;0;1;2;-25,53463892;-48,70479584;"SPRF-PR";"DEL01-PR";"UOP05-DEL01-PR"
753525;2026-02-20;"sexta-feira";"13:20:00";"SC";101;197;"BIGUACU";"Reação tardia ou ineficiente do condutor";"Colisão traseira";"Com Vítimas Feridas";"Pleno dia";"Decrescente";"Céu Claro";"Dupla";"Reta";"Sim";2;0;1;0;1;0;1;2;-27,52453196;-48,63602098;"SPRF-SC";"DEL01-SC";"UOP01-DEL01-SC"
753527;2026-02-20;"sexta-feira";"13:00:00";"DF";20;3;"BRASILIA";"Condutor deixou de manter distância do veículo da frente";"Colisão traseira";"Com Vítimas Feridas";"Pleno dia";"Crescente";"Céu Claro";"Dupla";"Aclive;Reta";"Sim";4;0;1;0;3;0;1;3;-15,67837427;-47,83206582;"SPRF-DF";"DEL02-DF";"UOP01-DEL02-DF"
753531;2026-02-20;"sexta-feira";"12:18:00";"BA";101;364;"GANDU";"Transitar na contramão";"Colisão frontal";"Com Vítimas Feridas";"Pleno dia";"Decrescente";"Céu Claro";"Simples";"Reta";"Sim";3;0;1;0;2;0;1;3;-13,73815;-39,480255;"SPRF-BA";"DEL05-BA";"UOP03-DEL05-BA"
753532;2026-02-20;"sexta-feira";"11:20:00";"PB";104;189,2;"ALCANTIL";"Acessar a via sem observar a presença dos outros veículos";"Colisão transversal";"Com Vítimas Fatais";"Pleno dia";"Decrescente";"Sol";"Simples";"Interseção de Vias";"Não";2;1;0;0;1;0;0;2;-7,708913;-36,06546;"SPRF-PB";"DEL02-PB";"UOP03-DEL02-PB"
753533;2026-02-20;"sexta-feira";"14:20:00";"PE";428;185;"PETROLINA";"Manobra de mudança de faixa";"Colisão transversal";"Com Vítimas Feridas";"Pleno dia";"Crescente";"Nublado";"Dupla";"Reta";"Sim";2;0;1;0;1;0;1;2;-9,345342;-40,472837;"SPRF-PE";"DEL06-PE";"UOP01-DEL06-PE"
753534;2026-02-11;"quarta-feira";"10:10:00";"SC";101;112;"NAVEGANTES";"Velocidade Incompatível";"Saída de leito carroçável";"Com Vítimas Feridas";"Pleno dia";"Decrescente";"Céu Claro";"Múltipla";"Reta";"Não";1;0;0;1;0;0;1;1;-26,84257503;-48,71699333;"SPRF-SC";"DEL04-SC";"UOP04-DEL04-SC"
753535;2026-02-20;"sexta-feira";"14:00:00";"PE";101;80;"JABOATAO DOS GUARARAPES";"Frear bruscamente";"Colisão traseira";"Sem Vítimas";"Pleno dia";"Crescente";"Céu Claro";"Múltipla";"Reta";"Sim";2;0;0;0;2;0;0;2;-8,154845;-34,941577;"SPRF-PE";"DEL01-PE";"UOP01-DEL01-PE"
753537;2026-02-20;"sexta-feira";"10:30:00";"SC";116;106,2;"MONTE CASTELO";"Chuva";"Queda de ocupante de veículo";"Com Vítimas Feridas";"Pleno dia";"Crescente";"Chuva";"Dupla";"Aclive;Curva";"Não";1;0;0;1;0;0;1;1;-26,75461616;-50,32047272;"SPRF-SC";"DEL06-SC";"UOP02-DEL06-SC"
753538;2026-02-20;"sexta-feira";"15:25:00";"PB";230;27;"JOAO PESSOA";"Transitar na contramão";"Colisão frontal";"Sem Vítimas";"Pleno dia";"Crescente";"Céu Claro";"Dupla";"Reta";"Sim";3;0;0;0;3;0;0;2;-7,1664647;-34,8883508;"SPRF-PB";"DEL01-PB";"UOP01-DEL01-PB"
753539;2026-02-20;"sexta-feira";"10:30:00";"RJ";493;19,4;"MAGE";"Conversão proibida";"Colisão transversal";"Com Vítimas Feridas";"Pleno dia";"Crescente";"Céu Claro";"Simples";"Em Obras;Reta";"Sim";2;0;1;0;1;0;1;2;-22,65933106;-43,09124216;"SPRF-RJ";"DEL04-RJ";"UOP02-DEL04-RJ"
753540;2026-02-20;"sexta-feira";"11:20:00";"GO";20;122;"FLORES DE GOIAS";"Acumulo de água sobre o pavimento";"Saída de leito carroçável";"Com Vítimas Fatais";"Pleno dia";"Crescente";"Chuva";"Simples";"Reta";"Não";2;1;1;0;0;0;1;1;-14,86107202;-46,80115924;"SPRF-DF";"DEL02-DF";"UOP03-DEL02-DF"
753542;2026-02-20;"sexta-feira";"15:20:00";"ES";101;285,8;"CARIACICA";"Ultrapassagem Indevida";"Colisão lateral mesmo sentido";"Com Vítimas Feridas";"Pleno dia";"Crescente";"Sol";"Dupla";"Declive;Curva";"Sim";3;0;1;0;1;1;1;3;-20,257482;-40,377232;"SPRF-ES";"DEL01-ES";"UOP01-DEL01-ES"
753544;2026-02-16;"segunda-feira";"19:20:00";"ES";101;277,6;"SERRA";"Retorno proibido";"Colisão transversal";"Com Vítimas Feridas";"Plena Noite";"Crescente";"Céu Claro";"Dupla";"Reta";"Não";5;0;3;0;2;0;3;2;-20,2094583;-40,3161283;"SPRF-ES";"DEL02-ES";"UOP01-DEL02-ES"
753545;2026-02-20;"sexta-feira";"14:30:00";"PE";101;70;"RECIFE";"Condutor deixou de manter distância do veículo da frente";"Colisão traseira";"Com Vítimas Feridas";"Pleno dia";"Crescente";"Céu Claro";"Dupla";"Reta";"Sim";2;0;1;0;1;0;1;2;-8,06694444;-34,94194444;"SPRF-PE";"DEL01-PE";"UOP01-DEL01-PE"
753546;2026-02-20;"sexta-feira";"14:08:00";"PR";277;538;"IBEMA";"Acesso irregular";"Colisão transversal";"Com Vítimas Feridas";"Pleno dia";"Crescente";"Chuva";"Simples";"Interseção de Vias";"Sim";2;0;0;1;1;0;1;2;-25,115923;-53,00663;"SPRF-PR";"DEL04-PR";"UOP04-DEL04-PR"
753548;2026-01-11;"domingo";"09:27:00";"SE";101;94;"NOSSA SENHORA DO SOCORRO";"Condutor Dormindo";"Saída de leito carroçável";"Com Vítimas Fatais";"Pleno dia";"Crescente";"Céu Claro";"Dupla";"Reta";"Sim";1;1;0;0;0;0;0;1;-10,907123;-37,152472;"SPRF-SE";"DEL01-SE";"UOP01-DEL01-SE"
753551;2026-02-20;"sexta-feira";"13:00:00";"MG";40;665,5;"CARANDAI";"Conversão proibida";"Colisão lateral mesmo sentido";"Com Vítimas Feridas";"Pleno dia";"Crescente";"Céu Claro";"Simples";"Interseção de Vias;Aclive;Reta";"Sim";3;0;1;0;2;0;1;2;-20,943264;-43,809931;"SPRF-MG";"DEL05-MG";"UOP02-DEL05-MG"
753552;2026-02-20;"sexta-feira";"10:40:00";"PA";316;272;"CACHOEIRA DO PIRIA";"Reação tardia ou ineficiente do condutor";"Colisão transversal";"Com Vítimas Feridas";"Pleno dia";"Crescente";"Nublado";"Simples";"Reta";"Não";4;0;3;1;0;0;4;2;-1,81169115;-46,33309007;"SPRF-PA";"DEL01-PA";"UOP04-DEL01-PA"