"id";"data_inversa";"dia_semana";"horario";"uf";"br";"km";"municipio";"causa_acidente";"tipo_acidente";"classificacao_acidente";"fase_dia";"sentido_via";"condicao_metereologica";"tipo_pista";"tracado_via";"uso_solo";"pessoas";"mortos";"feridos_leves";"feridos_graves";"ilesos";"ignorados";"feridos";"veiculos";"latitude";"longitude";"regional";"delegacia";"uop"
753555;2026-02-20;"sexta-feira";"14:00:00";"RJ";101;383,8;"RIO DE JANEIRO";"Avarias e/ou desgaste excessivo no pneu";"Queda de ocupante de veículo";"Com Vítimas Feridas";"Pleno dia";"Crescente";"Nublado";"Dupla";"Reta";"Sim";2;0;2;0;0;0;2;1;-22,879057;-43,623407;"SPRF-RJ";"DEL03-RJ";"UOP01-DEL03-RJ"
753556;2026-02-20;"sexta-feira";"16:30:00";"RN";406;148;"CEARA-MIRIM";"Acessar a via sem observar a presença dos outros veículos";"Colisão transversal";"Com Vítimas Feridas";"Pleno dia";"Crescente";"Céu Claro";"Simples";"Reta";"Não";2;0;2;0;0;0;2;2;-5,647;-35,45;"SPRF-RN";"DEL02-RN";"UOP01-DEL02-RN"
753559;2026-02-20;"sexta-feira";"16:05:00";"GO";40;0,5;"VALPARAISO DE GOIAS";"Condutor deixou de manter distância do veículo da frente";"Colisão traseira";"Com Vítimas Feridas";"Pleno dia";"Crescente";"Sol";"Dupla";"Reta";"Sim";2;0;1;0;1;0;1;2;-16,053738;-47,982037;"SPRF-DF";"DEL01-DF";"UOP01-DEL01-DF"
753560;2026-02-20;"sexta-feira";"16:30:00";"GO";153;499,1;"GOIANIA";"Reação tardia ou ineficiente do condutor";"Colisão traseira";"Com Vítimas Feridas";"Pleno dia";"Crescente";"Céu Claro";"Simples";"Reta;Viaduto";"Não";3;0;1;0;2;0;1;2;-16,69650394;-49,23159242;"SPRF-GO";"DEL01-GO";"UOP01-DEL01-GO"
753562;2026-02-20;"sexta-feira";"16:40:00";"RJ";101;220;"SILVA JARDIM";"Velocidade Incompatível";"Saída de leito carroçável";"Com Vítimas Feridas";"Pleno dia";"Crescente";"Chuva";"Dupla";"Curva";"Não";1;0;1;0;0;0;1;1;-22,5631456;-42,3629406;"SPRF-RJ";"DEL02-RJ";"UOP03-DEL02-RJ"
753563;2026-02-20;"sexta-feira";"15:20:00";"AL";101;39;"FLEXEIRAS";"Condutor Dormindo";"Saída de leito carroçável";"Com Vítimas Feridas";"Pleno dia";"Decrescente";"Céu Claro";"Dupla";"Declive;Reta";"Não";4;0;3;0;1;0;3;1;-9,162514;-35,768933;"SPRF-AL";"DEL01-AL";"UOP02-DEL01-AL"
753565;2026-02-20;"sexta-feira";"16:30:00";"RS";290;107;"ELDORADO DO SUL";"Ausência de reação do condutor";"Colisão traseira";"Sem Vítimas";"Pleno dia";"Crescente";"Céu Claro";"Dupla";"Reta";"Não";3;0;0;0;3;0;0;2;-30,00125333;-51,30325556;"SPRF-RS";"DEL02-RS";"UOP01-DEL02-RS"
753566;2026-02-20;"sexta-feira";"16:30:00";"SE";235;1,4;"ARACAJU";"Condutor deixou de manter distância do veículo da frente";"Colisão traseira";"Com Vítimas Feridas";"Pleno dia";"Decrescente";"Nublado";"Dupla";"Reta";"Sim";3;0;1;0;2;0;1;3;-10,908479;-37,086743;"SPRF-SE";"DEL01-SE";"UOP01-DEL01-SE"
753567;2026-02-08;"domingo";"15:00:00";"RJ";40;92;"PETROPOLIS";"Pista Escorregadia";"Colisão traseira";"Com Vítimas Feridas";"Pleno dia";"Crescente";"Garoa/Chuvisco";"Dupla";"Declive;Curva";"Não";7;0;2;0;5;0;2;2;-22,551546;-43,248329;"SPRF-RJ";"DEL01-RJ";"UOP01-DEL01-RJ"
753569;2026-02-20;"sexta-feira";"16:15:00";"PR";277;240;"FERNANDES PINHEIRO";"Demais falhas mecânicas ou elétricas";"Saída de leito carroçável";"Sem Vítimas";"Pleno dia";"Decrescente";"Chuva";"Simples";"Declive;Reta";"Não";1;0;0;0;1;0;0;1;-25,46490925;-50,57719157;"SPRF-PR";"DEL08-PR";"UOP02-DEL08-PR"
753571;2026-02-20;"sexta-feira";"13:15:00";"MG";262;447;"NOVA SERRANA";"Chuva";"Capotamento";"Com Vítimas Feridas";"Pleno dia";"Crescente";"Chuva";"Simples";"Reta";"Não";1;0;0;1;0;0;1;1;-19,83819;-45,0557;"SPRF-MG";"DEL08-MG";"UOP03-DEL08-MG"
753572;2026-02-20;"sexta-feira";"16:30:00";"GO";153;506,7;"APARECIDA DE GOIANIA";"Manobra de mudança de faixa";"Colisão lateral mesmo sentido";"Com Vítimas Feridas";"Pleno dia";"Decrescente";"Céu Claro";"Dupla";"Reta";"Sim";2;0;0;1;1;0;1;2;-16,747766;-49,240569;"SPRF-GO";"DEL01-GO";"UOP01-DEL01-GO"
753573;2026-02-20;"sexta-feira";"16:59:00";"RN";101;107;"PARNAMIRIM";"Trafegar com motocicleta (ou similar) entre as faixas";"Colisão lateral mesmo sentido";"Com Vítimas Feridas";"Pleno dia";"Crescente";"Céu Claro";"Dupla";"Viaduto";"Sim";2;0;1;0;1;0;1;2;-5,9239352;-35,2651026;"SPRF-RN";"DEL01-RN";"UOP01-DEL01-RN"
753574;2026-02-20;"sexta-feira";"17:30:00";"ES";101;212;"IBIRACU";"Transitar no Acostamento";"Colisão transversal";"Com Vítimas Feridas";"Pleno dia";"Crescente";"Céu Claro";"Simples";"Reta";"Sim";2;0;0;1;1;0;1;2;-19,81632409;-40,36713749;"SPRF-ES";"DEL02-ES";"UOP01-DEL02-ES"
753575;2026-02-20;"sexta-feira";"16:30:00";"RJ";116;269,5;"BARRA MANSA";"Chuva";"Queda de ocupante de veículo";"Com Vítimas Feridas";"Pleno dia";"Crescente";"Chuva";"Dupla";"Curva";"Não";1;0;1;0;0;0;1;1;-22,56053348;-44,14923398;"SPRF-RJ";"DEL07-RJ";"UOP02-DEL07-RJ"
753576;2026-02-20;"sexta-feira";"15:00:00";"MG";262;38;"MANHUACU";"Acessar a via sem observar a presença dos outros veículos";"Colisão transversal";"Com Vítimas Feridas";"Pleno dia";"Decrescente";"Céu Claro";"Simples";"Declive;Reta";"Não";2;0;1;0;1;0;1;2;-20,27144755;-42,06566244;"SPRF-MG";"DEL06-MG";"UOP03-DEL06-MG"
753577;2026-02-20;"sexta-feira";"15:20:00";"SC";101;130;"CAMBORIU";"Reação tardia ou ineficiente do condutor";"Colisão traseira";"Com Vítimas Feridas";"Pleno dia";"Crescente";"Céu Claro";"Múltipla";"Reta";"Sim";2;0;1;0;1;0;1;2;-26,987144;-48,665835;"SPRF-SC";"DEL04-SC";"UOP03-DEL04-SC"
753579;2026-02-17;"terça-feira";"18:15:00";"BA";330;864;"UBATA";"Transitar na contramão";"Colisão frontal";"Com Vítimas Feridas";"Plena Noite";"Crescente";"Céu Claro";"Simples";"Reta";"Sim";6;0;5;0;1;0;5;2;-14,202592;-39,532343;"SPRF-BA";"DEL05-BA";"UOP01-DEL05-BA"
753580;2026-02-20;"sexta-feira";"15:00:00";"RJ";40;117;"DUQUE DE CAXIAS";"Manobra de mudança de faixa";"Colisão traseira";"Com Vítimas Feridas";"Pleno dia";"Crescente";"Nublado";"Dupla";"Reta";"Sim";3;0;1;0;2;0;1;2;-22,74802527;-43,28795671;"SPRF-RJ";"DEL01-RJ";"UOP02-DEL01-RJ"
753582;2026-02-20;"sexta-feira";"13:40:00";"PI";230;197;"OEIRAS";"Acessar a via sem observar a presença dos outros veículos";"Colisão transversal";"Com Vítimas Feridas";"Pleno dia";"Crescente";"Céu Claro";"Simples";"Reta";"Sim";2;0;1;0;1;0;1;2;-7,013667;-42,135377;"SPRF-PI";"DEL04-PI";"UOP01-DEL04-PI"
753583;2026-02-20;"sexta-feira";"16:30:00";"GO";50;238;"CATALAO";"Velocidade Incompatível";"Capotamento";"Com Vítimas Feridas";"Pleno dia";"Crescente";"Chuva";"Dupla";"Curva";"Não";2;0;2;0;0;0;2;1;-17,8663182;-47,7885355;"SPRF-GO";"DEL06-GO";"UOP01-DEL06-GO"
753584;2026-02-20;"sexta-feira";"17:40:00";"SP";153;65;"SAO JOSE DO RIO PRETO";"Reação tardia ou ineficiente do condutor";"Tombamento";"Com Vítimas Feridas";"Pleno dia";"Decrescente";"Céu Claro";"Dupla";"Aclive";"Sim";1;0;1;0;0;0;1;1;-20,835829;-49,365629;"SPRF-SP";"DEL09-SP";"UOP01-DEL09-SP"
753585;2026-02-20;"sexta-feira";"17:25:00";"PR";163;174;"LINDOESTE";"Acumulo de água sobre o pavimento";"Colisão com objeto";"Com Vítimas Feridas";"Pleno dia";"Crescente";"Garoa/Chuvisco";"Dupla";"Curva;Aclive";"Não";1;0;1;0;0;0;1;1;-25,20620128;-53,59699622;"SPRF-PR";"DEL05-PR";"UOP05-DEL05-PR"
753586;2026-02-20;"sexta-feira";"16:40:00";"CE";116;161,2;"RUSSAS";"Desrespeitar a preferência no cruzamento";"Colisão transversal";"Com Vítimas Feridas";"Pleno dia";"Decrescente";"Céu Claro";"Simples";"Rotatória;Curva";"Sim";2;0;0;1;1;0;1;2;-4,92845098;-37,99008815;"SPRF-CE";"DEL03-CE";"UOP01-DEL03-CE"
753588;2026-02-20;"sexta-feira";"18:00:00";"ES";262;107;"VENDA NOVA DO IMIGRANTE";"Pedestre cruzava a pista fora da faixa";"Atropelamento de Pedestre";"Com Vítimas Feridas";"Anoitecer";"Decrescente";"Céu Claro";"Simples";"Reta";"Sim";2;0;0;2;0;0;2;2;-20,3299783;-41,1535795;"SPRF-ES";"DEL01-ES";"UOP02-DEL01-ES"
753590;2026-02-20;"sexta-feira";"17:26:00";"RO";364;198,9;"PIMENTA BUENO";"Acessar a via sem observar a presença dos outros veículos";"Colisão transversal";"Com Vítimas Feridas";"Pleno dia";"Crescente";"Céu Claro";"Simples";"Reta";"Sim";2;0;0;1;0;1;1;2;-11,664639;-61,191359;"SPRF-RO";"DEL02-RO";"UOP02-DEL02-RO"
753591;2026-02-20;"sexta-feira";"18:30:00";"RS";472;121,7;"SAO JOSE DO INHACORA";"Manobra de mudança de faixa";"Colisão lateral mesmo sentido";"Com Vítimas Feridas";"Pleno dia";"Decrescente";"Sol";"Simples";"Declive;Reta";"Não";5;0;0;2;2;1;2;3;-27,69371233;-54,16517258;"SPRF-RS";"DEL10-RS";"UOP01-DEL10-RS"
753592;2026-02-20;"sexta-feira";"18:40:00";"ES";101;283;"CARIACICA";"Manobra de mudança de faixa";"Colisão lateral mesmo sentido";"Com Vítimas Feridas";"Anoitecer";"Crescente";"Céu Claro";"Dupla";"Curva";"Sim";2;0;1;0;1;0;1;2;-20,234365;-40,369487;"SPRF-ES";"DEL01-ES";"UOP01-DEL01-ES"
753593;2026-02-20;"sexta-feira";"18:25:00";"PE";407;125,4;"PETROLINA";"Manobra de mudança de faixa";"Colisão lateral mesmo sentido";"Com Vítimas Feridas";"Plena Noite";"Decrescente";"Céu Claro";"Dupla";"Reta";"Não";2;0;1;0;0;1;1;2;-9,380946;-40,53247897;"SPRF-PE";"DEL06-PE";"UOP01-DEL06-PE"
753594;2026-02-20;"sexta-feira";"18:35:00";"PB";230;19;"JOAO PESSOA";"Manobra de mudança de faixa";"Colisão lateral mesmo sentido";"Com Vítimas Feridas";"Plena Noite";"Crescente";"Céu Claro";"Dupla";"Reta";"Sim";3;0;1;1;1;0;2;2;-7,1303347;-34,850657;"SPRF-PB";"DEL01-PB";"UOP01-DEL01-PB"
753595;2026-02-20;"sexta-feira";"18:30:00";"SP";116;108,7;"TAUBATE";"Manobra de mudança de faixa";"Colisão lateral mesmo sentido";"Com Vítimas Feridas";"Anoitecer";"Crescente";"Céu Claro";"Dupla";"Reta";"Sim";2;0;1;0;0;1;1;2;-23,02800696;-45,54447267;"SPRF-SP";"DEL02-SP";"UOP02-DEL02-SP"
753596;2026-02-20;"sexta-feira";"17:26:00";"PE";428;139;"LAGOA GRANDE";"Condutor deixou de manter distância do veículo da frente";"Engavetamento";"Sem Vítimas";"Anoitecer";"Decrescente";"Nublado";"Simples";"Reta;Interseção de Vias";"Sim";3;0;0;0;3;0;0;3;-8,99756;-40,2719877;"SPRF-PE";"DEL06-PE";"UOP03-DEL06-PE"
753598;2026-02-20;"sexta-feira";"17:00:00";"RJ";101;308;"SAO GONCALO";"Reação tardia ou ineficiente do condutor";"Queda de ocupante de veículo";"Com Vítimas Feridas";"Pleno dia";"Decrescente";"Céu Claro";"Dupla";"Reta";"Sim";1;0;1;0;0;0;1;1;-22,79304674;-43,02396297;"SPRF-RJ";"DEL02-RJ";"UOP02-DEL02-RJ"
753599;2026-02-20;"sexta-feira";"18:35:00";"SC";470;138;"RIO DO SUL";"Acessar a via sem observar a presença dos outros veículos";"Colisão transversal";"Com Vítimas Feridas";"Pleno dia";"Crescente";"Nublado";"Simples";"Reta";"Não";4;0;2;0;2;0;2;2;-27,18831312;-49,6110177;"SPRF-SC";"DEL04-SC";"UOP02-DEL04-SC"
753600;2026-02-20;"sexta-feira";"18:00:00";"PR";277;117;"CAMPO LARGO";"Acessar a via sem observar a presença dos outros veículos";"Colisão transversal";"Com Vítimas Feridas";"Anoitecer";"Decrescente";"Céu Claro";"Simples";"Reta;Interseção de Vias";"Sim";2;0;0;1;1;0;1;2;-25,443388;-49,454878;"SPRF-PR";"DEL03-PR";"UOP03-DEL03-PR"
753602;2026-02-20;"sexta-feira";"17:15:00";"MT";70;404;"CUIABA";"Acessar a via sem observar a presença dos outros veículos";"Colisão transversal";"Com Vítimas Feridas";"Pleno dia";"Decrescente";"Céu Claro";"Múltipla";"Retorno Regulamentado";"Sim";3;0;3;0;0;0;3;2;-15,6416654;-56,02011323;"SPRF-MT";"DEL05-MT";"UOP02-DEL05-MT"
753603;2026-02-20;"sexta-feira";"15:15:00";"RJ";101;332;"RIO DE JANEIRO";"Reação tardia ou ineficiente do condutor";"Tombamento";"Com Vítimas Feridas";"Pleno dia";"Decrescente";"Nublado";"Múltipla";"Reta";"Não";2;0;2;0;0;0;2;1;-22,86833224;-43,18982478;"SPRF-RJ";"DEL02-RJ";"UOP01-DEL02-RJ"
753604;2026-02-20;"sexta-feira";"18:30:00";"MS";163;476;"CAMPO GRANDE";"Acessar a via sem observar a presença dos outros veículos";"Colisão transversal";"Com Vítimas Feridas";"Plena Noite";"Decrescente";"Chuva";"Simples";"Reta";"Não";2;0;1;0;1;0;1;2;-20,68497959;-54,553837;"SPRF-MS";"DEL01-MS";"UOP01-DEL01-MS"
753607;2026-02-20;"sexta-feira";"14:00:00";"MS";262;326;"CAMPO GRANDE";"Ausência de reação do condutor";"Colisão traseira";"Sem Vítimas";"Plena Noite";"Decrescente";"Garoa/Chuvisco";"Dupla";"Reta";"Sim";2;0;0;0;2;0;0;2;-20,46833;-54,536198;"SPRF-MS";"DEL01-MS";"UOP01-DEL01-MS"
753611;2026-02-20;"sexta-feira";"19:10:00";"BA";367;31;"PORTO SEGURO";"Acessar a via sem observar a presença dos outros veículos";"Colisão transversal";"Com Vítimas Feridas";"Plena Noite";"Crescente";"Céu Claro";"Simples";"Reta";"Sim";2;0;1;0;1;0;1;2;-16,4146753;-39,1280113;"SPRF-BA";"DEL09-BA";"UOP03-DEL09-BA"
753613;2026-02-20;"sexta-feira";"17:20:00";"RJ";101;319;"NITEROI";"Condutor deixou de manter distância do veículo da frente";"Colisão traseira";"Com Vítimas Feridas";"Pleno dia";"Decrescente";"Céu Claro";"Dupla";"Reta";"Sim";7;0;1;1;5;0;2;2;-22,87965769;-43,11395332;"SPRF-RJ";"DEL02-RJ";"UOP02-DEL02-RJ"
753614;2026-02-20;"sexta-feira";"18:50:00";"SP";116;494,9;"CAJATI";"Avarias e/ou desgaste excessivo no pneu";"Tombamento";"Com Vítimas Feridas";"Plena Noite";"Crescente";"Céu Claro";"Dupla";"Reta";"Não";2;0;1;0;1;0;1;1;-24,7535533;-48,1620216;"SPRF-SP";"DEL05-SP";"UOP01-DEL05-SP"
753615;2026-02-20;"sexta-feira";"19:50:00";"SC";101;212;"PALHOCA";"Manobra de mudança de faixa";"Tombamento";"Com Vítimas Feridas";"Plena Noite";"Decrescente";"Chuva";"Dupla";"Reta";"Não";3;0;1;1;0;1;2;2;-27,62625488;-48,65457281;"SPRF-SC";"DEL01-SC";"UOP02-DEL01-SC"
753617;2026-02-20;"sexta-feira";"19:40:00";"ES";262;158;"IBATIBA";"Pedestre cruzava a pista fora da faixa";"Atropelamento de Pedestre";"Com Vítimas Feridas";"Plena Noite";"Crescente";"Céu Claro";"Simples";"Reta";"Sim";2;0;2;0;0;0;2;2;-20,231043;-41,501262;"SPRF-ES";"DEL01-ES";"UOP02-DEL01-ES"
753618;2026-02-20;"sexta-feira";"20:00:00";"BA";324;378;"SAO JOSE DO JACUIPE";"Chuva";"Capotamento";"Com Vítimas Feridas";"Plena Noite";"Decrescente";"Chuva";"Simples";"Curva";"Não";1;0;1;0;0;0;1;1;-11,4282628;-39,8796078;"SPRF-BA";"DEL04-BA";"UOP02-DEL04-BA"
753619;2026-02-20;"sexta-feira";"19:10:00";"PR";277;82;"CURITIBA";"Trafegar com motocicleta (ou similar) entre as faixas";"Colisão traseira";"Com Vítimas Feridas";"Plena Noite";"Decrescente";"Céu Claro";"Dupla";"Reta";"Sim";2;0;1;0;1;0;1;2;-25,46003232;-49,22067516;"SPRF-PR";"DEL01-PR";"UOP03-DEL01-PR"
753621;2026-02-20;"sexta-feira";"20:00:00";"SC";282;23,7;"SANTO AMARO DA IMPERATRIZ";"Ingestão de álcool pelo condutor";"Saída de leito carroçável";"Sem Vítimas";"Plena Noite";"Crescente";"Chuva";"Simples";"Reta";"Não";1;0;0;0;1;0;0;1;-27,68494798;-48,74289243;"SPRF-SC";"DEL01-SC";"UOP03-DEL01-SC"
753623;2026-02-20;"sexta-feira";"16:50:00";"RR";174;691;"PACARAIMA";"Pista esburacada";"Colisão com objeto";"Com Vítimas Fatais";"Pleno dia";"Decrescente";"Céu Claro";"Simples";"Reta";"Não";1;1;0;0;0;0;0;1;4,33935;-61,130498;"SPRF-RR";"DEL01-RR";"UOP03-DEL01-RR"
753624;2026-02-20;"sexta-feira";"20:10:00";"RS";116;399;"CAMAQUA";"Acesso irregular";"Colisão transversal";"Sem Vítimas";"Plena Noite";"Decrescente";"Céu Claro";"Dupla";"Reta";"Não";2;0;0;0;2;0;0;2;-30,8706954;-51,8047406;"SPRF-RS";"DEL02-RS";"UOP02-DEL02-RS"
753630;2026-02-20;"sexta-feira";"20:50:00";"RS";386;367,4;"FAZENDA VILANOVA";"Acessar a via sem observar a presença dos outros veículos";"Colisão transversal";"Com Vítimas Feridas";"Plena Noite";"Decrescente";"Nublado";"Dupla";"Reta;Rotatória";"Não";6;0;1;0;5;0;1;2;-29,5811153;-51,84078878;"SPRF-RS";"DEL04-RS";"UOP01-DEL04-RS"
753631;2026-02-20;"sexta-feira";"16:04:00";"MT";163;601;"NOVA MUTUM";"Ausência de reação do condutor";"Saída de leito carroçável";"Com Vítimas Feridas";"Pleno dia";"Crescente";"Céu Claro";"Dupla";"Reta";"Sim";1;0;1;0;0;0;1;1;-13,7948867;-56,06653116;"SPRF-MT";"DEL01-MT";"UOP01-DEL01-MT"
753632;2026-02-20;"sexta-feira";"19:00:00";"MS";262;349;"CAMPO GRANDE";"Animais na Pista";"Atropelamento de Animal";"Com Vítimas Feridas";"Plena Noite";"Crescente";"Chuva";"Simples";"Reta";"Não";1;0;0;1;0;0;1;1;-20,5670178;-54,62912735;"SPRF-MS";"DEL01-MS";"UOP03-DEL01-MS"
753633;2026-01-15;"quinta-feira";"06:00:00";"RJ";101;67;"CAMPOS DOS GOYTACAZES";"Manobra de mudança de faixa";"Colisão transversal";"Com Vítimas Feridas";"Pleno dia";"Decrescente";"Céu Claro";"Simples";"Reta";"Sim";2;0;0;1;1;0;1;2;-21,7693691;-41,3523205;"SPRF-RJ";"DEL08-RJ";"UOP02-DEL08-RJ"
753634;2026-02-20;"sexta-feira";"20:40:00";"PR";277;619,5;"CEU AZUL";"Ausência de reação do condutor";"Colisão traseira";"Sem Vítimas";"Plena Noite";"Crescente";"Céu Claro";"Simples";"Reta";"Não";1;0;0;0;1;0;0;1;-25,086;-53,717;"SPRF-PR";"DEL05-PR";"UOP02-DEL05-PR"
753635;2026-02-20;"sexta-feira";"19:15:00";"RJ";116;126;"MAGE";"Chuva";"Tombamento";"Com Vítimas Feridas";"Plena Noite";"Crescente";"Chuva";"Dupla";"Reta;Aclive";"Não";1;0;1;0;0;0;1;1;-22,65642207;-43,08837589;"SPRF-RJ";"DEL04-RJ";"UOP02-DEL04-RJ"
753637;2026-02-20;"sexta-feira";"20:50:00";"RS";392;42,2;"RIO GRANDE";"Acessar a via sem observar a presença dos outros veículos";"Colisão transversal";"Com Vítimas Feridas";"Plena Noite";"Decrescente";"Nublado";"Dupla";"Reta";"Sim";2;0;0;1;1;0;1;2;-31,94546196;-52,3103714;"SPRF-RS";"DEL07-RS";"UOP02-DEL07-RS"
753638;2026-02-20;"sexta-feira";"16:10:00";"MG";365;7,2;"MONTES CLAROS";"Velocidade Incompatível";"Saída de leito carroçável";"Com Vítimas Feridas";"Pleno dia";"Decrescente";"Chuva";"Simples";"Declive;Curva";"Não";1;0;1;0;0;0;1;1;-16,816481;-43,915283;"SPRF-MG";"DEL12-MG";"UOP01-DEL12-MG"
753639;2026-02-20;"sexta-feira";"19:55:00";"SC";101;163,3;"TIJUCAS";"Reação tardia ou ineficiente do condutor";"Saída de leito carroçável";"Com Vítimas Feridas";"Plena Noite";"Decrescente";"Nublado";"Dupla";"Curva";"Sim";1;0;1;0;0;0;1;1;-27,23776;-48,63057;"SPRF-SC";"DEL04-SC";"UOP03-DEL04-SC"
753641;2026-02-20;"sexta-feira";"21:30:00";"MG";459;95,4;"POUSO ALEGRE";"Velocidade Incompatível";"Saída de leito carroçável";"Com Vítimas Feridas";"Plena Noite";"Crescente";"Céu Claro";"Simples";"Curva;Declive";"Não";2;0;2;0;0;0;2;1;-22,185027;-45,99001;"SPRF-MG";"DEL09-MG";"UOP01-DEL09-MG"
753644;2026-02-20;"sexta-feira";"17:30:00";"MG";50;175;"UBERABA";"Reação tardia ou ineficiente do condutor";"Colisão traseira";"Com Vítimas Feridas";"Pleno dia";"Decrescente";"Céu Claro";"Dupla";"Reta";"Não";3;0;1;0;2;0;1;2;-19,7792376;-47,96252701;"SPRF-MG";"DEL13-MG";"UOP01-DEL13-MG"
753646;2026-02-20;"sexta-feira";"21:00:00";"MG";262;409,9;"IGARATINGA";"Avarias e/ou desgaste excessivo no pneu";"Tombamento";"Com Vítimas Feridas";"Plena Noite";"Decrescente";"Nublado";"Dupla";"Reta";"Não";2;0;1;1;0;0;2;1;-19,886488;-44,718459;"SPRF-MG";"DEL08-MG";"UOP03-DEL08-MG"
753647;2026-02-20;"sexta-feira";"19:27:00";"RO";429;52,5;"ALVORADA DOESTE";"Acessar a via sem observar a presença dos outros veículos";"Atropelamento de Pedestre";"Com Vítimas Feridas";"Plena Noite";"Decrescente";"Nublado";"Dupla";"Reta";"Sim";2;0;0;1;1;0;1;2;-11,349607;-62,289119;"SPRF-RO";"DEL02-RO";"UOP03-DEL02-RO"
753648;2026-02-20;"sexta-feira";"19:45:00";"MS";158;11;"CASSILANDIA";"Ingestão de álcool pelo condutor";"Saída de leito carroçável";"Com Vítimas Feridas";"Plena Noite";"Crescente";"Céu Claro";"Simples";"Reta";"Não";1;0;1;0;0;0;1;1;-19,15630647;-51,65348768;"SPRF-MS";"DEL08-MS";"UOP01-DEL08-MS"
753650;2026-02-20;"sexta-feira";"20:34:00";"RO";364;691;"CANDEIAS DO JAMARI";"Acessar a via sem observar a presença dos outros veículos";"Colisão transversal";"Com Vítimas Feridas";"Plena Noite";"Crescente";"Céu Claro";"Dupla";"Reta";"Sim";4;0;0;1;3;0;1;2;-8,79635;-63,68942;"SPRF-RO";"DEL01-RO";"UOP01-DEL01-RO"
753651;2026-02-20;"sexta-feira";"21:50:00";"RS";285;341;"CARAZINHO";"Ingestão de álcool pelo condutor";"Colisão lateral mesmo sentido";"Com Vítimas Feridas";"Plena Noite";"Decrescente";"Nublado";"Simples";"Reta";"Sim";5;0;4;0;1;0;4;2;-28,31536417;-52,79895656;"SPRF-RS";"DEL08-RS";"UOP03-DEL08-RS"
753652;2026-02-20;"sexta-feira";"21:30:00";"BA";324;520;"FEIRA DE SANTANA";"Reação tardia ou ineficiente do condutor";"Colisão lateral mesmo sentido";"Com Vítimas Feridas";"Plena Noite";"Decrescente";"Chuva";"Dupla";"Reta";"Sim";2;0;2;0;0;0;2;2;-12,274382;-38,932501;"SPRF-BA";"DEL11-BA";"UOP02-DEL11-BA"
753653;2026-02-20;"sexta-feira";"20:20:00";"SE";101;135,8;"ESTANCIA";"Ausência de reação do condutor";"Colisão traseira";"Sem Vítimas";"Plena Noite";"Crescente";"Céu Claro";"Dupla";"Reta";"Sim";2;0;0;0;0;2;0;2;-11,140936;-37,396332;"SPRF-SE";"DEL02-SE";"UOP01-DEL02-SE"
753654;2026-02-20;"sexta-feira";"22:00:00";"MT";163;749;"SORRISO";"Ausência de reação do condutor";"Colisão traseira";"Com Vítimas Feridas";"Plena Noite";"Decrescente";"Céu Claro";"Dupla";"Declive";"Não";2;0;1;0;1;0;1;2;-12,578018;-55,73096;"SPRF-MT";"DEL06-MT";"UOP01-DEL06-MT"
753655;2026-02-20;"sexta-feira";"19:40:00";"PE";101;107,3;"CABO DE SANTO AGOSTINHO";"Acessar a via sem observar a presença dos outros veículos";"Atropelamento de Pedestre";"Com Vítimas Fatais";"Plena Noite";"Decrescente";"Céu Claro";"Dupla";"Reta";"Não";2;1;0;0;0;1;0;2;-8,30923;-35,08588;"SPRF-PE";"DEL01-PE";"UOP03-DEL01-PE"
753658;2026-02-20;"sexta-feira";"22:00:00";"PR";376;116,7;"ALTO PARANA";"Ingestão de álcool pelo condutor";"Colisão traseira";"Sem Vítimas";"Plena Noite";"Crescente";"Nublado";"Dupla";"Reta";"Não";2;0;0;0;2;0;0;2;-23,103887;-52,352064;"SPRF-PR";"DEL09-PR";"UOP02-DEL09-PR"
753659;2026-02-20;"sexta-feira";"22:00:00";"RJ";101;576;"PARATY";"Acessar a via sem observar a presença dos outros veículos";"Colisão transversal";"Com Vítimas Feridas";"Plena Noite";"Crescente";"Nublado";"Simples";"Interseção de Vias";"Não";2;0;1;0;1;0;1;2;-23,2278289;-44,72690519;"SPRF-RJ";"DEL03-RJ";"UOP04-DEL03-RJ"
753660;2026-02-20;"sexta-feira";"20:20:00";"PE";424;33;"VENTUROSA";"Transitar na contramão";"Colisão frontal";"Com Vítimas Fatais";"Plena Noite";"Crescente";"Céu Claro";"Simples";"Reta";"Não";2;1;1;0;0;0;1;2;-8,609203;-36,855191;"SPRF-PE";"DEL04-PE";"UOP02-DEL04-PE"
753661;2026-02-20;"sexta-feira";"18:40:00";"SC";282;419,7;"VARGEM BONITA";"Acesso irregular";"Tombamento";"Com Vítimas Feridas";"Plena Noite";"Crescente";"Céu Claro";"Simples";"Curva";"Não";2;0;1;0;1;0;1;2;-27,01609797;-51,73339843;"SPRF-SC";"DEL07-SC";"UOP05-DEL07-SC"
753662;2026-02-20;"sexta-feira";"23:19:00";"RN";101;72;"SAO GONCALO DO AMARANTE";"Acessar a via sem observar a presença dos outros veículos";"Colisão transversal";"Com Vítimas Feridas";"Plena Noite";"Decrescente";"Céu Claro";"Simples";"Reta";"Não";2;0;1;1;0;0;2;2;-5,7487693;-35,3265666;"SPRF-RN";"DEL02-RN";"UOP01-DEL02-RN"
753666;2026-02-20;"sexta-feira";"23:50:00";"SC";101;124,8;"ITAJAI";"Ausência de reação do condutor";"Saída de leito carroçável";"Sem Vítimas";"Plena Noite";"Crescente";"Nublado";"Dupla";"Reta";"Não";1;0;0;0;1;0;0;1;-26,94727013;-48,68477717;"SPRF-SC";"DEL04-SC";"UOP04-DEL04-SC"