"id";"data_inversa";"dia_semana";"horario";"uf";"br";"km";"municipio";"causa_acidente";"tipo_acidente";"classificacao_acidente";"fase_dia";"sentido_via";"condicao_metereologica";"tipo_pista";"tracado_via";"uso_solo";"pessoas";"mortos";"feridos_leves";"feridos_graves";"ilesos";"ignorados";"feridos";"veiculos";"latitude";"longitude";"regional";"delegacia";"uop"
753772;2026-02-21;"sábado";"15:45:00";"RS";392;350;"SANTA MARIA";"Transitar na contramão";"Colisão frontal";"Com Vítimas Feridas";"Pleno dia";"Crescente";"Céu Claro";"Simples";"Desvio Temporário;Reta;Declive;Em Obras";"Sim";3;0;2;0;1;0;2;2;-29,72935699;-53,80226819;"SPRF-RS";"DEL09-RS";"UOP01-DEL09-RS"
753773;2026-02-21;"sábado";"16:00:00";"PR";277;357;"GUARAPUAVA";"Ausência de reação do condutor";"Saída de leito carroçável";"Sem Vítimas";"Pleno dia";"Decrescente";"Céu Claro";"Simples";"Reta";"Não";1;0;0;0;1;0;0;1;-25,40029;-51,53977;"SPRF-PR";"DEL08-PR";"UOP01-DEL08-PR"
753775;2026-02-21;"sábado";"14:30:00";"BA";324;514;"FEIRA DE SANTANA";"Acessar a via sem observar a presença dos outros veículos";"Colisão transversal";"Com Vítimas Feridas";"Pleno dia";"Decrescente";"Nublado";"Simples";"Reta";"Sim";2;0;1;0;1;0;1;2;-12,2335;-38,9466;"SPRF-BA";"DEL02-BA";"UOP01-DEL02-BA"
753776;2026-02-21;"sábado";"16:35:00";"SP";101;51;"UBATUBA";"Transitar na contramão";"Colisão frontal";"Com Vítimas Feridas";"Pleno dia";"Decrescente";"Nublado";"Simples";"Reta";"Sim";2;0;2;0;0;0;2;2;-23,45736269;-45,06998347;"SPRF-SP";"DEL06-SP";"UOP01-DEL06-SP"
753777;2026-02-21;"sábado";"16:39:00";"RS";116;247;"SAO LEOPOLDO";"Manobra de mudança de faixa";"Colisão lateral mesmo sentido";"Com Vítimas Feridas";"Pleno dia";"Crescente";"Céu Claro";"Múltipla";"Reta;Interseção de Vias";"Sim";4;0;0;2;2;0;2;2;-29,76720617;-51,15385901;"SPRF-RS";"DEL01-RS";"UOP02-DEL01-RS"
753781;2026-02-21;"sábado";"11:50:00";"RJ";101;49;"CAMPOS DOS GOYTACAZES";"Acessar a via sem observar a presença dos outros veículos";"Colisão transversal";"Com Vítimas Feridas";"Pleno dia";"Decrescente";"Céu Claro";"Simples";"Reta";"Sim";2;0;0;1;1;0;1;2;-21,62755514;-41,31382791;"SPRF-RJ";"DEL08-RJ";"UOP01-DEL08-RJ"
753783;2026-02-10;"terça-feira";"04:30:00";"MS";267;669;"PORTO MURTINHO";"Animais na Pista";"Atropelamento de Animal";"Com Vítimas Feridas";"Amanhecer";"Decrescente";"Céu Claro";"Simples";"Reta";"Não";1;0;0;1;0;0;1;1;-21,710196;-57,7294727;"SPRF-MS";"DEL05-MS";"UOP01-DEL05-MS"
753784;2026-02-21;"sábado";"16:45:00";"SC";101;26,6;"SAO JOSE";"Demais falhas mecânicas ou elétricas";"Incêndio";"Sem Vítimas";"Pleno dia";"Decrescente";"Nublado";"Dupla";"Reta";"Não";1;0;0;0;1;0;0;1;-27,549984;-48,7006623;"SPRF-SC";"DEL01-SC";"UOP02-DEL01-SC"
753785;2026-02-21;"sábado";"16:45:00";"DF";70;15,7;"BRASILIA";"Demais falhas mecânicas ou elétricas";"Queda de ocupante de veículo";"Com Vítimas Feridas";"Pleno dia";"Crescente";"Céu Claro";"Dupla";"Reta";"Sim";2;0;1;0;1;0;1;1;-15,79844986;-48,18658018;"SPRF-DF";"DEL03-DF";"UOP02-DEL03-DF"
753786;2026-02-21;"sábado";"16:50:00";"MG";40;635;"CONSELHEIRO LAFAIETE";"Ausência de reação do condutor";"Saída de leito carroçável";"Com Vítimas Feridas";"Pleno dia";"Decrescente";"Chuva";"Simples";"Curva";"Não";3;0;1;0;2;0;1;1;-20,70588758;-43,7925032;"SPRF-MG";"DEL05-MG";"UOP02-DEL05-MG"
753787;2026-02-21;"sábado";"17:00:00";"ES";101;15;"SERRA";"Reação tardia ou ineficiente do condutor";"Eventos atípicos";"Com Vítimas Feridas";"Pleno dia";"Crescente";"Céu Claro";"Dupla";"Aclive;Reta";"Não";2;0;1;0;1;0;1;1;-20,189891;-40,33604;"SPRF-ES";"DEL02-ES";"UOP01-DEL02-ES"
753788;2026-02-21;"sábado";"14:25:00";"RJ";101;323;"NITEROI";"Demais falhas mecânicas ou elétricas";"Tombamento";"Com Vítimas Feridas";"Pleno dia";"Crescente";"Céu Claro";"Dupla";"Reta";"Sim";1;0;1;0;0;0;1;1;-22,8741191;-43,123312;"SPRF-RJ";"DEL02-RJ";"UOP01-DEL02-RJ"
753791;2026-02-05;"quinta-feira";"07:00:00";"RJ";101;314;"SAO GONCALO";"Manobra de mudança de faixa";"Colisão lateral mesmo sentido";"Com Vítimas Feridas";"Pleno dia";"Crescente";"Céu Claro";"Dupla";"Reta";"Sim";2;0;1;0;1;0;1;2;-22,793068;-43,024872;"SPRF-RJ";"DEL02-RJ";"UOP02-DEL02-RJ"
753792;2026-02-21;"sábado";"14:48:00";"RO";364;463;"ARIQUEMES";"Reação tardia ou ineficiente do condutor";"Tombamento";"Com Vítimas Feridas";"Pleno dia";"Decrescente";"Céu Claro";"Simples";"Reta";"Não";2;0;1;1;0;0;2;1;-10,231405;-62,75184;"SPRF-RO";"DEL03-RO";"UOP01-DEL03-RO"
753793;2026-02-21;"sábado";"16:30:00";"MA";226;298;"BARRA DO CORDA";"Manobra de mudança de faixa";"Colisão frontal";"Com Vítimas Feridas";"Pleno dia";"Crescente";"Céu Claro";"Simples";"Reta";"Sim";3;0;0;2;1;0;2;2;-5,50013155;-45,23692524;"SPRF-MA";"DEL06-MA";"UOP01-DEL06-MA"
753794;2026-02-21;"sábado";"09:50:00";"MT";174;103;"CACERES";"Ultrapassagem Indevida";"Saída de leito carroçável";"Sem Vítimas";"Pleno dia";"Decrescente";"Céu Claro";"Simples";"Reta";"Não";4;0;0;0;4;0;0;1;-15,83998983;-57,87090898;"SPRF-MT";"DEL03-MT";"UOP01-DEL03-MT"
753795;2026-02-21;"sábado";"17:30:00";"SC";470;97,3;"APIUNA";"Ausência de reação do condutor";"Colisão com objeto";"Sem Vítimas";"Pleno dia";"Crescente";"Nublado";"Simples";"Reta";"Sim";1;0;0;0;0;1;0;1;-27,0299332;-49,38269734;"SPRF-SC";"DEL04-SC";"UOP01-DEL04-SC"
753796;2026-02-21;"sábado";"18:00:00";"PR";116;111;"CURITIBA";"Ausência de reação do condutor";"Saída de leito carroçável";"Sem Vítimas";"Pleno dia";"Decrescente";"Céu Claro";"Dupla";"Reta";"Sim";1;0;0;0;0;1;0;1;-25,5586012;-49,26772375;"SPRF-PR";"DEL01-PR";"UOP03-DEL01-PR"
753799;2026-02-21;"sábado";"01:00:00";"SC";470;22;"ILHOTA";"Ingestão de álcool pelo condutor";"Saída de leito carroçável";"Sem Vítimas";"Plena Noite";"Decrescente";"Chuva";"Dupla";"Curva";"Não";1;0;0;0;0;1;0;1;-26,88377041;-48,83962512;"SPRF-SC";"DEL04-SC";"UOP04-DEL04-SC"
753800;2026-02-21;"sábado";"00:46:00";"PE";232;349;"CUSTODIA";"Ausência de reação do condutor";"Colisão com objeto";"Com Vítimas Feridas";"Plena Noite";"Decrescente";"Garoa/Chuvisco";"Simples";"Reta;Ponte";"Não";2;0;2;0;0;0;2;1;-8,087945;-37,78035;"SPRF-PE";"DEL04-PE";"UOP02-DEL04-PE"
753803;2026-02-21;"sábado";"18:02:00";"MG";262;374;"JUATUBA";"Ingestão de álcool pelo condutor";"Tombamento";"Com Vítimas Feridas";"Anoitecer";"Crescente";"Chuva";"Dupla";"Aclive;Reta";"Não";1;0;1;0;0;0;1;1;-19,93300957;-44,39506531;"SPRF-MG";"DEL01-MG";"UOP03-DEL01-MG"
753807;2026-02-21;"sábado";"18:30:00";"ES";262;16;"VIANA";"Conversão proibida";"Colisão transversal";"Com Vítimas Feridas";"Anoitecer";"Crescente";"Nublado";"Simples";"Reta";"Sim";2;0;0;1;1;0;1;2;-20,383611;-40,4659492;"SPRF-ES";"DEL01-ES";"UOP01-DEL01-ES"
753809;2026-02-21;"sábado";"18:50:00";"PE";101;72,6;"RECIFE";"Transitar na contramão";"Colisão frontal";"Com Vítimas Feridas";"Plena Noite";"Crescente";"Céu Claro";"Dupla";"Reta;Ponte";"Sim";3;0;0;1;2;0;1;2;-8,08976343;-34,94668214;"SPRF-PE";"DEL01-PE";"UOP01-DEL01-PE"
753811;2026-02-21;"sábado";"15:30:00";"SC";101;458,4;"SAO JOAO DO SUL";"Avarias e/ou desgaste excessivo no pneu";"Saída de leito carroçável";"Com Vítimas Feridas";"Pleno dia";"Decrescente";"Céu Claro";"Dupla";"Curva";"Não";4;0;3;0;1;0;3;1;-29,2493144;-49,75300882;"SPRF-SC";"DEL02-SC";"UOP02-DEL02-SC"
753813;2026-02-21;"sábado";"18:40:00";"SC";101;238;"PALHOCA";"Avarias e/ou desgaste excessivo no pneu";"Tombamento";"Com Vítimas Feridas";"Plena Noite";"Crescente";"Nublado";"Dupla";"Reta";"Sim";1;0;1;0;0;0;1;1;-27,840715;-48,633903;"SPRF-SC";"DEL01-SC";"UOP02-DEL01-SC"
753814;2026-02-21;"sábado";"17:55:00";"PR";376;172,8;"MARINGA";"Manobra de mudança de faixa";"Colisão transversal";"Com Vítimas Feridas";"Anoitecer";"Crescente";"Céu Claro";"Dupla";"Rotatória";"Sim";3;0;1;0;2;0;1;2;-23,41883744;-51,97206823;"SPRF-PR";"DEL09-PR";"UOP01-DEL09-PR"
753815;2026-02-21;"sábado";"19:30:00";"BA";324;517;"FEIRA DE SANTANA";"Conversão proibida";"Colisão frontal";"Com Vítimas Feridas";"Plena Noite";"Decrescente";"Garoa/Chuvisco";"Simples";"Declive;Reta";"Sim";3;0;2;0;1;0;2;2;-12,24738;-38,93405;"SPRF-BA";"DEL02-BA";"UOP01-DEL02-BA"
753819;2026-02-21;"sábado";"18:30:00";"PE";101;55,7;"RECIFE";"Manobra de mudança de faixa";"Colisão lateral mesmo sentido";"Com Vítimas Feridas";"Pleno dia";"Crescente";"Céu Claro";"Dupla";"Reta";"Não";2;0;1;0;1;0;1;2;-7,9629612;-34,9153175;"SPRF-PE";"DEL01-PE";"UOP02-DEL01-PE"
753820;2026-02-21;"sábado";"19:30:00";"SC";101;86;"BARRA VELHA";"Velocidade Incompatível";"Colisão traseira";"Sem Vítimas";"Plena Noite";"Decrescente";"Nublado";"Múltipla";"Reta";"Não";2;0;0;0;2;0;0;2;-26,6366589;-48,69693629;"SPRF-SC";"DEL03-SC";"UOP02-DEL03-SC"
753821;2026-02-21;"sábado";"19:20:00";"BA";410;0,5;"RIBEIRA DO POMBAL";"Demais falhas mecânicas ou elétricas";"Colisão traseira";"Com Vítimas Feridas";"Plena Noite";"Crescente";"Chuva";"Simples";"Declive";"Não";4;0;0;2;0;2;2;2;-10,818081;-38,534401;"SPRF-BA";"DEL07-BA";"UOP02-DEL07-BA"
753823;2026-02-21;"sábado";"07:56:00";"PR";376;494;"PONTA GROSSA";"Reação tardia ou ineficiente do condutor";"Tombamento";"Com Vítimas Feridas";"Pleno dia";"Crescente";"Céu Claro";"Simples";"Reta";"Sim";1;0;1;0;0;0;1;1;-25,14816808;-50,14889424;"SPRF-PR";"DEL03-PR";"UOP04-DEL03-PR"
753824;2026-02-21;"sábado";"17:55:00";"MS";163;250,9;"DOURADOS";"Reação tardia ou ineficiente do condutor";"Colisão traseira";"Com Vítimas Feridas";"Anoitecer";"Decrescente";"Nublado";"Simples";"Reta";"Não";2;0;1;0;1;0;1;2;-22,2976534;-54,82112288;"SPRF-MS";"DEL04-MS";"UOP02-DEL04-MS"
753826;2026-02-21;"sábado";"16:30:00";"RJ";493;3;"ITABORAI";"Acesso irregular";"Colisão lateral mesmo sentido";"Com Vítimas Feridas";"Pleno dia";"Crescente";"Nublado";"Dupla";"Reta";"Sim";2;0;1;0;1;0;1;2;-22,75404637;-42,93971869;"SPRF-RJ";"DEL02-RJ";"UOP02-DEL02-RJ"
753829;2026-02-21;"sábado";"20:50:00";"SC";280;52,7;"GUARAMIRIM";"Acessar a via sem observar a presença dos outros veículos";"Colisão transversal";"Com Vítimas Feridas";"Plena Noite";"Crescente";"Chuva";"Dupla";"Rotatória;Viaduto";"Sim";2;0;0;1;1;0;1;2;-26,4712453;-48,97166491;"SPRF-SC";"DEL03-SC";"UOP03-DEL03-SC"
753830;2026-02-21;"sábado";"19:00:00";"MG";116;740;"LEOPOLDINA";"Acessar a via sem observar a presença dos outros veículos";"Colisão lateral mesmo sentido";"Com Vítimas Feridas";"Plena Noite";"Decrescente";"Céu Claro";"Simples";"Reta";"Não";2;0;1;0;1;0;1;2;-21,44252355;-42,53700256;"SPRF-MG";"DEL07-MG";"UOP01-DEL07-MG"
753832;2026-02-21;"sábado";"20:20:00";"PR";277;5;"PARANAGUA";"Chuva";"Colisão com objeto";"Com Vítimas Feridas";"Plena Noite";"Crescente";"Chuva";"Dupla";"Reta";"Sim";1;0;1;0;0;0;1;1;-25,5268834;-48,5274177;"SPRF-PR";"DEL01-PR";"UOP05-DEL01-PR"
753834;2026-02-21;"sábado";"20:04:00";"MT";364;333;"SANTO ANTONIO DO LEVERGER";"Demais falhas mecânicas ou elétricas";"Saída de leito carroçável";"Com Vítimas Feridas";"Plena Noite";"Crescente";"Céu Claro";"Dupla";"Declive;Reta";"Não";2;0;1;0;1;0;1;1;-15,8278;-55,4576;"SPRF-MT";"DEL05-MT";"UOP02-DEL05-MT"
753835;2026-02-21;"sábado";"19:30:00";"RJ";40;71;"PETROPOLIS";"Objeto estático sobre o leito carroçável";"Colisão com objeto";"Com Vítimas Feridas";"Plena Noite";"Decrescente";"Chuva";"Dupla";"Reta";"Sim";1;0;1;0;0;0;1;1;-22,455286;-43,21099;"SPRF-RJ";"DEL01-RJ";"UOP01-DEL01-RJ"
753836;2026-02-21;"sábado";"20:40:00";"PB";230;8,9;"CABEDELO";"Velocidade Incompatível";"Tombamento";"Com Vítimas Feridas";"Plena Noite";"Crescente";"Céu Claro";"Dupla";"Reta";"Não";1;0;0;1;0;0;1;1;-7,04435604;-34,84693766;"SPRF-PB";"DEL01-PB";"UOP01-DEL01-PB"
753837;2026-02-21;"sábado";"19:50:00";"MS";158;97;"PARANAIBA";"Acesso irregular";"Saída de leito carroçável";"Com Vítimas Feridas";"Plena Noite";"Crescente";"Céu Claro";"Dupla";"Reta";"Sim";1;0;1;0;0;0;1;1;-19,69465;-51,182624;"SPRF-MS";"DEL08-MS";"UOP01-DEL08-MS"
753838;2026-02-21;"sábado";"20:40:00";"PR";376;619,7;"SAO JOSE DOS PINHAIS";"Trafegar com motocicleta (ou similar) entre as faixas";"Colisão frontal";"Com Vítimas Feridas";"Plena Noite";"Crescente";"Garoa/Chuvisco";"Dupla";"Reta";"Sim";2;0;0;1;1;0;1;2;-25,615585;-49,170337;"SPRF-PR";"DEL01-PR";"UOP04-DEL01-PR"
753839;2026-02-21;"sábado";"09:00:00";"PR";469;13;"FOZ DO IGUACU";"Ultrapassagem Indevida";"Colisão transversal";"Com Vítimas Feridas";"Pleno dia";"Crescente";"Céu Claro";"Simples";"Interseção de Vias";"Não";2;0;1;0;1;0;1;2;-25,57695633;-54,54441547;"SPRF-PR";"DEL05-PR";"UOP04-DEL05-PR"
753840;2026-02-21;"sábado";"19:30:00";"MG";40;757;"SANTOS DUMONT";"Velocidade Incompatível";"Saída de leito carroçável";"Sem Vítimas";"Plena Noite";"Crescente";"Nublado";"Simples";"Curva";"Não";1;0;0;0;1;0;0;1;-21,50906995;-43,52826834;"SPRF-MG";"DEL05-MG";"UOP01-DEL05-MG"
753841;2026-02-21;"sábado";"18:50:00";"RO";425;41;"NOVA MAMORE";"Acessar a via sem observar a presença dos outros veículos";"Colisão transversal";"Com Vítimas Feridas";"Anoitecer";"Crescente";"Céu Claro";"Simples";"Reta;Interseção de Vias";"Não";3;0;2;0;1;0;2;2;-10,072357;-65,303385;"SPRF-RO";"DEL01-RO";"UOP03-DEL01-RO"
753842;2026-02-21;"sábado";"21:20:00";"PR";376;603;"CURITIBA";"Reação tardia ou ineficiente do condutor";"Colisão traseira";"Sem Vítimas";"Plena Noite";"Crescente";"Garoa/Chuvisco";"Dupla";"Aclive;Reta";"Sim";2;0;0;0;2;0;0;2;-25,533;-49,322653;"SPRF-PR";"DEL01-PR";"UOP03-DEL01-PR"
753843;2026-02-21;"sábado";"19:50:00";"RJ";493;18,7;"GUAPIMIRIM";"Ingestão de álcool pelo condutor";"Colisão frontal";"Com Vítimas Feridas";"Plena Noite";"Decrescente";"Chuva";"Simples";"Reta";"Não";2;0;0;1;1;0;1;2;-22,66704626;-43,02679539;"SPRF-RJ";"DEL04-RJ";"UOP02-DEL04-RJ"
753844;2026-02-21;"sábado";"18:50:00";"RJ";465;9;"SEROPEDICA";"Ausência de reação do condutor";"Atropelamento de Pedestre";"Com Vítimas Feridas";"Plena Noite";"Crescente";"Chuva";"Simples";"Reta";"Não";3;0;1;0;2;0;1;2;-22,77211534;-43,67008738;"SPRF-RJ";"DEL06-RJ";"UOP02-DEL06-RJ"
753846;2026-02-21;"sábado";"20:15:00";"PR";163;278;"QUATRO PONTES";"Velocidade Incompatível";"Colisão com objeto";"Com Vítimas Feridas";"Plena Noite";"Crescente";"Céu Claro";"Dupla";"Reta;Declive";"Não";2;0;2;0;0;0;2;1;-24,57012784;-54,0013632;"SPRF-PR";"DEL06-PR";"UOP02-DEL06-PR"
753847;2026-02-21;"sábado";"21:40:00";"SC";470;139,9;"RIO DO SUL";"Transitar na contramão";"Colisão frontal";"Com Vítimas Feridas";"Plena Noite";"Crescente";"Céu Claro";"Simples";"Reta";"Sim";3;0;1;0;1;1;1;2;-27,20712591;-49,6484491;"SPRF-SC";"DEL04-SC";"UOP02-DEL04-SC"
753848;2026-02-21;"sábado";"21:30:00";"PR";369;122;"JATAIZINHO";"Velocidade Incompatível";"Colisão com objeto";"Com Vítimas Feridas";"Pleno dia";"Crescente";"Chuva";"Dupla";"Reta";"Não";2;0;1;1;0;0;2;2;-23,28562873;-50,9138466;"SPRF-PR";"DEL07-PR";"UOP05-DEL07-PR"
753849;2026-02-21;"sábado";"18:50:00";"RJ";116;136;"MAGE";"Reação tardia ou ineficiente do condutor";"Colisão traseira";"Com Vítimas Feridas";"Plena Noite";"Decrescente";"Chuva";"Dupla";"Reta";"Não";2;0;0;1;0;1;1;2;-22,64989;-43,1725;"SPRF-RJ";"DEL04-RJ";"UOP02-DEL04-RJ"
753850;2026-02-21;"sábado";"21:50:00";"BA";367;30;"PORTO SEGURO";"Animais na Pista";"Atropelamento de Animal";"Com Vítimas Feridas";"Plena Noite";"Decrescente";"Nublado";"Simples";"Reta";"Não";2;0;1;1;0;0;2;1;-16,41739121;-39,11105671;"SPRF-BA";"DEL09-BA";"UOP03-DEL09-BA"
753851;2026-02-21;"sábado";"19:30:00";"MG";40;137,8;"JOAO PINHEIRO";"Ausência de reação do condutor";"Atropelamento de Pedestre";"Com Vítimas Feridas";"Plena Noite";"Crescente";"Céu Claro";"Simples";"Reta;Aclive";"Não";2;0;0;1;0;1;1;2;-17,727;-46,215;"SPRF-MG";"DEL14-MG";"UOP01-DEL14-MG"
753852;2026-02-21;"sábado";"21:15:00";"MG";381;365,9;"SAO GONCALO DO RIO ABAIXO";"Transitar na contramão";"Colisão frontal";"Com Vítimas Fatais";"Plena Noite";"Decrescente";"Nublado";"Simples";"Declive;Reta";"Não";5;1;1;2;1;0;3;2;-19,85843561;-43,23600769;"SPRF-MG";"DEL03-MG";"UOP01-DEL03-MG"
753854;2026-02-21;"sábado";"22:25:00";"SP";116;499;"CAJATI";"Entrada inopinada do pedestre";"Atropelamento de Pedestre";"Com Vítimas Feridas";"Plena Noite";"Crescente";"Nublado";"Múltipla";"Curva";"Não";2;0;0;1;0;1;1;2;-24,78480231;-48,18196592;"SPRF-SP";"DEL05-SP";"UOP02-DEL05-SP"
753855;2026-02-21;"sábado";"22:50:00";"RS";386;245;"SOLEDADE";"Velocidade Incompatível";"Saída de leito carroçável";"Sem Vítimas";"Plena Noite";"Crescente";"Céu Claro";"Simples";"Em Obras;Retorno Regulamentado;Reta";"Não";1;0;0;0;0;1;0;1;-28,803822;-52,507053;"SPRF-RS";"DEL04-RS";"UOP03-DEL04-RS"
753856;2026-02-21;"sábado";"18:30:00";"MT";163;1024;"PEIXOTO DE AZEVEDO";"Condutor deixou de manter distância do veículo da frente";"Colisão traseira";"Com Vítimas Feridas";"Anoitecer";"Crescente";"Nublado";"Simples";"Reta";"Não";3;0;1;0;1;1;1;2;-10,26318;-55,00441;"SPRF-MT";"DEL06-MT";"UOP03-DEL06-MT"
753858;2026-02-21;"sábado";"18:00:00";"GO";40;25;"LUZIANIA";"Entrada inopinada do pedestre";"Atropelamento de Pedestre";"Com Vítimas Fatais";"Anoitecer";"Decrescente";"Céu Claro";"Dupla";"Reta";"Sim";2;1;0;0;1;0;0;2;-16,25365;-47,8995;"SPRF-DF";"DEL01-DF";"UOP01-DEL01-DF"
753859;2026-02-21;"sábado";"22:00:00";"SC";101;48,7;"JOINVILLE";"Chuva";"Saída de leito carroçável";"Com Vítimas Feridas";"Plena Noite";"Decrescente";"Garoa/Chuvisco";"Dupla";"Reta";"Não";2;0;1;0;1;0;1;1;-26,37409301;-48,85572759;"SPRF-SC";"DEL03-SC";"UOP01-DEL03-SC"
753860;2026-02-21;"sábado";"23:00:00";"SC";101;120;"ITAJAI";"Chuva";"Tombamento";"Com Vítimas Feridas";"Plena Noite";"Decrescente";"Chuva";"Simples";"Declive;Viaduto;Curva";"Sim";1;0;1;0;0;0;1;1;-26,9194996;-48,71086836;"SPRF-SC";"DEL04-SC";"UOP04-DEL04-SC"
753861;2026-02-21;"sábado";"22:20:00";"BA";242;874;"BARREIRAS";"Condutor deixou de manter distância do veículo da frente";"Colisão lateral sentido oposto";"Com Vítimas Feridas";"Anoitecer";"Crescente";"Céu Claro";"Simples";"Reta";"Não";2;0;1;0;1;0;1;2;-12,08021;-45,48326;"SPRF-BA";"DEL10-BA";"UOP01-DEL10-BA"
753862;2026-02-21;"sábado";"21:20:00";"SC";116;134,8;"SANTA CECILIA";"Ingestão de álcool pelo condutor";"Colisão transversal";"Com Vítimas Feridas";"Plena Noite";"Crescente";"Chuva";"Simples";"Declive;Reta";"Não";5;0;1;1;3;0;2;3;-26,92616846;-50,43839017;"SPRF-SC";"DEL06-SC";"UOP02-DEL06-SC"
753864;2026-02-21;"sábado";"22:40:00";"SC";470;35;"GASPAR";"Velocidade Incompatível";"Saída de leito carroçável";"Com Vítimas Feridas";"Plena Noite";"Crescente";"Nublado";"Simples";"Em Obras;Reta";"Sim";2;0;1;0;0;1;1;2;-26,9283355;-48,9613848;"SPRF-SC";"DEL04-SC";"UOP01-DEL04-SC"
753865;2026-02-21;"sábado";"23:33:00";"RJ";101;327;"RIO DE JANEIRO";"Deixar de acionar o farol da motocicleta (ou similar)";"Colisão traseira";"Com Vítimas Feridas";"Plena Noite";"Decrescente";"Céu Claro";"Simples";"Reta;Ponte";"Sim";5;0;2;0;3;0;2;3;-22,87060891;-43,16209741;"SPRF-RJ";"DEL02-RJ";"UOP01-DEL02-RJ"
753867;2026-02-21;"sábado";"22:00:00";"MG";116;91;"MEDINA";"Ausência de reação do condutor";"Queda de ocupante de veículo";"Com Vítimas Feridas";"Plena Noite";"Decrescente";"Chuva";"Simples";"Reta";"Não";2;0;0;2;0;0;2;2;-16,36388;-41,47137;"SPRF-MG";"DEL11-MG";"UOP02-DEL11-MG"
753868;2026-02-22;"domingo";"00:05:00";"SP";116;213;"GUARULHOS";"Ingestão de álcool pelo condutor";"Colisão com objeto";"Com Vítimas Feridas";"Plena Noite";"Crescente";"Chuva";"Múltipla";"Reta";"Sim";4;0;4;0;0;0;4;1;-23,442475;-46,444717;"SPRF-SP";"DEL01-SP";"UOP01-DEL01-SP"
753869;2026-02-21;"sábado";"22:22:00";"SC";101;434,1;"SOMBRIO";"Acessar a via sem observar a presença dos outros veículos";"Colisão transversal";"Com Vítimas Fatais";"Plena Noite";"Crescente";"Céu Claro";"Múltipla";"Reta";"Sim";3;1;1;0;0;1;1;2;-29,09953636;-49,63485718;"SPRF-SC";"DEL02-SC";"UOP02-DEL02-SC"
753870;2026-02-22;"domingo";"00:10:00";"ES";101;314;"VILA VELHA";"Demais falhas mecânicas ou elétricas";"Incêndio";"Sem Vítimas";"Plena Noite";"Crescente";"Céu Claro";"Simples";"Reta";"Não";1;0;0;0;1;0;0;1;-20,464522;-40,465338;"SPRF-ES";"DEL01-ES";"UOP01-DEL01-ES"
753871;2026-02-22;"domingo";"00:15:00";"PR";116;119;"CURITIBA";"Reação tardia ou ineficiente do condutor";"Tombamento";"Com Vítimas Feridas";"Plena Noite";"Crescente";"Nublado";"Dupla";"Reta";"Sim";1;0;0;1;0;0;1;1;-25,57558169;-49,31211138;"SPRF-PR";"DEL01-PR";"UOP03-DEL01-PR"
753872;2026-02-22;"domingo";"00:16:00";"PE";407;126;"PETROLINA";"Ingestão de álcool pelo condutor";"Colisão lateral mesmo sentido";"Com Vítimas Feridas";"Plena Noite";"Crescente";"Nublado";"Múltipla";"Rotatória";"Sim";4;0;2;0;0;2;2;3;-9,38802696;-40,52563238;"SPRF-PE";"DEL06-PE";"UOP01-DEL06-PE"
753873;2026-02-22;"domingo";"00:50:00";"MA";10;257;"IMPERATRIZ";"Ausência de reação do condutor";"Colisão traseira";"Com Vítimas Feridas";"Plena Noite";"Crescente";"Céu Claro";"Simples";"Reta;Interseção de Vias";"Sim";3;0;0;1;2;0;1;2;-5,48337272;-47,47211439;"SPRF-MA";"DEL04-MA";"UOP01-DEL04-MA"
753876;2026-02-22;"domingo";"01:00:00";"SC";101;129;"CAMBORIU";"Ingestão de álcool pelo condutor";"Capotamento";"Sem Vítimas";"Plena Noite";"Crescente";"Garoa/Chuvisco";"Dupla";"Reta";"Não";1;0;0;0;1;0;0;1;-26,99045097;-48,663263;"SPRF-SC";"DEL04-SC";"UOP03-DEL04-SC"
753877;2026-02-22;"domingo";"01:15:00";"SC";101;339,9;"TUBARAO";"Condutor deixou de manter distância do veículo da frente";"Colisão lateral mesmo sentido";"Com Vítimas Feridas";"Plena Noite";"Crescente";"Céu Claro";"Dupla";"Reta";"Não";6;0;2;0;3;1;2;2;-28,51340031;-49,05197795;"SPRF-SC";"DEL02-SC";"UOP01-DEL02-SC"
753878;2026-02-21;"sábado";"23:30:00";"RJ";40;67,2;"PETROPOLIS";"Chuva";"Saída de leito carroçável";"Com Vítimas Feridas";"Plena Noite";"Decrescente";"Chuva";"Dupla";"Curva";"Não";4;0;2;0;2;0;2;1;-22,438585;-43,17949;"SPRF-RJ";"DEL05-RJ";"UOP02-DEL05-RJ"
753879;2026-02-22;"domingo";"00:30:00";"AL";316;252,7;"PILAR";"Ausência de reação do condutor";"Colisão traseira";"Com Vítimas Feridas";"Plena Noite";"Decrescente";"Céu Claro";"Simples";"Reta";"Sim";2;0;1;0;1;0;1;2;-9,577038;-35,962757;"SPRF-AL";"DEL02-AL";"UOP01-DEL02-AL"
753880;2026-02-22;"domingo";"00:10:00";"MA";330;5,9;"BALSAS";"Ausência de reação do condutor";"Saída de leito carroçável";"Com Vítimas Feridas";"Plena Noite";"Crescente";"Céu Claro";"Simples";"Reta";"Não";1;0;0;1;0;0;1;1;-7,560078;-46,019147;"SPRF-MA";"DEL05-MA";"UOP01-DEL05-MA"
753881;2026-02-22;"domingo";"01:00:00";"TO";153;424;"MIRACEMA DO TOCANTINS";"Transitar na contramão";"Colisão frontal";"Com Vítimas Feridas";"Plena Noite";"Crescente";"Nublado";"Simples";"Reta";"Não";4;0;0;3;1;0;3;2;-9,60916;-48,62825;"SPRF-TO";"DEL01-TO";"UOP01-DEL01-TO"
753882;2026-02-22;"domingo";"00:30:00";"PR";153;344;"REBOUCAS";"Velocidade Incompatível";"Capotamento";"Com Vítimas Feridas";"Plena Noite";"Crescente";"Céu Claro";"Simples";"Curva";"Não";1;0;1;0;0;0;1;1;-25,59;-50,684;"SPRF-PR";"DEL08-PR";"UOP02-DEL08-PR"