"id";"data_inversa";"dia_semana";"horario";"uf";"br";"km";"municipio";"causa_acidente";"tipo_acidente";"classificacao_acidente";"fase_dia";"sentido_via";"condicao_metereologica";"tipo_pista";"tracado_via";"uso_solo";"pessoas";"mortos";"feridos_leves";"feridos_graves";"ilesos";"ignorados";"feridos";"veiculos";"latitude";"longitude";"regional";"delegacia";"uop"
753998;2026-02-22;"domingo";"18:20:00";"RS";116;246;"SAO LEOPOLDO";"Acessar a via sem observar a presença dos outros veículos";"Colisão lateral mesmo sentido";"Com Vítimas Feridas";"Anoitecer";"Decrescente";"Céu Claro";"Múltipla";"Interseção de Vias";"Sim";2;0;1;0;1;0;1;2;-29,7617738;-51,15214912;"SPRF-RS";"DEL01-RS";"UOP02-DEL01-RS"
753999;2026-02-22;"domingo";"18:00:00";"SC";101;147;"ITAPEMA";"Acessar a via sem observar a presença dos outros veículos";"Colisão transversal";"Com Vítimas Feridas";"Anoitecer";"Decrescente";"Céu Claro";"Dupla";"Reta";"Sim";2;0;1;0;1;0;1;2;-27,08803198;-48,61152068;"SPRF-SC";"DEL04-SC";"UOP03-DEL04-SC"
754000;2026-02-22;"domingo";"16:50:00";"RS";468;20,9;"PALMEIRA DAS MISSOES";"Velocidade Incompatível";"Saída de leito carroçável";"Com Vítimas Fatais";"Pleno dia";"Decrescente";"Céu Claro";"Simples";"Curva";"Não";3;1;0;2;0;0;2;1;-27,77168;-53,441195;"SPRF-RS";"DEL08-RS";"UOP01-DEL08-RS"
754001;2026-02-22;"domingo";"18:00:00";"RJ";101;483;"ANGRA DOS REIS";"Transitar na contramão";"Colisão frontal";"Com Vítimas Feridas";"Plena Noite";"Decrescente";"Chuva";"Simples";"Curva";"Não";7;0;2;1;4;0;3;3;-22,9680833;-44,2999496;"SPRF-RJ";"DEL03-RJ";"UOP03-DEL03-RJ"
754002;2026-02-22;"domingo";"19:11:00";"MG";381;3;"BETIM";"Ingestão de álcool pelo condutor";"Colisão traseira";"Com Vítimas Feridas";"Plena Noite";"Crescente";"Nublado";"Dupla";"Reta";"Sim";2;0;1;0;1;0;1;2;-19,98562;-44,16862;"SPRF-MG";"DEL01-MG";"UOP03-DEL01-MG"
754003;2026-02-22;"domingo";"18:20:00";"PI";343;2,2;"TERESINA";"Transitar no Acostamento";"Colisão lateral mesmo sentido";"Com Vítimas Feridas";"Plena Noite";"Decrescente";"Céu Claro";"Múltipla";"Reta";"Sim";2;0;1;0;1;0;1;2;-5,081743;-42,77002;"SPRF-PI";"DEL01-PI";"UOP01-DEL01-PI"
754004;2026-02-22;"domingo";"16:20:00";"BA";116;420;"FEIRA DE SANTANA";"Acessar a via sem observar a presença dos outros veículos";"Colisão transversal";"Sem Vítimas";"Pleno dia";"Decrescente";"Nublado";"Dupla";"Retorno Regulamentado;Viaduto";"Sim";2;0;0;0;2;0;0;2;-12,217175;-38,965308;"SPRF-BA";"DEL02-BA";"UOP01-DEL02-BA"
754006;2026-02-22;"domingo";"19:02:00";"ES";101;137,6;"LINHARES";"Condutor deixou de manter distância do veículo da frente";"Colisão traseira";"Com Vítimas Feridas";"Anoitecer";"Crescente";"Céu Claro";"Simples";"Reta";"Não";2;0;0;1;1;0;1;2;-19,26073743;-40,08929372;"SPRF-ES";"DEL04-ES";"UOP01-DEL04-ES"
754007;2026-02-22;"domingo";"15:30:00";"MA";135;131;"MATOES DO NORTE";"Reação tardia ou ineficiente do condutor";"Colisão traseira";"Sem Vítimas";"Pleno dia";"Decrescente";"Céu Claro";"Simples";"Reta";"Não";2;0;0;0;2;0;0;2;-3,606943;-44,564607;"SPRF-MA";"DEL01-MA";"UOP02-DEL01-MA"
754008;2026-02-22;"domingo";"18:20:00";"RJ";393;170;"TRES RIOS";"Ausência de reação do condutor";"Saída de leito carroçável";"Com Vítimas Feridas";"Anoitecer";"Crescente";"Céu Claro";"Simples";"Reta";"Não";5;0;4;0;1;0;4;1;-22,13112526;-43,22296143;"SPRF-RJ";"DEL05-RJ";"UOP03-DEL05-RJ"
754009;2026-02-22;"domingo";"17:50:00";"RO";421;35,8;"MONTE NEGRO";"Pista esburacada";"Tombamento";"Com Vítimas Feridas";"Pleno dia";"Decrescente";"Nublado";"Simples";"Reta";"Não";1;0;1;0;0;0;1;1;-10,165383;-63,225933;"SPRF-RO";"DEL03-RO";"UOP01-DEL03-RO"
754010;2026-02-22;"domingo";"19:30:00";"SC";101;198,7;"SAO JOSE";"Reação tardia ou ineficiente do condutor";"Colisão traseira";"Com Vítimas Feridas";"Plena Noite";"Crescente";"Céu Claro";"Simples";"Reta";"Sim";2;0;1;0;1;0;1;2;-27,5323;-48,63148;"SPRF-SC";"DEL01-SC";"UOP01-DEL01-SC"
754011;2026-02-22;"domingo";"18:33:00";"PB";230;38,1;"SANTA RITA";"Ausência de reação do condutor";"Tombamento";"Com Vítimas Feridas";"Plena Noite";"Crescente";"Céu Claro";"Dupla";"Reta";"Sim";1;0;1;0;0;0;1;1;-7,13521607;-34,96462137;"SPRF-PB";"DEL01-PB";"UOP02-DEL01-PB"
754012;2026-02-22;"domingo";"18:00:00";"TO";242;378,3;"GURUPI";"Transitar na contramão";"Colisão frontal";"Com Vítimas Fatais";"Pleno dia";"Decrescente";"Céu Claro";"Simples";"Reta";"Não";2;1;0;0;1;0;0;2;-11,7347;-49,0417;"SPRF-TO";"DEL01-TO";"UOP02-DEL01-TO"
754013;2026-02-22;"domingo";"15:00:00";"RJ";116;180;"NOVA IGUACU";"Reação tardia ou ineficiente do condutor";"Colisão com objeto";"Com Vítimas Feridas";"Pleno dia";"Decrescente";"Nublado";"Dupla";"Aclive;Reta";"Sim";1;0;0;1;0;0;1;1;-22,7638498;-43,41870753;"SPRF-RJ";"DEL06-RJ";"UOP01-DEL06-RJ"
754014;2026-02-22;"domingo";"16:00:00";"RJ";40;115,3;"DUQUE DE CAXIAS";"Demais falhas mecânicas ou elétricas";"Tombamento";"Com Vítimas Fatais";"Pleno dia";"Crescente";"Nublado";"Múltipla";"Reta";"Não";2;1;0;1;0;0;1;1;-22,72926958;-43,2887207;"SPRF-RJ";"DEL01-RJ";"UOP02-DEL01-RJ"
754015;2026-02-22;"domingo";"19:20:00";"PR";277;16,3;"PARANAGUA";"Velocidade Incompatível";"Saída de leito carroçável";"Com Vítimas Feridas";"Plena Noite";"Crescente";"Garoa/Chuvisco";"Dupla";"Reta";"Não";2;0;2;0;0;0;2;1;-25,54838939;-48,6752793;"SPRF-PR";"DEL01-PR";"UOP05-DEL01-PR"
754017;2026-02-22;"domingo";"18:10:00";"GO";60;228;"CEZARINA";"Avarias e/ou desgaste excessivo no pneu";"Saída de leito carroçável";"Sem Vítimas";"Anoitecer";"Crescente";"Céu Claro";"Dupla";"Reta;Declive";"Não";1;0;0;0;1;0;0;1;-17,049153;-49,786106;"SPRF-GO";"DEL01-GO";"UOP02-DEL01-GO"
754018;2026-02-22;"domingo";"16:30:00";"MG";116;537,9;"SANTA RITA DE MINAS";"Condutor deixou de manter distância do veículo da frente";"Colisão traseira";"Sem Vítimas";"Pleno dia";"Decrescente";"Nublado";"Simples";"Ponte;Reta";"Sim";4;0;0;0;4;0;0;2;-19,87803082;-42,13099122;"SPRF-MG";"DEL06-MG";"UOP02-DEL06-MG"
754019;2026-02-22;"domingo";"19:00:00";"PB";101;78;"SANTA RITA";"Reação tardia ou ineficiente do condutor";"Saída de leito carroçável";"Com Vítimas Fatais";"Plena Noite";"Crescente";"Nublado";"Dupla";"Desvio Temporário;Reta;Em Obras";"Não";1;1;0;0;0;0;0;1;-7,1058231;-34,96380597;"SPRF-PB";"DEL01-PB";"UOP03-DEL01-PB"
754020;2026-02-22;"domingo";"18:20:00";"RS";290;297,2;"CACHOEIRA DO SUL";"Reação tardia ou ineficiente do condutor";"Colisão com objeto";"Sem Vítimas";"Anoitecer";"Crescente";"Céu Claro";"Simples";"Ponte;Reta";"Não";1;0;0;0;1;0;0;1;-30,31156978;-53,18030834;"SPRF-RS";"DEL09-RS";"UOP02-DEL09-RS"
754021;2026-02-22;"domingo";"19:00:00";"PR";116;6;"CAMPINA GRANDE DO SUL";"Acumulo de água sobre o pavimento";"Saída de leito carroçável";"Com Vítimas Feridas";"Plena Noite";"Crescente";"Chuva";"Dupla";"Curva";"Não";4;0;3;0;1;0;3;1;-25,08105133;-48,62282753;"SPRF-PR";"DEL01-PR";"UOP02-DEL01-PR"
754022;2026-02-22;"domingo";"18:40:00";"MT";174;280;"PONTES E LACERDA";"Acessar a via sem observar a presença dos outros veículos";"Colisão lateral mesmo sentido";"Com Vítimas Feridas";"Plena Noite";"Crescente";"Nublado";"Simples";"Reta";"Não";4;0;2;1;1;0;3;2;-15,3011034;-59,2614887;"SPRF-MT";"DEL04-MT";"UOP01-DEL04-MT"
754023;2026-02-22;"domingo";"16:00:00";"MG";40;494;"PEDRO LEOPOLDO";"Demais falhas na via";"Saída de leito carroçável";"Sem Vítimas";"Pleno dia";"Crescente";"Chuva";"Dupla";"Reta";"Não";1;0;0;0;0;1;0;1;-19,61962846;-44,03835297;"SPRF-MG";"DEL02-MG";"UOP01-DEL02-MG"
754025;2026-02-22;"domingo";"18:35:00";"RO";421;45,6;"MONTE NEGRO";"Mal súbito do condutor";"Tombamento";"Com Vítimas Feridas";"Anoitecer";"Crescente";"Nublado";"Simples";"Reta";"Não";2;0;2;0;0;0;2;1;-10,239953;-63,267447;"SPRF-RO";"DEL03-RO";"UOP01-DEL03-RO"
754026;2026-02-22;"domingo";"19:46:00";"PE";104;62,4;"CARUARU";"Ingestão de álcool pelo condutor";"Colisão traseira";"Com Vítimas Feridas";"Plena Noite";"Crescente";"Céu Claro";"Dupla";"Reta";"Sim";3;0;1;0;2;0;1;2;-8,25734;-35,97588;"SPRF-PE";"DEL02-PE";"UOP01-DEL02-PE"
754027;2026-02-22;"domingo";"10:15:00";"MG";381;379;"SAO GONCALO DO RIO ABAIXO";"Ausência de reação do condutor";"Colisão com objeto";"Com Vítimas Feridas";"Pleno dia";"Decrescente";"Sol";"Simples";"Reta";"Sim";1;0;1;0;0;0;1;1;-19,82129696;-43,38947296;"SPRF-MG";"DEL01-MG";"UOP01-DEL01-MG"
754028;2026-02-22;"domingo";"19:44:00";"RJ";101;470;"ANGRA DOS REIS";"Demais falhas mecânicas ou elétricas";"Incêndio";"Sem Vítimas";"Plena Noite";"Decrescente";"Chuva";"Simples";"Reta";"Não";1;0;0;0;1;0;0;1;-22,99497273;-44,23036158;"SPRF-RJ";"DEL03-RJ";"UOP03-DEL03-RJ"
754029;2026-02-22;"domingo";"20:15:00";"SC";282;5,3;"SAO JOSE";"Reação tardia ou ineficiente do condutor";"Engavetamento";"Sem Vítimas";"Plena Noite";"Decrescente";"Nublado";"Dupla";"Reta";"Sim";5;0;0;0;5;0;0;3;-27,58722484;-48,61539245;"SPRF-SC";"DEL01-SC";"UOP01-DEL01-SC"
754032;2026-02-22;"domingo";"20:05:00";"AL";316;159;"PALMEIRA DOS INDIOS";"Manobra de mudança de faixa";"Colisão transversal";"Sem Vítimas";"Plena Noite";"Decrescente";"Céu Claro";"Simples";"Reta;Aclive";"Não";2;0;0;0;1;1;0;2;-9,440753;-36,607218;"SPRF-AL";"DEL03-AL";"UOP01-DEL03-AL"
754033;2026-02-22;"domingo";"13:07:00";"MG";365;210;"BURITIZEIRO";"Chuva";"Queda de ocupante de veículo";"Com Vítimas Feridas";"Pleno dia";"Decrescente";"Chuva";"Simples";"Reta";"Não";2;0;1;1;0;0;2;1;-17,53665825;-45,29534251;"SPRF-MG";"DEL10-MG";"UOP02-DEL010-MG"
754035;2026-02-22;"domingo";"17:50:00";"RJ";101;57;"CAMPOS DOS GOYTACAZES";"Acessar a via sem observar a presença dos outros veículos";"Colisão transversal";"Com Vítimas Feridas";"Anoitecer";"Crescente";"Nublado";"Simples";"Interseção de Vias;Reta";"Sim";3;0;2;0;1;0;2;2;-21,70226286;-41,31005287;"SPRF-RJ";"DEL08-RJ";"UOP01-DEL08-RJ"
754036;2026-02-22;"domingo";"19:25:00";"PI";230;310;"FLORIANO";"Transitar na contramão";"Colisão frontal";"Sem Vítimas";"Plena Noite";"Decrescente";"Céu Claro";"Simples";"Reta";"Sim";2;0;0;0;2;0;0;2;-6,7684;-43,010537;"SPRF-PI";"DEL03-PI";"UOP01-DEL03-PI"
754038;2026-02-06;"sexta-feira";"23:05:00";"MG";381;433;"SABARA";"Demais falhas na via";"Atropelamento de Pedestre";"Com Vítimas Feridas";"Plena Noite";"Decrescente";"Nublado";"Simples";"Reta";"Sim";2;0;1;0;1;0;1;2;-19,79685;-43,7557;"SPRF-MG";"DEL01-MG";"UOP01-DEL01-MG"
754039;2026-02-22;"domingo";"19:40:00";"PE";232;171;"BELO JARDIM";"Reação tardia ou ineficiente do condutor";"Saída de leito carroçável";"Com Vítimas Feridas";"Plena Noite";"Crescente";"Céu Claro";"Simples";"Curva";"Não";4;0;3;0;1;0;3;1;-8,3423;-36,35257;"SPRF-PE";"DEL03-PE";"UOP02-DEL03-PE"
754040;2026-02-22;"domingo";"20:00:00";"SC";101;331;"TUBARAO";"Desrespeitar a preferência no cruzamento";"Colisão transversal";"Sem Vítimas";"Plena Noite";"Decrescente";"Céu Claro";"Múltipla";"Rotatória;Interseção de Vias";"Sim";2;0;0;0;2;0;0;2;-28,466124;-48,995293;"SPRF-SC";"DEL02-SC";"UOP01-DEL02-SC"
754042;2026-02-22;"domingo";"16:04:00";"MT";174;510;"COMODORO";"Avarias e/ou desgaste excessivo no pneu";"Tombamento";"Com Vítimas Feridas";"Pleno dia";"Decrescente";"Garoa/Chuvisco";"Simples";"Reta";"Não";2;0;0;2;0;0;2;1;-13,46738504;-59,84270096;"SPRF-MT";"DEL04-MT";"UOP02-DEL04-MT"
754043;2026-02-22;"domingo";"20:15:00";"MG";146;484,1;"POCOS DE CALDAS";"Velocidade Incompatível";"Colisão com objeto";"Sem Vítimas";"Plena Noite";"Decrescente";"Céu Claro";"Simples";"Declive;Curva";"Não";1;0;0;0;1;0;0;1;-21,80422289;-46,45481944;"SPRF-MG";"DEL09-MG";"UOP01-DEL09-MG"
754044;2026-02-22;"domingo";"20:38:00";"PR";277;590;"CASCAVEL";"Avarias e/ou desgaste excessivo no pneu";"Eventos atípicos";"Com Vítimas Feridas";"Plena Noite";"Decrescente";"Céu Claro";"Simples";"Reta";"Não";1;0;1;0;0;0;1;1;-24,9768;-53,44498;"SPRF-PR";"DEL04-PR";"UOP01-DEL04-PR"
754045;2026-02-22;"domingo";"19:20:00";"RS";470;245;"BARAO";"Conversão proibida";"Colisão transversal";"Com Vítimas Feridas";"Plena Noite";"Crescente";"Céu Claro";"Simples";"Reta";"Sim";2;0;1;0;1;0;1;2;-29,37790666;-51,49762845;"SPRF-RS";"DEL06-RS";"UOP01-DEL06-RS"
754046;2026-02-22;"domingo";"20:40:00";"SC";282;555,7;"NOVA ITABERABA";"Ingestão de álcool pelo condutor";"Colisão lateral sentido oposto";"Com Vítimas Feridas";"Plena Noite";"Crescente";"Céu Claro";"Simples";"Curva";"Não";2;0;2;0;0;0;2;2;-26,93691901;-52,80948978;"SPRF-SC";"DEL07-SC";"UOP01-DEL07-SC"
754047;2026-02-22;"domingo";"20:58:00";"RS";285;119;"VACARIA";"Retorno proibido";"Colisão transversal";"Com Vítimas Feridas";"Plena Noite";"Crescente";"Nublado";"Simples";"Interseção de Vias";"Sim";2;0;1;0;1;0;1;2;-28,50158318;-50,91924906;"SPRF-RS";"DEL05-RS";"UOP03-DEL05-RS"
754048;2026-02-22;"domingo";"21:20:00";"GO";40;10,1;"LUZIANIA";"Ingestão de álcool pelo condutor";"Colisão frontal";"Com Vítimas Feridas";"Plena Noite";"Crescente";"Nublado";"Dupla";"Reta";"Não";3;0;0;1;1;1;1;3;-16,13325;-47,95642;"SPRF-DF";"DEL01-DF";"UOP01-DEL01-DF"
754049;2026-02-22;"domingo";"20:15:00";"MG";116;534,8;"SANTA RITA DE MINAS";"Ingestão de álcool pelo condutor";"Colisão frontal";"Com Vítimas Fatais";"Plena Noite";"Crescente";"Chuva";"Simples";"Reta";"Não";3;1;1;1;0;0;2;2;-19,85649816;-42,14029312;"SPRF-MG";"DEL06-MG";"UOP02-DEL06-MG"
754051;2026-02-22;"domingo";"21:30:00";"RS";392;112;"CANGUCU";"Pedestre andava na pista";"Atropelamento de Pedestre";"Com Vítimas Fatais";"Plena Noite";"Crescente";"Céu Claro";"Simples";"Reta";"Sim";4;2;0;0;2;0;0;2;-31,44051785;-52,64904857;"SPRF-RS";"DEL07-RS";"UOP01-DEL07-RS"
754052;2026-02-22;"domingo";"18:00:00";"MS";262;205;"RIBAS DO RIO PARDO";"Ausência de reação do condutor";"Saída de leito carroçável";"Sem Vítimas";"Anoitecer";"Decrescente";"Chuva";"Simples";"Reta";"Não";1;0;0;0;0;1;0;1;-20,46674;-53,442771;"SPRF-MS";"DEL01-MS";"UOP05-DEL01-MS"
754055;2026-02-22;"domingo";"20:00:00";"MA";222;657;"ACAILANDIA";"Entrada inopinada do pedestre";"Atropelamento de Pedestre";"Com Vítimas Feridas";"Plena Noite";"Crescente";"Céu Claro";"Simples";"Reta;Aclive";"Não";1;0;0;1;0;0;1;1;-4,87991555;-47,31216442;"SPRF-MA";"DEL04-MA";"UOP03-DEL04-MA"
754058;2026-02-22;"domingo";"10:00:00";"MS";463;100;"PONTA PORA";"Acessar a via sem observar a presença dos outros veículos";"Colisão transversal";"Com Vítimas Feridas";"Pleno dia";"Decrescente";"Céu Claro";"Simples";"Reta";"Não";2;0;0;1;1;0;1;2;-22,62115;-55,61573;"SPRF-MS";"DEL04-MS";"UOP03-DEL04-MS"
754059;2026-02-22;"domingo";"19:20:00";"PB";427;37,5;"POMBAL";"Acessar a via sem observar a presença dos outros veículos";"Colisão transversal";"Com Vítimas Feridas";"Plena Noite";"Crescente";"Nublado";"Simples";"Reta";"Sim";3;0;2;0;1;0;2;2;-6,76902848;-37,79481411;"SPRF-PB";"DEL03-PB";"UOP02-DEL03-PB"
754060;2026-02-22;"domingo";"21:18:00";"GO";452;41;"SANTA HELENA DE GOIAS";"Reação tardia ou ineficiente do condutor";"Colisão com objeto";"Com Vítimas Feridas";"Plena Noite";"Decrescente";"Nublado";"Simples";"Reta";"Não";1;0;1;0;0;0;1;1;-17,9324469;-50,547244;"SPRF-GO";"DEL04-GO";"UOP01-DEL04-GO"
754062;2026-02-22;"domingo";"21:15:00";"PR";376;631;"SAO JOSE DOS PINHAIS";"Ultrapassagem Indevida";"Colisão lateral mesmo sentido";"Com Vítimas Feridas";"Plena Noite";"Decrescente";"Garoa/Chuvisco";"Dupla";"Declive;Reta";"Sim";3;0;2;0;0;1;2;2;-25,712701;-49,139195;"SPRF-PR";"DEL01-PR";"UOP04-DEL01-PR"
754063;2026-02-22;"domingo";"19:50:00";"MG";267;58,6;"GUARARA";"Pedestre andava na pista";"Atropelamento de Pedestre";"Com Vítimas Feridas";"Plena Noite";"Decrescente";"Chuva";"Simples";"Reta";"Não";2;0;0;1;1;0;1;2;-21,72747685;-43,04926291;"SPRF-MG";"DEL07-MG";"UOP01-DEL07-MG"
754067;2026-02-22;"domingo";"22:30:00";"GO";153;512,5;"APARECIDA DE GOIANIA";"Ingestão de álcool pelo condutor";"Saída de leito carroçável";"Sem Vítimas";"Plena Noite";"Decrescente";"Chuva";"Simples";"Reta;Interseção de Vias";"Sim";1;0;0;0;1;0;0;1;-16,82429056;-49,24166679;"SPRF-GO";"DEL01-GO";"UOP03-DEL01-GO"
754068;2026-02-22;"domingo";"23:50:00";"ES";101;43,2;"CONCEICAO DA BARRA";"Animais na Pista";"Atropelamento de Animal";"Com Vítimas Feridas";"Plena Noite";"Decrescente";"Céu Claro";"Simples";"Declive";"Não";1;0;1;0;0;0;1;1;-18,526425;-39,9104911;"SPRF-ES";"DEL04-ES";"UOP02-DEL04-ES"
754069;2026-02-22;"domingo";"20:00:00";"BA";235;84;"JEREMOABO";"Animais na Pista";"Atropelamento de Animal";"Com Vítimas Feridas";"Plena Noite";"Crescente";"Nublado";"Simples";"Curva";"Não";1;0;0;1;0;0;1;1;-10,103138;-38,381603;"SPRF-BA";"DEL07-BA";"UOP01-DEL07-BA"
754070;2026-02-22;"domingo";"22:30:00";"RS";293;441;"QUARAI";"Animais na Pista";"Atropelamento de Animal";"Com Vítimas Feridas";"Plena Noite";"Crescente";"Céu Claro";"Simples";"Curva";"Não";4;0;4;0;0;0;4;1;-30,39859343;-56,42903678;"SPRF-RS";"DEL11-RS";"UOP01-DEL11-RS"
754071;2026-02-23;"segunda-feira";"00:05:00";"RS";293;441;"QUARAI";"Velocidade Incompatível";"Saída de leito carroçável";"Com Vítimas Feridas";"Plena Noite";"Crescente";"Céu Claro";"Simples";"Reta";"Não";2;0;1;1;0;0;2;1;-30,3972088;-56,430351;"SPRF-RS";"DEL11-RS";"UOP01-DEL11-RS"
754072;2026-02-22;"domingo";"20:40:00";"MA";230;322;"SAO RAIMUNDO DAS MANGABEIRAS";"Transitar na contramão";"Colisão frontal";"Com Vítimas Fatais";"Plena Noite";"Crescente";"Céu Claro";"Simples";"Reta";"Não";2;1;1;0;0;0;1;2;-7,05433;-45,537198;"SPRF-MA";"DEL05-MA";"UOP01-DEL05-MA"
754073;2026-02-22;"domingo";"22:10:00";"RO";364;3;"JI-PARANA";"Ingestão de álcool pelo condutor";"Colisão traseira";"Com Vítimas Feridas";"Plena Noite";"Decrescente";"Céu Claro";"Simples";"Reta";"Não";3;0;0;2;1;0;2;2;-10,90927065;-61,96545951;"SPRF-RO";"DEL02-RO";"UOP01-DEL02-RO"
754075;2026-02-22;"domingo";"21:00:00";"MS";262;349;"CAMPO GRANDE";"Animais na Pista";"Atropelamento de Animal";"Com Vítimas Feridas";"Plena Noite";"Decrescente";"Céu Claro";"Simples";"Reta";"Não";1;0;1;0;0;0;1;1;-20,56512525;-54,62189913;"SPRF-MS";"DEL01-MS";"UOP03-DEL01-MS"
754078;2026-02-23;"segunda-feira";"00:20:00";"SP";153;63;"SAO JOSE DO RIO PRETO";"Condutor Dormindo";"Saída de leito carroçável";"Com Vítimas Feridas";"Plena Noite";"Decrescente";"Chuva";"Dupla";"Curva;Declive";"Sim";1;0;1;0;0;0;1;1;-20,82299666;-49,35781112;"SPRF-SP";"DEL09-SP";"UOP01-DEL09-SP"
754081;2026-02-23;"segunda-feira";"00:40:00";"PR";153;338,4;"IRATI";"Ausência de reação do condutor";"Colisão com objeto";"Sem Vítimas";"Plena Noite";"Crescente";"Céu Claro";"Simples";"Curva;Declive";"Não";1;0;0;0;0;1;0;1;-25,525099;-50,653616;"SPRF-PR";"DEL08-PR";"UOP02-DEL08-PR"
754084;2026-02-23;"segunda-feira";"01:30:00";"MT";163;902,6;"CLAUDIA";"Condutor Dormindo";"Saída de leito carroçável";"Com Vítimas Feridas";"Plena Noite";"Decrescente";"Nublado";"Simples";"Reta";"Não";1;0;1;0;0;0;1;1;-11,23326713;-55,30426168;"SPRF-MT";"DEL06-MT";"UOP02-DEL06-MT"
754085;2026-02-23;"segunda-feira";"03:30:00";"DF";20;8;"BRASILIA";"Ausência de reação do condutor";"Colisão com objeto";"Com Vítimas Feridas";"Plena Noite";"Decrescente";"Garoa/Chuvisco";"Dupla";"Declive;Reta";"Sim";3;0;2;0;1;0;2;1;-15,65192148;-47,77733803;"SPRF-DF";"DEL02-DF";"UOP01-DEL02-DF"
754091;2026-02-23;"segunda-feira";"04:25:00";"PE";232;406,2;"SERRA TALHADA";"Animais na Pista";"Atropelamento de Animal";"Com Vítimas Fatais";"Plena Noite";"Decrescente";"Céu Claro";"Simples";"Declive;Reta";"Sim";1;1;0;0;0;0;0;1;-7,986867;-38,264447;"SPRF-PE";"DEL04-PE";"UOP01-DEL04-PE"
754092;2026-02-23;"segunda-feira";"06:00:00";"GO";153;443;"ANAPOLIS";"Condutor deixou de manter distância do veículo da frente";"Colisão traseira";"Com Vítimas Feridas";"Pleno dia";"Crescente";"Céu Claro";"Dupla";"Rotatória;Viaduto";"Sim";2;0;1;0;1;0;1;2;-16,353401;-48,929621;"SPRF-GO";"DEL02-GO";"UOP01-DEL02-GO"
754094;2026-02-23;"segunda-feira";"00:30:00";"RJ";101;39;"CAMPOS DOS GOYTACAZES";"Transitar na contramão";"Colisão lateral sentido oposto";"Com Vítimas Feridas";"Plena Noite";"Crescente";"Céu Claro";"Simples";"Curva";"Não";3;0;0;1;2;0;1;2;-21,54694214;-41,33799076;"SPRF-RJ";"DEL08-RJ";"UOP01-DEL08-RJ"
754095;2026-02-23;"segunda-feira";"06:18:00";"PE";101;70;"RECIFE";"Reação tardia ou ineficiente do condutor";"Colisão lateral mesmo sentido";"Com Vítimas Feridas";"Pleno dia";"Decrescente";"Céu Claro";"Múltipla";"Reta;Retorno Regulamentado";"Sim";3;0;1;0;2;0;1;2;-8,069952;-34,941928;"SPRF-PE";"DEL01-PE";"UOP01-DEL01-PE"
754096;2026-02-23;"segunda-feira";"06:37:00";"RS";290;95;"PORTO ALEGRE";"Demais falhas mecânicas ou elétricas";"Colisão traseira";"Com Vítimas Feridas";"Pleno dia";"Crescente";"Céu Claro";"Múltipla";"Reta";"Sim";10;0;3;0;7;0;3;4;-29,987051;-51,20312759;"SPRF-RS";"DEL01-RS";"UOP01-DEL01-RS"
754097;2026-02-23;"segunda-feira";"07:00:00";"SP";116;216;"GUARULHOS";"Reação tardia ou ineficiente do condutor";"Colisão traseira";"Com Vítimas Feridas";"Pleno dia";"Crescente";"Céu Claro";"Simples";"Aclive";"Não";2;0;1;0;1;0;1;2;-23,45251579;-46,46763468;"SPRF-SP";"DEL01-SP";"UOP01-DEL01-SP"
754100;2026-02-23;"segunda-feira";"01:28:00";"PR";116;51,3;"CAMPINA GRANDE DO SUL";"Chuva";"Capotamento";"Com Vítimas Feridas";"Pleno dia";"Decrescente";"Chuva";"Dupla";"Curva";"Não";2;0;1;0;1;0;1;1;-25,2472304;-48,9048097;"SPRF-PR";"DEL01-PR";"UOP02-DEL01-PR"
754101;2026-02-23;"segunda-feira";"07:30:00";"PB";101;87;"JOAO PESSOA";"Ausência de reação do condutor";"Queda de ocupante de veículo";"Com Vítimas Feridas";"Pleno dia";"Crescente";"Sol";"Múltipla";"Reta";"Sim";2;0;0;1;1;0;1;2;-7,158832;-34,906065;"SPRF-PB";"DEL01-PB";"UOP01-DEL01-PB"
754103;2026-02-23;"segunda-feira";"06:30:00";"GO";452;1;"RIO VERDE";"Ausência de reação do condutor";"Colisão com objeto";"Sem Vítimas";"Amanhecer";"Crescente";"Nublado";"Dupla";"Reta";"Sim";1;0;0;0;0;1;0;1;-17,78945715;-50,89697096;"SPRF-GO";"DEL04-GO";"UOP01-DEL04-GO"
754104;2026-02-23;"segunda-feira";"07:20:00";"RS";153;47;"ERECHIM";"Acessar a via sem observar a presença dos outros veículos";"Colisão lateral mesmo sentido";"Com Vítimas Feridas";"Pleno dia";"Crescente";"Nublado";"Simples";"Reta;Retorno Regulamentado;Rotatória";"Sim";2;0;1;0;1;0;1;2;-27,64202555;-52,24506347;"SPRF-RS";"DEL08-RS";"UOP04-DEL08-RS"
754105;2026-02-23;"segunda-feira";"07:30:00";"RN";101;109;"PARNAMIRIM";"Reação tardia ou ineficiente do condutor";"Colisão traseira";"Com Vítimas Feridas";"Pleno dia";"Decrescente";"Céu Claro";"Dupla";"Reta";"Não";2;0;1;0;1;0;1;2;-5,9383874;-35,26465265;"SPRF-RN";"DEL01-RN";"UOP01-DEL01-RN"
754106;2026-02-23;"segunda-feira";"06:55:00";"PR";116;117;"CURITIBA";"Condutor deixou de manter distância do veículo da frente";"Engavetamento";"Com Vítimas Feridas";"Pleno dia";"Decrescente";"Nublado";"Dupla";"Reta";"Sim";6;0;2;0;4;0;2;4;-25,56684732;-49,30952517;"SPRF-PR";"DEL01-PR";"UOP03-DEL01-PR"