"id";"data_inversa";"dia_semana";"horario";"uf";"br";"km";"municipio";"causa_acidente";"tipo_acidente";"classificacao_acidente";"fase_dia";"sentido_via";"condicao_metereologica";"tipo_pista";"tracado_via";"uso_solo";"pessoas";"mortos";"feridos_leves";"feridos_graves";"ilesos";"ignorados";"feridos";"veiculos";"latitude";"longitude";"regional";"delegacia";"uop"
754107;2026-02-23;"segunda-feira";"07:25:00";"RS";293;16,2;"CAPAO DO LEAO";"Afundamento ou ondulação no pavimento";"Tombamento";"Com Vítimas Feridas";"Pleno dia";"Crescente";"Céu Claro";"Simples";"Reta";"Não";35;0;2;0;33;0;2;1;-31,7493272;-52,4720304;"SPRF-RS";"DEL07-RS";"UOP01-DEL07-RS"
754110;2026-02-22;"domingo";"22:20:00";"RO";364;423;"JARU";"Velocidade Incompatível";"Colisão lateral mesmo sentido";"Com Vítimas Feridas";"Plena Noite";"Crescente";"Nublado";"Simples";"Reta;Ponte";"Sim";3;0;2;0;0;1;2;2;-10,44625484;-62,46475339;"SPRF-RO";"DEL03-RO";"UOP02-DEL03-RO"
754111;2026-02-23;"segunda-feira";"08:10:00";"SP";116;104,9;"TAUBATE";"Trafegar com motocicleta (ou similar) entre as faixas";"Tombamento";"Com Vítimas Feridas";"Pleno dia";"Crescente";"Céu Claro";"Dupla";"Reta";"Não";1;0;1;0;0;0;1;1;-23,00754;-45,514938;"SPRF-SP";"DEL02-SP";"UOP02-DEL02-SP"
754112;2026-02-23;"segunda-feira";"06:55:00";"RJ";101;323;"NITEROI";"Reação tardia ou ineficiente do condutor";"Tombamento";"Com Vítimas Feridas";"Pleno dia";"Decrescente";"Céu Claro";"Múltipla";"Reta";"Não";1;0;1;0;0;0;1;1;-22,87376324;-43,12726021;"SPRF-RJ";"DEL02-RJ";"UOP01-DEL02-RJ"
754113;2026-02-23;"segunda-feira";"07:05:00";"SP";116;221,8;"GUARULHOS";"Reação tardia ou ineficiente do condutor";"Colisão lateral mesmo sentido";"Com Vítimas Feridas";"Pleno dia";"Crescente";"Nublado";"Múltipla";"Reta";"Sim";4;0;0;1;3;0;1;2;-23,470003;-46,514728;"SPRF-SP";"DEL01-SP";"UOP01-DEL01-SP"
754116;2026-02-23;"segunda-feira";"08:00:00";"PB";230;18,2;"JOAO PESSOA";"Trafegar com motocicleta (ou similar) entre as faixas";"Colisão lateral mesmo sentido";"Com Vítimas Feridas";"Pleno dia";"Decrescente";"Sol";"Dupla";"Reta";"Sim";2;0;1;0;1;0;1;2;-7,1208681;-34,8453908;"SPRF-PB";"DEL01-PB";"UOP01-DEL01-PB"
754118;2026-02-23;"segunda-feira";"08:25:00";"RN";110;45,5;"MOSSORO";"Ausência de reação do condutor";"Colisão traseira";"Com Vítimas Feridas";"Pleno dia";"Decrescente";"Céu Claro";"Simples";"Reta";"Sim";2;0;1;0;1;0;1;2;-5,19621;-37,31599;"SPRF-RN";"DEL04-RN";"UOP01-DEL04-RN"
754121;2026-02-23;"segunda-feira";"07:35:00";"PR";376;245;"APUCARANA";"Acesso irregular";"Colisão lateral mesmo sentido";"Com Vítimas Feridas";"Pleno dia";"Crescente";"Garoa/Chuvisco";"Dupla";"Declive;Reta";"Não";2;0;1;0;1;0;1;2;-23,59199195;-51,411134;"SPRF-PR";"DEL07-PR";"UOP03-DEL07-PR"
754122;2026-02-23;"segunda-feira";"07:00:00";"MT";174;6;"PONTES E LACERDA";"Animais na Pista";"Atropelamento de Animal";"Com Vítimas Feridas";"Pleno dia";"Decrescente";"Céu Claro";"Simples";"Reta";"Sim";1;0;0;1;0;0;1;1;-15,2226624;-59,3511178;"SPRF-MT";"DEL04-MT";"UOP01-DEL04-MT"
754123;2026-02-20;"sexta-feira";"13:40:00";"SP";153;260,6;"MARILIA";"Mal súbito do condutor";"Tombamento";"Com Vítimas Feridas";"Pleno dia";"Decrescente";"Céu Claro";"Simples";"Reta";"Não";1;0;1;0;0;0;1;1;-22,27051643;-49,92288861;"SPRF-SP";"DEL07-SP";"UOP02-DEL07-SP"
754124;2026-02-23;"segunda-feira";"07:50:00";"RS";116;148;"CAXIAS DO SUL";"Condutor deixou de manter distância do veículo da frente";"Engavetamento";"Com Vítimas Feridas";"Pleno dia";"Crescente";"Céu Claro";"Dupla";"Reta";"Sim";3;0;1;0;2;0;1;3;-29,15125665;-51,14691345;"SPRF-RS";"DEL05-RS";"UOP01-DEL05-RS"
754126;2026-02-23;"segunda-feira";"05:30:00";"MG";40;512;"RIBEIRAO DAS NEVES";"Trafegar com motocicleta (ou similar) entre as faixas";"Colisão transversal";"Com Vítimas Feridas";"Amanhecer";"Crescente";"Céu Claro";"Dupla";"Reta";"Não";2;0;0;1;1;0;1;2;-19,78378378;-44,11747686;"SPRF-MG";"DEL01-MG";"UOP02-DEL01-MG"
754128;2026-02-23;"segunda-feira";"09:00:00";"SE";101;91;"NOSSA SENHORA DO SOCORRO";"Reação tardia ou ineficiente do condutor";"Queda de ocupante de veículo";"Com Vítimas Feridas";"Pleno dia";"Decrescente";"Céu Claro";"Múltipla";"Reta";"Sim";1;0;1;0;0;0;1;1;-10,90240853;-37,13353006;"SPRF-SE";"DEL01-SE";"UOP01-DEL01-SE"
754129;2026-02-23;"segunda-feira";"09:10:00";"PE";101;48;"ABREU E LIMA";"Pedestre cruzava a pista fora da faixa";"Atropelamento de Pedestre";"Com Vítimas Feridas";"Pleno dia";"Crescente";"Céu Claro";"Múltipla";"Reta";"Sim";2;0;1;1;0;0;2;2;-7,89225379;-34,90349857;"SPRF-PE";"DEL01-PE";"UOP02-DEL01-PE"
754130;2026-02-23;"segunda-feira";"09:30:00";"SC";101;32,9;"JOINVILLE";"Manobra de mudança de faixa";"Colisão lateral mesmo sentido";"Com Vítimas Feridas";"Pleno dia";"Crescente";"Nublado";"Múltipla";"Reta;Interseção de Vias";"Não";2;0;0;1;1;0;1;2;-26,252213;-48,907383;"SPRF-SC";"DEL03-SC";"UOP01-DEL03-SC"
754131;2026-02-23;"segunda-feira";"07:40:00";"SC";280;51,1;"GUARAMIRIM";"Acessar a via sem observar a presença dos outros veículos";"Colisão transversal";"Com Vítimas Feridas";"Pleno dia";"Crescente";"Nublado";"Dupla";"Curva";"Não";2;0;1;0;1;0;1;2;-26,463498;-48,951985;"SPRF-SC";"DEL03-SC";"UOP03-DEL03-SC"
754132;2026-02-22;"domingo";"20:10:00";"SP";116;351;"MIRACATU";"Acumulo de água sobre o pavimento";"Eventos atípicos";"Sem Vítimas";"Plena Noite";"Decrescente";"Chuva";"Simples";"Curva;Retorno Regulamentado;Declive";"Não";4;0;0;0;2;2;0;2;-24,06265853;-47,23067367;"SPRF-SP";"DEL04-SP";"UOP03-DEL04-SP"
754134;2026-02-23;"segunda-feira";"08:30:00";"PR";369;209;"APUCARANA";"Manobra de mudança de faixa";"Colisão lateral mesmo sentido";"Com Vítimas Feridas";"Pleno dia";"Crescente";"Céu Claro";"Simples";"Curva";"Sim";2;0;0;1;1;0;1;2;-23,56605564;-51,50604293;"SPRF-PR";"DEL07-PR";"UOP03-DEL07-PR"
754135;2026-02-23;"segunda-feira";"03:02:00";"BA";116;597;"IRAJUBA";"Reação tardia ou ineficiente do condutor";"Tombamento";"Com Vítimas Feridas";"Plena Noite";"Crescente";"Chuva";"Simples";"Declive;Curva";"Não";40;0;17;1;22;0;18;1;-13,21999942;-40,02893974;"SPRF-BA";"DEL03-BA";"UOP02-DEL03-BA"
754136;2026-02-23;"segunda-feira";"08:50:00";"SP";116;514;"CAJATI";"Reação tardia ou ineficiente do condutor";"Colisão com objeto";"Com Vítimas Feridas";"Pleno dia";"Decrescente";"Garoa/Chuvisco";"Dupla";"Curva;Declive";"Não";2;0;1;0;1;0;1;1;-24,859;-48,211;"SPRF-SP";"DEL05-SP";"UOP02-DEL05-SP"
754138;2026-02-23;"segunda-feira";"09:50:00";"SP";153;60,4;"SAO JOSE DO RIO PRETO";"Condutor deixou de manter distância do veículo da frente";"Colisão traseira";"Com Vítimas Feridas";"Pleno dia";"Crescente";"Céu Claro";"Dupla";"Declive;Reta";"Sim";2;0;1;0;1;0;1;2;-20,80021034;-49,35540318;"SPRF-SP";"DEL09-SP";"UOP01-DEL09-SP"
754141;2026-02-23;"segunda-feira";"08:05:00";"MG";40;515,4;"RIBEIRAO DAS NEVES";"Trafegar com motocicleta (ou similar) entre as faixas";"Colisão traseira";"Sem Vítimas";"Pleno dia";"Crescente";"Garoa/Chuvisco";"Dupla";"Aclive;Reta";"Sim";2;0;0;0;2;0;0;2;-19,8099359;-44,0920202;"SPRF-MG";"DEL01-MG";"UOP02-DEL01-MG"
754142;2026-02-23;"segunda-feira";"09:25:00";"DF";20;15;"BRASILIA";"Velocidade Incompatível";"Saída de leito carroçável";"Com Vítimas Feridas";"Pleno dia";"Crescente";"Nublado";"Dupla";"Reta;Declive;Em Obras";"Sim";1;0;1;0;0;0;1;1;-15,628905;-47,730185;"SPRF-DF";"DEL02-DF";"UOP01-DEL02-DF"
754143;2026-02-23;"segunda-feira";"09:00:00";"RJ";101;520;"PARATY";"Conversão proibida";"Colisão transversal";"Com Vítimas Feridas";"Pleno dia";"Crescente";"Céu Claro";"Simples";"Curva";"Não";2;0;1;0;1;0;1;2;-23,03077111;-44,54613547;"SPRF-RJ";"DEL03-RJ";"UOP03-DEL03-RJ"
754144;2026-02-23;"segunda-feira";"09:50:00";"SC";101;116,4;"ITAJAI";"Condutor deixou de manter distância do veículo da frente";"Colisão traseira";"Sem Vítimas";"Pleno dia";"Crescente";"Céu Claro";"Múltipla";"Reta";"Sim";2;0;0;0;0;2;0;2;-26,88312349;-48,72440486;"SPRF-SC";"DEL04-SC";"UOP04-DEL04-SC"
754145;2026-02-22;"domingo";"23:20:00";"GO";60;390;"RIO VERDE";"Ausência de reação do condutor";"Saída de leito carroçável";"Sem Vítimas";"Plena Noite";"Crescente";"Ignorado";"Dupla";"Curva";"Não";1;0;0;0;0;1;0;1;-17,826605;-50,979963;"SPRF-GO";"DEL04-GO";"UOP02-DEL04-GO"
754146;2026-02-23;"segunda-feira";"07:45:00";"SC";280;99,5;"SAO BENTO DO SUL";"Pista Escorregadia";"Saída de leito carroçável";"Sem Vítimas";"Pleno dia";"Decrescente";"Nublado";"Simples";"Curva;Declive";"Não";1;0;0;0;0;1;0;1;-26,370813;-49,333712;"SPRF-SC";"DEL06-SC";"UOP03-DEL06-SC"
754147;2026-02-23;"segunda-feira";"07:50:00";"RJ";101;313;"SAO GONCALO";"Condutor deixou de manter distância do veículo da frente";"Colisão lateral mesmo sentido";"Com Vítimas Feridas";"Amanhecer";"Crescente";"Céu Claro";"Dupla";"Reta";"Sim";3;0;2;0;1;0;2;2;-22,79485679;-43,03207397;"SPRF-RJ";"DEL02-RJ";"UOP02-DEL02-RJ"
754148;2026-02-23;"segunda-feira";"10:30:00";"MG";116;415;"GOVERNADOR VALADARES";"Ausência de reação do condutor";"Colisão transversal";"Com Vítimas Feridas";"Pleno dia";"Decrescente";"Céu Claro";"Simples";"Interseção de Vias";"Sim";1;0;1;0;0;0;1;1;-18,89385681;-41,94738865;"SPRF-MG";"DEL06-MG";"UOP01-DEL06-MG"
754149;2026-02-23;"segunda-feira";"11:11:00";"PE";101;65;"RECIFE";"Condutor deixou de manter distância do veículo da frente";"Colisão traseira";"Com Vítimas Feridas";"Pleno dia";"Crescente";"Céu Claro";"Dupla";"Reta";"Sim";2;0;0;1;1;0;1;2;-8,04542;-34,9444;"SPRF-PE";"DEL01-PE";"UOP01-DEL01-PE"
754150;2026-02-23;"segunda-feira";"10:40:00";"RJ";116;130;"MAGE";"Ausência de reação do condutor";"Colisão com objeto";"Com Vítimas Feridas";"Pleno dia";"Decrescente";"Céu Claro";"Múltipla";"Reta";"Sim";1;0;1;0;0;0;1;1;-22,66217531;-43,1166172;"SPRF-RJ";"DEL04-RJ";"UOP02-DEL04-RJ"
754151;2026-02-23;"segunda-feira";"10:00:00";"SC";282;461;"PONTE SERRADA";"Acessar a via sem observar a presença dos outros veículos";"Colisão transversal";"Com Vítimas Feridas";"Pleno dia";"Decrescente";"Céu Claro";"Simples";"Interseção de Vias";"Sim";3;0;2;0;1;0;2;2;-26,8662659;-52,0225875;"SPRF-SC";"DEL07-SC";"UOP04-DEL07-SC"
754153;2026-02-15;"domingo";"09:35:00";"PR";277;6,9;"FOZ DO IGUACU";"Ultrapassagem Indevida";"Colisão transversal";"Com Vítimas Feridas";"Pleno dia";"Crescente";"Nublado";"Simples";"Curva";"Não";5;0;5;0;0;0;5;3;-25,54925976;-54,52888922;"SPRF-PR";"DEL05-PR";"UOP04-DEL05-PR"
754155;2026-02-23;"segunda-feira";"10:50:00";"SC";101;103;"BALNEARIO PICARRAS";"Transitar no Acostamento";"Colisão lateral mesmo sentido";"Com Vítimas Feridas";"Pleno dia";"Crescente";"Sol";"Dupla";"Declive;Reta";"Não";2;0;1;0;1;0;1;2;-26,78421957;-48,68291823;"SPRF-SC";"DEL03-SC";"UOP02-DEL03-SC"
754156;2026-02-23;"segunda-feira";"11:20:00";"ES";101;297;"CARIACICA";"Avarias e/ou desgaste excessivo no pneu";"Tombamento";"Com Vítimas Feridas";"Pleno dia";"Decrescente";"Sol";"Múltipla";"Reta;Viaduto";"Sim";1;0;1;0;0;0;1;1;-20,34652724;-40,41075882;"SPRF-ES";"DEL01-ES";"UOP01-DEL01-ES"
754157;2026-02-23;"segunda-feira";"07:46:00";"RO";435;119,7;"CEREJEIRAS";"Ausência de reação do condutor";"Queda de ocupante de veículo";"Com Vítimas Feridas";"Pleno dia";"Crescente";"Céu Claro";"Simples";"Reta;Aclive";"Não";1;0;0;1;0;0;1;1;-13,18562924;-60,78321022;"SPRF-RO";"DEL04-RO";"UOP02-DEL04-RO"
754158;2026-02-23;"segunda-feira";"11:30:00";"GO";60;56;"ABADIANIA";"Acumulo de água sobre o pavimento";"Saída de leito carroçável";"Com Vítimas Feridas";"Pleno dia";"Crescente";"Chuva";"Dupla";"Reta";"Não";1;0;1;0;0;0;1;1;-16,187872;-48,66583;"SPRF-GO";"DEL02-GO";"UOP01-DEL02-GO"
754160;2026-02-23;"segunda-feira";"10:15:00";"BA";235;249;"JUAZEIRO";"Desrespeitar a preferência no cruzamento";"Colisão transversal";"Com Vítimas Feridas";"Pleno dia";"Crescente";"Céu Claro";"Simples";"Reta;Interseção de Vias";"Sim";2;0;1;0;1;0;1;2;-9,4432071;-40,4917497;"SPRF-BA";"DEL07-BA";"UOP03-DEL07-BA"
754161;2026-02-23;"segunda-feira";"09:30:00";"PI";135;356,7;"BOM JESUS";"Acesso irregular";"Colisão transversal";"Com Vítimas Feridas";"Pleno dia";"Decrescente";"Céu Claro";"Simples";"Reta";"Não";3;0;1;0;2;0;1;2;-9,109332;-44,370205;"SPRF-PI";"DEL03-PI";"UOP02-DEL03-PI"
754162;2026-02-23;"segunda-feira";"11:10:00";"MG";262;95;"ABRE CAMPO";"Acessar a via sem observar a presença dos outros veículos";"Colisão transversal";"Com Vítimas Feridas";"Pleno dia";"Decrescente";"Céu Claro";"Simples";"Reta;Retorno Regulamentado";"Sim";2;0;1;0;1;0;1;2;-20,295465;-42,480467;"SPRF-MG";"DEL03-MG";"UOP03-DEL03-MG"
754164;2026-02-23;"segunda-feira";"11:00:00";"GO";60;34,5;"ALEXANIA";"Reação tardia ou ineficiente do condutor";"Saída de leito carroçável";"Com Vítimas Fatais";"Pleno dia";"Decrescente";"Chuva";"Dupla";"Curva;Aclive";"Não";1;1;0;0;0;0;0;1;-16,098708;-48,522195;"SPRF-DF";"DEL03-DF";"UOP01-DEL03-DF"
754167;2026-02-23;"segunda-feira";"12:32:00";"TO";153;211;"NOVA OLINDA";"Reação tardia ou ineficiente do condutor";"Saída de leito carroçável";"Com Vítimas Feridas";"Pleno dia";"Crescente";"Nublado";"Simples";"Curva";"Não";3;0;1;0;2;0;1;1;-7,788967;-48,464967;"SPRF-TO";"DEL02-TO";"UOP01-DEL02-TO"
754168;2026-02-23;"segunda-feira";"11:00:00";"MG";116;522;"CARATINGA";"Acessar a via sem observar a presença dos outros veículos";"Colisão transversal";"Com Vítimas Feridas";"Pleno dia";"Decrescente";"Céu Claro";"Simples";"Reta;Interseção de Vias";"Sim";2;0;1;0;1;0;1;2;-19,746055;-42,132703;"SPRF-MG";"DEL06-MG";"UOP02-DEL06-MG"
754169;2026-02-23;"segunda-feira";"12:13:00";"RJ";116;183;"NOVA IGUACU";"Manobra de mudança de faixa";"Colisão lateral mesmo sentido";"Com Vítimas Feridas";"Pleno dia";"Crescente";"Nublado";"Dupla";"Reta";"Não";2;0;1;0;1;0;1;2;-22,75514711;-43,43319766;"SPRF-RJ";"DEL06-RJ";"UOP01-DEL06-RJ"
754170;2026-02-23;"segunda-feira";"12:10:00";"RJ";101;506;"ANGRA DOS REIS";"Reação tardia ou ineficiente do condutor";"Colisão lateral mesmo sentido";"Sem Vítimas";"Pleno dia";"Crescente";"Nublado";"Simples";"Reta";"Sim";2;0;0;0;2;0;0;2;-22,93608445;-44,40130807;"SPRF-RJ";"DEL03-RJ";"UOP03-DEL03-RJ"
754171;2026-02-23;"segunda-feira";"12:20:00";"PE";116;26;"SALGUEIRO";"Desrespeitar a preferência no cruzamento";"Colisão transversal";"Com Vítimas Feridas";"Pleno dia";"Decrescente";"Céu Claro";"Simples";"Interseção de Vias;Reta";"Sim";3;0;2;0;1;0;2;2;-8,071125;-39,133755;"SPRF-PE";"DEL05-PE";"UOP01-DEL05-PE"
754172;2026-02-23;"segunda-feira";"11:30:00";"RJ";40;74;"PETROPOLIS";"Pedestre cruzava a pista fora da faixa";"Atropelamento de Pedestre";"Com Vítimas Feridas";"Pleno dia";"Decrescente";"Nublado";"Simples";"Curva";"Não";2;0;1;0;1;0;1;2;-22,5284295;-43,2228178;"SPRF-RJ";"DEL01-RJ";"UOP01-DEL01-RJ"
754174;2026-02-23;"segunda-feira";"06:10:00";"RJ";116;118;"MAGE";"Reação tardia ou ineficiente do condutor";"Colisão traseira";"Sem Vítimas";"Pleno dia";"Crescente";"Céu Claro";"Dupla";"Reta";"Não";3;0;0;0;1;2;0;2;-22,60199994;-43,02509721;"SPRF-RJ";"DEL04-RJ";"UOP02-DEL04-RJ"
754175;2026-02-23;"segunda-feira";"12:15:00";"RS";158;306;"ITAARA";"Afundamento ou ondulação no pavimento";"Queda de ocupante de veículo";"Com Vítimas Feridas";"Pleno dia";"Decrescente";"Céu Claro";"Simples";"Reta";"Não";1;0;1;0;0;0;1;1;-29,58399515;-53,76637872;"SPRF-RS";"DEL09-RS";"UOP01-DEL09-RS"
754176;2026-02-23;"segunda-feira";"13:00:00";"ES";101;41,2;"CONCEICAO DA BARRA";"Avarias e/ou desgaste excessivo no pneu";"Tombamento";"Com Vítimas Feridas";"Pleno dia";"Crescente";"Nublado";"Simples";"Reta";"Não";2;0;2;0;0;0;2;1;-18,50451716;-39,91785765;"SPRF-ES";"DEL04-ES";"UOP02-DEL04-ES"
754177;2026-02-17;"terça-feira";"16:30:00";"RJ";101;206;"CASIMIRO DE ABREU";"Conversão proibida";"Colisão lateral sentido oposto";"Sem Vítimas";"Pleno dia";"Crescente";"Sol";"Simples";"Reta";"Sim";3;0;0;0;3;0;0;2;-22,47610306;-42,19657509;"SPRF-RJ";"DEL08-RJ";"UOP04-DEL08-RJ"
754181;2026-02-23;"segunda-feira";"13:00:00";"BA";116;513,7;"FEIRA DE SANTANA";"Área urbana sem a presença de local apropriado para a travessia de pedestres";"Atropelamento de Pedestre";"Com Vítimas Feridas";"Pleno dia";"Decrescente";"Céu Claro";"Simples";"Reta";"Sim";3;0;2;1;0;0;3;2;-12,23122098;-38,95984232;"SPRF-BA";"DEL02-BA";"UOP01-DEL02-BA"
754182;2026-02-20;"sexta-feira";"01:50:00";"RJ";116;181;"RIO DE JANEIRO";"Manobra de mudança de faixa";"Queda de ocupante de veículo";"Com Vítimas Feridas";"Plena Noite";"Decrescente";"Chuva";"Dupla";"Reta";"Não";2;0;2;0;0;0;2;1;-22,80484584;-43,34526684;"SPRF-RJ";"DEL06-RJ";"UOP01-DEL06-RJ"
754183;2026-02-23;"segunda-feira";"13:10:00";"GO";414;425;"ABADIANIA";"Reação tardia ou ineficiente do condutor";"Tombamento";"Com Vítimas Feridas";"Pleno dia";"Decrescente";"Chuva";"Simples";"Declive";"Não";1;0;1;0;0;0;1;1;-16,165215;-48,89407;"SPRF-GO";"DEL02-GO";"UOP01-DEL02-GO"
754185;2026-02-23;"segunda-feira";"13:30:00";"PB";230;332;"PATOS";"Acessar a via sem observar a presença dos outros veículos";"Colisão transversal";"Com Vítimas Feridas";"Pleno dia";"Decrescente";"Céu Claro";"Simples";"Reta";"Sim";2;0;1;0;1;0;1;2;-7,014582;-37,2624;"SPRF-PB";"DEL03-PB";"UOP01-DEL03-PB"
754187;2026-01-14;"quarta-feira";"15:00:00";"MA";135;4;"SAO LUIS";"Ausência de reação do condutor";"Colisão transversal";"Com Vítimas Feridas";"Pleno dia";"Crescente";"Céu Claro";"Dupla";"Retorno Regulamentado;Reta";"Sim";2;0;0;1;1;0;1;2;-2,61686;-44,25461;"SPRF-MA";"DEL01-MA";"UOP01-DEL01-MA"
754188;2026-02-23;"segunda-feira";"13:50:00";"MG";381;510;"SAO JOAQUIM DE BICAS";"Avarias e/ou desgaste excessivo no pneu";"Tombamento";"Com Vítimas Feridas";"Pleno dia";"Decrescente";"Céu Claro";"Dupla";"Reta";"Sim";1;0;1;0;0;0;1;1;-20,051476;-44,280544;"SPRF-MG";"DEL01-MG";"UOP03-DEL01-MG"
754189;2026-02-23;"segunda-feira";"13:30:00";"CE";20;292,7;"CANINDE";"Condutor Dormindo";"Saída de leito carroçável";"Com Vítimas Feridas";"Pleno dia";"Decrescente";"Chuva";"Simples";"Curva";"Não";2;0;2;0;0;0;2;1;-4,471738;-39,355183;"SPRF-CE";"DEL02-CE";"UOP01-DEL02-CE"
754191;2026-02-23;"segunda-feira";"13:50:00";"PE";101;50;"ABREU E LIMA";"Reação tardia ou ineficiente do condutor";"Colisão transversal";"Com Vítimas Feridas";"Pleno dia";"Decrescente";"Céu Claro";"Simples";"Interseção de Vias;Retorno Regulamentado";"Sim";3;0;2;0;1;0;2;2;-7,914834;-34,898555;"SPRF-PE";"DEL01-PE";"UOP02-DEL01-PE"
754192;2026-02-07;"sábado";"21:10:00";"SC";282;532,7;"CORDILHEIRA ALTA";"Ingestão de álcool pelo condutor";"Colisão lateral sentido oposto";"Com Vítimas Feridas";"Plena Noite";"Crescente";"Nublado";"Simples";"Reta;Declive";"Não";11;0;2;5;4;0;7;4;-26,995733;-52,623628;"SPRF-SC";"DEL07-SC";"UOP01-DEL07-SC"
754196;2026-02-23;"segunda-feira";"04:15:00";"PE";232;406,1;"SERRA TALHADA";"Animais na Pista";"Atropelamento de Animal";"Sem Vítimas";"Plena Noite";"Decrescente";"Céu Claro";"Simples";"Reta;Declive";"Não";1;0;0;0;1;0;0;1;-7,986827;-38,262544;"SPRF-PE";"DEL04-PE";"UOP01-DEL04-PE"
754197;2026-02-23;"segunda-feira";"08:30:00";"RJ";393;285;"VOLTA REDONDA";"Pedestre cruzava a pista fora da faixa";"Atropelamento de Pedestre";"Com Vítimas Feridas";"Pleno dia";"Decrescente";"Céu Claro";"Simples";"Reta";"Sim";2;0;0;1;1;0;1;2;-22,50659892;-44,07759973;"SPRF-RJ";"DEL05-RJ";"UOP04-DEL05-RJ"
754198;2026-02-23;"segunda-feira";"13:20:00";"GO";80;149;"SANTA RITA DO NOVO DESTINO";"Velocidade Incompatível";"Tombamento";"Com Vítimas Feridas";"Pleno dia";"Crescente";"Chuva";"Simples";"Curva;Aclive";"Não";2;0;2;0;0;0;2;1;-14,866698;-49,014923;"SPRF-GO";"DEL07-GO";"UOP02-DEL07-GO"
754200;2026-02-23;"segunda-feira";"12:45:00";"SP";116;470;"JACUPIRANGA";"Chuva";"Saída de leito carroçável";"Com Vítimas Feridas";"Pleno dia";"Crescente";"Chuva";"Dupla";"Reta";"Sim";1;0;1;0;0;0;1;1;-24,65536406;-47,96390533;"SPRF-SP";"DEL05-SP";"UOP01-DEL05-SP"
754201;2026-02-23;"segunda-feira";"13:40:00";"PR";116;92;"SAO JOSE DOS PINHAIS";"Manobra de mudança de faixa";"Saída de leito carroçável";"Sem Vítimas";"Pleno dia";"Crescente";"Céu Claro";"Dupla";"Reta";"Não";1;0;0;0;1;0;0;1;-25,51473153;-49,13062468;"SPRF-PR";"DEL01-PR";"UOP07-DEL01-PR"
754202;2026-02-23;"segunda-feira";"14:20:00";"MG";116;269,9;"TEOFILO OTONI";"Retorno proibido";"Colisão transversal";"Com Vítimas Feridas";"Pleno dia";"Crescente";"Chuva";"Simples";"Reta";"Não";3;0;0;1;2;0;1;2;-17,80257;-41,497308;"SPRF-MG";"DEL11-MG";"UOP01-DEL11-MG"
754205;2026-02-23;"segunda-feira";"13:00:00";"MG";116;589,9;"MANHUACU";"Pista Escorregadia";"Tombamento";"Com Vítimas Feridas";"Pleno dia";"Crescente";"Chuva";"Simples";"Reta";"Não";2;0;2;0;0;0;2;1;-20,260613;-42,142995;"SPRF-MG";"DEL06-MG";"UOP03-DEL06-MG"
754208;2026-02-11;"quarta-feira";"06:35:00";"PB";101;91;"JOAO PESSOA";"Reação tardia ou ineficiente do condutor";"Colisão traseira";"Com Vítimas Feridas";"Pleno dia";"Decrescente";"Nublado";"Dupla";"Reta";"Sim";2;0;0;1;1;0;1;2;-7,1904073;-34,9056892;"SPRF-PB";"DEL01-PB";"UOP01-DEL01-PB"
754209;2026-02-07;"sábado";"23:40:00";"MG";381;512;"IGARAPE";"Pista esburacada";"Tombamento";"Com Vítimas Feridas";"Plena Noite";"Decrescente";"Ignorado";"Múltipla";"Reta";"Sim";2;0;2;0;0;0;2;1;-20,07237806;-44,2999649;"SPRF-MG";"DEL01-MG";"UOP03-DEL01-MG"
754210;2026-02-23;"segunda-feira";"11:40:00";"SC";282;83,4;"ALFREDO WAGNER";"Transitar na contramão";"Colisão frontal";"Com Vítimas Feridas";"Pleno dia";"Crescente";"Céu Claro";"Simples";"Declive;Reta";"Não";3;0;0;1;2;0;1;2;-27,66771;-49,17762;"SPRF-SC";"DEL01-SC";"UOP03-DEL01-SC"
754213;2026-02-23;"segunda-feira";"15:00:00";"MG";116;693,2;"MURIAE";"Chuva";"Tombamento";"Com Vítimas Feridas";"Pleno dia";"Crescente";"Chuva";"Simples";"Reta;Aclive";"Não";2;0;2;0;0;0;2;1;-21,01208617;-42,35916138;"SPRF-MG";"DEL07-MG";"UOP02-DEL07-MG"
754214;2026-02-19;"quinta-feira";"08:20:00";"BA";116;430;"FEIRA DE SANTANA";"Condutor deixou de manter distância do veículo da frente";"Colisão traseira";"Sem Vítimas";"Pleno dia";"Decrescente";"Céu Claro";"Dupla";"Reta";"Não";3;0;0;0;3;0;0;2;-12,28840014;-39,01061765;"SPRF-BA";"DEL02-BA";"UOP01-DEL02-BA"
754215;2026-02-23;"segunda-feira";"15:00:00";"RJ";40;122;"DUQUE DE CAXIAS";"Condutor deixou de manter distância do veículo da frente";"Colisão traseira";"Com Vítimas Feridas";"Pleno dia";"Decrescente";"Chuva";"Dupla";"Reta";"Sim";2;0;1;0;1;0;1;2;-22,79200818;-43,28647614;"SPRF-RJ";"DEL01-RJ";"UOP02-DEL01-RJ"
754216;2026-02-19;"quinta-feira";"14:17:00";"PR";163;350;"GUAIRA";"Afundamento ou ondulação no pavimento";"Tombamento";"Com Vítimas Feridas";"Pleno dia";"Decrescente";"Céu Claro";"Dupla";"Em Obras;Curva";"Sim";1;0;1;0;0;0;1;1;-24,07502567;-54,24251525;"SPRF-PR";"DEL06-PR";"UOP01-DEL06-PR"