"id";"data_inversa";"dia_semana";"horario";"uf";"br";"km";"municipio";"causa_acidente";"tipo_acidente";"classificacao_acidente";"fase_dia";"sentido_via";"condicao_metereologica";"tipo_pista";"tracado_via";"uso_solo";"pessoas";"mortos";"feridos_leves";"feridos_graves";"ilesos";"ignorados";"feridos";"veiculos";"latitude";"longitude";"regional";"delegacia";"uop"
754337;2026-02-23;"segunda-feira";"18:45:00";"RO";364;340,3;"JI-PARANA";"Condutor desrespeitou a iluminação vermelha do semáforo";"Colisão transversal";"Com Vítimas Feridas";"Plena Noite";"Decrescente";"Céu Claro";"Simples";"Reta";"Sim";2;0;1;0;0;1;1;2;-10,892655;-61,930853;"SPRF-RO";"DEL02-RO";"UOP01-DEL02-RO"
754341;2026-02-24;"terça-feira";"07:50:00";"PE";232;251;"ARCOVERDE";"Acessar a via sem observar a presença dos outros veículos";"Colisão lateral mesmo sentido";"Sem Vítimas";"Pleno dia";"Crescente";"Céu Claro";"Dupla";"Interseção de Vias";"Sim";2;0;0;0;2;0;0;2;-8,431052;-37,064093;"SPRF-PE";"DEL04-PE";"UOP02-DEL04-PE"
754343;2026-02-24;"terça-feira";"08:30:00";"SC";101;209;"SAO JOSE";"Manobra de mudança de faixa";"Colisão lateral mesmo sentido";"Com Vítimas Feridas";"Pleno dia";"Decrescente";"Chuva";"Múltipla";"Reta";"Sim";3;0;1;0;1;1;1;2;-27,61208727;-48,64046272;"SPRF-SC";"DEL01-SC";"UOP01-DEL01-SC"
754344;2026-02-24;"terça-feira";"07:10:00";"RO";364;708;"PORTO VELHO";"Ausência de reação do condutor";"Colisão lateral mesmo sentido";"Com Vítimas Feridas";"Pleno dia";"Crescente";"Nublado";"Dupla";"Retorno Regulamentado;Reta";"Não";2;0;1;0;1;0;1;2;-8,79444084;-63,84272969;"SPRF-RO";"DEL01-RO";"UOP01-DEL01-RO"
754345;2026-02-24;"terça-feira";"08:35:00";"SC";282;4,8;"SAO JOSE";"Reação tardia ou ineficiente do condutor";"Queda de ocupante de veículo";"Com Vítimas Feridas";"Pleno dia";"Crescente";"Garoa/Chuvisco";"Múltipla";"Aclive;Reta";"Sim";1;0;0;1;0;0;1;1;-27,589068;-48,611117;"SPRF-SC";"DEL01-SC";"UOP01-DEL01-SC"
754346;2026-02-24;"terça-feira";"08:00:00";"PR";376;5;"APUCARANA";"Conversão proibida";"Colisão lateral sentido oposto";"Com Vítimas Feridas";"Pleno dia";"Crescente";"Céu Claro";"Simples";"Aclive";"Sim";3;0;2;0;0;1;2;3;-23,550465;-51,449376;"SPRF-PR";"DEL07-PR";"UOP03-DEL07-PR"
754347;2026-02-24;"terça-feira";"08:10:00";"MG";381;481;"CONTAGEM";"Trafegar com motocicleta (ou similar) entre as faixas";"Colisão lateral mesmo sentido";"Sem Vítimas";"Pleno dia";"Decrescente";"Chuva";"Múltipla";"Reta";"Não";2;0;0;0;2;0;0;2;-19,95950236;-44,05388415;"SPRF-MG";"DEL01-MG";"UOP03-DEL01-MG"
754348;2026-02-24;"terça-feira";"07:35:00";"SC";101;109;"PENHA";"Trafegar com motocicleta (ou similar) entre as faixas";"Colisão lateral mesmo sentido";"Com Vítimas Feridas";"Pleno dia";"Crescente";"Chuva";"Dupla";"Reta";"Sim";2;0;1;0;1;0;1;2;-26,83489798;-48,70680984;"SPRF-SC";"DEL03-SC";"UOP02-DEL03-SC"
754349;2026-02-24;"terça-feira";"08:05:00";"AL";101;24,6;"MATRIZ DE CAMARAGIBE";"Reação tardia ou ineficiente do condutor";"Colisão traseira";"Com Vítimas Feridas";"Pleno dia";"Crescente";"Céu Claro";"Simples";"Reta";"Não";2;0;1;0;1;0;1;2;-9,03842333;-35,69049167;"SPRF-AL";"DEL01-AL";"UOP02-DEL01-AL"
754352;2026-02-24;"terça-feira";"07:45:00";"MG";365;465,6;"PATROCINIO";"Ausência de reação do condutor";"Colisão lateral mesmo sentido";"Sem Vítimas";"Pleno dia";"Decrescente";"Chuva";"Simples";"Reta";"Não";2;0;0;0;2;0;0;2;-18,89305;-46,94102;"SPRF-MG";"DEL10-MG";"UOP01-DEL10-MG"
754355;2026-02-24;"terça-feira";"06:50:00";"GO";153;518;"HIDROLANDIA";"Acumulo de óleo sobre o pavimento";"Saída de leito carroçável";"Sem Vítimas";"Pleno dia";"Crescente";"Chuva";"Dupla";"Declive;Reta";"Não";3;0;0;0;3;0;0;3;-16,87542457;-49,2522709;"SPRF-GO";"DEL01-GO";"UOP03-DEL01-GO"
754356;2026-02-20;"sexta-feira";"19:59:00";"GO";60;121;"TEREZOPOLIS DE GOIAS";"Entrada inopinada do pedestre";"Atropelamento de Pedestre";"Com Vítimas Feridas";"Plena Noite";"Crescente";"Céu Claro";"Dupla";"Reta";"Não";2;0;0;1;1;0;1;2;-16,505855;-49,114785;"SPRF-GO";"DEL01-GO";"UOP01-DEL01-GO"
754363;2026-02-24;"terça-feira";"08:00:00";"PR";476;228;"LAPA";"Acessar a via sem observar a presença dos outros veículos";"Colisão transversal";"Com Vítimas Feridas";"Pleno dia";"Crescente";"Céu Claro";"Simples";"Reta";"Não";4;0;3;0;1;0;3;2;-25,86572873;-49,97452609;"SPRF-PR";"DEL02-PR";"UOP03-DEL02-PR"
754365;2026-02-24;"terça-feira";"09:53:00";"DF";70;13;"BRASILIA";"Ausência de reação do condutor";"Saída de leito carroçável";"Com Vítimas Feridas";"Pleno dia";"Crescente";"Céu Claro";"Dupla";"Rotatória";"Sim";3;0;1;0;2;0;1;2;-15,795977;-48,172683;"SPRF-DF";"DEL03-DF";"UOP02-DEL03-DF"
754366;2026-02-24;"terça-feira";"10:40:00";"MG";267;137,2;"LIMA DUARTE";"Ultrapassagem Indevida";"Saída de leito carroçável";"Com Vítimas Feridas";"Pleno dia";"Decrescente";"Nublado";"Simples";"Curva";"Não";4;0;0;4;0;0;4;1;-21,79;-43,671;"SPRF-MG";"DEL05-MG";"UOP01-DEL05-MG"
754367;2026-02-20;"sexta-feira";"09:40:00";"RJ";40;118;"DUQUE DE CAXIAS";"Trafegar com motocicleta (ou similar) entre as faixas";"Queda de ocupante de veículo";"Com Vítimas Feridas";"Pleno dia";"Decrescente";"Céu Claro";"Múltipla";"Reta";"Sim";1;0;1;0;0;0;1;1;-22,75354716;-43,28728509;"SPRF-RJ";"DEL01-RJ";"UOP02-DEL01-RJ"
754368;2026-02-22;"domingo";"10:00:00";"SP";101;43,9;"UBATUBA";"Reação tardia ou ineficiente do condutor";"Colisão traseira";"Com Vítimas Feridas";"Pleno dia";"Decrescente";"Nublado";"Simples";"Reta";"Não";2;0;1;0;1;0;1;2;-23,38719553;-44,979734;"SPRF-SP";"DEL06-SP";"UOP01-DEL06-SP"
754370;2026-01-10;"sábado";"18:20:00";"SE";235;10,6;"NOSSA SENHORA DO SOCORRO";"Ingestão de álcool pelo condutor";"Colisão frontal";"Com Vítimas Fatais";"Plena Noite";"Crescente";"Céu Claro";"Simples";"Reta;Aclive";"Não";3;1;0;2;0;0;2;2;-10,87854;-37,152912;"SPRF-SE";"DEL01-SE";"UOP01-DEL01-SE"
754371;2026-02-24;"terça-feira";"10:40:00";"BA";324;623;"SALVADOR";"Condutor deixou de manter distância do veículo da frente";"Colisão traseira";"Com Vítimas Feridas";"Plena Noite";"Crescente";"Nublado";"Múltipla";"Reta";"Sim";3;0;1;0;2;0;1;2;-12,944381;-38,470371;"SPRF-BA";"DEL01-BA";"UOP01-DEL01-BA"
754372;2026-02-24;"terça-feira";"09:47:00";"MS";163;23;"MUNDO NOVO";"Desrespeitar a preferência no cruzamento";"Colisão transversal";"Com Vítimas Feridas";"Pleno dia";"Decrescente";"Céu Claro";"Simples";"Reta";"Não";3;0;1;0;2;0;1;2;-23,904651;-54,300967;"SPRF-MS";"DEL09-MS";"UOP02-DEL09-MS"
754373;2026-02-24;"terça-feira";"10:45:00";"PE";101;63;"RECIFE";"Manobra de mudança de faixa";"Colisão lateral mesmo sentido";"Com Vítimas Feridas";"Pleno dia";"Crescente";"Nublado";"Múltipla";"Reta";"Sim";2;0;1;0;1;0;1;2;-8,01424407;-34,9393007;"SPRF-PE";"DEL01-PE";"UOP01-DEL01-PE"
754374;2026-02-24;"terça-feira";"11:10:00";"DF";70;3;"BRASILIA";"Pedestre andava na pista";"Atropelamento de Pedestre";"Com Vítimas Feridas";"Pleno dia";"Crescente";"Garoa/Chuvisco";"Dupla";"Reta";"Não";2;0;1;0;1;0;1;2;-15,80232912;-48,08399816;"SPRF-DF";"DEL03-DF";"UOP02-DEL03-DF"
754378;2026-02-24;"terça-feira";"11:45:00";"SP";116;116,3;"TAUBATE";"Reação tardia ou ineficiente do condutor";"Colisão traseira";"Com Vítimas Feridas";"Pleno dia";"Crescente";"Nublado";"Dupla";"Reta";"Sim";2;0;1;0;1;0;1;2;-23,05514611;-45,61176777;"SPRF-SP";"DEL02-SP";"UOP02-DEL02-SP"
754380;2026-02-24;"terça-feira";"11:10:00";"RJ";101;482;"ANGRA DOS REIS";"Reação tardia ou ineficiente do condutor";"Atropelamento de Pedestre";"Com Vítimas Feridas";"Pleno dia";"Crescente";"Nublado";"Simples";"Curva";"Sim";2;0;1;0;1;0;1;2;-23,000902;-44,297965;"SPRF-RJ";"DEL03-RJ";"UOP03-DEL03-RJ"
754381;2026-02-24;"terça-feira";"11:50:00";"SP";116;220;"GUARULHOS";"Trafegar com motocicleta (ou similar) entre as faixas";"Tombamento";"Com Vítimas Feridas";"Pleno dia";"Decrescente";"Chuva";"Múltipla";"Reta";"Sim";1;0;1;0;0;0;1;1;-23,46423843;-46,49666953;"SPRF-SP";"DEL01-SP";"UOP01-DEL01-SP"
754384;2026-02-24;"terça-feira";"12:05:00";"BA";101;897;"CARAVELAS";"Acostamento em desnível";"Capotamento";"Com Vítimas Feridas";"Pleno dia";"Crescente";"Sol";"Simples";"Reta";"Não";2;0;1;1;0;0;2;1;-17,71211548;-39,76818657;"SPRF-BA";"DEL09-BA";"UOP02-DEL09-BA"
754385;2026-02-24;"terça-feira";"12:50:00";"SC";101;203;"SAO JOSE";"Condutor deixou de manter distância do veículo da frente";"Colisão traseira";"Com Vítimas Feridas";"Pleno dia";"Crescente";"Céu Claro";"Múltipla";"Reta";"Sim";3;0;2;0;1;0;2;2;-27,57252109;-48,6138951;"SPRF-SC";"DEL01-SC";"UOP01-DEL01-SC"
754386;2026-02-20;"sexta-feira";"07:48:00";"PR";369;146;"LONDRINA";"Acessar a via sem observar a presença dos outros veículos";"Colisão lateral mesmo sentido";"Com Vítimas Feridas";"Amanhecer";"Crescente";"Céu Claro";"Dupla";"Aclive;Reta";"Sim";2;0;1;0;0;1;1;2;-23,29313795;-51,12089602;"SPRF-PR";"DEL07-PR";"UOP01-DEL07-PR"
754387;2026-02-24;"terça-feira";"11:20:00";"PR";277;160;"PORTO AMAZONAS";"Reação tardia ou ineficiente do condutor";"Colisão traseira";"Sem Vítimas";"Pleno dia";"Decrescente";"Nublado";"Simples";"Reta";"Não";3;0;0;0;3;0;0;2;-25,468232;-49,904322;"SPRF-PR";"DEL03-PR";"UOP03-DEL03-PR"
754389;2026-02-24;"terça-feira";"11:50:00";"PB";230;11,8;"CABEDELO";"Ausência de reação do condutor";"Colisão traseira";"Com Vítimas Feridas";"Pleno dia";"Crescente";"Céu Claro";"Simples";"Reta";"Sim";2;0;1;0;1;0;1;2;-7,070285;-34,849899;"SPRF-PB";"DEL01-PB";"UOP01-DEL01-PB"
754390;2026-02-08;"domingo";"16:15:00";"RS";116;234;"NOVO HAMBURGO";"Ingestão de álcool pelo condutor";"Colisão traseira";"Sem Vítimas";"Pleno dia";"Crescente";"Céu Claro";"Dupla";"Reta";"Sim";5;0;0;0;5;0;0;3;-29,64587868;-51,14353282;"SPRF-RS";"DEL01-RS";"UOP02-DEL01-RS"
754391;2026-02-24;"terça-feira";"12:28:00";"PA";316;56;"CASTANHAL";"Acessar a via sem observar a presença dos outros veículos";"Colisão transversal";"Com Vítimas Feridas";"Pleno dia";"Decrescente";"Céu Claro";"Dupla";"Reta;Aclive";"Não";4;0;2;0;2;0;2;2;-1,30247;-47,988233;"SPRF-PA";"DEL01-PA";"UOP01-DEL01-PA"
754392;2026-02-24;"terça-feira";"09:30:00";"BA";101;264;"SANTO ANTONIO DE JESUS";"Ausência de reação do condutor";"Colisão com objeto";"Sem Vítimas";"Pleno dia";"Decrescente";"Nublado";"Simples";"Interseção de Vias;Rotatória";"Sim";3;0;0;0;1;2;0;3;-12,984692;-39,290602;"SPRF-BA";"DEL11-BA";"UOP01-DEL11-BA"
754393;2026-02-24;"terça-feira";"10:10:00";"RJ";101;321;"NITEROI";"Ausência de reação do condutor";"Colisão lateral mesmo sentido";"Com Vítimas Feridas";"Pleno dia";"Crescente";"Nublado";"Dupla";"Reta";"Sim";2;0;1;0;1;0;1;2;-22,87712415;-43,11035156;"SPRF-RJ";"DEL02-RJ";"UOP01-DEL02-RJ"
754394;2026-02-24;"terça-feira";"13:18:00";"ES";101;297,8;"VIANA";"Reação tardia ou ineficiente do condutor";"Colisão com objeto";"Com Vítimas Feridas";"Pleno dia";"Decrescente";"Nublado";"Dupla";"Reta";"Sim";1;0;0;1;0;0;1;1;-20,35184954;-40,41374445;"SPRF-ES";"DEL01-ES";"UOP01-DEL01-ES"
754397;2026-02-24;"terça-feira";"12:40:00";"RJ";101;532;"ANGRA DOS REIS";"Acessar a via sem observar a presença dos outros veículos";"Colisão transversal";"Com Vítimas Feridas";"Pleno dia";"Decrescente";"Céu Claro";"Simples";"Retorno Regulamentado";"Sim";3;0;2;0;1;0;2;2;-23,01917941;-44,53221051;"SPRF-RJ";"DEL03-RJ";"UOP03-DEL03-RJ"
754398;2026-02-24;"terça-feira";"14:00:00";"RS";293;121;"PINHEIRO MACHADO";"Acumulo de água sobre o pavimento";"Saída de leito carroçável";"Com Vítimas Fatais";"Pleno dia";"Crescente";"Chuva";"Simples";"Declive;Reta";"Não";4;1;3;0;0;0;3;1;-31,518459;-53,520256;"SPRF-RS";"DEL11-RS";"UOP03-DEL11-RS"
754399;2026-02-24;"terça-feira";"10:40:00";"PR";373;281;"PRUDENTOPOLIS";"Frear bruscamente";"Capotamento";"Com Vítimas Feridas";"Pleno dia";"Crescente";"Céu Claro";"Simples";"Reta;Aclive";"Não";4;0;3;0;0;1;3;2;-25,28496077;-51,11841771;"SPRF-PR";"DEL08-PR";"UOP01-DEL08-PR"
754400;2026-02-24;"terça-feira";"10:00:00";"SP";381;87;"SAO PAULO";"Acumulo de areia ou detritos sobre o pavimento";"Queda de ocupante de veículo";"Com Vítimas Feridas";"Pleno dia";"Decrescente";"Céu Claro";"Múltipla";"Reta";"Sim";1;0;0;1;0;0;1;1;-23,46891505;-46,57104492;"SPRF-SP";"DEL03-SP";"UOP01-DEL03-SP"
754401;2026-02-12;"quinta-feira";"18:10:00";"SC";282;645;"SAO MIGUEL DO OESTE";"Acessar a via sem observar a presença dos outros veículos";"Tombamento";"Com Vítimas Feridas";"Plena Noite";"Decrescente";"Céu Claro";"Simples";"Reta";"Sim";4;0;1;0;2;1;1;2;-26,76211634;-53,49940237;"SPRF-SC";"DEL07-SC";"UOP03-DEL07-SC"
754405;2026-02-24;"terça-feira";"14:00:00";"RS";448;9,8;"CANOAS";"Ausência de reação do condutor";"Saída de leito carroçável";"Com Vítimas Feridas";"Pleno dia";"Decrescente";"Chuva";"Dupla";"Reta";"Sim";1;0;1;0;0;0;1;1;-29,88372397;-51,2355423;"SPRF-RS";"DEL01-RS";"UOP01-DEL01-RS"
754406;2026-02-24;"terça-feira";"14:30:00";"RJ";101;264;"RIO BONITO";"Avarias e/ou desgaste excessivo no pneu";"Colisão traseira";"Com Vítimas Feridas";"Pleno dia";"Crescente";"Chuva";"Dupla";"Reta";"Sim";2;0;1;0;1;0;1;2;-22,71849753;-42,63055801;"SPRF-RJ";"DEL02-RJ";"UOP03-DEL02-RJ"
754407;2026-02-24;"terça-feira";"14:20:00";"BA";324;536;"CONCEICAO DO JACUIPE";"Condutor deixou de manter distância do veículo da frente";"Engavetamento";"Com Vítimas Feridas";"Pleno dia";"Decrescente";"Garoa/Chuvisco";"Dupla";"Reta";"Sim";6;0;5;0;0;1;5;3;-12,3665299;-38,81688166;"SPRF-BA";"DEL11-BA";"UOP02-DEL11-BA"
754409;2026-02-24;"terça-feira";"14:30:00";"PR";277;79;"CURITIBA";"Objeto estático sobre o leito carroçável";"Tombamento";"Com Vítimas Feridas";"Pleno dia";"Decrescente";"Céu Claro";"Dupla";"Aclive";"Sim";1;0;1;0;0;0;1;1;-25,47866849;-49,20157783;"SPRF-PR";"DEL01-PR";"UOP07-DEL01-PR"
754410;2026-02-24;"terça-feira";"13:25:00";"MS";163;490;"CAMPO GRANDE";"Reação tardia ou ineficiente do condutor";"Colisão lateral mesmo sentido";"Sem Vítimas";"Pleno dia";"Crescente";"Chuva";"Simples";"Rotatória";"Sim";2;0;0;0;1;1;0;2;-20,3943229;-54,5587173;"SPRF-MS";"DEL01-MS";"UOP02-DEL01-MS"
754411;2026-02-17;"terça-feira";"16:30:00";"GO";364;293;"MINEIROS";"Ausência de reação do condutor";"Queda de ocupante de veículo";"Com Vítimas Feridas";"Pleno dia";"Decrescente";"Céu Claro";"Simples";"Reta";"Não";1;0;0;1;0;0;1;1;-17,586537;-52,495655;"SPRF-GO";"DEL05-GO";"UOP01-DEL05-GO"
754412;2026-02-24;"terça-feira";"13:50:00";"PE";101;86;"JABOATAO DOS GUARARAPES";"Manobra de mudança de faixa";"Colisão lateral mesmo sentido";"Com Vítimas Feridas";"Pleno dia";"Decrescente";"Sol";"Dupla";"Reta";"Não";3;0;1;1;0;1;2;2;-8,187272;-34,972237;"SPRF-PE";"DEL01-PE";"UOP01-DEL01-PE"
754417;2026-02-24;"terça-feira";"14:10:00";"BA";101;816;"ITAMARAJU";"Reação tardia ou ineficiente do condutor";"Tombamento";"Com Vítimas Feridas";"Pleno dia";"Crescente";"Chuva";"Simples";"Curva;Declive";"Não";1;0;0;1;0;0;1;1;-17,08852292;-39,57026334;"SPRF-BA";"DEL09-BA";"UOP01-DEL09-BA"
754421;2026-02-24;"terça-feira";"09:45:00";"RJ";101;388;"RIO DE JANEIRO";"Avarias e/ou desgaste excessivo no pneu";"Queda de ocupante de veículo";"Com Vítimas Feridas";"Pleno dia";"Crescente";"Céu Claro";"Múltipla";"Reta";"Não";2;0;1;0;1;0;1;1;-22,88590167;-43,65117073;"SPRF-RJ";"DEL03-RJ";"UOP01-DEL03-RJ"
754422;2026-02-12;"quinta-feira";"19:20:00";"MS";376;108;"IVINHEMA";"Ingestão de álcool pelo condutor";"Saída de leito carroçável";"Com Vítimas Feridas";"Plena Noite";"Crescente";"Céu Claro";"Simples";"Reta";"Não";1;0;1;0;0;0;1;1;-22,29980994;-53,87069285;"SPRF-MS";"DEL04-MS";"UOP04-DEL04-MS"
754423;2026-02-24;"terça-feira";"12:30:00";"RJ";40;77;"PETROPOLIS";"Curva acentuada";"Colisão com objeto";"Com Vítimas Feridas";"Pleno dia";"Crescente";"Chuva";"Dupla";"Curva;Declive";"Não";2;0;2;0;0;0;2;1;-22,485123;-43,230377;"SPRF-RJ";"DEL01-RJ";"UOP01-DEL01-RJ"
754424;2026-02-24;"terça-feira";"14:00:00";"MS";163;537,6;"BANDEIRANTES";"Condutor usando celular";"Engavetamento";"Com Vítimas Feridas";"Pleno dia";"Decrescente";"Nublado";"Simples";"Desvio Temporário;Em Obras;Reta";"Não";7;0;3;0;4;0;3;4;-20,0101607;-54,3992647;"SPRF-MS";"DEL01-MS";"UOP02-DEL01-MS"
754425;2026-02-24;"terça-feira";"12:40:00";"PI";343;284,3;"CAMPO MAIOR";"Velocidade Incompatível";"Colisão com objeto";"Com Vítimas Fatais";"Pleno dia";"Crescente";"Céu Claro";"Simples";"Reta";"Não";4;1;0;2;1;0;2;3;-4,9304076;-42,29057551;"SPRF-PI";"DEL01-PI";"UOP03-DEL01-PI"
754429;2026-02-24;"terça-feira";"14:20:00";"MG";356;266,7;"MURIAE";"Conversão proibida";"Colisão transversal";"Com Vítimas Feridas";"Pleno dia";"Decrescente";"Céu Claro";"Simples";"Curva";"Sim";2;0;1;0;1;0;1;2;-21,129536;-42,360036;"SPRF-MG";"DEL07-MG";"UOP02-DEL07-MG"
754430;2026-02-24;"terça-feira";"16:00:00";"PR";277;73;"SAO JOSE DOS PINHAIS";"Reação tardia ou ineficiente do condutor";"Colisão lateral mesmo sentido";"Com Vítimas Feridas";"Pleno dia";"Decrescente";"Céu Claro";"Dupla";"Reta;Em Obras";"Não";2;0;1;0;1;0;1;2;-25,49837758;-49,15774282;"SPRF-PR";"DEL01-PR";"UOP07-DEL01-PR"
754431;2026-02-24;"terça-feira";"15:55:00";"BA";324;525;"FEIRA DE SANTANA";"Condutor deixou de manter distância do veículo da frente";"Colisão lateral mesmo sentido";"Com Vítimas Feridas";"Pleno dia";"Decrescente";"Nublado";"Dupla";"Reta";"Não";2;0;1;0;1;0;1;2;-12,310493;-38,8848;"SPRF-BA";"DEL11-BA";"UOP02-DEL11-BA"
754432;2026-02-24;"terça-feira";"16:10:00";"MG";381;435;"SANTA LUZIA";"Acumulo de água sobre o pavimento";"Saída de leito carroçável";"Com Vítimas Feridas";"Pleno dia";"Decrescente";"Chuva";"Simples";"Curva;Aclive";"Não";3;0;1;0;2;0;1;1;-19,8089175;-43,7821655;"SPRF-MG";"DEL01-MG";"UOP01-DEL01-MG"
754433;2026-01-14;"quarta-feira";"17:45:00";"BA";116;801;"VITORIA DA CONQUISTA";"Reação tardia ou ineficiente do condutor";"Queda de ocupante de veículo";"Com Vítimas Feridas";"Anoitecer";"Decrescente";"Céu Claro";"Simples";"Reta";"Não";2;0;1;1;0;0;2;1;-14,75396733;-40,68460464;"SPRF-BA";"DEL08-BA";"UOP02-DEL08-BA"
754434;2026-02-24;"terça-feira";"16:10:00";"DF";20;17;"BRASILIA";"Ausência de reação do condutor";"Queda de ocupante de veículo";"Com Vítimas Feridas";"Pleno dia";"Decrescente";"Chuva";"Dupla";"Retorno Regulamentado";"Não";1;0;0;1;0;0;1;1;-15,61618323;-47,70814983;"SPRF-DF";"DEL02-DF";"UOP01-DEL02-DF"
754436;2026-02-20;"sexta-feira";"20:30:00";"SC";282;136;"BOM RETIRO";"Reação tardia ou ineficiente do condutor";"Colisão transversal";"Com Vítimas Feridas";"Plena Noite";"Decrescente";"Céu Claro";"Simples";"Reta";"Não";3;0;2;0;1;0;2;2;-27,82017;-49,56184;"SPRF-SC";"DEL05-SC";"UOP01-DEL05-SC"
754439;2026-02-24;"terça-feira";"16:58:00";"RN";405;2,3;"MOSSORO";"Reação tardia ou ineficiente do condutor";"Colisão traseira";"Com Vítimas Feridas";"Pleno dia";"Decrescente";"Céu Claro";"Dupla";"Reta";"Sim";3;0;1;1;1;0;2;2;-5,19311442;-37,37335324;"SPRF-RN";"DEL04-RN";"UOP02-DEL04-RN"
754440;2026-02-24;"terça-feira";"15:50:00";"SP";381;73;"SAO PAULO";"Ingestão de álcool pelo condutor";"Colisão com objeto";"Sem Vítimas";"Pleno dia";"Crescente";"Chuva";"Dupla";"Curva";"Sim";1;0;0;0;1;0;0;1;-23,37237818;-46,55627619;"SPRF-SP";"DEL03-SP";"UOP01-DEL03-SP"
754443;2026-02-24;"terça-feira";"17:50:00";"DF";20;15;"BRASILIA";"Reação tardia ou ineficiente do condutor";"Colisão traseira";"Com Vítimas Feridas";"Pleno dia";"Crescente";"Céu Claro";"Dupla";"Reta";"Não";4;0;2;0;1;1;2;3;-15,6274849;-47,72959828;"SPRF-DF";"DEL02-DF";"UOP01-DEL02-DF"
754444;2026-02-24;"terça-feira";"16:50:00";"MA";10;262,2;"IMPERATRIZ";"Acumulo de areia ou detritos sobre o pavimento";"Queda de ocupante de veículo";"Com Vítimas Feridas";"Pleno dia";"Crescente";"Chuva";"Simples";"Reta";"Sim";1;0;1;0;0;0;1;1;-5,45028325;-47,4724817;"SPRF-MA";"DEL04-MA";"UOP01-DEL04-MA"
754445;2026-02-24;"terça-feira";"14:25:00";"RO";364;159,3;"PIMENTA BUENO";"Ultrapassagem Indevida";"Colisão com objeto";"Com Vítimas Feridas";"Pleno dia";"Decrescente";"Sol";"Simples";"Declive;Reta";"Não";1;0;1;0;0;0;1;1;-11,924585;-60,962593;"SPRF-RO";"DEL02-RO";"UOP02-DEL02-RO"
754449;2026-02-24;"terça-feira";"20:30:00";"RJ";101;294;"SAO GONCALO";"Ausência de reação do condutor";"Queda de ocupante de veículo";"Com Vítimas Feridas";"Plena Noite";"Crescente";"Céu Claro";"Simples";"Reta";"Não";2;0;2;0;0;0;2;1;-22,79440566;-43,03056898;"SPRF-RJ";"DEL02-RJ";"UOP02-DEL02-RJ"
754450;2026-01-07;"quarta-feira";"16:05:00";"PA";163;300;"NOVO PROGRESSO";"Ausência de reação do condutor";"Colisão lateral mesmo sentido";"Com Vítimas Feridas";"Pleno dia";"Decrescente";"Céu Claro";"Simples";"Reta";"Não";1;0;1;0;0;0;1;1;-7,1278476;-55,3889677;"SPRF-PA";"DEL05-PA";"UOP03-DEL05-PA"
754451;2026-02-24;"terça-feira";"18:10:00";"BA";101;887;"TEIXEIRA DE FREITAS";"Ausência de reação do condutor";"Queda de ocupante de veículo";"Com Vítimas Feridas";"Plena Noite";"Crescente";"Nublado";"Simples";"Reta";"Não";2;0;2;0;0;0;2;1;-17,619218;-39,76428;"SPRF-BA";"DEL09-BA";"UOP02-DEL09-BA"
754452;2026-02-24;"terça-feira";"18:45:00";"SP";116;230;"SAO PAULO";"Reação tardia ou ineficiente do condutor";"Colisão lateral mesmo sentido";"Com Vítimas Feridas";"Plena Noite";"Crescente";"Céu Claro";"Múltipla";"Reta";"Sim";3;0;2;0;1;0;2;2;-23,52115465;-46,58537865;"SPRF-SP";"DEL01-SP";"UOP01-DEL01-SP"
754454;2026-02-24;"terça-feira";"15:35:00";"SC";101;338,9;"TUBARAO";"Ausência de reação do condutor";"Colisão com objeto";"Com Vítimas Feridas";"Pleno dia";"Decrescente";"Chuva";"Múltipla";"Reta";"Não";1;0;1;0;0;0;1;1;-28,49751852;-49,04476818;"SPRF-SC";"DEL02-SC";"UOP01-DEL02-SC"
754455;2026-02-20;"sexta-feira";"23:02:00";"PA";163;995;"SANTAREM";"Animais na Pista";"Queda de ocupante de veículo";"Com Vítimas Feridas";"Plena Noite";"Decrescente";"Céu Claro";"Simples";"Reta";"Não";2;0;1;1;0;0;2;1;-2,51336396;-54,72408772;"SPRF-PA";"DEL05-PA";"UOP01-DEL05-PA"
754459;2026-02-24;"terça-feira";"18:00:00";"RJ";40;75;"PETROPOLIS";"Reação tardia ou ineficiente do condutor";"Capotamento";"Com Vítimas Feridas";"Anoitecer";"Crescente";"Nublado";"Dupla";"Curva;Declive";"Não";1;0;1;0;0;0;1;1;-22,469792;-43,228055;"SPRF-RJ";"DEL01-RJ";"UOP01-DEL01-RJ"
754460;2026-02-24;"terça-feira";"17:55:00";"MT";364;334;"SANTO ANTONIO DO LEVERGER";"Pedestre andava na pista";"Atropelamento de Pedestre";"Com Vítimas Feridas";"Anoitecer";"Crescente";"Nublado";"Dupla";"Declive;Reta";"Não";2;0;0;1;0;1;1;2;-15,83044731;-55,46334716;"SPRF-MT";"DEL05-MT";"UOP02-DEL05-MT"
754461;2026-02-24;"terça-feira";"19:30:00";"PR";476;157,6;"ARAUCARIA";"Reação tardia ou ineficiente do condutor";"Colisão traseira";"Sem Vítimas";"Anoitecer";"Crescente";"Nublado";"Simples";"Reta";"Não";2;0;0;0;2;0;0;2;-25,610012;-49,422661;"SPRF-PR";"DEL01-PR";"UOP06-DEL01-PR"