"id";"data_inversa";"dia_semana";"horario";"uf";"br";"km";"municipio";"causa_acidente";"tipo_acidente";"classificacao_acidente";"fase_dia";"sentido_via";"condicao_metereologica";"tipo_pista";"tracado_via";"uso_solo";"pessoas";"mortos";"feridos_leves";"feridos_graves";"ilesos";"ignorados";"feridos";"veiculos";"latitude";"longitude";"regional";"delegacia";"uop"
754706;2026-02-26;"quinta-feira";"04:00:00";"PR";277;523,7;"GUARANIACU";"Transitar na contramão";"Colisão frontal";"Com Vítimas Feridas";"Plena Noite";"Decrescente";"Céu Claro";"Simples";"Declive;Reta";"Sim";4;0;1;0;2;1;1;2;-25,10347658;-52,87931085;"SPRF-PR";"DEL04-PR";"UOP04-DEL04-PR"
754707;2026-02-26;"quinta-feira";"05:45:00";"PE";101;72,1;"RECIFE";"Manobra de mudança de faixa";"Colisão lateral mesmo sentido";"Com Vítimas Feridas";"Amanhecer";"Crescente";"Nublado";"Dupla";"Curva";"Sim";3;0;0;3;0;0;3;2;-8,08603;-34,94608;"SPRF-PE";"DEL01-PE";"UOP01-DEL01-PE"
754708;2026-02-26;"quinta-feira";"05:45:00";"MG";365;749,5;"ITUIUTABA";"Pista esburacada";"Tombamento";"Com Vítimas Feridas";"Amanhecer";"Crescente";"Céu Claro";"Simples";"Retorno Regulamentado";"Não";1;0;1;0;0;0;1;1;-18,94123648;-49,44813101;"SPRF-MG";"DEL15-MG";"UOP03-DEL15-MG"
754712;2026-02-26;"quinta-feira";"06:30:00";"GO";60;0;"SANTO ANTONIO DO DESCOBERTO";"Demais falhas mecânicas ou elétricas";"Incêndio";"Sem Vítimas";"Pleno dia";"Crescente";"Céu Claro";"Dupla";"Reta";"Não";1;0;0;0;1;0;0;1;-16,0534021;-48,25950623;"SPRF-DF";"DEL03-DF";"UOP01-DEL03-DF"
754714;2026-02-26;"quinta-feira";"07:15:00";"PR";376;161;"MARINGA";"Desrespeitar a preferência no cruzamento";"Colisão transversal";"Com Vítimas Feridas";"Pleno dia";"Crescente";"Céu Claro";"Dupla";"Rotatória;Aclive";"Sim";2;0;1;0;1;0;1;2;-23,36678462;-52,06977652;"SPRF-PR";"DEL09-PR";"UOP02-DEL09-PR"
754715;2026-02-26;"quinta-feira";"06:30:00";"PI";343;3,2;"PARNAIBA";"Ultrapassagem Indevida";"Colisão lateral mesmo sentido";"Com Vítimas Feridas";"Pleno dia";"Decrescente";"Céu Claro";"Simples";"Curva";"Não";3;0;1;0;2;0;1;2;-2,9025851;-41,68554783;"SPRF-PI";"DEL05-PI";"UOP01-DEL05-PI"
754717;2026-02-26;"quinta-feira";"07:15:00";"RS";448;14;"CANOAS";"Ausência de reação do condutor";"Colisão com objeto";"Com Vítimas Feridas";"Pleno dia";"Decrescente";"Céu Claro";"Múltipla";"Curva";"Não";1;0;1;0;0;0;1;1;-29,948181;-51,203913;"SPRF-RS";"DEL01-RS";"UOP01-DEL01-RS"
754718;2026-02-26;"quinta-feira";"07:10:00";"RS";448;13;"CANOAS";"Manobra de mudança de faixa";"Colisão lateral mesmo sentido";"Com Vítimas Feridas";"Pleno dia";"Crescente";"Céu Claro";"Dupla";"Reta";"Não";2;0;2;0;0;0;2;2;-29,91294231;-51,23707362;"SPRF-RS";"DEL01-RS";"UOP01-DEL01-RS"
754719;2026-01-01;"quinta-feira";"05:00:00";"AL";316;259;"PILAR";"Manobra de mudança de faixa";"Colisão lateral sentido oposto";"Com Vítimas Fatais";"Amanhecer";"Crescente";"Céu Claro";"Simples";"Reta";"Não";2;1;0;0;0;1;0;2;-9,59115504;-35,92112482;"SPRF-AL";"DEL02-AL";"UOP01-DEL02-AL"
754720;2026-02-26;"quinta-feira";"07:10:00";"SC";101;41,2;"JOINVILLE";"Desrespeitar a preferência no cruzamento";"Colisão transversal";"Com Vítimas Feridas";"Pleno dia";"Crescente";"Céu Claro";"Múltipla";"Rotatória";"Sim";2;0;1;0;1;0;1;2;-26,31864673;-48,87231437;"SPRF-SC";"DEL03-SC";"UOP01-DEL03-SC"
754721;2026-02-26;"quinta-feira";"07:29:00";"RN";304;37;"MOSSORO";"Acessar a via sem observar a presença dos outros veículos";"Colisão lateral mesmo sentido";"Com Vítimas Feridas";"Pleno dia";"Decrescente";"Céu Claro";"Dupla";"Reta;Declive;Interseção de Vias";"Sim";2;0;1;0;1;0;1;2;-5,17641;-37,36493;"SPRF-RN";"DEL04-RN";"UOP02-DEL04-RN"
754722;2026-02-26;"quinta-feira";"06:00:00";"RJ";393;182;"PARAIBA DO SUL";"Acessar a via sem observar a presença dos outros veículos";"Colisão transversal";"Com Vítimas Feridas";"Amanhecer";"Decrescente";"Nublado";"Simples";"Curva";"Sim";2;0;1;0;1;0;1;2;-22,1433445;-43,2853791;"SPRF-RJ";"DEL05-RJ";"UOP03-DEL05-RJ"
754723;2026-02-26;"quinta-feira";"07:45:00";"RJ";116;184;"NOVA IGUACU";"Acesso irregular";"Colisão lateral mesmo sentido";"Com Vítimas Feridas";"Pleno dia";"Decrescente";"Céu Claro";"Dupla";"Reta";"Não";4;0;3;0;1;0;3;2;-22,74895533;-43,44303131;"SPRF-RJ";"DEL06-RJ";"UOP01-DEL06-RJ"
754724;2026-02-26;"quinta-feira";"07:10:00";"RS";471;168,2;"RIO PARDO";"Reação tardia ou ineficiente do condutor";"Saída de leito carroçável";"Com Vítimas Feridas";"Pleno dia";"Decrescente";"Sol";"Simples";"Reta";"Não";1;0;1;0;0;0;1;1;-29,93069;-52,38929;"SPRF-RS";"DEL02-RS";"UOP03-DEL02-RS"
754725;2026-02-26;"quinta-feira";"00:45:00";"RO";364;422;"JARU";"Ausência de reação do condutor";"Saída de leito carroçável";"Com Vítimas Feridas";"Plena Noite";"Crescente";"Garoa/Chuvisco";"Múltipla";"Reta";"Sim";1;0;1;0;0;0;1;1;-10,46107607;-62,455424;"SPRF-RO";"DEL03-RO";"UOP02-DEL03-RO"
754726;2026-02-26;"quinta-feira";"07:28:00";"SP";153;107,2;"JOSE BONIFACIO";"Acessar a via sem observar a presença dos outros veículos";"Colisão lateral mesmo sentido";"Com Vítimas Feridas";"Pleno dia";"Decrescente";"Céu Claro";"Simples";"Reta";"Sim";3;0;1;0;2;0;1;2;-21,065793;-49,663465;"SPRF-SP";"DEL09-SP";"UOP01-DEL09-SP"
754727;2026-02-26;"quinta-feira";"07:40:00";"PR";369;161;"CAMBE";"Reação tardia ou ineficiente do condutor";"Colisão traseira";"Com Vítimas Feridas";"Pleno dia";"Crescente";"Céu Claro";"Dupla";"Reta";"Não";2;0;0;1;1;0;1;2;-23,286182;-51,25981;"SPRF-PR";"DEL07-PR";"UOP01-DEL07-PR"
754728;2026-02-26;"quinta-feira";"07:20:00";"PR";369;161;"CAMBE";"Condutor deixou de manter distância do veículo da frente";"Colisão traseira";"Com Vítimas Feridas";"Pleno dia";"Crescente";"Nublado";"Dupla";"Reta";"Sim";3;0;1;0;2;0;1;3;-23,28630624;-51,25981299;"SPRF-PR";"DEL07-PR";"UOP01-DEL07-PR"
754729;2026-02-26;"quinta-feira";"05:15:00";"SP";116;141;"SAO JOSE DOS CAMPOS";"Reação tardia ou ineficiente do condutor";"Colisão com objeto";"Sem Vítimas";"Pleno dia";"Crescente";"Céu Claro";"Dupla";"Reta";"Sim";2;0;0;0;1;1;0;2;-23,1694713;-45,82010369;"SPRF-SP";"DEL02-SP";"UOP01-DEL02-SP"
754730;2026-02-26;"quinta-feira";"08:00:00";"RS";116;246;"SAO LEOPOLDO";"Condutor deixou de manter distância do veículo da frente";"Colisão traseira";"Sem Vítimas";"Pleno dia";"Crescente";"Céu Claro";"Dupla";"Ponte;Reta";"Sim";3;0;0;0;3;0;0;2;-29,75842031;-51,15203011;"SPRF-RS";"DEL01-RS";"UOP02-DEL01-RS"
754733;2026-02-26;"quinta-feira";"06:40:00";"MG";116;242;"TEOFILO OTONI";"Ingestão de álcool pelo condutor";"Saída de leito carroçável";"Sem Vítimas";"Amanhecer";"Decrescente";"Céu Claro";"Simples";"Curva;Declive";"Não";2;0;0;0;2;0;0;1;-17,58224;-41,480298;"SPRF-MG";"DEL11-MG";"UOP01-DEL11-MG"
754734;2026-02-26;"quinta-feira";"08:44:00";"MG";40;467,5;"SETE LAGOAS";"Chuva";"Saída de leito carroçável";"Sem Vítimas";"Pleno dia";"Crescente";"Chuva";"Dupla";"Declive;Reta";"Sim";2;0;0;0;2;0;0;1;-19,4525048;-44,314162;"SPRF-MG";"DEL02-MG";"UOP01-DEL02-MG"
754738;2026-02-26;"quinta-feira";"07:30:00";"BA";116;414;"FEIRA DE SANTANA";"Demais falhas mecânicas ou elétricas";"Colisão com objeto";"Com Vítimas Feridas";"Pleno dia";"Crescente";"Nublado";"Dupla";"Retorno Regulamentado;Reta";"Sim";5;0;3;0;2;0;3;2;-12,1593569;-38,96511511;"SPRF-BA";"DEL02-BA";"UOP01-DEL02-BA"
754739;2026-02-26;"quinta-feira";"06:50:00";"MG";40;577;"ITABIRITO";"Chuva";"Saída de leito carroçável";"Com Vítimas Feridas";"Pleno dia";"Crescente";"Chuva";"Simples";"Reta";"Sim";1;0;1;0;0;0;1;1;-20,270123;-43,953631;"SPRF-MG";"DEL01-MG";"UOP02-DEL01-MG"
754740;2026-02-26;"quinta-feira";"07:10:00";"RS";116;112;"SAO MARCOS";"Reação tardia ou ineficiente do condutor";"Tombamento";"Com Vítimas Feridas";"Pleno dia";"Crescente";"Céu Claro";"Simples";"Curva";"Sim";2;0;1;0;1;0;1;1;-28,94925946;-51,08094905;"SPRF-RS";"DEL05-RS";"UOP01-DEL05-RS"
754742;2026-02-26;"quinta-feira";"08:05:00";"BA";415;29;"ILHEUS";"Reação tardia ou ineficiente do condutor";"Colisão transversal";"Com Vítimas Feridas";"Pleno dia";"Crescente";"Nublado";"Simples";"Interseção de Vias";"Não";2;0;2;0;0;0;2;2;-14,785662;-39,222992;"SPRF-BA";"DEL05-BA";"UOP01-DEL05-BA"
754743;2026-02-26;"quinta-feira";"08:50:00";"MG";381;532;"ITATIAIUCU";"Acumulo de água sobre o pavimento";"Saída de leito carroçável";"Com Vítimas Feridas";"Pleno dia";"Crescente";"Chuva";"Dupla";"Curva";"Não";2;0;2;0;0;0;2;1;-20,16461941;-44,36664248;"SPRF-MG";"DEL04-MG";"UOP03-DEL04-MG"
754744;2026-02-26;"quinta-feira";"08:30:00";"SC";470;63;"INDAIAL";"Acessar a via sem observar a presença dos outros veículos";"Colisão transversal";"Com Vítimas Feridas";"Pleno dia";"Decrescente";"Céu Claro";"Simples";"Declive;Curva;Em Obras";"Não";2;0;1;0;1;0;1;2;-26,87213785;-49,19363061;"SPRF-SC";"DEL04-SC";"UOP01-DEL04-SC"
754745;2026-02-26;"quinta-feira";"08:40:00";"ES";101;294;"CARIACICA";"Avarias e/ou desgaste excessivo no pneu";"Colisão transversal";"Com Vítimas Feridas";"Pleno dia";"Decrescente";"Nublado";"Dupla";"Curva";"Não";5;0;1;0;4;0;1;2;-20,32294315;-40,39508564;"SPRF-ES";"DEL01-ES";"UOP01-DEL01-ES"
754746;2026-02-26;"quinta-feira";"08:50:00";"SP";153;40;"ONDA VERDE";"Pista esburacada";"Tombamento";"Com Vítimas Feridas";"Pleno dia";"Crescente";"Nublado";"Simples";"Reta";"Não";1;0;1;0;0;0;1;1;-20,6203365;-49,3343716;"SPRF-SP";"DEL09-SP";"UOP01-DEL09-SP"
754747;2026-02-26;"quinta-feira";"07:55:00";"PR";277;722;"FOZ DO IGUACU";"Reação tardia ou ineficiente do condutor";"Saída de leito carroçável";"Com Vítimas Feridas";"Pleno dia";"Crescente";"Céu Claro";"Dupla";"Declive;Reta";"Sim";2;0;0;1;1;0;1;1;-25,490082;-54,5091;"SPRF-PR";"DEL05-PR";"UOP03-DEL05-PR"
754750;2026-02-26;"quinta-feira";"07:50:00";"MA";230;1;"BARAO DE GRAJAU";"Acessar a via sem observar a presença dos outros veículos";"Colisão transversal";"Com Vítimas Feridas";"Pleno dia";"Crescente";"Nublado";"Simples";"Reta";"Sim";2;0;1;1;0;0;2;2;-6,755373;-43,020407;"SPRF-PI";"DEL03-PI";"UOP01-DEL03-PI"
754751;2026-02-26;"quinta-feira";"10:45:00";"SP";116;220;"GUARULHOS";"Trafegar com motocicleta (ou similar) entre as faixas";"Colisão lateral mesmo sentido";"Com Vítimas Feridas";"Pleno dia";"Crescente";"Chuva";"Múltipla";"Reta";"Sim";2;0;1;0;1;0;1;2;-23,46444439;-46,49806166;"SPRF-SP";"DEL01-SP";"UOP01-DEL01-SP"
754752;2026-02-26;"quinta-feira";"09:00:00";"SP";116;509;"CAJATI";"Reação tardia ou ineficiente do condutor";"Colisão com objeto";"Com Vítimas Feridas";"Pleno dia";"Crescente";"Chuva";"Simples";"Curva;Aclive";"Não";3;0;2;0;1;0;2;1;-24,79285139;-48,17183018;"SPRF-SP";"DEL05-SP";"UOP02-DEL05-SP"
754753;2026-02-26;"quinta-feira";"07:15:00";"RJ";101;540;"PARATY";"Chuva";"Colisão frontal";"Com Vítimas Feridas";"Pleno dia";"Crescente";"Chuva";"Simples";"Declive;Curva";"Não";2;0;1;0;1;0;1;2;-23,05596246;-44,58955765;"SPRF-RJ";"DEL03-RJ";"UOP04-DEL03-RJ"
754754;2026-02-26;"quinta-feira";"08:55:00";"MG";40;571;"NOVA LIMA";"Pista Escorregadia";"Saída de leito carroçável";"Com Vítimas Feridas";"Pleno dia";"Crescente";"Chuva";"Simples";"Reta";"Sim";1;0;1;0;0;0;1;1;-20,222;-43,971;"SPRF-MG";"DEL01-MG";"UOP02-DEL01-MG"
754755;2026-02-26;"quinta-feira";"08:20:00";"SP";116;276;"EMBU DAS ARTES";"Trafegar com motocicleta (ou similar) entre as faixas";"Engavetamento";"Com Vítimas Feridas";"Pleno dia";"Decrescente";"Chuva";"Dupla";"Reta";"Sim";3;0;1;0;2;0;1;3;-23,62088741;-46,81224472;"SPRF-SP";"DEL04-SP";"UOP01-DEL04-SP"
754756;2026-02-26;"quinta-feira";"09:25:00";"RS";290;96;"PORTO ALEGRE";"Condutor deixou de manter distância do veículo da frente";"Colisão traseira";"Com Vítimas Feridas";"Pleno dia";"Crescente";"Céu Claro";"Dupla";"Reta";"Sim";3;0;1;0;2;0;1;3;-29,97893413;-51,20074528;"SPRF-RS";"DEL01-RS";"UOP01-DEL01-RS"
754757;2026-02-26;"quinta-feira";"08:20:00";"SC";101;56;"JOINVILLE";"Objeto estático sobre o leito carroçável";"Queda de ocupante de veículo";"Com Vítimas Feridas";"Pleno dia";"Crescente";"Nublado";"Dupla";"Reta;Declive";"Não";1;0;1;0;0;0;1;1;-26,43222002;-48,82304639;"SPRF-SC";"DEL03-SC";"UOP01-DEL03-SC"
754759;2026-02-26;"quinta-feira";"08:40:00";"SP";116;115;"TAUBATE";"Reação tardia ou ineficiente do condutor";"Colisão com objeto";"Com Vítimas Feridas";"Pleno dia";"Crescente";"Nublado";"Dupla";"Reta";"Não";1;0;1;0;0;0;1;1;-23,05098695;-45,60287476;"SPRF-SP";"DEL02-SP";"UOP02-DEL02-SP"
754760;2026-02-23;"segunda-feira";"09:10:00";"RJ";40;111;"DUQUE DE CAXIAS";"Avarias e/ou desgaste excessivo no pneu";"Tombamento";"Com Vítimas Feridas";"Pleno dia";"Decrescente";"Céu Claro";"Dupla";"Declive;Reta";"Sim";2;0;1;0;1;0;1;1;-22,69613884;-43,28859797;"SPRF-RJ";"DEL01-RJ";"UOP02-DEL01-RJ"
754762;2026-02-26;"quinta-feira";"09:30:00";"CE";304;49;"ARACATI";"Retorno proibido";"Colisão transversal";"Com Vítimas Feridas";"Pleno dia";"Crescente";"Céu Claro";"Simples";"Curva";"Sim";3;0;1;0;1;1;1;3;-4,58033797;-37,77247578;"SPRF-CE";"DEL03-CE";"UOP02-DEL03-CE"
754763;2026-02-26;"quinta-feira";"10:45:00";"BA";101;831;"PRADO";"Acessar a via sem observar a presença dos outros veículos";"Colisão transversal";"Com Vítimas Feridas";"Pleno dia";"Decrescente";"Céu Claro";"Simples";"Reta";"Não";4;0;2;0;2;0;2;2;-17,1919609;-39,5901812;"SPRF-BA";"DEL09-BA";"UOP02-DEL09-BA"
754767;2026-02-26;"quinta-feira";"09:30:00";"MG";40;613,4;"CONGONHAS";"Reação tardia ou ineficiente do condutor";"Colisão traseira";"Com Vítimas Feridas";"Pleno dia";"Decrescente";"Garoa/Chuvisco";"Simples";"Reta";"Sim";3;0;1;0;2;0;1;3;-20,522077;-43,830333;"SPRF-MG";"DEL05-MG";"UOP02-DEL05-MG"
754770;2026-01-26;"segunda-feira";"04:20:00";"RJ";465;22;"RIO DE JANEIRO";"Demais falhas mecânicas ou elétricas";"Incêndio";"Sem Vítimas";"Amanhecer";"Crescente";"Céu Claro";"Simples";"Reta";"Sim";1;0;0;0;1;0;0;1;-22,86060947;-43,60164341;"SPRF-RJ";"DEL03-RJ";"UOP01-DEL03-RJ"
754771;2026-02-26;"quinta-feira";"08:51:00";"MT";163;835;"SINOP";"Avarias e/ou desgaste excessivo no pneu";"Saída de leito carroçável";"Com Vítimas Feridas";"Pleno dia";"Decrescente";"Chuva";"Simples";"Reta;Aclive;Viaduto";"Sim";1;0;1;0;0;0;1;1;-11,85748223;-55,49406552;"SPRF-MT";"DEL06-MT";"UOP02-DEL06-MT"
754773;2026-02-22;"domingo";"21:30:00";"PR";476;144;"CURITIBA";"Reação tardia ou ineficiente do condutor";"Colisão traseira";"Com Vítimas Feridas";"Plena Noite";"Crescente";"Nublado";"Dupla";"Reta";"Não";3;0;1;0;0;2;1;3;-25,54373862;-49,31466579;"SPRF-PR";"DEL01-PR";"UOP06-DEL01-PR"
754774;2026-02-26;"quinta-feira";"10:57:00";"ES";101;148;"LINHARES";"Acessar a via sem observar a presença dos outros veículos";"Colisão transversal";"Com Vítimas Feridas";"Pleno dia";"Crescente";"Céu Claro";"Dupla";"Retorno Regulamentado;Rotatória";"Sim";2;0;1;0;0;1;1;2;-19,38009609;-40,06691907;"SPRF-ES";"DEL04-ES";"UOP01-DEL04-ES"
754776;2026-02-22;"domingo";"18:00:00";"RJ";116;145;"DUQUE DE CAXIAS";"Transitar no Acostamento";"Colisão lateral mesmo sentido";"Com Vítimas Feridas";"Pleno dia";"Decrescente";"Chuva";"Dupla";"Reta";"Sim";2;0;2;0;0;0;2;1;-22,664432;-43,258662;"SPRF-RJ";"DEL01-RJ";"UOP02-DEL01-RJ"
754780;2026-02-26;"quinta-feira";"10:49:00";"GO";364;260;"JATAI";"Transitar na contramão";"Colisão frontal";"Com Vítimas Feridas";"Pleno dia";"Decrescente";"Céu Claro";"Simples";"Curva";"Não";3;0;3;0;0;0;3;2;-17,664405;-52,231742;"SPRF-GO";"DEL05-GO";"UOP01-DEL05-GO"
754781;2026-02-26;"quinta-feira";"07:30:00";"ES";101;85;"SAO MATEUS";"Ausência de reação do condutor";"Colisão lateral mesmo sentido";"Com Vítimas Feridas";"Pleno dia";"Crescente";"Céu Claro";"Simples";"Reta;Interseção de Vias";"Sim";2;0;1;0;1;0;1;2;-18,85911686;-39,9349279;"SPRF-ES";"DEL04-ES";"UOP02-DEL04-ES"
754783;2026-02-26;"quinta-feira";"11:15:00";"PA";316;62;"CASTANHAL";"Reação tardia ou ineficiente do condutor";"Colisão traseira";"Com Vítimas Feridas";"Pleno dia";"Crescente";"Nublado";"Dupla";"Reta";"Sim";3;0;1;0;1;1;1;2;-1,29786;-47,937643;"SPRF-PA";"DEL01-PA";"UOP01-DEL01-PA"
754784;2026-02-26;"quinta-feira";"12:10:00";"SC";470;51,9;"BLUMENAU";"Conversão proibida";"Colisão transversal";"Com Vítimas Feridas";"Pleno dia";"Crescente";"Nublado";"Simples";"Reta;Em Obras";"Sim";2;0;1;0;1;0;1;2;-26,862266;-49,093506;"SPRF-SC";"DEL04-SC";"UOP01-DEL04-SC"
754785;2026-02-26;"quinta-feira";"12:30:00";"PI";343;9,7;"PARNAIBA";"Ausência de reação do condutor";"Colisão traseira";"Com Vítimas Feridas";"Pleno dia";"Crescente";"Sol";"Simples";"Reta";"Sim";2;0;0;1;1;0;1;2;-2,901798;-41,739788;"SPRF-PI";"DEL05-PI";"UOP01-DEL05-PI"
754786;2026-02-22;"domingo";"15:20:00";"BA";242;275;"BOA VISTA DO TUPIM";"Pista esburacada";"Saída de leito carroçável";"Com Vítimas Feridas";"Pleno dia";"Decrescente";"Céu Claro";"Simples";"Reta;Declive";"Não";3;0;3;0;0;0;3;1;-12,44838;-40,66385;"SPRF-BA";"DEL06-BA";"UOP02-DEL06-BA"
754787;2026-02-26;"quinta-feira";"12:15:00";"SE";235;6;"NOSSA SENHORA DO SOCORRO";"Condutor usando celular";"Colisão traseira";"Com Vítimas Feridas";"Pleno dia";"Crescente";"Nublado";"Dupla";"Reta";"Não";2;0;1;0;1;0;1;2;-10,90524529;-37,12330887;"SPRF-SE";"DEL01-SE";"UOP01-DEL01-SE"
754789;2026-02-26;"quinta-feira";"12:59:00";"RS";290;86;"PORTO ALEGRE";"Acumulo de óleo sobre o pavimento";"Tombamento";"Com Vítimas Feridas";"Pleno dia";"Crescente";"Céu Claro";"Dupla";"Curva;Interseção de Vias;Aclive";"Sim";1;0;1;0;0;0;1;1;-29,96814389;-51,11374514;"SPRF-RS";"DEL01-RS";"UOP01-DEL01-RS"
754791;2026-02-26;"quinta-feira";"09:50:00";"SC";101;7;"BIGUACU";"Reação tardia ou ineficiente do condutor";"Colisão com objeto";"Com Vítimas Feridas";"Pleno dia";"Decrescente";"Céu Claro";"Dupla";"Reta";"Não";2;0;0;2;0;0;2;1;-27,38537;-48,68952;"SPRF-SC";"DEL01-SC";"UOP01-DEL01-SC"
754793;2026-02-25;"quarta-feira";"15:00:00";"SP";116;87;"PINDAMONHANGABA";"Velocidade Incompatível";"Colisão traseira";"Sem Vítimas";"Pleno dia";"Crescente";"Céu Claro";"Múltipla";"Reta";"Não";2;0;0;0;0;2;0;2;-22,9297737;-45,36090469;"SPRF-SP";"DEL08-SP";"UOP01-DEL08-SP"
754794;2026-02-13;"sexta-feira";"10:00:00";"SC";282;223;"LAGES";"Acessar a via sem observar a presença dos outros veículos";"Colisão transversal";"Com Vítimas Feridas";"Pleno dia";"Decrescente";"Céu Claro";"Simples";"Reta";"Sim";2;0;1;0;1;0;1;2;-27,7996071;-50,3642438;"SPRF-SC";"DEL05-SC";"UOP01-DEL05-SC"
754796;2026-02-26;"quinta-feira";"13:20:00";"MG";116;276;"TEOFILO OTONI";"Desrespeitar a preferência no cruzamento";"Colisão transversal";"Com Vítimas Feridas";"Pleno dia";"Decrescente";"Céu Claro";"Dupla";"Curva;Declive;Rotatória";"Não";2;0;1;0;1;0;1;2;-17,852018;-41,514095;"SPRF-MG";"DEL11-MG";"UOP01-DEL11-MG"
754797;2026-02-22;"domingo";"21:20:00";"PE";104;60,6;"CARUARU";"Conversão proibida";"Colisão transversal";"Sem Vítimas";"Plena Noite";"Crescente";"Céu Claro";"Simples";"Curva;Rotatória";"Sim";3;0;0;0;3;0;0;2;-8,24041;-35,97575;"SPRF-PE";"DEL02-PE";"UOP01-DEL02-PE"
754798;2026-02-26;"quinta-feira";"13:35:00";"SC";101;206,8;"SAO JOSE";"Acesso irregular";"Colisão transversal";"Com Vítimas Feridas";"Pleno dia";"Decrescente";"Céu Claro";"Múltipla";"Reta";"Sim";2;0;1;0;1;0;1;2;-27,59936;-48,62204;"SPRF-SC";"DEL01-SC";"UOP01-DEL01-SC"
754799;2026-02-26;"quinta-feira";"13:10:00";"PE";101;44;"IGARASSU";"Ausência de reação do condutor";"Colisão traseira";"Sem Vítimas";"Pleno dia";"Crescente";"Nublado";"Múltipla";"Reta";"Sim";2;0;0;0;1;1;0;2;-7,85926;-34,908373;"SPRF-PE";"DEL01-PE";"UOP02-DEL01-PE"
754800;2026-02-26;"quinta-feira";"08:40:00";"MG";40;527,8;"CONTAGEM";"Objeto estático sobre o leito carroçável";"Engavetamento";"Com Vítimas Feridas";"Pleno dia";"Decrescente";"Chuva";"Dupla";"Declive;Reta";"Sim";4;0;2;0;2;0;2;3;-19,91150456;-44,04195786;"SPRF-MG";"DEL01-MG";"UOP02-DEL01-MG"
754801;2026-02-26;"quinta-feira";"10:00:00";"MG";381;728;"CARMO DA CACHOEIRA";"Chuva";"Colisão com objeto";"Com Vítimas Feridas";"Pleno dia";"Crescente";"Chuva";"Dupla";"Reta";"Não";1;0;1;0;0;0;1;1;-21,40193384;-45,20874023;"SPRF-MG";"DEL04-MG";"UOP02-DEL04-MG"
754802;2026-02-26;"quinta-feira";"14:00:00";"PR";369;505,8;"CASCAVEL";"Desrespeitar a preferência no cruzamento";"Colisão transversal";"Com Vítimas Feridas";"Pleno dia";"Decrescente";"Céu Claro";"Simples";"Aclive;Reta";"Sim";3;0;0;1;2;0;1;2;-24,94619958;-53,39817464;"SPRF-PR";"DEL04-PR";"UOP01-DEL04-PR"
754804;2026-02-26;"quinta-feira";"14:05:00";"MA";135;4,5;"SAO LUIS";"Frear bruscamente";"Queda de ocupante de veículo";"Com Vítimas Feridas";"Pleno dia";"Crescente";"Nublado";"Dupla";"Reta";"Sim";2;0;0;1;1;0;1;1;-2,618113;-44,2556;"SPRF-MA";"DEL01-MA";"UOP01-DEL01-MA"
754805;2026-02-26;"quinta-feira";"13:20:00";"RO";364;444;"JARU";"Demais falhas mecânicas ou elétricas";"Tombamento";"Com Vítimas Feridas";"Pleno dia";"Decrescente";"Sol";"Simples";"Reta";"Não";1;0;1;0;0;0;1;1;-10,32931;-62,614105;"SPRF-RO";"DEL03-RO";"UOP02-DEL03-RO"
754806;2026-02-26;"quinta-feira";"10:36:00";"MT";174;4;"PONTES E LACERDA";"Ultrapassagem Indevida";"Colisão traseira";"Com Vítimas Feridas";"Pleno dia";"Decrescente";"Céu Claro";"Simples";"Reta";"Sim";2;0;1;1;0;0;2;2;-15,23350853;-59,34486151;"SPRF-MT";"DEL04-MT";"UOP01-DEL04-MT"
754807;2026-02-23;"segunda-feira";"00:30:00";"BA";116;342;"TEOFILANDIA";"Reação tardia ou ineficiente do condutor";"Capotamento";"Com Vítimas Feridas";"Plena Noite";"Crescente";"Nublado";"Simples";"Aclive";"Não";1;0;0;1;0;0;1;1;-11,523333;-38,993511;"SPRF-BA";"DEL02-BA";"UOP01-DEL02-BA"
754808;2026-02-26;"quinta-feira";"14:30:00";"RS";290;79;"GRAVATAI";"Avarias e/ou desgaste excessivo no pneu";"Queda de ocupante de veículo";"Com Vítimas Feridas";"Pleno dia";"Decrescente";"Céu Claro";"Dupla";"Reta";"Não";1;0;1;0;0;0;1;1;-29,95301142;-51,05107801;"SPRF-RS";"DEL01-RS";"UOP01-DEL01-RS"
754813;2026-02-26;"quinta-feira";"15:00:00";"SP";153;222,5;"MARILIA";"Ultrapassagem Indevida";"Colisão lateral sentido oposto";"Com Vítimas Feridas";"Pleno dia";"Decrescente";"Nublado";"Simples";"Declive";"Não";2;0;1;0;1;0;1;2;-22,018135;-49,908366;"SPRF-SP";"DEL07-SP";"UOP02-DEL07-SP"
754816;2026-02-26;"quinta-feira";"15:00:00";"PE";232;128;"CARUARU";"Condutor deixou de manter distância do veículo da frente";"Colisão traseira";"Com Vítimas Feridas";"Pleno dia";"Decrescente";"Céu Claro";"Dupla";"Reta";"Sim";2;0;0;1;1;0;1;2;-8,30204;-35,98196;"SPRF-PE";"DEL02-PE";"UOP03-DEL02-PE"
754820;2026-02-22;"domingo";"17:40:00";"AM";174;918;"MANAUS";"Velocidade Incompatível";"Saída de leito carroçável";"Com Vítimas Feridas";"Plena Noite";"Crescente";"Nublado";"Simples";"Reta";"Sim";2;0;1;0;0;1;1;2;-2,68024;-60,04693;"SPRF-AM";"DEL01-AM";"UOP01-DEL01-AM"