"id";"data_inversa";"dia_semana";"horario";"uf";"br";"km";"municipio";"causa_acidente";"tipo_acidente";"classificacao_acidente";"fase_dia";"sentido_via";"condicao_metereologica";"tipo_pista";"tracado_via";"uso_solo";"pessoas";"mortos";"feridos_leves";"feridos_graves";"ilesos";"ignorados";"feridos";"veiculos";"latitude";"longitude";"regional";"delegacia";"uop"
754824;2026-02-26;"quinta-feira";"15:35:00";"GO";153;371,5;"SAO FRANCISCO DE GOIAS";"Desrespeitar a preferência no cruzamento";"Colisão transversal";"Com Vítimas Feridas";"Pleno dia";"Decrescente";"Céu Claro";"Simples";"Retorno Regulamentado";"Não";3;0;1;0;2;0;1;2;-15,85805068;-49,26283389;"SPRF-GO";"DEL02-GO";"UOP02-DEL02-GO"
754826;2026-02-26;"quinta-feira";"15:00:00";"RO";364;13;"VILHENA";"Acessar a via sem observar a presença dos outros veículos";"Colisão transversal";"Com Vítimas Feridas";"Pleno dia";"Decrescente";"Céu Claro";"Simples";"Retorno Regulamentado";"Sim";4;0;1;0;3;0;1;2;-12,74087604;-60,13288949;"SPRF-RO";"DEL04-RO";"UOP01-DEL04-RO"
754827;2026-02-26;"quinta-feira";"15:50:00";"ES";101;43,5;"CONCEICAO DA BARRA";"Velocidade Incompatível";"Colisão com objeto";"Com Vítimas Fatais";"Pleno dia";"Crescente";"Chuva";"Simples";"Aclive";"Não";2;1;1;0;0;0;1;1;-18,529832;-39,909423;"SPRF-ES";"DEL04-ES";"UOP02-DEL04-ES"
754829;2026-02-23;"segunda-feira";"08:30:00";"RJ";493;22;"MAGE";"Ausência de reação do condutor";"Colisão lateral mesmo sentido";"Com Vítimas Feridas";"Pleno dia";"Decrescente";"Céu Claro";"Simples";"Reta";"Sim";2;0;1;0;0;1;1;2;-22,65956604;-43,05225341;"SPRF-RJ";"DEL04-RJ";"UOP02-DEL04-RJ"
754830;2026-02-26;"quinta-feira";"16:00:00";"MG";459;75,1;"SENADOR JOSE BENTO";"Velocidade Incompatível";"Saída de leito carroçável";"Com Vítimas Feridas";"Pleno dia";"Crescente";"Chuva";"Simples";"Curva;Declive";"Não";1;0;1;0;0;0;1;1;-22,135506;-46,147616;"SPRF-MG";"DEL09-MG";"UOP01-DEL09-MG"
754833;2026-02-26;"quinta-feira";"15:45:00";"SP";116;109;"TAUBATE";"Reação tardia ou ineficiente do condutor";"Engavetamento";"Com Vítimas Feridas";"Pleno dia";"Crescente";"Chuva";"Dupla";"Reta";"Não";1;0;1;0;0;0;1;1;-23,02918735;-45,54553986;"SPRF-SP";"DEL02-SP";"UOP02-DEL02-SP"
754834;2026-02-26;"quinta-feira";"16:20:00";"MG";381;528;"BRUMADINHO";"Ausência de reação do condutor";"Queda de ocupante de veículo";"Com Vítimas Feridas";"Pleno dia";"Decrescente";"Nublado";"Dupla";"Curva";"Não";1;0;0;1;0;0;1;1;-20,16812215;-44,33326721;"SPRF-MG";"DEL04-MG";"UOP03-DEL04-MG"
754835;2026-02-26;"quinta-feira";"15:30:00";"RJ";101;318;"SAO GONCALO";"Carga excessiva e/ou mal acondicionada";"Colisão com objeto";"Com Vítimas Feridas";"Pleno dia";"Crescente";"Céu Claro";"Dupla";"Reta";"Sim";3;0;1;0;2;0;1;2;-22,8493447;-43,09934182;"SPRF-RJ";"DEL02-RJ";"UOP02-DEL02-RJ"
754837;2026-02-26;"quinta-feira";"17:17:00";"PI";343;343,6;"TERESINA";"Acumulo de óleo sobre o pavimento";"Tombamento";"Com Vítimas Feridas";"Pleno dia";"Crescente";"Céu Claro";"Simples";"Reta";"Sim";1;0;0;1;0;0;1;1;-5,09196273;-42,76162058;"SPRF-PI";"DEL01-PI";"UOP01-DEL01-PI"
754838;2026-02-26;"quinta-feira";"16:30:00";"SP";116;423;"JUQUIA";"Acumulo de água sobre o pavimento";"Saída de leito carroçável";"Com Vítimas Feridas";"Pleno dia";"Decrescente";"Chuva";"Dupla";"Reta";"Não";3;0;1;0;2;0;1;1;-24,35647996;-47,68143654;"SPRF-SP";"DEL05-SP";"UOP01-DEL05-SP"
754839;2026-02-26;"quinta-feira";"17:00:00";"SC";101;237,1;"PALHOCA";"Reação tardia ou ineficiente do condutor";"Saída de leito carroçável";"Com Vítimas Feridas";"Pleno dia";"Crescente";"Nublado";"Dupla";"Reta";"Não";1;0;1;0;0;0;1;1;-27,83827917;-48,63271952;"SPRF-SC";"DEL01-SC";"UOP02-DEL01-SC"
754841;2026-02-26;"quinta-feira";"14:25:00";"RJ";101;321;"NITEROI";"Reação tardia ou ineficiente do condutor";"Colisão traseira";"Sem Vítimas";"Pleno dia";"Crescente";"Nublado";"Dupla";"Reta";"Não";3;0;0;0;3;0;0;2;-22,875433;-43,11008;"SPRF-RJ";"DEL02-RJ";"UOP01-DEL02-RJ"
754842;2026-02-26;"quinta-feira";"16:00:00";"PE";408;70;"PAUDALHO";"Ausência de reação do condutor";"Tombamento";"Com Vítimas Feridas";"Pleno dia";"Crescente";"Céu Claro";"Dupla";"Reta";"Não";1;0;0;1;0;0;1;1;-7,9234;-35,15578;"SPRF-PE";"DEL01-PE";"UOP01-DEL01-PE"
754844;2026-02-26;"quinta-feira";"17:13:00";"RN";101;72,5;"EXTREMOZ";"Acessar a via sem observar a presença dos outros veículos";"Colisão transversal";"Com Vítimas Feridas";"Anoitecer";"Crescente";"Céu Claro";"Simples";"Reta;Declive";"Não";2;0;0;1;1;0;1;2;-5,70379874;-35,26548982;"SPRF-RN";"DEL02-RN";"UOP01-DEL02-RN"
754845;2026-02-26;"quinta-feira";"16:00:00";"PR";277;111,2;"CAMPO LARGO";"Manobra de mudança de faixa";"Colisão lateral mesmo sentido";"Sem Vítimas";"Pleno dia";"Crescente";"Nublado";"Dupla";"Declive;Curva";"Sim";3;0;0;0;2;1;0;2;-25,43277647;-49,40176098;"SPRF-PR";"DEL03-PR";"UOP03-DEL03-PR"
754846;2026-02-26;"quinta-feira";"17:00:00";"RO";364;225,9;"CACOAL";"Acessar a via sem observar a presença dos outros veículos";"Colisão transversal";"Com Vítimas Feridas";"Pleno dia";"Crescente";"Garoa/Chuvisco";"Simples";"Interseção de Vias;Reta";"Sim";3;0;1;0;2;0;1;2;-11,503922;-61,367195;"SPRF-RO";"DEL02-RO";"UOP02-DEL02-RO"
754847;2026-02-26;"quinta-feira";"18:10:00";"ES";101;298,4;"VIANA";"Frear bruscamente";"Queda de ocupante de veículo";"Com Vítimas Feridas";"Anoitecer";"Crescente";"Chuva";"Simples";"Reta";"Não";2;0;1;0;1;0;1;2;-20,35515544;-40,4172677;"SPRF-ES";"DEL01-ES";"UOP01-DEL01-ES"
754848;2026-02-26;"quinta-feira";"17:55:00";"MG";40;268;"SAO GONCALO DO ABAETE";"Transitar na contramão";"Colisão frontal";"Com Vítimas Fatais";"Anoitecer";"Decrescente";"Nublado";"Simples";"Curva;Aclive";"Não";4;2;1;1;0;0;2;3;-18,167;-45,286;"SPRF-MG";"DEL14-MG";"UOP02-DEL14-MG"
754849;2026-02-26;"quinta-feira";"17:35:00";"PR";153;42;"SANTO ANTONIO DA PLATINA";"Desrespeitar a preferência no cruzamento";"Colisão transversal";"Sem Vítimas";"Pleno dia";"Crescente";"Céu Claro";"Simples";"Interseção de Vias";"Sim";2;0;0;0;2;0;0;2;-23,2972762;-50,0686208;"SPRF-PR";"DEL07-PR";"UOP04-DEL07-PR"
754850;2026-02-26;"quinta-feira";"17:30:00";"PE";101;72;"RECIFE";"Ausência de reação do condutor";"Colisão traseira";"Com Vítimas Feridas";"Anoitecer";"Decrescente";"Céu Claro";"Dupla";"Curva;Retorno Regulamentado;Declive";"Sim";1;0;1;0;0;0;1;1;-8,099094;-34,950011;"SPRF-PE";"DEL01-PE";"UOP01-DEL01-PE"
754851;2026-02-26;"quinta-feira";"17:40:00";"BA";101;807;"ITAMARAJU";"Acessar a via sem observar a presença dos outros veículos";"Colisão transversal";"Com Vítimas Feridas";"Anoitecer";"Decrescente";"Céu Claro";"Simples";"Reta";"Sim";2;0;1;0;1;0;1;2;-17,0198;-39,541438;"SPRF-BA";"DEL09-BA";"UOP01-DEL09-BA"
754852;2026-02-26;"quinta-feira";"17:45:00";"PR";116;126;"FAZENDA RIO GRANDE";"Ausência de reação do condutor";"Colisão traseira";"Com Vítimas Feridas";"Anoitecer";"Decrescente";"Céu Claro";"Dupla";"Reta";"Sim";3;0;2;0;1;0;2;2;-25,638494;-49,312731;"SPRF-PR";"DEL01-PR";"UOP03-DEL01-PR"
754853;2026-02-26;"quinta-feira";"16:35:00";"MG";381;184;"PERIQUITO";"Chuva";"Saída de leito carroçável";"Com Vítimas Feridas";"Pleno dia";"Crescente";"Chuva";"Simples";"Curva";"Não";1;0;1;0;0;0;1;1;-19,06707178;-42,17050171;"SPRF-MG";"DEL06-MG";"UOP01-DEL06-MG"
754855;2026-02-26;"quinta-feira";"17:10:00";"RS";116;303;"GUAIBA";"Falta de acostamento";"Tombamento";"Com Vítimas Feridas";"Pleno dia";"Crescente";"Céu Claro";"Simples";"Reta";"Sim";1;0;1;0;0;0;1;1;-30,14485494;-51,3632497;"SPRF-RS";"DEL02-RS";"UOP01-DEL02-RS"
754856;2026-02-18;"quarta-feira";"18:05:00";"SC";282;516;"XAXIM";"Acessar a via sem observar a presença dos outros veículos";"Queda de ocupante de veículo";"Com Vítimas Feridas";"Anoitecer";"Decrescente";"Céu Claro";"Simples";"Curva";"Não";3;0;2;0;0;1;2;2;-26,916404;-52,492522;"SPRF-SC";"DEL07-SC";"UOP01-DEL07-SC"
754858;2026-02-26;"quinta-feira";"18:00:00";"SC";280;275,7;"IRINEOPOLIS";"Ausência de reação do condutor";"Saída de leito carroçável";"Com Vítimas Feridas";"Pleno dia";"Decrescente";"Céu Claro";"Simples";"Aclive;Reta";"Não";1;0;1;0;0;0;1;1;-26,29017;-50,788488;"SPRF-SC";"DEL06-SC";"UOP04-DEL06-SC"
754859;2026-02-26;"quinta-feira";"16:30:00";"RJ";101;164;"MACAE";"Demais Fenômenos da natureza";"Saída de leito carroçável";"Com Vítimas Feridas";"Anoitecer";"Decrescente";"Chuva";"Simples";"Curva";"Não";5;0;1;0;4;0;1;1;-22,32427398;-41,90688193;"SPRF-RJ";"DEL08-RJ";"UOP04-DEL08-RJ"
754860;2026-02-26;"quinta-feira";"18:45:00";"SC";470;45;"GASPAR";"Transitar na contramão";"Colisão frontal";"Com Vítimas Feridas";"Plena Noite";"Decrescente";"Céu Claro";"Dupla";"Viaduto;Curva;Interseção de Vias;Aclive";"Não";2;0;0;1;1;0;1;2;-26,86581169;-49,03309319;"SPRF-SC";"DEL04-SC";"UOP01-DEL04-SC"
754861;2026-02-26;"quinta-feira";"18:10:00";"PR";376;179;"MARINGA";"Manobra de mudança de faixa";"Colisão transversal";"Com Vítimas Feridas";"Anoitecer";"Crescente";"Céu Claro";"Dupla";"Reta";"Sim";2;0;0;1;1;0;1;2;-23,42975;-51,89142;"SPRF-PR";"DEL09-PR";"UOP01-DEL09-PR"
754862;2026-02-26;"quinta-feira";"18:40:00";"PR";376;3,5;"APUCARANA";"Trafegar com motocicleta (ou similar) entre as faixas";"Atropelamento de Pedestre";"Com Vítimas Feridas";"Anoitecer";"Decrescente";"Céu Claro";"Simples";"Interseção de Vias";"Não";2;0;1;1;0;0;2;2;-23,55863072;-51,44018933;"SPRF-PR";"DEL07-PR";"UOP03-DEL07-PR"
754865;2026-02-26;"quinta-feira";"17:45:00";"SP";116;112;"TAUBATE";"Manobra de mudança de faixa";"Colisão lateral mesmo sentido";"Com Vítimas Feridas";"Anoitecer";"Crescente";"Garoa/Chuvisco";"Dupla";"Reta";"Sim";2;0;1;0;1;0;1;2;-23,04160803;-45,57103157;"SPRF-SP";"DEL02-SP";"UOP02-DEL02-SP"
754866;2026-02-26;"quinta-feira";"19:00:00";"GO";364;322;"PORTELANDIA";"Ultrapassagem Indevida";"Colisão frontal";"Com Vítimas Fatais";"Plena Noite";"Decrescente";"Céu Claro";"Simples";"Reta;Aclive";"Não";4;1;3;0;0;0;3;2;-17,401883;-52,649552;"SPRF-GO";"DEL05-GO";"UOP01-DEL05-GO"
754867;2026-02-26;"quinta-feira";"18:29:00";"PE";101;54,5;"PAULISTA";"Trafegar com motocicleta (ou similar) entre as faixas";"Colisão lateral mesmo sentido";"Com Vítimas Feridas";"Plena Noite";"Decrescente";"Céu Claro";"Simples";"Reta";"Sim";2;0;1;0;1;0;1;2;-7,945621;-34,904353;"SPRF-PE";"DEL01-PE";"UOP02-DEL01-PE"
754868;2026-02-26;"quinta-feira";"08:10:00";"MG";381;244;"SANTANA DO PARAISO";"Conversão proibida";"Colisão transversal";"Com Vítimas Feridas";"Pleno dia";"Decrescente";"Nublado";"Simples";"Curva";"Sim";2;0;1;0;1;0;1;2;-19,45325752;-42,52061024;"SPRF-MG";"DEL06-MG";"UOP01-DEL06-MG"
754869;2026-02-26;"quinta-feira";"17:55:00";"BA";367;23;"PORTO SEGURO";"Acesso irregular";"Colisão transversal";"Com Vítimas Feridas";"Pleno dia";"Crescente";"Céu Claro";"Simples";"Reta";"Sim";2;0;1;0;1;0;1;2;-16,43581142;-39,07472607;"SPRF-BA";"DEL09-BA";"UOP03-DEL09-BA"
754874;2026-02-26;"quinta-feira";"18:30:00";"PA";316;142,9;"PEIXE-BOI";"Transitar na contramão";"Saída de leito carroçável";"Sem Vítimas";"Anoitecer";"Decrescente";"Nublado";"Simples";"Aclive;Reta";"Não";2;0;0;0;1;1;0;2;-1,247662;-47,244537;"SPRF-PA";"DEL01-PA";"UOP03-DEL01-PA"
754875;2026-02-26;"quinta-feira";"18:45:00";"GO";60;92;"ANAPOLIS";"Condutor deixou de manter distância do veículo da frente";"Colisão traseira";"Com Vítimas Feridas";"Anoitecer";"Crescente";"Garoa/Chuvisco";"Dupla";"Reta";"Sim";2;0;1;0;0;1;1;2;-16,35302433;-48,91732013;"SPRF-GO";"DEL02-GO";"UOP01-DEL02-GO"
754876;2026-02-26;"quinta-feira";"17:25:00";"BA";101;381;"NOVA IBIA";"Ausência de reação do condutor";"Tombamento";"Com Vítimas Feridas";"Anoitecer";"Crescente";"Céu Claro";"Simples";"Curva";"Não";1;0;0;1;0;0;1;1;-13,878213;-39,48963;"SPRF-BA";"DEL05-BA";"UOP03-DEL05-BA"
754879;2026-02-26;"quinta-feira";"18:00:00";"MA";135;4;"SAO LUIS";"Acessar a via sem observar a presença dos outros veículos";"Colisão transversal";"Com Vítimas Feridas";"Anoitecer";"Crescente";"Céu Claro";"Dupla";"Reta";"Sim";4;0;1;0;3;0;1;4;-2,61425;-44,2523;"SPRF-MA";"DEL01-MA";"UOP01-DEL01-MA"
754881;2026-02-26;"quinta-feira";"18:30:00";"PE";232;10;"JABOATAO DOS GUARARAPES";"Ausência de reação do condutor";"Saída de leito carroçável";"Com Vítimas Feridas";"Pleno dia";"Crescente";"Céu Claro";"Dupla";"Reta";"Não";1;0;0;1;0;0;1;1;-8,07927;-34,9914;"SPRF-PE";"DEL01-PE";"UOP01-DEL01-PE"
754882;2026-02-26;"quinta-feira";"19:15:00";"ES";259;39;"COLATINA";"Reação tardia ou ineficiente do condutor";"Colisão com objeto";"Com Vítimas Feridas";"Plena Noite";"Crescente";"Céu Claro";"Simples";"Curva";"Não";2;0;0;1;0;1;1;2;-19,55750464;-40,53121917;"SPRF-ES";"DEL02-ES";"UOP01-DEL02-ES"
754886;2026-02-26;"quinta-feira";"19:45:00";"PI";343;0,8;"TERESINA";"Acessar a via sem observar a presença dos outros veículos";"Colisão transversal";"Com Vítimas Feridas";"Plena Noite";"Decrescente";"Céu Claro";"Dupla";"Reta";"Sim";2;0;0;1;1;0;1;2;-5,080185;-42,757457;"SPRF-PI";"DEL01-PI";"UOP01-DEL01-PI"
754887;2026-02-26;"quinta-feira";"19:00:00";"DF";80;17;"BRASILIA";"Reação tardia ou ineficiente do condutor";"Capotamento";"Com Vítimas Feridas";"Plena Noite";"Crescente";"Chuva";"Simples";"Declive;Curva";"Sim";1;0;1;0;0;0;1;1;-15,692038;-48,205065;"SPRF-DF";"DEL03-DF";"UOP02-DEL03-DF"
754888;2026-02-26;"quinta-feira";"20:29:00";"RN";101;77,3;"NATAL";"Condutor deixou de manter distância do veículo da frente";"Colisão traseira";"Com Vítimas Feridas";"Plena Noite";"Crescente";"Céu Claro";"Dupla";"Reta";"Sim";2;0;1;0;1;0;1;2;-5,73344556;-35,29102296;"SPRF-RN";"DEL02-RN";"UOP01-DEL02-RN"
754889;2026-02-26;"quinta-feira";"20:00:00";"PE";101;58,2;"RECIFE";"Manobra de mudança de faixa";"Colisão lateral mesmo sentido";"Com Vítimas Feridas";"Plena Noite";"Decrescente";"Nublado";"Dupla";"Reta";"Sim";3;0;2;0;1;0;2;2;-7,97441836;-34,92193222;"SPRF-PE";"DEL01-PE";"UOP02-DEL01-PE"
754890;2026-02-26;"quinta-feira";"19:00:00";"MS";262;410,8;"TERENOS";"Ausência de reação do condutor";"Tombamento";"Com Vítimas Feridas";"Plena Noite";"Decrescente";"Céu Claro";"Simples";"Reta";"Não";1;0;1;0;0;0;1;1;-20,44136;-55,119557;"SPRF-MS";"DEL01-MS";"UOP03-DEL01-MS"
754891;2026-02-26;"quinta-feira";"12:30:00";"RJ";101;243;"SILVA JARDIM";"Demais falhas mecânicas ou elétricas";"Incêndio";"Sem Vítimas";"Pleno dia";"Decrescente";"Garoa/Chuvisco";"Dupla";"Reta";"Não";1;0;0;0;1;0;0;1;-22,638519;-42,464557;"SPRF-RJ";"DEL02-RJ";"UOP03-DEL02-RJ"
754892;2026-02-26;"quinta-feira";"18:20:00";"BA";415;50;"ITABUNA";"Condutor deixou de manter distância do veículo da frente";"Colisão traseira";"Com Vítimas Feridas";"Plena Noite";"Crescente";"Céu Claro";"Simples";"Reta";"Sim";4;0;2;1;1;0;3;3;-14,8274;-39,31512;"SPRF-BA";"DEL05-BA";"UOP01-DEL05-BA"
754893;2026-02-26;"quinta-feira";"20:50:00";"RJ";101;312;"SAO GONCALO";"Trafegar com motocicleta (ou similar) entre as faixas";"Colisão lateral mesmo sentido";"Com Vítimas Feridas";"Plena Noite";"Decrescente";"Chuva";"Dupla";"Reta";"Sim";2;0;1;0;1;0;1;2;-22,80512854;-43,06074923;"SPRF-RJ";"DEL02-RJ";"UOP02-DEL02-RJ"
754894;2026-02-26;"quinta-feira";"18:00:00";"RJ";116;184;"NOVA IGUACU";"Trafegar com motocicleta (ou similar) entre as faixas";"Queda de ocupante de veículo";"Com Vítimas Feridas";"Plena Noite";"Crescente";"Chuva";"Dupla";"Reta";"Sim";3;0;2;0;1;0;2;2;-22,74779229;-43,44413487;"SPRF-RJ";"DEL06-RJ";"UOP01-DEL06-RJ"
754895;2026-02-26;"quinta-feira";"17:30:00";"GO";80;110,9;"VILA PROPICIO";"Acessar a via sem observar a presença dos outros veículos";"Colisão transversal";"Com Vítimas Feridas";"Pleno dia";"Decrescente";"Céu Claro";"Simples";"Aclive;Reta";"Não";3;0;2;0;1;0;2;2;-15,138298;-48,82555;"SPRF-GO";"DEL07-GO";"UOP02-DEL07-GO"
754896;2026-02-26;"quinta-feira";"18:00:00";"RJ";101;504;"ANGRA DOS REIS";"Conversão proibida";"Colisão transversal";"Com Vítimas Feridas";"Plena Noite";"Decrescente";"Chuva";"Simples";"Reta";"Sim";2;0;2;0;0;0;2;2;-22,9898455;-44,2400441;"SPRF-RJ";"DEL03-RJ";"UOP03-DEL03-RJ"
754898;2026-02-26;"quinta-feira";"20:23:00";"RN";304;181;"LAJES";"Animais na Pista";"Atropelamento de Animal";"Sem Vítimas";"Plena Noite";"Decrescente";"Céu Claro";"Simples";"Reta;Declive";"Não";3;0;0;0;3;0;0;1;-5,70602295;-36,2316306;"SPRF-RN";"DEL01-RN";"UOP03-DEL01-RN"
754899;2026-02-26;"quinta-feira";"21:25:00";"MG";364;10,7;"FRUTAL";"Acessar a via sem observar a presença dos outros veículos";"Colisão transversal";"Com Vítimas Feridas";"Plena Noite";"Decrescente";"Nublado";"Simples";"Reta";"Não";4;0;0;4;0;0;4;2;-20,093966;-48,74859;"SPRF-MG";"DEL13-MG";"UOP02-DEL13-MG"
754900;2026-02-26;"quinta-feira";"19:40:00";"MS";163;509,8;"JARAGUARI";"Reação tardia ou ineficiente do condutor";"Tombamento";"Com Vítimas Feridas";"Plena Noite";"Crescente";"Céu Claro";"Dupla";"Reta";"Não";1;0;0;1;0;0;1;1;-20,243368;-54,47996;"SPRF-MS";"DEL01-MS";"UOP02-DEL01-MS"
754902;2026-02-26;"quinta-feira";"20:15:00";"SP";153;72;"SAO JOSE DO RIO PRETO";"Reação tardia ou ineficiente do condutor";"Colisão com objeto";"Sem Vítimas";"Plena Noite";"Crescente";"Céu Claro";"Simples";"Túnel;Curva";"Não";1;0;0;0;0;1;0;1;-20,876;-49,421;"SPRF-SP";"DEL09-SP";"UOP01-DEL09-SP"
754905;2026-02-26;"quinta-feira";"19:40:00";"MT";163;587;"NOVA MUTUM";"Ausência de reação do condutor";"Colisão com objeto";"Com Vítimas Feridas";"Plena Noite";"Decrescente";"Chuva";"Dupla";"Reta";"Não";1;0;0;1;0;0;1;1;-13,917;-56,093;"SPRF-MT";"DEL01-MT";"UOP01-DEL01-MT"
754906;2026-02-26;"quinta-feira";"22:45:00";"PR";376;167,8;"MARINGA";"Retorno proibido";"Colisão transversal";"Com Vítimas Feridas";"Plena Noite";"Decrescente";"Céu Claro";"Dupla";"Retorno Regulamentado";"Não";2;0;0;1;1;0;1;2;-23,39343035;-52,00951338;"SPRF-PR";"DEL09-PR";"UOP01-DEL09-PR"
754909;2026-02-27;"sexta-feira";"00:00:00";"SC";470;2;"NAVEGANTES";"Acessar a via sem observar a presença dos outros veículos";"Colisão lateral mesmo sentido";"Com Vítimas Feridas";"Plena Noite";"Decrescente";"Nublado";"Múltipla";"Reta;Em Obras;Interseção de Vias;Retorno Regulamentado";"Sim";2;0;1;0;1;0;1;2;-26,8691626;-48,6751979;"SPRF-SC";"DEL04-SC";"UOP04-DEL04-SC"
754910;2026-02-26;"quinta-feira";"16:00:00";"RJ";101;274;"TANGUA";"Ausência de reação do condutor";"Colisão lateral sentido oposto";"Com Vítimas Feridas";"Pleno dia";"Decrescente";"Garoa/Chuvisco";"Dupla";"Interseção de Vias;Reta";"Sim";2;0;1;0;1;0;1;2;-22,735913;-42,725398;"SPRF-RJ";"DEL02-RJ";"UOP03-DEL02-RJ"
754911;2026-02-26;"quinta-feira";"23:50:00";"PR";277;531,9;"CAMPO BONITO";"Acessar a via sem observar a presença dos outros veículos";"Saída de leito carroçável";"Com Vítimas Feridas";"Plena Noite";"Crescente";"Céu Claro";"Simples";"Interseção de Vias;Curva";"Não";3;0;2;0;1;0;2;1;-25,0915257;-52,9500599;"SPRF-PR";"DEL04-PR";"UOP04-DEL04-PR"
754913;2026-02-27;"sexta-feira";"00:01:00";"SC";101;132,7;"BALNEARIO CAMBORIU";"Velocidade Incompatível";"Colisão lateral mesmo sentido";"Com Vítimas Feridas";"Plena Noite";"Crescente";"Céu Claro";"Simples";"Interseção de Vias";"Sim";3;0;2;0;1;0;2;2;-26,998586;-48,649499;"SPRF-SC";"DEL04-SC";"UOP03-DEL04-SC"
754914;2026-02-27;"sexta-feira";"00:00:00";"GO";20;4;"FORMOSA";"Ausência de reação do condutor";"Colisão com objeto";"Com Vítimas Feridas";"Plena Noite";"Crescente";"Chuva";"Simples";"Em Obras;Reta";"Sim";1;0;1;0;0;0;1;1;-15,559663;-47,311782;"SPRF-DF";"DEL02-DF";"UOP02-DEL02-DF"
754915;2026-02-26;"quinta-feira";"20:10:00";"RR";174;465;"BOA VISTA";"Transtornos Mentais (exceto suicidio)";"Atropelamento de Pedestre";"Com Vítimas Feridas";"Plena Noite";"Decrescente";"Céu Claro";"Simples";"Reta";"Não";2;0;0;2;0;0;2;2;2,54457947;-60,87716242;"SPRF-RR";"DEL01-RR";"UOP01-DEL01-RR"
754916;2026-02-27;"sexta-feira";"01:15:00";"SC";101;132;"ITAPEMA";"Reação tardia ou ineficiente do condutor";"Colisão com objeto";"Com Vítimas Feridas";"Plena Noite";"Crescente";"Céu Claro";"Dupla";"Reta";"Não";2;0;1;0;1;0;1;2;-27,0659167;-48,5956517;"SPRF-SC";"DEL04-SC";"UOP03-DEL04-SC"
754918;2026-02-27;"sexta-feira";"01:10:00";"PB";230;168,1;"PUXINANA";"Animais na Pista";"Atropelamento de Animal";"Com Vítimas Feridas";"Plena Noite";"Crescente";"Céu Claro";"Simples";"Reta";"Sim";1;0;0;1;0;0;1;1;-7,188972;-35,967732;"SPRF-PB";"DEL02-PB";"UOP02-DEL02-PB"
754920;2026-02-26;"quinta-feira";"21:50:00";"MS";163;265;"DOURADOS";"Ausência de reação do condutor";"Colisão traseira";"Com Vítimas Feridas";"Plena Noite";"Crescente";"Céu Claro";"Dupla";"Reta";"Sim";2;0;1;0;1;0;1;2;-22,21762034;-54,72197905;"SPRF-MS";"DEL04-MS";"UOP01-DEL04-MS"
754922;2026-02-27;"sexta-feira";"04:10:00";"RS";386;438,9;"NOVA SANTA RITA";"Reação tardia ou ineficiente do condutor";"Colisão com objeto";"Com Vítimas Feridas";"Plena Noite";"Crescente";"Céu Claro";"Dupla";"Reta";"Não";1;0;1;0;0;0;1;1;-29,871259;-51,2489901;"SPRF-RS";"DEL04-RS";"UOP02-DEL04-RS"
754924;2026-02-27;"sexta-feira";"04:30:00";"PE";101;70;"RECIFE";"Condutor Dormindo";"Colisão lateral mesmo sentido";"Sem Vítimas";"Plena Noite";"Crescente";"Chuva";"Simples";"Curva";"Não";2;0;0;0;1;1;0;2;-8,06987;-34,94289;"SPRF-PE";"DEL01-PE";"UOP01-DEL01-PE"
754926;2026-02-27;"sexta-feira";"04:25:00";"PR";376;190;"MARIALVA";"Ausência de reação do condutor";"Saída de leito carroçável";"Com Vítimas Feridas";"Plena Noite";"Crescente";"Céu Claro";"Dupla";"Curva";"Não";3;0;1;0;2;0;1;1;-23,470465;-51,820879;"SPRF-PR";"DEL09-PR";"UOP01-DEL09-PR"
754929;2026-02-27;"sexta-feira";"04:40:00";"RS";287;385;"SANTIAGO";"Animais na Pista";"Atropelamento de Animal";"Sem Vítimas";"Plena Noite";"Crescente";"Céu Claro";"Simples";"Aclive;Reta";"Não";4;0;0;0;4;0;0;1;-29,274731;-54,796798;"SPRF-RS";"DEL12-RS";"UOP02-DEL12-RS"
754934;2026-02-27;"sexta-feira";"04:40:00";"BA";367;41;"PORTO SEGURO";"Velocidade Incompatível";"Saída de leito carroçável";"Com Vítimas Feridas";"Amanhecer";"Decrescente";"Chuva";"Simples";"Curva";"Não";4;0;3;0;1;0;3;1;-16,40443411;-39,17539199;"SPRF-BA";"DEL09-BA";"UOP03-DEL09-BA"
754937;2026-02-26;"quinta-feira";"23:20:00";"RO";364;352;"JI-PARANA";"Condutor deixou de manter distância do veículo da frente";"Colisão traseira";"Sem Vítimas";"Plena Noite";"Decrescente";"Chuva";"Simples";"Reta";"Não";8;0;0;0;8;0;0;2;-10,82708296;-62,01387255;"SPRF-RO";"DEL02-RO";"UOP01-DEL02-RO"
754938;2026-02-26;"quinta-feira";"20:00:00";"MG";251;497;"FRANCISCO SA";"Condutor Dormindo";"Saída de leito carroçável";"Com Vítimas Feridas";"Pleno dia";"Decrescente";"Garoa/Chuvisco";"Simples";"Reta";"Não";1;0;0;1;0;0;1;1;-16,63290233;-43,6964035;"SPRF-MG";"DEL12-MG";"UOP01-DEL12-MG"