"id";"data_inversa";"dia_semana";"horario";"uf";"br";"km";"municipio";"causa_acidente";"tipo_acidente";"classificacao_acidente";"fase_dia";"sentido_via";"condicao_metereologica";"tipo_pista";"tracado_via";"uso_solo";"pessoas";"mortos";"feridos_leves";"feridos_graves";"ilesos";"ignorados";"feridos";"veiculos";"latitude";"longitude";"regional";"delegacia";"uop"
754942;2026-02-27;"sexta-feira";"06:31:00";"SC";0;0;"FLORIANOPOLIS";"Frear bruscamente";"Colisão traseira";"Sem Vítimas";"Pleno dia";"Não Informado";"Céu Claro";"Múltipla";"Curva";"Sim";2;0;0;0;2;0;0;2;-27,59912;-48,55916262;"SPRF-SC";"DEL01-SC";"UOP01-DEL01-SC"
754943;2026-02-27;"sexta-feira";"02:00:00";"PI";316;4;"TERESINA";"Condutor desrespeitou a iluminação vermelha do semáforo";"Colisão transversal";"Com Vítimas Feridas";"Plena Noite";"Crescente";"Nublado";"Dupla";"Reta;Viaduto;Interseção de Vias";"Sim";4;0;1;0;2;1;1;2;-5,136255;-42,789607;"SPRF-PI";"DEL01-PI";"UOP02-DEL01-PI"
754944;2026-02-27;"sexta-feira";"07:00:00";"PB";230;21,8;"JOAO PESSOA";"Demais Fenômenos da natureza";"Queda de ocupante de veículo";"Com Vítimas Feridas";"Pleno dia";"Decrescente";"Sol";"Dupla";"Reta";"Sim";2;0;1;0;1;0;1;1;-7,1543494;-34,8550081;"SPRF-PB";"DEL01-PB";"UOP01-DEL01-PB"
754947;2026-02-27;"sexta-feira";"07:05:00";"SC";280;26,1;"ARAQUARI";"Acessar a via sem observar a presença dos outros veículos";"Colisão transversal";"Com Vítimas Feridas";"Pleno dia";"Crescente";"Céu Claro";"Simples";"Reta";"Sim";2;0;1;0;1;0;1;2;-26,3915107;-48,73619771;"SPRF-SC";"DEL03-SC";"UOP03-DEL03-SC"
754948;2026-02-27;"sexta-feira";"06:55:00";"SP";116;227,8;"SAO PAULO";"Manobra de mudança de faixa";"Colisão lateral mesmo sentido";"Com Vítimas Feridas";"Pleno dia";"Decrescente";"Nublado";"Múltipla";"Reta";"Sim";2;0;1;0;1;0;1;2;-23,50200721;-46,56517625;"SPRF-SP";"DEL01-SP";"UOP01-DEL01-SP"
754950;2026-02-27;"sexta-feira";"07:20:00";"MS";163;484;"CAMPO GRANDE";"Acessar a via sem observar a presença dos outros veículos";"Colisão lateral mesmo sentido";"Com Vítimas Feridas";"Pleno dia";"Decrescente";"Céu Claro";"Simples";"Reta";"Sim";2;0;1;0;1;0;1;2;-20,439965;-54,542461;"SPRF-MS";"DEL01-MS";"UOP02-DEL01-MS"
754951;2026-02-27;"sexta-feira";"07:20:00";"RS";290;86;"PORTO ALEGRE";"Ausência de reação do condutor";"Colisão traseira";"Com Vítimas Feridas";"Pleno dia";"Crescente";"Céu Claro";"Múltipla";"Viaduto;Reta";"Sim";2;0;1;0;1;0;1;2;-29,968252;-51,11603;"SPRF-RS";"DEL01-RS";"UOP01-DEL01-RS"
754952;2026-02-27;"sexta-feira";"07:20:00";"PI";343;339,8;"TERESINA";"Ausência de reação do condutor";"Saída de leito carroçável";"Com Vítimas Feridas";"Amanhecer";"Decrescente";"Garoa/Chuvisco";"Dupla";"Rotatória;Curva";"Sim";1;0;1;0;0;0;1;1;-5,072772;-42,735012;"SPRF-PI";"DEL01-PI";"UOP01-DEL01-PI"
754953;2026-02-27;"sexta-feira";"07:45:00";"PR";116;120,9;"CURITIBA";"Ausência de reação do condutor";"Colisão traseira";"Com Vítimas Feridas";"Pleno dia";"Decrescente";"Céu Claro";"Dupla";"Reta";"Não";2;0;1;0;1;0;1;2;-25,593233;-49,315403;"SPRF-PR";"DEL01-PR";"UOP03-DEL01-PR"
754954;2026-02-27;"sexta-feira";"06:45:00";"MT";364;399;"CUIABA";"Acessar a via sem observar a presença dos outros veículos";"Colisão transversal";"Com Vítimas Feridas";"Amanhecer";"Decrescente";"Nublado";"Dupla";"Reta";"Sim";2;0;1;0;1;0;1;2;-15,66081912;-55,97376466;"SPRF-MT";"DEL01-MT";"UOP02-DEL01-MT"
754955;2026-02-27;"sexta-feira";"07:30:00";"SC";101;206,8;"SAO JOSE";"Trafegar com motocicleta (ou similar) entre as faixas";"Colisão lateral mesmo sentido";"Com Vítimas Feridas";"Pleno dia";"Decrescente";"Céu Claro";"Múltipla";"Reta";"Sim";4;0;2;0;2;0;2;4;-27,5978122;-48,62047641;"SPRF-SC";"DEL01-SC";"UOP01-DEL01-SC"
754957;2026-02-27;"sexta-feira";"07:00:00";"SC";282;3;"FLORIANOPOLIS";"Ausência de reação do condutor";"Colisão lateral mesmo sentido";"Com Vítimas Feridas";"Pleno dia";"Crescente";"Céu Claro";"Múltipla";"Reta";"Sim";2;0;1;0;1;0;1;2;-27,60362;-48,59017;"SPRF-SC";"DEL01-SC";"UOP01-DEL01-SC"
754958;2026-02-27;"sexta-feira";"07:40:00";"ES";101;7;"SERRA";"Acumulo de água sobre o pavimento";"Colisão com objeto";"Com Vítimas Feridas";"Pleno dia";"Crescente";"Chuva";"Dupla";"Reta";"Não";4;0;1;0;3;0;1;1;-20,067012;-40,373933;"SPRF-ES";"DEL02-ES";"UOP01-DEL02-ES"
754960;2026-02-27;"sexta-feira";"08:15:00";"SC";282;3,5;"FLORIANOPOLIS";"Condutor deixou de manter distância do veículo da frente";"Colisão traseira";"Com Vítimas Feridas";"Pleno dia";"Crescente";"Céu Claro";"Múltipla";"Reta";"Sim";2;0;1;0;1;0;1;2;-27,59794;-48,60062;"SPRF-SC";"DEL01-SC";"UOP01-DEL01-SC"
754963;2026-02-27;"sexta-feira";"07:00:00";"MG";262;383;"FLORESTAL";"Velocidade Incompatível";"Saída de leito carroçável";"Com Vítimas Feridas";"Pleno dia";"Crescente";"Chuva";"Dupla";"Reta";"Não";1;0;1;0;0;0;1;1;-19,914452;-44,498296;"SPRF-MG";"DEL01-MG";"UOP03-DEL01-MG"
754964;2026-02-27;"sexta-feira";"08:19:00";"SC";282;2,2;"FLORIANOPOLIS";"Manobra de mudança de faixa";"Colisão lateral mesmo sentido";"Com Vítimas Feridas";"Pleno dia";"Decrescente";"Sol";"Dupla";"Reta";"Sim";2;0;1;0;1;0;1;2;-27,60305;-48,59223;"SPRF-SC";"DEL01-SC";"UOP01-DEL01-SC"
754965;2026-02-27;"sexta-feira";"07:40:00";"PR";116;38;"CAMPINA GRANDE DO SUL";"Reação tardia ou ineficiente do condutor";"Saída de leito carroçável";"Com Vítimas Feridas";"Pleno dia";"Crescente";"Garoa/Chuvisco";"Dupla";"Curva";"Não";4;0;2;0;2;0;2;1;-25,14947685;-48,85920232;"SPRF-PR";"DEL01-PR";"UOP02-DEL01-PR"
754966;2026-02-27;"sexta-feira";"07:30:00";"PR";369;184;"ARAPONGAS";"Acessar a via sem observar a presença dos outros veículos";"Colisão transversal";"Com Vítimas Feridas";"Pleno dia";"Crescente";"Céu Claro";"Dupla";"Reta";"Sim";2;0;2;0;0;0;2;2;-23,384465;-51,4192482;"SPRF-PR";"DEL07-PR";"UOP03-DEL07-PR"
754968;2026-02-27;"sexta-feira";"07:40:00";"DF";70;19;"BRASILIA";"Reação tardia ou ineficiente do condutor";"Colisão traseira";"Sem Vítimas";"Pleno dia";"Decrescente";"Céu Claro";"Dupla";"Curva;Aclive";"Não";3;0;0;0;3;0;0;3;-15,78488687;-48,23166708;"SPRF-DF";"DEL03-DF";"UOP02-DEL03-DF"
754969;2026-02-26;"quinta-feira";"21:25:00";"AC";364;256;"SENA MADUREIRA";"Problema na suspensão";"Saída de leito carroçável";"Com Vítimas Feridas";"Plena Noite";"Decrescente";"Nublado";"Simples";"Declive;Reta";"Não";25;0;24;0;1;0;24;1;-9,174297;-68,564842;"SPRF-AC";"DEL01-AC";"UOP01-DEL01-AC"
754970;2026-02-27;"sexta-feira";"08:12:00";"MT";70;3;"BARRA DO GARCAS";"Reação tardia ou ineficiente do condutor";"Atropelamento de Pedestre";"Com Vítimas Feridas";"Pleno dia";"Crescente";"Céu Claro";"Simples";"Reta";"Sim";2;0;0;1;1;0;1;2;-15,88539238;-52,27135552;"SPRF-MT";"DEL07-MT";"UOP01-DEL07-MT"
754973;2026-02-27;"sexta-feira";"09:00:00";"SP";116;289;"ITAPECERICA DA SERRA";"Acessar a via sem observar a presença dos outros veículos";"Colisão lateral mesmo sentido";"Com Vítimas Feridas";"Pleno dia";"Decrescente";"Chuva";"Dupla";"Reta";"Sim";2;0;2;0;0;0;2;2;-23,7198463;-46,88439631;"SPRF-SP";"DEL04-SP";"UOP01-DEL04-SP"
754975;2026-01-24;"sábado";"07:30:00";"RJ";101;310;"SAO GONCALO";"Mal súbito do condutor";"Saída de leito carroçável";"Com Vítimas Feridas";"Amanhecer";"Crescente";"Chuva";"Dupla";"Reta";"Sim";1;0;1;0;0;0;1;1;-22,83465915;-43,09643132;"SPRF-RJ";"DEL02-RJ";"UOP02-DEL02-RJ"
754978;2026-02-27;"sexta-feira";"09:15:00";"RS";470;217;"BENTO GONCALVES";"Ausência de reação do condutor";"Colisão traseira";"Com Vítimas Feridas";"Pleno dia";"Crescente";"Céu Claro";"Dupla";"Curva;Declive";"Sim";7;0;3;0;4;0;3;2;-29,17583093;-51,52207939;"SPRF-RS";"DEL06-RS";"UOP01-DEL06-RS"
754981;2026-02-27;"sexta-feira";"10:00:00";"SC";101;207,7;"SAO JOSE";"Estacionar ou parar em local proibido";"Colisão traseira";"Com Vítimas Feridas";"Pleno dia";"Decrescente";"Céu Claro";"Múltipla";"Aclive;Reta";"Sim";2;0;0;1;1;0;1;2;-27,602388;-48,628907;"SPRF-SC";"DEL01-SC";"UOP01-DEL01-SC"
754982;2026-02-27;"sexta-feira";"10:00:00";"GO";70;333;"JUSSARA";"Condutor deixou de manter distância do veículo da frente";"Colisão traseira";"Sem Vítimas";"Pleno dia";"Decrescente";"Garoa/Chuvisco";"Simples";"Reta";"Não";3;0;0;0;2;1;0;3;-15,88254708;-51,00634808;"SPRF-GO";"DEL04-GO";"UOP02-DEL04-GO"
754983;2026-02-27;"sexta-feira";"10:00:00";"SP";381;60;"MAIRIPORA";"Ausência de reação do condutor";"Queda de ocupante de veículo";"Com Vítimas Feridas";"Pleno dia";"Decrescente";"Céu Claro";"Dupla";"Curva";"Não";1;0;1;0;0;0;1;1;-23,28670013;-46,59011841;"SPRF-SP";"DEL03-SP";"UOP01-DEL03-SP"
754985;2026-02-27;"sexta-feira";"09:40:00";"SE";101;163,9;"SANTA LUZIA DO ITANHY";"Condutor Dormindo";"Colisão lateral sentido oposto";"Com Vítimas Feridas";"Pleno dia";"Decrescente";"Nublado";"Simples";"Curva";"Não";2;0;1;0;1;0;1;2;-11,320135;-37,529273;"SPRF-SE";"DEL02-SE";"UOP01-DEL02-SE"
754986;2026-02-27;"sexta-feira";"10:45:00";"SC";282;5;"SAO JOSE";"Ausência de reação do condutor";"Colisão traseira";"Com Vítimas Feridas";"Pleno dia";"Decrescente";"Céu Claro";"Múltipla";"Reta";"Sim";4;0;1;1;2;0;2;3;-27,58888371;-48,61172168;"SPRF-SC";"DEL01-SC";"UOP01-DEL01-SC"
754990;2026-02-27;"sexta-feira";"07:40:00";"RS";116;260;"CANOAS";"Manobra de mudança de faixa";"Colisão traseira";"Com Vítimas Feridas";"Pleno dia";"Decrescente";"Céu Claro";"Dupla";"Interseção de Vias;Reta";"Sim";3;0;1;1;1;0;2;2;-29,8759543;-51,18010696;"SPRF-RS";"DEL01-RS";"UOP01-DEL01-RS"
754991;2026-02-24;"terça-feira";"06:45:00";"RJ";116;181;"NOVA IGUACU";"Condutor deixou de manter distância do veículo da frente";"Colisão traseira";"Com Vítimas Feridas";"Amanhecer";"Decrescente";"Céu Claro";"Dupla";"Reta";"Não";2;0;1;0;0;1;1;2;-22,75177964;-43,43864171;"SPRF-RJ";"DEL06-RJ";"UOP01-DEL06-RJ"
754994;2026-02-27;"sexta-feira";"11:10:00";"PR";376;198;"MARIALVA";"Acesso irregular";"Colisão transversal";"Com Vítimas Fatais";"Pleno dia";"Crescente";"Céu Claro";"Dupla";"Retorno Regulamentado";"Não";3;1;0;0;1;1;0;3;-23,50101;-51,7613;"SPRF-PR";"DEL09-PR";"UOP01-DEL09-PR"
754996;2026-02-25;"quarta-feira";"20:50:00";"GO";452;19;"RIO VERDE";"Ultrapassagem Indevida";"Colisão frontal";"Com Vítimas Feridas";"Plena Noite";"Decrescente";"Céu Claro";"Simples";"Reta";"Não";3;0;1;0;2;0;1;2;-17,859897;-50,747459;"SPRF-GO";"DEL04-GO";"UOP01-DEL04-GO"
754997;2026-02-27;"sexta-feira";"10:35:00";"PR";373;197;"IPIRANGA";"Reação tardia ou ineficiente do condutor";"Saída de leito carroçável";"Sem Vítimas";"Pleno dia";"Crescente";"Céu Claro";"Simples";"Aclive;Reta";"Não";1;0;0;0;1;0;0;1;-25,07409903;-50,39651724;"SPRF-PR";"DEL03-PR";"UOP01-DEL03-PR"
754998;2026-02-27;"sexta-feira";"11:05:00";"MT";70;6;"BARRA DO GARCAS";"Transitar no Acostamento";"Colisão lateral mesmo sentido";"Com Vítimas Feridas";"Pleno dia";"Crescente";"Céu Claro";"Dupla";"Aclive";"Sim";2;0;1;0;1;0;1;2;-15,87885;-52,313324;"SPRF-MT";"DEL07-MT";"UOP01-DEL07-MT"
755000;2026-02-27;"sexta-feira";"09:00:00";"GO";60;164,7;"GOIANIA";"Acesso irregular";"Colisão lateral mesmo sentido";"Com Vítimas Feridas";"Pleno dia";"Decrescente";"Céu Claro";"Múltipla";"Interseção de Vias;Reta";"Sim";2;0;1;0;1;0;1;2;-16,71579223;-49,36267573;"SPRF-GO";"DEL01-GO";"UOP02-DEL01-GO"
755002;2026-01-10;"sábado";"17:50:00";"RJ";101;468;"ANGRA DOS REIS";"Reação tardia ou ineficiente do condutor";"Colisão transversal";"Com Vítimas Feridas";"Pleno dia";"Decrescente";"Céu Claro";"Simples";"Curva";"Não";9;0;7;1;1;0;8;2;-23,00770023;-44,22409058;"SPRF-RJ";"DEL03-RJ";"UOP03-DEL03-RJ"
755003;2026-02-27;"sexta-feira";"13:05:00";"GO";20;183;"SIMOLANDIA";"Condutor deixou de manter distância do veículo da frente";"Colisão traseira";"Com Vítimas Feridas";"Pleno dia";"Crescente";"Nublado";"Simples";"Reta";"Não";3;0;2;0;1;0;2;2;-14,4514683;-46,46948365;"SPRF-DF";"DEL02-DF";"UOP03-DEL02-DF"
755004;2026-02-27;"sexta-feira";"12:23:00";"MG";116;602,6;"SAO JOAO DO MANHUACU";"Acesso irregular";"Colisão transversal";"Com Vítimas Feridas";"Pleno dia";"Decrescente";"Chuva";"Simples";"Interseção de Vias;Reta";"Sim";2;0;2;0;0;0;2;2;-20,357607;-42,151575;"SPRF-MG";"DEL06-MG";"UOP03-DEL06-MG"
755005;2026-02-27;"sexta-feira";"11:45:00";"RO";364;687;"CANDEIAS DO JAMARI";"Mal súbito do condutor";"Saída de leito carroçável";"Com Vítimas Feridas";"Pleno dia";"Crescente";"Céu Claro";"Simples";"Reta";"Não";2;0;2;0;0;0;2;1;-8,7926;-63,6528;"SPRF-RO";"DEL01-RO";"UOP01-DEL01-RO"
755011;2026-02-27;"sexta-feira";"13:30:00";"SC";282;3;"FLORIANOPOLIS";"Manobra de mudança de faixa";"Colisão lateral mesmo sentido";"Com Vítimas Feridas";"Pleno dia";"Crescente";"Céu Claro";"Múltipla";"Reta";"Sim";2;0;1;0;1;0;1;2;-27,59682677;-48,6010205;"SPRF-SC";"DEL01-SC";"UOP01-DEL01-SC"
755014;2026-02-27;"sexta-feira";"10:45:00";"PI";343;127;"PIRACURUCA";"Avarias e/ou desgaste excessivo no pneu";"Eventos atípicos";"Com Vítimas Feridas";"Pleno dia";"Crescente";"Nublado";"Simples";"Reta";"Não";2;0;1;0;1;0;1;1;-3,89279218;-41,71064615;"SPRF-PI";"DEL02-PI";"UOP01-DEL02-PI"
755016;2026-02-27;"sexta-feira";"08:05:00";"PR";277;1;"PARANAGUA";"Ultrapassagem Indevida";"Colisão transversal";"Com Vítimas Feridas";"Pleno dia";"Crescente";"Céu Claro";"Dupla";"Reta";"Sim";3;0;1;0;1;1;1;3;-25,51573;-48,53832;"SPRF-PR";"DEL01-PR";"UOP05-DEL01-PR"
755017;2026-02-27;"sexta-feira";"12:56:00";"RO";364;128,1;"PIMENTA BUENO";"Manobra de mudança de faixa";"Colisão traseira";"Com Vítimas Feridas";"Pleno dia";"Crescente";"Nublado";"Simples";"Curva";"Não";2;0;1;0;1;0;1;2;-12,058267;-60,759478;"SPRF-RO";"DEL02-RO";"UOP02-DEL02-RO"
755018;2026-02-27;"sexta-feira";"13:10:00";"SP";116;221;"GUARULHOS";"Frear bruscamente";"Colisão traseira";"Sem Vítimas";"Pleno dia";"Crescente";"Céu Claro";"Dupla";"Reta;Interseção de Vias";"Sim";2;0;0;0;2;0;0;2;-23,46842744;-46,50988905;"SPRF-SP";"DEL01-SP";"UOP01-DEL01-SP"
755019;2026-02-27;"sexta-feira";"14:00:00";"PB";104;114,8;"LAGOA SECA";"Acessar a via sem observar a presença dos outros veículos";"Colisão transversal";"Com Vítimas Feridas";"Pleno dia";"Crescente";"Nublado";"Simples";"Reta";"Sim";2;0;1;0;1;0;1;2;-7,160342;-35,85658;"SPRF-PB";"DEL02-PB";"UOP04-DEL02-PB"
755020;2026-02-27;"sexta-feira";"14:00:00";"CE";116;17,4;"EUSEBIO";"Condutor deixou de manter distância do veículo da frente";"Colisão traseira";"Com Vítimas Feridas";"Pleno dia";"Decrescente";"Nublado";"Dupla";"Reta";"Sim";2;0;0;1;0;1;1;2;-3,900252;-38,503888;"SPRF-CE";"DEL01-CE";"UOP02-DEL01-CE"
755022;2026-02-27;"sexta-feira";"14:25:00";"RS";116;265;"CANOAS";"Manobra de mudança de faixa";"Colisão lateral mesmo sentido";"Com Vítimas Feridas";"Pleno dia";"Crescente";"Céu Claro";"Dupla";"Viaduto;Em Obras;Reta";"Sim";3;0;1;0;2;0;1;3;-29,925198;-51,177903;"SPRF-RS";"DEL01-RS";"UOP01-DEL01-RS"
755023;2026-02-27;"sexta-feira";"14:00:00";"PR";376;236;"APUCARANA";"Avarias e/ou desgaste excessivo no pneu";"Saída de leito carroçável";"Com Vítimas Feridas";"Pleno dia";"Crescente";"Chuva";"Dupla";"Reta";"Não";1;0;1;0;0;0;1;1;-23,583733;-51,485792;"SPRF-PR";"DEL07-PR";"UOP03-DEL07-PR"
755024;2026-02-27;"sexta-feira";"14:20:00";"RS";116;246;"SAO LEOPOLDO";"Trafegar com motocicleta (ou similar) entre as faixas";"Colisão lateral mesmo sentido";"Com Vítimas Feridas";"Pleno dia";"Crescente";"Céu Claro";"Múltipla";"Reta";"Sim";3;0;1;0;2;0;1;3;-29,75497459;-51,15177361;"SPRF-RS";"DEL01-RS";"UOP02-DEL01-RS"
755025;2026-02-27;"sexta-feira";"13:45:00";"SC";280;55;"GUARAMIRIM";"Acessar a via sem observar a presença dos outros veículos";"Tombamento";"Com Vítimas Feridas";"Pleno dia";"Crescente";"Nublado";"Simples";"Reta";"Sim";2;0;1;0;1;0;1;2;-26,47743012;-48,99762869;"SPRF-SC";"DEL03-SC";"UOP03-DEL03-SC"
755026;2026-02-27;"sexta-feira";"12:10:00";"RJ";40;121;"DUQUE DE CAXIAS";"Ausência de reação do condutor";"Queda de ocupante de veículo";"Com Vítimas Feridas";"Pleno dia";"Crescente";"Nublado";"Múltipla";"Reta";"Sim";1;0;1;0;0;0;1;1;-22,78113705;-43,285772;"SPRF-RJ";"DEL01-RJ";"UOP02-DEL01-RJ"
755028;2026-02-27;"sexta-feira";"14:40:00";"RS";158;325;"SANTA MARIA";"Condutor deixou de manter distância do veículo da frente";"Colisão traseira";"Com Vítimas Feridas";"Pleno dia";"Crescente";"Céu Claro";"Dupla";"Reta;Viaduto";"Sim";2;0;1;0;1;0;1;2;-29,70800599;-53,80069256;"SPRF-RS";"DEL09-RS";"UOP01-DEL09-RS"
755029;2026-02-27;"sexta-feira";"14:15:00";"SC";101;217,9;"PALHOCA";"Ausência de reação do condutor";"Colisão lateral mesmo sentido";"Com Vítimas Feridas";"Pleno dia";"Crescente";"Céu Claro";"Múltipla";"Reta";"Sim";2;0;2;0;0;0;2;2;-27,675347;-48,671153;"SPRF-SC";"DEL01-SC";"UOP02-DEL01-SC"
755030;2026-02-27;"sexta-feira";"10:00:00";"PR";376;178;"MARINGA";"Acessar a via sem observar a presença dos outros veículos";"Colisão lateral mesmo sentido";"Com Vítimas Feridas";"Pleno dia";"Decrescente";"Céu Claro";"Múltipla";"Reta";"Sim";2;0;1;0;1;0;1;2;-23,4159582;-51,92254543;"SPRF-PR";"DEL09-PR";"UOP01-DEL09-PR"
755031;2026-02-27;"sexta-feira";"14:40:00";"PR";277;6,8;"PARANAGUA";"Conversão proibida";"Colisão lateral mesmo sentido";"Com Vítimas Feridas";"Pleno dia";"Crescente";"Nublado";"Simples";"Reta;Interseção de Vias;Rotatória";"Sim";2;0;1;0;1;0;1;2;-25,51492902;-48,5223937;"SPRF-PR";"DEL01-PR";"UOP05-DEL01-PR"
755034;2026-02-27;"sexta-feira";"14:50:00";"MG";262;389;"PARA DE MINAS";"Acumulo de água sobre o pavimento";"Saída de leito carroçável";"Com Vítimas Feridas";"Pleno dia";"Crescente";"Chuva";"Dupla";"Aclive;Reta";"Não";3;0;2;0;1;0;2;1;-19,901425;-44,548889;"SPRF-MG";"DEL01-MG";"UOP03-DEL01-MG"
755036;2026-02-27;"sexta-feira";"15:20:00";"RN";304;36;"MOSSORO";"Acumulo de areia ou detritos sobre o pavimento";"Queda de ocupante de veículo";"Com Vítimas Feridas";"Pleno dia";"Crescente";"Nublado";"Simples";"Reta";"Sim";1;0;1;0;0;0;1;1;-5,177063;-37,365072;"SPRF-RN";"DEL04-RN";"UOP02-DEL04-RN"
755037;2026-02-27;"sexta-feira";"15:30:00";"ES";101;127,8;"SOORETAMA";"Acumulo de água sobre o pavimento";"Tombamento";"Com Vítimas Feridas";"Pleno dia";"Crescente";"Chuva";"Simples";"Reta";"Sim";1;0;1;0;0;0;1;1;-19,20923004;-40,09494178;"SPRF-ES";"DEL04-ES";"UOP01-DEL04-ES"
755038;2026-02-27;"sexta-feira";"14:20:00";"TO";153;146;"ARAGUAINA";"Condutor deixou de manter distância do veículo da frente";"Colisão traseira";"Com Vítimas Feridas";"Pleno dia";"Crescente";"Nublado";"Dupla";"Rotatória;Reta";"Sim";2;0;1;0;1;0;1;2;-7,22011955;-48,24766785;"SPRF-TO";"DEL02-TO";"UOP01-DEL02-TO"
755041;2026-02-27;"sexta-feira";"15:30:00";"RJ";116;130;"MAGE";"Ausência de reação do condutor";"Colisão lateral sentido oposto";"Com Vítimas Feridas";"Pleno dia";"Crescente";"Céu Claro";"Dupla";"Viaduto";"Sim";3;0;2;0;1;0;2;2;-22,65721414;-43,12675662;"SPRF-RJ";"DEL04-RJ";"UOP02-DEL04-RJ"
755042;2026-02-27;"sexta-feira";"15:20:00";"BA";101;904;"IBIRAPUA";"Condutor deixou de manter distância do veículo da frente";"Colisão traseira";"Com Vítimas Feridas";"Pleno dia";"Crescente";"Céu Claro";"Simples";"Declive;Curva";"Não";2;0;1;0;1;0;1;2;-17,76456213;-39,77824175;"SPRF-BA";"DEL09-BA";"UOP02-DEL09-BA"
755043;2026-02-27;"sexta-feira";"15:30:00";"RJ";493;19;"MAGE";"Retorno proibido";"Colisão transversal";"Com Vítimas Feridas";"Pleno dia";"Crescente";"Céu Claro";"Simples";"Reta";"Sim";2;0;1;1;0;0;2;2;-22,65982029;-43,0494945;"SPRF-RJ";"DEL04-RJ";"UOP02-DEL04-RJ"
755044;2026-02-27;"sexta-feira";"15:20:00";"PI";343;4;"TERESINA";"Avarias e/ou desgaste excessivo no pneu";"Colisão com objeto";"Com Vítimas Feridas";"Pleno dia";"Crescente";"Céu Claro";"Múltipla";"Reta;Ponte";"Não";1;0;1;0;0;0;1;1;-5,081743;-42,793585;"SPRF-PI";"DEL01-PI";"UOP01-DEL01-PI"
755046;2026-02-27;"sexta-feira";"13:30:00";"SP";101;50,5;"UBATUBA";"Acessar a via sem observar a presença dos outros veículos";"Colisão transversal";"Com Vítimas Feridas";"Pleno dia";"Crescente";"Chuva";"Simples";"Interseção de Vias";"Sim";2;0;1;0;1;0;1;2;-23,45323399;-45,07438872;"SPRF-SP";"DEL06-SP";"UOP01-DEL06-SP"
755047;2026-02-27;"sexta-feira";"15:35:00";"MG";40;522,2;"CONTAGEM";"Reação tardia ou ineficiente do condutor";"Colisão traseira";"Sem Vítimas";"Pleno dia";"Crescente";"Céu Claro";"Dupla";"Reta";"Sim";2;0;0;0;1;1;0;2;-19,86820325;-44,06118393;"SPRF-MG";"DEL01-MG";"UOP02-DEL01-MG"
755048;2026-02-27;"sexta-feira";"15:00:00";"MG";365;626;"UBERLANDIA";"Manobra de mudança de faixa";"Queda de ocupante de veículo";"Com Vítimas Feridas";"Pleno dia";"Crescente";"Céu Claro";"Dupla";"Reta";"Sim";2;0;1;0;0;1;1;2;-18,90404793;-48,34203092;"SPRF-MG";"DEL15-MG";"UOP01-DEL15-MG"
755049;2026-02-27;"sexta-feira";"15:35:00";"RJ";101;323;"NITEROI";"Manobra de mudança de faixa";"Colisão lateral mesmo sentido";"Com Vítimas Feridas";"Pleno dia";"Decrescente";"Chuva";"Múltipla";"Reta";"Sim";5;0;1;0;4;0;1;2;-22,87966893;-43,11395798;"SPRF-RJ";"DEL02-RJ";"UOP01-DEL02-RJ"
755050;2026-01-23;"sexta-feira";"14:30:00";"PB";104;163;"BARRA DE SANTANA";"Conversão proibida";"Colisão transversal";"Com Vítimas Fatais";"Pleno dia";"Crescente";"Céu Claro";"Simples";"Reta";"Não";6;1;0;2;3;0;2;2;-7,526752;-35,99631;"SPRF-PB";"DEL02-PB";"UOP03-DEL02-PB"
755051;2026-02-27;"sexta-feira";"15:35:00";"MS";376;4,3;"DOURADOS";"Acessar a via sem observar a presença dos outros veículos";"Colisão transversal";"Com Vítimas Feridas";"Pleno dia";"Decrescente";"Céu Claro";"Simples";"Interseção de Vias;Reta";"Não";4;0;1;0;3;0;1;2;-22,224895;-54,666085;"SPRF-MS";"DEL04-MS";"UOP01-DEL04-MS"
755055;2026-02-27;"sexta-feira";"16:40:00";"RJ";101;330;"RIO DE JANEIRO";"Condutor deixou de manter distância do veículo da frente";"Colisão traseira";"Com Vítimas Feridas";"Pleno dia";"Decrescente";"Nublado";"Múltipla";"Reta";"Não";2;0;1;0;0;1;1;2;-22,86849408;-43,18611662;"SPRF-RJ";"DEL02-RJ";"UOP01-DEL02-RJ"
755056;2026-02-27;"sexta-feira";"13:20:00";"BA";116;825;"VITORIA DA CONQUISTA";"Pista Escorregadia";"Queda de ocupante de veículo";"Com Vítimas Feridas";"Pleno dia";"Crescente";"Céu Claro";"Dupla";"Reta";"Sim";2;0;2;0;0;0;2;1;-14,8798014;-40,8557725;"SPRF-BA";"DEL08-BA";"UOP01-DEL08-BA"
755058;2026-02-27;"sexta-feira";"14:00:00";"PB";361;109;"ITAPORANGA";"Reação tardia ou ineficiente do condutor";"Colisão traseira";"Com Vítimas Fatais";"Pleno dia";"Decrescente";"Céu Claro";"Simples";"Declive;Reta";"Não";3;1;0;1;0;1;1;2;-7,299135;-38,125263;"SPRF-PB";"DEL03-PB";"UOP01-DEL03-PB"
755059;2026-02-27;"sexta-feira";"16:15:00";"SC";101;415;"ARARANGUA";"Desrespeitar a preferência no cruzamento";"Colisão transversal";"Com Vítimas Feridas";"Pleno dia";"Crescente";"Céu Claro";"Múltipla";"Reta";"Sim";2;0;1;0;1;0;1;2;-28,97382561;-49,53054992;"SPRF-SC";"DEL02-SC";"UOP02-DEL02-SC"