"id";"data_inversa";"dia_semana";"horario";"uf";"br";"km";"municipio";"causa_acidente";"tipo_acidente";"classificacao_acidente";"fase_dia";"sentido_via";"condicao_metereologica";"tipo_pista";"tracado_via";"uso_solo";"pessoas";"mortos";"feridos_leves";"feridos_graves";"ilesos";"ignorados";"feridos";"veiculos";"latitude";"longitude";"regional";"delegacia";"uop"
755169;2026-02-28;"sábado";"03:50:00";"RS";290;93;"PORTO ALEGRE";"Reação tardia ou ineficiente do condutor";"Colisão com objeto";"Com Vítimas Feridas";"Plena Noite";"Decrescente";"Nublado";"Múltipla";"Reta";"Sim";2;0;1;0;0;1;1;2;-29,97141536;-51,19314673;"SPRF-RS";"DEL01-RS";"UOP01-DEL01-RS"
755170;2026-02-28;"sábado";"03:10:00";"SC";280;43;"ARAQUARI";"Ingestão de álcool pelo condutor";"Colisão traseira";"Com Vítimas Feridas";"Plena Noite";"Crescente";"Céu Claro";"Dupla";"Reta";"Não";3;0;1;0;2;0;1;2;-26,45055642;-48,87036324;"SPRF-SC";"DEL03-SC";"UOP03-DEL03-SC"
755172;2026-02-28;"sábado";"03:05:00";"RS";386;37,6;"FREDERICO WESTPHALEN";"Ingestão de álcool pelo condutor";"Saída de leito carroçável";"Com Vítimas Feridas";"Plena Noite";"Decrescente";"Céu Claro";"Simples";"Reta";"Não";1;0;1;0;0;0;1;1;-27,3883886;-53,3994851;"SPRF-RS";"DEL08-RS";"UOP02-DEL08-RS"
755176;2026-02-28;"sábado";"02:45:00";"PR";277;510,9;"GUARANIACU";"Ingestão de álcool pelo condutor";"Colisão frontal";"Sem Vítimas";"Plena Noite";"Crescente";"Céu Claro";"Simples";"Reta;Declive";"Não";2;0;0;0;1;1;0;2;-25,12354518;-52,75900237;"SPRF-PR";"DEL04-PR";"UOP04-DEL04-PR"
755177;2026-02-28;"sábado";"04:40:00";"GO";60;114;"TEREZOPOLIS DE GOIAS";"Reação tardia ou ineficiente do condutor";"Atropelamento de Animal";"Com Vítimas Feridas";"Amanhecer";"Decrescente";"Nublado";"Dupla";"Curva";"Não";1;0;0;1;0;0;1;1;-16,469379;-49,070996;"SPRF-GO";"DEL01-GO";"UOP01-DEL01-GO"
755178;2026-02-28;"sábado";"02:50:00";"MT";70;509;"CUIABA";"Ingestão de álcool pelo condutor";"Colisão com objeto";"Sem Vítimas";"Plena Noite";"Crescente";"Céu Claro";"Múltipla";"Em Obras;Curva";"Não";1;0;0;0;1;0;0;1;-15,69347933;-56,10188752;"SPRF-MT";"DEL01-MT";"UOP02-DEL01-MT"
755179;2026-02-28;"sábado";"04:45:00";"PB";230;41;"SANTA RITA";"Acumulo de água sobre o pavimento";"Queda de ocupante de veículo";"Com Vítimas Feridas";"Amanhecer";"Crescente";"Chuva";"Dupla";"Reta";"Não";1;0;0;1;0;0;1;1;-7,142;-34,992;"SPRF-PB";"DEL01-PB";"UOP02-DEL01-PB"
755180;2026-02-28;"sábado";"04:18:00";"PB";230;290;"SANTA LUZIA";"Transitar no Acostamento";"Colisão frontal";"Com Vítimas Feridas";"Amanhecer";"Crescente";"Nublado";"Simples";"Reta";"Sim";4;0;3;0;1;0;3;2;-6,87081;-36,92491;"SPRF-PB";"DEL03-PB";"UOP01-DEL03-PB"
755181;2026-02-28;"sábado";"05:30:00";"SC";101;211,7;"PALHOCA";"Ingestão de álcool pelo condutor";"Colisão com objeto";"Com Vítimas Feridas";"Amanhecer";"Decrescente";"Céu Claro";"Dupla";"Viaduto;Reta";"Sim";2;0;2;0;0;0;2;1;-27,6283543;-48,65723248;"SPRF-SC";"DEL01-SC";"UOP02-DEL01-SC"
755184;2026-02-28;"sábado";"05:05:00";"SP";116;226,7;"SAO PAULO";"Manobra de mudança de faixa";"Colisão lateral mesmo sentido";"Com Vítimas Feridas";"Amanhecer";"Crescente";"Céu Claro";"Múltipla";"Reta";"Sim";4;0;1;0;3;0;1;2;-23,50084578;-46,5637033;"SPRF-SP";"DEL01-SP";"UOP01-DEL01-SP"
755185;2026-02-28;"sábado";"04:30:00";"SP";116;317;"JUQUITIBA";"Reação tardia ou ineficiente do condutor";"Colisão com objeto";"Sem Vítimas";"Plena Noite";"Crescente";"Garoa/Chuvisco";"Dupla";"Reta";"Não";1;0;0;0;1;0;0;1;-23,92189;-46,99225;"SPRF-SP";"DEL04-SP";"UOP03-DEL04-SP"
755190;2026-02-28;"sábado";"00:30:00";"SC";101;119;"ITAJAI";"Avarias e/ou desgaste excessivo no pneu";"Colisão com objeto";"Com Vítimas Feridas";"Plena Noite";"Crescente";"Céu Claro";"Dupla";"Reta";"Sim";1;0;1;0;0;0;1;1;-26,90504;-48,71529;"SPRF-SC";"DEL04-SC";"UOP04-DEL04-SC"
755191;2026-02-28;"sábado";"06:30:00";"MG";262;767,1;"UBERABA";"Reação tardia ou ineficiente do condutor";"Saída de leito carroçável";"Com Vítimas Feridas";"Amanhecer";"Crescente";"Céu Claro";"Simples";"Declive;Reta";"Não";2;0;0;2;0;0;2;1;-19,7303672;-47,7379044;"SPRF-MG";"DEL13-MG";"UOP01-DEL13-MG"
755192;2026-02-28;"sábado";"06:20:00";"MG";365;625;"UBERLANDIA";"Condutor Dormindo";"Colisão com objeto";"Com Vítimas Feridas";"Amanhecer";"Decrescente";"Céu Claro";"Dupla";"Reta";"Sim";1;0;1;0;0;0;1;1;-18,91070446;-48,306427;"SPRF-MG";"DEL15-MG";"UOP01-DEL15-MG"
755193;2026-02-28;"sábado";"03:00:00";"MT";158;537;"AGUA BOA";"Condutor Dormindo";"Saída de leito carroçável";"Com Vítimas Feridas";"Plena Noite";"Crescente";"Céu Claro";"Simples";"Reta";"Não";1;0;1;0;0;0;1;1;-14,0868919;-52,16092905;"SPRF-MT";"DEL07-MT";"UOP02-DEL07-MT"
755194;2026-02-28;"sábado";"02:30:00";"RO";429;58,7;"ALVORADA DOESTE";"Pista esburacada";"Tombamento";"Com Vítimas Fatais";"Plena Noite";"Crescente";"Céu Claro";"Simples";"Reta";"Não";1;1;0;0;0;0;0;1;-11,396565;-62,334885;"SPRF-RO";"DEL02-RO";"UOP03-DEL02-RO"
755195;2026-02-28;"sábado";"06:15:00";"SP";116;227;"SAO PAULO";"Ausência de reação do condutor";"Colisão traseira";"Sem Vítimas";"Pleno dia";"Crescente";"Céu Claro";"Dupla";"Reta;Interseção de Vias";"Sim";2;0;0;0;1;1;0;2;-23,5000385;-46,56253763;"SPRF-SP";"DEL01-SP";"UOP01-DEL01-SP"
755196;2026-02-28;"sábado";"06:00:00";"SP";116;219;"GUARULHOS";"Transitar na contramão";"Colisão frontal";"Com Vítimas Feridas";"Pleno dia";"Crescente";"Céu Claro";"Múltipla";"Interseção de Vias";"Sim";4;0;3;0;1;0;3;2;-23,45994647;-46,4886694;"SPRF-SP";"DEL01-SP";"UOP01-DEL01-SP"
755197;2026-02-27;"sexta-feira";"19:10:00";"RJ";465;21;"NOVA IGUACU";"Reação tardia ou ineficiente do condutor";"Atropelamento de Pedestre";"Com Vítimas Feridas";"Plena Noite";"Crescente";"Céu Claro";"Simples";"Reta";"Não";2;0;1;0;0;1;1;2;-22,8571948;-43,6006622;"SPRF-RJ";"DEL06-RJ";"UOP02-DEL06-RJ"
755198;2026-02-28;"sábado";"06:50:00";"GO";50;180;"CAMPO ALEGRE DE GOIAS";"Reação tardia ou ineficiente do condutor";"Saída de leito carroçável";"Com Vítimas Feridas";"Amanhecer";"Decrescente";"Céu Claro";"Dupla";"Declive;Reta";"Não";2;0;1;0;1;0;1;1;-17,410708;-47,787521;"SPRF-GO";"DEL06-GO";"UOP01-DEL06-GO"
755199;2026-02-28;"sábado";"06:00:00";"BA";324;530;"FEIRA DE SANTANA";"Velocidade Incompatível";"Saída de leito carroçável";"Com Vítimas Feridas";"Pleno dia";"Decrescente";"Garoa/Chuvisco";"Dupla";"Curva";"Não";1;0;1;0;0;0;1;1;-12,33687958;-38,84979039;"SPRF-BA";"DEL11-BA";"UOP02-DEL11-BA"
755200;2026-02-28;"sábado";"07:19:00";"SP";381;35;"ATIBAIA";"Reação tardia ou ineficiente do condutor";"Queda de ocupante de veículo";"Com Vítimas Feridas";"Pleno dia";"Crescente";"Nublado";"Dupla";"Curva;Aclive";"Sim";1;0;1;0;0;0;1;1;-23,0891525;-46,571799;"SPRF-SP";"DEL03-SP";"UOP02-DEL03-SP"
755201;2026-02-28;"sábado";"07:00:00";"SC";101;35;"JOINVILLE";"Ingestão de álcool pelo condutor";"Colisão com objeto";"Sem Vítimas";"Pleno dia";"Decrescente";"Chuva";"Dupla";"Curva";"Sim";1;0;0;0;1;0;0;1;-26,26708009;-48,89678685;"SPRF-SC";"DEL03-SC";"UOP01-DEL03-SC"
755202;2026-02-28;"sábado";"03:20:00";"PR";277;1;"CURITIBA";"Pedestre cruzava a pista fora da faixa";"Atropelamento de Pedestre";"Com Vítimas Feridas";"Plena Noite";"Crescente";"Céu Claro";"Dupla";"Reta";"Sim";2;0;1;0;1;0;1;2;-25,43148161;-49,31578159;"SPRF-PR";"DEL01-PR";"UOP05-DEL01-PR"
755203;2026-02-28;"sábado";"06:20:00";"SP";116;161;"JACAREI";"Reação tardia ou ineficiente do condutor";"Saída de leito carroçável";"Sem Vítimas";"Amanhecer";"Crescente";"Céu Claro";"Dupla";"Reta";"Sim";1;0;0;0;0;1;0;1;-23,275152;-45,97454;"SPRF-SP";"DEL02-SP";"UOP01-DEL02-SP"
755204;2026-02-14;"sábado";"12:20:00";"MS";163;553,9;"BANDEIRANTES";"Reação tardia ou ineficiente do condutor";"Colisão traseira";"Sem Vítimas";"Pleno dia";"Decrescente";"Céu Claro";"Simples";"Reta";"Não";4;0;0;0;4;0;0;2;-19,87175497;-54,37035084;"SPRF-MS";"DEL01-MS";"UOP02-DEL01-MS"
755205;2026-02-28;"sábado";"08:00:00";"PB";101;86;"JOAO PESSOA";"Acumulo de água sobre o pavimento";"Tombamento";"Com Vítimas Feridas";"Pleno dia";"Decrescente";"Céu Claro";"Dupla";"Reta;Declive";"Sim";1;0;1;0;0;0;1;1;-7,15356931;-34,90809158;"SPRF-PB";"DEL01-PB";"UOP01-DEL01-PB"
755206;2026-02-28;"sábado";"06:45:00";"SP";116;138;"SAO JOSE DOS CAMPOS";"Reação tardia ou ineficiente do condutor";"Queda de ocupante de veículo";"Com Vítimas Feridas";"Amanhecer";"Decrescente";"Céu Claro";"Dupla";"Reta";"Sim";1;0;0;1;0;0;1;1;-23,15758295;-45,79581044;"SPRF-SP";"DEL02-SP";"UOP01-DEL02-SP"
755207;2026-02-28;"sábado";"08:00:00";"RS";290;88;"PORTO ALEGRE";"Demais falhas mecânicas ou elétricas";"Tombamento";"Com Vítimas Feridas";"Pleno dia";"Crescente";"Céu Claro";"Dupla";"Reta";"Não";3;0;2;0;1;0;2;2;-29,96761302;-51,14641363;"SPRF-RS";"DEL01-RS";"UOP01-DEL01-RS"
755212;2026-02-28;"sábado";"07:30:00";"PR";277;596,5;"CASCAVEL";"Transitar na contramão";"Colisão frontal";"Com Vítimas Feridas";"Pleno dia";"Decrescente";"Céu Claro";"Simples";"Reta";"Sim";6;0;2;1;3;0;3;2;-24,97955641;-53,49426124;"SPRF-PR";"DEL04-PR";"UOP01-DEL04-PR"
755213;2026-02-28;"sábado";"08:50:00";"SC";101;129;"CAMBORIU";"Condutor deixou de manter distância do veículo da frente";"Colisão traseira";"Com Vítimas Feridas";"Pleno dia";"Decrescente";"Céu Claro";"Simples";"Reta";"Não";2;0;0;1;1;0;1;2;-26,98222472;-48,67549932;"SPRF-SC";"DEL04-SC";"UOP03-DEL04-SC"
755214;2026-02-28;"sábado";"07:09:00";"MS";262;558;"MIRANDA";"Desrespeitar a preferência no cruzamento";"Colisão transversal";"Com Vítimas Feridas";"Pleno dia";"Crescente";"Céu Claro";"Simples";"Rotatória";"Sim";2;0;1;0;1;0;1;2;-20,234032;-56,378063;"SPRF-MS";"DEL03-MS";"UOP02-DEL03-MS"
755216;2026-02-28;"sábado";"07:50:00";"BA";116;374;"SERRINHA";"Chuva";"Saída de leito carroçável";"Com Vítimas Feridas";"Pleno dia";"Crescente";"Chuva";"Simples";"Em Obras;Reta";"Não";1;0;1;0;0;0;1;1;-11,791985;-38,985252;"SPRF-BA";"DEL02-BA";"UOP01-DEL02-BA"
755217;2026-02-28;"sábado";"06:54:00";"PE";407;10,2;"AFRANIO";"Ausência de reação do condutor";"Colisão traseira";"Com Vítimas Feridas";"Pleno dia";"Decrescente";"Chuva";"Simples";"Reta";"Sim";2;0;1;0;1;0;1;2;-8,520269;-41,006607;"SPRF-PE";"DEL06-PE";"UOP02-DEL06-PE"
755218;2026-02-28;"sábado";"07:05:00";"RO";364;686;"PORTO VELHO";"Reação tardia ou ineficiente do condutor";"Saída de leito carroçável";"Sem Vítimas";"Pleno dia";"Crescente";"Céu Claro";"Simples";"Reta";"Não";2;0;0;0;2;0;0;1;-8,80035581;-63,76176572;"SPRF-RO";"DEL01-RO";"UOP01-DEL01-RO"
755220;2026-02-28;"sábado";"09:20:00";"SC";470;129,1;"LONTRAS";"Reação tardia ou ineficiente do condutor";"Engavetamento";"Com Vítimas Feridas";"Pleno dia";"Crescente";"Sol";"Simples";"Reta";"Não";5;0;1;0;3;1;1;3;-27,15356451;-49,55648152;"SPRF-SC";"DEL04-SC";"UOP02-DEL04-SC"
755221;2026-02-28;"sábado";"09:20:00";"PR";277;35;"MORRETES";"Reação tardia ou ineficiente do condutor";"Queda de ocupante de veículo";"Com Vítimas Feridas";"Pleno dia";"Decrescente";"Céu Claro";"Dupla";"Reta";"Não";1;0;1;0;0;0;1;1;-25,57353484;-48,82595507;"SPRF-PR";"DEL01-PR";"UOP05-DEL01-PR"
755222;2026-02-28;"sábado";"09:30:00";"RJ";101;316;"SAO GONCALO";"Acumulo de areia ou detritos sobre o pavimento";"Queda de ocupante de veículo";"Com Vítimas Feridas";"Pleno dia";"Crescente";"Nublado";"Dupla";"Reta";"Não";1;0;1;0;0;0;1;1;-22,835954;-43,094914;"SPRF-RJ";"DEL02-RJ";"UOP02-DEL02-RJ"
755223;2026-02-28;"sábado";"08:11:00";"MT";364;273;"JACIARA";"Reação tardia ou ineficiente do condutor";"Saída de leito carroçável";"Com Vítimas Feridas";"Pleno dia";"Decrescente";"Nublado";"Dupla";"Curva";"Sim";1;0;1;0;0;0;1;1;-15,958994;-54,972071;"SPRF-MT";"DEL05-MT";"UOP02-DEL05-MT"
755224;2026-02-28;"sábado";"08:30:00";"BA";101;715;"EUNAPOLIS";"Acessar a via sem observar a presença dos outros veículos";"Tombamento";"Com Vítimas Feridas";"Pleno dia";"Crescente";"Chuva";"Simples";"Reta";"Sim";3;0;1;0;1;1;1;2;-16,35452868;-39,5795958;"SPRF-BA";"DEL09-BA";"UOP01-DEL09-BA"
755226;2026-02-28;"sábado";"09:40:00";"RJ";101;451,9;"MANGARATIBA";"Reação tardia ou ineficiente do condutor";"Colisão frontal";"Com Vítimas Feridas";"Pleno dia";"Crescente";"Chuva";"Simples";"Aclive;Curva";"Não";7;0;0;7;0;0;7;2;-23,03117312;-44,13053514;"SPRF-RJ";"DEL03-RJ";"UOP02-DEL03-RJ"
755227;2026-02-28;"sábado";"10:00:00";"RJ";101;451,9;"MANGARATIBA";"Velocidade Incompatível";"Colisão com objeto";"Com Vítimas Feridas";"Pleno dia";"Crescente";"Chuva";"Simples";"Curva";"Não";4;0;1;0;3;0;1;3;-22,98188166;-44,08611171;"SPRF-RJ";"DEL03-RJ";"UOP02-DEL03-RJ"
755229;2026-02-28;"sábado";"05:15:00";"MT";163;1014;"TERRA NOVA DO NORTE";"Condutor Dormindo";"Saída de leito carroçável";"Com Vítimas Feridas";"Plena Noite";"Crescente";"Nublado";"Simples";"Reta";"Não";1;0;0;1;0;0;1;1;-10,369;-55,0463;"SPRF-MT";"DEL06-MT";"UOP03-DEL06-MT"
755230;2026-02-28;"sábado";"10:15:00";"RJ";101;69;"CAMPOS DOS GOYTACAZES";"Acessar a via sem observar a presença dos outros veículos";"Colisão transversal";"Com Vítimas Feridas";"Pleno dia";"Decrescente";"Céu Claro";"Simples";"Reta";"Não";2;0;2;0;0;0;2;2;-21,83602597;-41,42168225;"SPRF-RJ";"DEL08-RJ";"UOP02-DEL08-RJ"
755232;2026-02-28;"sábado";"11:00:00";"SC";101;204,8;"SAO JOSE";"Reação tardia ou ineficiente do condutor";"Colisão traseira";"Com Vítimas Feridas";"Pleno dia";"Crescente";"Céu Claro";"Múltipla";"Reta";"Sim";2;0;1;0;1;0;1;2;-27,5803591;-48,61441612;"SPRF-SC";"DEL01-SC";"UOP01-DEL01-SC"
755235;2026-02-28;"sábado";"10:13:00";"SC";101;34,1;"JOINVILLE";"Condutor deixou de manter distância do veículo da frente";"Colisão lateral mesmo sentido";"Com Vítimas Feridas";"Pleno dia";"Decrescente";"Nublado";"Dupla";"Reta;Declive";"Não";3;0;1;0;0;2;1;3;-26,26377043;-48,90070288;"SPRF-SC";"DEL03-SC";"UOP01-DEL03-SC"
755237;2026-02-28;"sábado";"12:10:00";"GO";40;3;"VALPARAISO DE GOIAS";"Trafegar com motocicleta (ou similar) entre as faixas";"Tombamento";"Com Vítimas Feridas";"Pleno dia";"Decrescente";"Sol";"Dupla";"Reta";"Sim";1;0;0;1;0;0;1;1;-16,07802;-47,985867;"SPRF-DF";"DEL01-DF";"UOP01-DEL01-DF"
755241;2026-02-28;"sábado";"11:45:00";"RS";472;116,3;"BOA VISTA DO BURICA";"Ultrapassagem Indevida";"Colisão lateral mesmo sentido";"Com Vítimas Feridas";"Pleno dia";"Crescente";"Céu Claro";"Simples";"Reta";"Não";2;0;0;1;1;0;1;2;-27,683223;-54,124476;"SPRF-RS";"DEL10-RS";"UOP01-DEL10-RS"
755242;2026-02-28;"sábado";"11:50:00";"SC";101;102,9;"BALNEARIO PICARRAS";"Condutor deixou de manter distância do veículo da frente";"Colisão traseira";"Com Vítimas Feridas";"Pleno dia";"Crescente";"Céu Claro";"Dupla";"Declive;Reta";"Não";2;0;2;0;0;0;2;2;-26,7802639;-48,68446318;"SPRF-SC";"DEL03-SC";"UOP02-DEL03-SC"
755244;2026-02-28;"sábado";"13:15:00";"RS";153;49,9;"ERECHIM";"Acessar a via sem observar a presença dos outros veículos";"Colisão transversal";"Sem Vítimas";"Pleno dia";"Crescente";"Céu Claro";"Simples";"Reta;Declive";"Sim";2;0;0;0;2;0;0;2;-27,65543528;-52,26865618;"SPRF-RS";"DEL08-RS";"UOP04-DEL08-RS"
755245;2026-02-28;"sábado";"10:50:00";"SC";470;27;"ILHOTA";"Ausência de reação do condutor";"Tombamento";"Com Vítimas Feridas";"Pleno dia";"Crescente";"Sol";"Dupla";"Reta";"Não";1;0;1;0;0;0;1;1;-26,89079048;-48,88450518;"SPRF-SC";"DEL04-SC";"UOP01-DEL04-SC"
755246;2026-02-28;"sábado";"12:00:00";"MT";163;749;"SORRISO";"Demais falhas mecânicas ou elétricas";"Incêndio";"Sem Vítimas";"Pleno dia";"Decrescente";"Céu Claro";"Dupla";"Aclive;Reta";"Não";1;0;0;0;1;0;0;1;-12,585275;-55,736628;"SPRF-MT";"DEL06-MT";"UOP01-DEL06-MT"
755247;2026-02-28;"sábado";"13:25:00";"PB";230;511;"CAJAZEIRAS";"Acumulo de água sobre o pavimento";"Queda de ocupante de veículo";"Com Vítimas Feridas";"Pleno dia";"Decrescente";"Garoa/Chuvisco";"Simples";"Reta";"Não";1;0;1;0;0;0;1;1;-6,88603936;-38,61654067;"SPRF-PB";"DEL03-PB";"UOP03-DEL03-PB"
755248;2026-02-28;"sábado";"12:15:00";"MG";116;409;"GOVERNADOR VALADARES";"Condutor deixou de manter distância do veículo da frente";"Colisão traseira";"Com Vítimas Feridas";"Pleno dia";"Decrescente";"Céu Claro";"Simples";"Reta";"Sim";2;0;1;0;1;0;1;2;-18,84568455;-41,98081467;"SPRF-MG";"DEL06-MG";"UOP01-DEL06-MG"
755249;2026-02-28;"sábado";"12:40:00";"PR";376;494;"PONTA GROSSA";"Acessar a via sem observar a presença dos outros veículos";"Colisão lateral mesmo sentido";"Com Vítimas Feridas";"Pleno dia";"Decrescente";"Céu Claro";"Dupla";"Reta";"Sim";3;0;3;0;0;0;3;2;-25,164856;-50,117242;"SPRF-PR";"DEL03-PR";"UOP04-DEL03-PR"
755250;2026-02-13;"sexta-feira";"13:50:00";"RS";392;348;"SANTA MARIA";"Condutor deixou de manter distância do veículo da frente";"Colisão lateral mesmo sentido";"Com Vítimas Feridas";"Pleno dia";"Crescente";"Sol";"Simples";"Reta";"Não";3;0;1;0;2;0;1;3;-29,749345;-53,790873;"SPRF-RS";"DEL09-RS";"UOP01-DEL09-RS"
755251;2026-02-28;"sábado";"14:00:00";"SP";116;34,2;"CRUZEIRO";"Demais falhas mecânicas ou elétricas";"Tombamento";"Com Vítimas Feridas";"Pleno dia";"Decrescente";"Céu Claro";"Dupla";"Reta";"Não";2;0;1;1;0;0;2;1;-22,64034893;-44,94389582;"SPRF-SP";"DEL08-SP";"UOP02-DEL08-SP"
755252;2026-02-28;"sábado";"13:55:00";"SC";101;212,7;"PALHOCA";"Manobra de mudança de faixa";"Colisão com objeto";"Com Vítimas Feridas";"Pleno dia";"Decrescente";"Céu Claro";"Múltipla";"Reta";"Sim";3;0;2;0;1;0;2;2;-27,6346785;-48,663263;"SPRF-SC";"DEL01-SC";"UOP02-DEL01-SC"
755253;2026-02-28;"sábado";"14:30:00";"MG";381;437;"SANTA LUZIA";"Reação tardia ou ineficiente do condutor";"Colisão traseira";"Com Vítimas Feridas";"Pleno dia";"Decrescente";"Nublado";"Simples";"Declive;Reta";"Não";3;0;1;0;2;0;1;2;-19,812427;-43,797274;"SPRF-MG";"DEL01-MG";"UOP01-DEL01-MG"
755254;2026-02-28;"sábado";"10:10:00";"SC";163;113,6;"GUARUJA DO SUL";"Acessar a via sem observar a presença dos outros veículos";"Colisão traseira";"Com Vítimas Feridas";"Pleno dia";"Decrescente";"Céu Claro";"Simples";"Reta";"Não";3;0;1;0;2;0;1;2;-26,37939877;-53,52683751;"SPRF-SC";"DEL07-SC";"UOP03-DEL07-SC"
755257;2026-02-28;"sábado";"15:00:00";"TO";153;151;"ARAGUAINA";"Acessar a via sem observar a presença dos outros veículos";"Colisão transversal";"Com Vítimas Feridas";"Pleno dia";"Crescente";"Nublado";"Simples";"Rotatória;Interseção de Vias;Retorno Regulamentado;Reta";"Sim";7;0;3;0;4;0;3;2;-7,2679872;-48,2652179;"SPRF-TO";"DEL02-TO";"UOP01-DEL02-TO"
755258;2026-02-28;"sábado";"08:30:00";"SP";116;50,4;"LORENA";"Demais falhas mecânicas ou elétricas";"Colisão com objeto";"Com Vítimas Feridas";"Pleno dia";"Decrescente";"Céu Claro";"Dupla";"Declive;Reta";"Sim";2;0;2;0;0;0;2;1;-22,73797;-45,087;"SPRF-SP";"DEL08-SP";"UOP02-DEL08-SP"
755259;2026-02-28;"sábado";"14:55:00";"AP";156;798;"OIAPOQUE";"Ausência de reação do condutor";"Colisão traseira";"Com Vítimas Feridas";"Pleno dia";"Decrescente";"Céu Claro";"Simples";"Reta";"Sim";2;0;0;1;1;0;1;2;3,83499405;-51,80815136;"SPRF-AP";"DEL01-AP";"UOP03-DEL01-AP"
755261;2026-02-28;"sábado";"14:45:00";"PB";230;156,9;"CAMPINA GRANDE";"Demais falhas mecânicas ou elétricas";"Incêndio";"Sem Vítimas";"Pleno dia";"Decrescente";"Nublado";"Múltipla";"Desvio Temporário;Reta";"Sim";1;0;0;0;1;0;0;1;-7,266919;-35,916947;"SPRF-PB";"DEL02-PB";"UOP01-DEL02-PB"
755262;2026-02-20;"sexta-feira";"23:35:00";"SC";101;206,9;"SAO JOSE";"Condutor desrespeitou a iluminação vermelha do semáforo";"Colisão transversal";"Sem Vítimas";"Plena Noite";"Decrescente";"Garoa/Chuvisco";"Múltipla";"Interseção de Vias";"Sim";2;0;0;0;2;0;0;2;-27,59949;-48,621677;"SPRF-SC";"DEL01-SC";"UOP01-DEL01-SC"
755263;2026-02-28;"sábado";"12:30:00";"RO";364;15;"VILHENA";"Reação tardia ou ineficiente do condutor";"Colisão traseira";"Sem Vítimas";"Pleno dia";"Decrescente";"Céu Claro";"Simples";"Reta";"Sim";4;0;0;0;4;0;0;2;-12,736716;-60,149062;"SPRF-RO";"DEL04-RO";"UOP01-DEL04-RO"
755264;2026-02-28;"sábado";"16:05:00";"RS";290;105;"ELDORADO DO SUL";"Acessar a via sem observar a presença dos outros veículos";"Queda de ocupante de veículo";"Com Vítimas Feridas";"Pleno dia";"Crescente";"Céu Claro";"Dupla";"Reta";"Não";1;0;1;0;0;0;1;1;-29,99491649;-51,28227773;"SPRF-RS";"DEL02-RS";"UOP01-DEL02-RS"
755268;2026-02-28;"sábado";"11:00:00";"AL";101;132;"JUNQUEIRO";"Ausência de reação do condutor";"Saída de leito carroçável";"Com Vítimas Feridas";"Pleno dia";"Crescente";"Céu Claro";"Simples";"Reta";"Não";1;0;1;0;0;0;1;1;-9,8972357;-36,4502188;"SPRF-AL";"DEL02-AL";"UOP01-DEL02-AL"
755269;2026-02-28;"sábado";"15:10:00";"BA";415;50;"ITABUNA";"Acessar a via sem observar a presença dos outros veículos";"Colisão frontal";"Com Vítimas Feridas";"Pleno dia";"Crescente";"Chuva";"Simples";"Reta";"Sim";3;0;1;0;1;1;1;2;-14,82255767;-39,31004673;"SPRF-BA";"DEL05-BA";"UOP01-DEL05-BA"
755270;2026-02-28;"sábado";"16:50:00";"SC";282;23,8;"SANTO AMARO DA IMPERATRIZ";"Acessar a via sem observar a presença dos outros veículos";"Colisão transversal";"Com Vítimas Feridas";"Pleno dia";"Crescente";"Céu Claro";"Simples";"Reta;Rotatória";"Sim";3;0;2;0;1;0;2;2;-27,68442114;-48,7436235;"SPRF-SC";"DEL01-SC";"UOP03-DEL01-SC"
755271;2026-02-28;"sábado";"12:53:00";"PE";232;487,6;"VERDEJANTE";"Transitar na contramão";"Colisão frontal";"Com Vítimas Feridas";"Pleno dia";"Crescente";"Nublado";"Simples";"Curva";"Não";3;0;1;1;1;0;2;2;-8,005902;-38,962493;"SPRF-PE";"DEL05-PE";"UOP01-DEL05-PE"
755273;2026-02-28;"sábado";"16:30:00";"CE";116;43;"HORIZONTE";"Ausência de reação do condutor";"Colisão traseira";"Com Vítimas Feridas";"Pleno dia";"Crescente";"Céu Claro";"Dupla";"Reta";"Sim";2;0;1;0;0;1;1;2;-4,1194565;-38,4876562;"SPRF-CE";"DEL01-CE";"UOP02-DEL01-CE"
755274;2026-02-28;"sábado";"16:45:00";"RJ";101;484,3;"ANGRA DOS REIS";"Condutor deixou de manter distância do veículo da frente";"Colisão traseira";"Com Vítimas Feridas";"Pleno dia";"Decrescente";"Céu Claro";"Simples";"Reta";"Não";2;0;1;0;1;0;1;2;-22,99243;-44,30456;"SPRF-RJ";"DEL03-RJ";"UOP03-DEL03-RJ"
755277;2026-02-28;"sábado";"14:30:00";"PR";277;683;"SAO MIGUEL DO IGUACU";"Ausência de reação do condutor";"Colisão com objeto";"Com Vítimas Feridas";"Pleno dia";"Decrescente";"Céu Claro";"Dupla";"Curva";"Não";1;0;1;0;0;0;1;1;-25,33332092;-54,19366837;"SPRF-PR";"DEL05-PR";"UOP01-DEL05-PR"
755278;2026-02-28;"sábado";"17:30:00";"SC";101;233,7;"PALHOCA";"Reação tardia ou ineficiente do condutor";"Colisão com objeto";"Com Vítimas Feridas";"Pleno dia";"Crescente";"Céu Claro";"Dupla";"Curva";"Não";1;0;1;0;0;0;1;1;-27,80910129;-48,63767322;"SPRF-SC";"DEL01-SC";"UOP02-DEL01-SC"