"id";"data_inversa";"dia_semana";"horario";"uf";"br";"km";"municipio";"causa_acidente";"tipo_acidente";"classificacao_acidente";"fase_dia";"sentido_via";"condicao_metereologica";"tipo_pista";"tracado_via";"uso_solo";"pessoas";"mortos";"feridos_leves";"feridos_graves";"ilesos";"ignorados";"feridos";"veiculos";"latitude";"longitude";"regional";"delegacia";"uop"
755279;2026-02-28;"sábado";"09:00:00";"SC";116;301;"CAPAO ALTO";"Reação tardia ou ineficiente do condutor";"Tombamento";"Com Vítimas Feridas";"Pleno dia";"Decrescente";"Céu Claro";"Simples";"Reta";"Não";2;0;2;0;0;0;2;1;-28,10226936;-50,60920715;"SPRF-SC";"DEL05-SC";"UOP02-DEL05-SC"
755280;2026-02-28;"sábado";"16:50:00";"RJ";101;321;"NITEROI";"Ausência de reação do condutor";"Colisão lateral mesmo sentido";"Com Vítimas Feridas";"Anoitecer";"Decrescente";"Nublado";"Dupla";"Aclive;Reta";"Sim";3;0;3;0;0;0;3;2;-22,876334;-43,110219;"SPRF-RJ";"DEL02-RJ";"UOP01-DEL02-RJ"
755281;2026-02-28;"sábado";"16:30:00";"MS";163;486;"CAMPO GRANDE";"Acessar a via sem observar a presença dos outros veículos";"Colisão transversal";"Com Vítimas Feridas";"Pleno dia";"Crescente";"Céu Claro";"Simples";"Reta;Interseção de Vias";"Sim";2;0;1;0;1;0;1;2;-20,427887;-54,545034;"SPRF-MS";"DEL01-MS";"UOP02-DEL01-MS"
755285;2026-02-28;"sábado";"13:50:00";"PA";316;45,7;"SANTA IZABEL DO PARA";"Conversão proibida";"Colisão transversal";"Com Vítimas Feridas";"Pleno dia";"Decrescente";"Garoa/Chuvisco";"Dupla";"Reta";"Não";2;0;0;1;1;0;1;2;-1,279393;-48,070873;"SPRF-PA";"DEL01-PA";"UOP01-DEL01-PA"
755286;2026-02-28;"sábado";"14:24:00";"MA";10;264;"IMPERATRIZ";"Reação tardia ou ineficiente do condutor";"Colisão traseira";"Sem Vítimas";"Pleno dia";"Crescente";"Nublado";"Simples";"Reta;Aclive";"Sim";2;0;0;0;2;0;0;2;-5,42631;-47,47283;"SPRF-MA";"DEL04-MA";"UOP01-DEL04-MA"
755288;2026-02-28;"sábado";"11:28:00";"PI";316;9;"TERESINA";"Pista esburacada";"Queda de ocupante de veículo";"Com Vítimas Feridas";"Pleno dia";"Crescente";"Chuva";"Múltipla";"Reta;Retorno Regulamentado";"Sim";1;0;1;0;0;0;1;1;-5,179728;-42,764782;"SPRF-PI";"DEL01-PI";"UOP02-DEL01-PI"
755289;2026-02-28;"sábado";"18:50:00";"SC";470;141;"RIO DO SUL";"Suicídio (presumido)";"Colisão frontal";"Com Vítimas Feridas";"Anoitecer";"Crescente";"Céu Claro";"Simples";"Curva";"Sim";5;0;4;1;0;0;5;2;-27,20904379;-49,6516463;"SPRF-SC";"DEL04-SC";"UOP02-DEL04-SC"
755290;2026-02-28;"sábado";"19:20:00";"GO";60;92;"ANAPOLIS";"Ingestão de álcool pelo condutor";"Colisão traseira";"Com Vítimas Feridas";"Plena Noite";"Crescente";"Céu Claro";"Dupla";"Reta";"Não";2;0;1;0;1;0;1;2;-16,35309;-48,92169;"SPRF-GO";"DEL02-GO";"UOP01-DEL02-GO"
755291;2026-02-28;"sábado";"19:15:00";"ES";101;290;"CARIACICA";"Acessar a via sem observar a presença dos outros veículos";"Colisão transversal";"Com Vítimas Feridas";"Plena Noite";"Crescente";"Céu Claro";"Dupla";"Reta;Retorno Regulamentado";"Sim";3;0;0;2;1;0;2;2;-20,293783;-40,393024;"SPRF-ES";"DEL01-ES";"UOP01-DEL01-ES"
755293;2026-02-28;"sábado";"19:00:00";"ES";101;64;"SAO MATEUS";"Pedestre andava na pista";"Atropelamento de Pedestre";"Com Vítimas Feridas";"Plena Noite";"Crescente";"Chuva";"Simples";"Reta";"Não";2;0;1;1;0;0;2;2;-18,70316344;-39,86732483;"SPRF-ES";"DEL04-ES";"UOP02-DEL04-ES"
755294;2026-02-28;"sábado";"17:41:00";"MS";163;575,2;"BANDEIRANTES";"Acessar a via sem observar a presença dos outros veículos";"Colisão transversal";"Com Vítimas Feridas";"Anoitecer";"Decrescente";"Céu Claro";"Simples";"Reta;Interseção de Vias";"Não";5;0;4;0;1;0;4;2;-19,6793506;-54,35016487;"SPRF-MS";"DEL01-MS";"UOP02-DEL01-MS"
755295;2026-02-28;"sábado";"19:55:00";"GO";60;90;"ANAPOLIS";"Ingestão de álcool pelo condutor";"Saída de leito carroçável";"Sem Vítimas";"Plena Noite";"Crescente";"Ignorado";"Dupla";"Reta";"Sim";3;0;0;0;2;1;0;3;-16,34624286;-48,90621066;"SPRF-GO";"DEL02-GO";"UOP01-DEL02-GO"
755296;2026-02-28;"sábado";"15:45:00";"SC";101;450,7;"SAO JOAO DO SUL";"Ausência de reação do condutor";"Tombamento";"Com Vítimas Feridas";"Pleno dia";"Crescente";"Céu Claro";"Múltipla";"Reta";"Não";2;0;2;0;0;0;2;1;-29,18390976;-49,75544628;"SPRF-SC";"DEL02-SC";"UOP02-DEL02-SC"
755297;2026-02-28;"sábado";"19:30:00";"RS";116;519,2;"PELOTAS";"Acessar a via sem observar a presença dos outros veículos";"Colisão transversal";"Sem Vítimas";"Anoitecer";"Decrescente";"Céu Claro";"Dupla";"Viaduto";"Sim";6;0;0;0;6;0;0;2;-31,695374;-52,355911;"SPRF-RS";"DEL07-RS";"UOP01-DEL07-RS"
755298;2026-02-28;"sábado";"19:30:00";"PR";163;57;"PEROLA DOESTE";"Acessar a via sem observar a presença dos outros veículos";"Colisão transversal";"Com Vítimas Feridas";"Plena Noite";"Crescente";"Céu Claro";"Simples";"Reta";"Não";2;0;0;1;1;0;1;2;-25,88899109;-53,7523791;"SPRF-PR";"DEL02-PR";"UOP02-DEL02-PR"
755299;2026-02-28;"sábado";"19:40:00";"TO";153;507;"PARAISO DO TOCANTINS";"Ausência de reação do condutor";"Atropelamento de Pedestre";"Com Vítimas Fatais";"Plena Noite";"Crescente";"Nublado";"Simples";"Declive;Reta";"Não";2;1;0;0;0;1;0;2;-10,26103017;-48,87995408;"SPRF-TO";"DEL01-TO";"UOP01-DEL01-TO"
755301;2026-02-28;"sábado";"18:15:00";"BA";235;349;"JUAZEIRO";"Ingestão de álcool pelo condutor";"Colisão frontal";"Com Vítimas Feridas";"Plena Noite";"Crescente";"Garoa/Chuvisco";"Dupla";"Reta";"Sim";2;0;1;0;1;0;1;2;-9,44865;-40,486818;"SPRF-PE";"DEL06-PE";"UOP01-DEL06-PE"
755302;2026-02-28;"sábado";"19:50:00";"SC";470;129,9;"LONTRAS";"Desrespeitar a preferência no cruzamento";"Colisão transversal";"Com Vítimas Feridas";"Plena Noite";"Decrescente";"Céu Claro";"Simples";"Interseção de Vias";"Não";2;0;1;0;1;0;1;2;-27,16044723;-49,55652444;"SPRF-SC";"DEL04-SC";"UOP02-DEL04-SC"
755304;2026-02-28;"sábado";"20:10:00";"PB";101;87,4;"JOAO PESSOA";"Ausência de reação do condutor";"Colisão traseira";"Com Vítimas Feridas";"Plena Noite";"Decrescente";"Céu Claro";"Dupla";"Reta";"Não";4;0;1;1;2;0;2;2;-7,161387;-34,904038;"SPRF-PB";"DEL01-PB";"UOP01-DEL01-PB"
755306;2026-02-28;"sábado";"19:50:00";"TO";153;728,5;"FIGUEIROPOLIS";"Ultrapassagem Indevida";"Colisão frontal";"Com Vítimas Feridas";"Plena Noite";"Crescente";"Nublado";"Simples";"Reta";"Não";4;0;2;1;1;0;3;2;-12,1902;-49,1558;"SPRF-TO";"DEL01-TO";"UOP02-DEL01-TO"
755307;2026-02-28;"sábado";"10:50:00";"SC";280;28;"ARAQUARI";"Ultrapassagem Indevida";"Colisão transversal";"Com Vítimas Feridas";"Pleno dia";"Decrescente";"Nublado";"Simples";"Reta";"Sim";3;0;2;0;1;0;2;2;-26,40424223;-48,74531714;"SPRF-SC";"DEL03-SC";"UOP03-DEL03-SC"
755308;2026-02-28;"sábado";"19:30:00";"TO";153;243;"COLINAS DO TOCANTINS";"Ausência de reação do condutor";"Colisão traseira";"Com Vítimas Feridas";"Plena Noite";"Crescente";"Nublado";"Simples";"Reta";"Sim";4;0;3;1;0;0;4;2;-8,03139;-48,46643;"SPRF-TO";"DEL02-TO";"UOP01-DEL02-TO"
755309;2026-02-28;"sábado";"17:45:00";"MG";262;33,5;"MANHUACU";"Ingestão de álcool pelo condutor";"Colisão com objeto";"Com Vítimas Feridas";"Pleno dia";"Decrescente";"Nublado";"Simples";"Curva";"Sim";1;0;1;0;0;0;1;1;-20,260342;-42,020686;"SPRF-MG";"DEL06-MG";"UOP03-DEL06-MG"
755311;2026-02-28;"sábado";"20:50:00";"SP";116;60,4;"GUARATINGUETA";"Objeto estático sobre o leito carroçável";"Colisão com objeto";"Com Vítimas Feridas";"Plena Noite";"Crescente";"Nublado";"Dupla";"Reta";"Sim";2;0;1;0;0;1;1;2;-22,79367853;-45,16469855;"SPRF-SP";"DEL08-SP";"UOP01-DEL08-SP"
755312;2026-02-28;"sábado";"18:35:00";"PI";316;10;"TERESINA";"Ausência de reação do condutor";"Colisão com objeto";"Com Vítimas Fatais";"Plena Noite";"Decrescente";"Nublado";"Múltipla";"Declive;Reta";"Sim";1;1;0;0;0;0;0;1;-5,18815309;-42,76187807;"SPRF-PI";"DEL01-PI";"UOP02-DEL01-PI"
755313;2026-02-28;"sábado";"19:45:00";"MG";50;8,8;"ARAGUARI";"Pedestre andava na pista";"Saída de leito carroçável";"Com Vítimas Fatais";"Plena Noite";"Crescente";"Céu Claro";"Dupla";"Reta;Aclive";"Não";2;1;0;0;1;0;0;2;-18,49563952;-48,04405896;"SPRF-MG";"DEL15-MG";"UOP02-DEL15-MG"
755314;2026-02-28;"sábado";"18:55:00";"PI";230;195;"OEIRAS";"Ausência de reação do condutor";"Colisão frontal";"Com Vítimas Feridas";"Plena Noite";"Crescente";"Céu Claro";"Simples";"Reta";"Não";2;0;0;1;1;0;1;2;-6,98481068;-42,07849502;"SPRF-PI";"DEL04-PI";"UOP01-DEL04-PI"
755315;2026-02-28;"sábado";"20:30:00";"ES";101;43,5;"CONCEICAO DA BARRA";"Ingestão de álcool pelo condutor";"Saída de leito carroçável";"Com Vítimas Feridas";"Plena Noite";"Crescente";"Nublado";"Simples";"Reta";"Não";1;0;1;0;0;0;1;1;-18,529285;-39,909511;"SPRF-ES";"DEL04-ES";"UOP02-DEL04-ES"
755316;2026-02-28;"sábado";"20:50:00";"SP";116;60,5;"GUARATINGUETA";"Objeto estático sobre o leito carroçável";"Colisão com objeto";"Com Vítimas Feridas";"Plena Noite";"Crescente";"Céu Claro";"Dupla";"Declive;Curva";"Não";1;0;1;0;0;0;1;1;-22,79325894;-45,16406385;"SPRF-SP";"DEL08-SP";"UOP01-DEL08-SP"
755317;2026-02-28;"sábado";"20:55:00";"ES";101;288,9;"CARIACICA";"Velocidade Incompatível";"Saída de leito carroçável";"Com Vítimas Feridas";"Plena Noite";"Crescente";"Céu Claro";"Dupla";"Reta";"Não";1;0;1;0;0;0;1;1;-20,28004574;-40,39303629;"SPRF-ES";"DEL01-ES";"UOP01-DEL01-ES"
755319;2026-02-28;"sábado";"18:00:00";"AM";174;992;"PRESIDENTE FIGUEIREDO";"Acessar a via sem observar a presença dos outros veículos";"Colisão transversal";"Com Vítimas Feridas";"Anoitecer";"Crescente";"Céu Claro";"Simples";"Reta";"Sim";2;0;2;0;0;0;2;2;-2,0442404;-60,02565477;"SPRF-AM";"DEL01-AM";"UOP02-DEL01-AM"
755320;2026-02-28;"sábado";"20:50:00";"PE";232;59;"POMBOS";"Pedestre cruzava a pista fora da faixa";"Atropelamento de Pedestre";"Com Vítimas Feridas";"Plena Noite";"Crescente";"Céu Claro";"Dupla";"Reta";"Não";2;0;0;1;0;1;1;2;-8,16306547;-35,44172287;"SPRF-PE";"DEL02-PE";"UOP02-DEL02PE"
755321;2026-02-28;"sábado";"20:40:00";"SC";101;159,3;"PORTO BELO";"Ingestão de álcool pelo condutor";"Colisão lateral mesmo sentido";"Sem Vítimas";"Plena Noite";"Decrescente";"Céu Claro";"Dupla";"Reta";"Não";2;0;0;0;2;0;0;2;-27,20316;-48,61687;"SPRF-SC";"DEL04-SC";"UOP03-DEL04-SC"
755322;2026-02-28;"sábado";"19:00:00";"MA";135;13;"SAO LUIS";"Acesso irregular";"Colisão transversal";"Sem Vítimas";"Plena Noite";"Crescente";"Chuva";"Simples";"Reta";"Sim";2;0;0;0;2;0;0;2;-2,68396273;-44,29675698;"SPRF-MA";"DEL01-MA";"UOP01-DEL01-MA"
755323;2026-02-28;"sábado";"21:10:00";"PR";376;226,1;"APUCARANA";"Velocidade Incompatível";"Saída de leito carroçável";"Com Vítimas Feridas";"Plena Noite";"Crescente";"Céu Claro";"Dupla";"Reta";"Não";2;0;2;0;0;0;2;1;-23,585409;-51,563934;"SPRF-PR";"DEL07-PR";"UOP03-DEL07-PR"
755324;2026-02-28;"sábado";"20:57:00";"DF";80;14;"BRASILIA";"Acessar a via sem observar a presença dos outros veículos";"Colisão transversal";"Com Vítimas Feridas";"Plena Noite";"Decrescente";"Chuva";"Simples";"Reta;Interseção de Vias";"Não";2;0;1;0;1;0;1;2;-15,712333;-48,198528;"SPRF-DF";"DEL03-DF";"UOP02-DEL03-DF"
755325;2026-02-28;"sábado";"13:00:00";"RJ";116;182;"NOVA IGUACU";"Ausência de reação do condutor";"Colisão lateral mesmo sentido";"Com Vítimas Feridas";"Pleno dia";"Crescente";"Nublado";"Dupla";"Reta;Em Obras";"Sim";3;0;2;0;1;0;2;2;-22,75085501;-43,43951225;"SPRF-RJ";"DEL06-RJ";"UOP01-DEL06-RJ"
755328;2026-02-28;"sábado";"21:25:00";"SE";235;60,6;"ITABAIANA";"Ausência de reação do condutor";"Tombamento";"Com Vítimas Feridas";"Plena Noite";"Decrescente";"Nublado";"Simples";"Reta";"Não";1;0;0;1;0;0;1;1;-10,61850899;-37,46855943;"SPRF-SE";"DEL01-SE";"UOP02-DEL01-SE"
755330;2026-02-28;"sábado";"22:05:00";"RJ";393;252;"BARRA DO PIRAI";"Ausência de reação do condutor";"Colisão traseira";"Sem Vítimas";"Plena Noite";"Crescente";"Céu Claro";"Simples";"Reta";"Sim";3;0;0;0;3;0;0;2;-22,45325963;-43,80665151;"SPRF-RJ";"DEL05-RJ";"UOP04-DEL05-RJ"
755331;2026-02-28;"sábado";"22:40:00";"RS";116;239;"NOVO HAMBURGO";"Ausência de reação do condutor";"Colisão com objeto";"Com Vítimas Feridas";"Plena Noite";"Crescente";"Céu Claro";"Dupla";"Reta";"Sim";2;0;2;0;0;0;2;1;-29,6971626;-51,144681;"SPRF-RS";"DEL01-RS";"UOP02-DEL01-RS"
755332;2026-02-28;"sábado";"22:20:00";"PR";476;115;"COLOMBO";"Desrespeitar a preferência no cruzamento";"Colisão transversal";"Com Vítimas Feridas";"Plena Noite";"Crescente";"Céu Claro";"Simples";"Interseção de Vias";"Sim";3;0;2;0;1;0;2;2;-25,3494214;-49,16425673;"SPRF-PR";"DEL01-PR";"UOP01-DEL01-PR"
755334;2026-02-28;"sábado";"22:30:00";"RN";226;320;"JANDUIS";"Ausência de reação do condutor";"Colisão traseira";"Com Vítimas Feridas";"Plena Noite";"Crescente";"Céu Claro";"Simples";"Reta";"Não";3;0;0;2;0;1;2;2;-6,037132;-37,44527;"SPRF-RN";"DEL04-RN";"UOP01-DEL04-RN"
755335;2026-02-28;"sábado";"22:15:00";"PR";376;179;"MARINGA";"Condutor deixou de manter distância do veículo da frente";"Colisão traseira";"Com Vítimas Feridas";"Plena Noite";"Decrescente";"Céu Claro";"Dupla";"Reta";"Sim";4;0;1;0;1;2;1;4;-23,41762;-51,91765;"SPRF-PR";"DEL09-PR";"UOP01-DEL09-PR"
755336;2026-02-28;"sábado";"20:00:00";"PA";230;179;"ITUPIRANGA";"Ausência de reação do condutor";"Colisão lateral sentido oposto";"Com Vítimas Fatais";"Plena Noite";"Crescente";"Nublado";"Simples";"Declive;Reta";"Não";2;1;1;0;0;0;1;2;-5,035013;-49,460253;"SPRF-PA";"DEL03-PA";"UOP01-DEL03-PA"
755337;2026-02-28;"sábado";"22:30:00";"PR";116;152;"MANDIRITUBA";"Acessar a via sem observar a presença dos outros veículos";"Colisão transversal";"Sem Vítimas";"Plena Noite";"Decrescente";"Céu Claro";"Simples";"Interseção de Vias";"Não";3;0;0;0;3;0;0;2;-25,8619891;-49,36168877;"SPRF-PR";"DEL01-PR";"UOP03-DEL01-PR"
755338;2026-02-28;"sábado";"18:00:00";"SP";101;18;"UBATUBA";"Avarias e/ou desgaste excessivo no pneu";"Incêndio";"Sem Vítimas";"Pleno dia";"Decrescente";"Chuva";"Simples";"Reta";"Não";1;0;0;0;1;0;0;1;-23,31763274;-44,89878822;"SPRF-SP";"DEL06-SP";"UOP01-DEL06-SP"
755340;2026-02-28;"sábado";"22:20:00";"SP";101;49;"UBATUBA";"Acessar a via sem observar a presença dos outros veículos";"Colisão traseira";"Com Vítimas Feridas";"Plena Noite";"Decrescente";"Nublado";"Simples";"Reta";"Não";2;0;0;2;0;0;2;2;-23,44906638;-45,07858799;"SPRF-SP";"DEL06-SP";"UOP01-DEL06-SP"
755341;2026-02-28;"sábado";"12:00:00";"SC";101;243,9;"PALHOCA";"Avarias e/ou desgaste excessivo no pneu";"Tombamento";"Com Vítimas Feridas";"Pleno dia";"Decrescente";"Céu Claro";"Múltipla";"Reta";"Não";2;0;2;0;0;0;2;1;-27,89251;-48,64813;"SPRF-SC";"DEL01-SC";"UOP02-DEL01-SC"
755342;2026-02-28;"sábado";"21:30:00";"MS";158;258,4;"TRES LAGOAS";"Velocidade Incompatível";"Colisão com objeto";"Com Vítimas Feridas";"Plena Noite";"Crescente";"Nublado";"Simples";"Declive;Reta";"Não";3;0;1;0;2;0;1;1;-20,69482291;-51,76324368;"SPRF-MS";"DEL07-MS";"UOP01-DEL07-MS"
755343;2026-02-28;"sábado";"23:00:00";"DF";20;22;"BRASILIA";"Ingestão de álcool pelo condutor";"Colisão traseira";"Com Vítimas Feridas";"Plena Noite";"Crescente";"Chuva";"Dupla";"Reta";"Não";3;0;2;0;1;0;2;2;-15,59696898;-47,67332822;"SPRF-DF";"DEL02-DF";"UOP01-DEL02-DF"
755345;2026-02-28;"sábado";"23:20:00";"RJ";493;97;"SEROPEDICA";"Ausência de reação do condutor";"Saída de leito carroçável";"Com Vítimas Feridas";"Plena Noite";"Crescente";"Garoa/Chuvisco";"Dupla";"Reta";"Não";1;0;0;1;0;0;1;1;-22,73819;-43,72146606;"SPRF-RJ";"DEL01-RJ";"UOP03-DEL01-RJ"
755346;2026-02-28;"sábado";"23:45:00";"GO";153;499;"GOIANIA";"Reação tardia ou ineficiente do condutor";"Colisão lateral mesmo sentido";"Com Vítimas Feridas";"Plena Noite";"Decrescente";"Céu Claro";"Dupla";"Viaduto;Reta";"Sim";3;0;1;0;0;2;1;3;-16,694664;-49,231706;"SPRF-GO";"DEL01-GO";"UOP01-DEL01-GO"
755347;2026-02-28;"sábado";"11:50:00";"GO";153;501;"GOIANIA";"Ausência de reação do condutor";"Saída de leito carroçável";"Com Vítimas Feridas";"Plena Noite";"Crescente";"Nublado";"Dupla";"Curva";"Sim";1;0;1;0;0;0;1;1;-16,710672;-49,231616;"SPRF-GO";"DEL01-GO";"UOP01-DEL01-GO"
755348;2026-02-28;"sábado";"22:40:00";"RJ";101;200;"CASIMIRO DE ABREU";"Animais na Pista";"Atropelamento de Animal";"Com Vítimas Feridas";"Plena Noite";"Decrescente";"Nublado";"Dupla";"Reta";"Não";2;0;1;0;0;1;1;2;-22,48415323;-42,14271164;"SPRF-RJ";"DEL08-RJ";"UOP04-DEL08-RJ"
755349;2026-02-28;"sábado";"23:30:00";"SP";381;87;"GUARULHOS";"Ingestão de álcool pelo condutor";"Colisão lateral mesmo sentido";"Sem Vítimas";"Plena Noite";"Crescente";"Nublado";"Múltipla";"Reta";"Sim";2;0;0;0;2;0;0;2;-23,48269031;-46,55998483;"SPRF-SP";"DEL03-SP";"UOP01-DEL03-SP"
755350;2026-03-01;"domingo";"00:10:00";"CE";116;472;"MILAGRES";"Transitar na contramão";"Colisão frontal";"Sem Vítimas";"Plena Noite";"Crescente";"Nublado";"Simples";"Curva";"Não";2;0;0;0;2;0;0;2;-7,286958;-38,868333;"SPRF-CE";"DEL05-CE";"UOP03-DEL05-CE"
755351;2026-03-01;"domingo";"00:00:00";"PR";116;121;"CURITIBA";"Reação tardia ou ineficiente do condutor";"Saída de leito carroçável";"Sem Vítimas";"Pleno dia";"Decrescente";"Nublado";"Simples";"Reta";"Não";1;0;0;0;1;0;0;1;-25,595205;-49,315995;"SPRF-PR";"DEL01-PR";"UOP03-DEL01-PR"
755352;2026-03-01;"domingo";"00:00:00";"RS";470;222,9;"GARIBALDI";"Ausência de reação do condutor";"Saída de leito carroçável";"Com Vítimas Feridas";"Plena Noite";"Decrescente";"Nublado";"Dupla";"Curva;Retorno Regulamentado";"Não";1;0;1;0;0;0;1;1;-29,22126331;-51,51628582;"SPRF-RS";"DEL06-RS";"UOP01-DEL06-RS"
755353;2026-02-28;"sábado";"19:18:00";"MT";163;1058;"GUARANTA DO NORTE";"Chuva";"Colisão frontal";"Com Vítimas Feridas";"Plena Noite";"Decrescente";"Chuva";"Simples";"Aclive";"Não";7;0;5;2;0;0;7;2;-10,012926;-54,908343;"SPRF-MT";"DEL06-MT";"UOP03-DEL06-MT"
755355;2026-02-28;"sábado";"19:30:00";"PR";277;340;"GUARAPUAVA";"Manobra de mudança de faixa";"Colisão lateral mesmo sentido";"Sem Vítimas";"Plena Noite";"Decrescente";"Céu Claro";"Dupla";"Aclive;Reta";"Não";4;0;0;0;4;0;0;2;-25,34564;-51,40455;"SPRF-PR";"DEL08-PR";"UOP01-DEL08-PR"
755356;2026-03-01;"domingo";"00:52:00";"SC";282;6;"SAO JOSE";"Ingestão de álcool pelo condutor";"Colisão com objeto";"Sem Vítimas";"Plena Noite";"Decrescente";"Nublado";"Dupla";"Declive;Curva";"Sim";1;0;0;0;1;0;0;1;-27,58607855;-48,61550543;"SPRF-SC";"DEL01-SC";"UOP01-DEL01-SC"
755357;2026-02-28;"sábado";"19:35:00";"PR";373;401;"CANDOI";"Ausência de reação do condutor";"Saída de leito carroçável";"Com Vítimas Feridas";"Plena Noite";"Decrescente";"Céu Claro";"Simples";"Reta";"Não";1;0;1;0;0;0;1;1;-25,580497;-52,056788;"SPRF-PR";"DEL08-PR";"UOP01-DEL08-PR"
755358;2026-03-01;"domingo";"01:10:00";"SP";381;86;"SAO PAULO";"Ausência de reação do condutor";"Colisão traseira";"Sem Vítimas";"Plena Noite";"Decrescente";"Céu Claro";"Múltipla";"Curva";"Não";2;0;0;0;1;1;0;2;-23,47194613;-46,56632423;"SPRF-SP";"DEL03-SP";"UOP01-DEL03-SP"
755360;2026-02-28;"sábado";"23:30:00";"MS";463;90;"PONTA PORA";"Ausência de reação do condutor";"Tombamento";"Com Vítimas Feridas";"Plena Noite";"Crescente";"Céu Claro";"Simples";"Reta";"Não";1;0;0;1;0;0;1;1;-22,5967;-55,5361;"SPRF-MS";"DEL04-MS";"UOP03-DEL04-MS"
755361;2026-03-01;"domingo";"01:00:00";"PR";277;77;"SAO JOSE DOS PINHAIS";"Ingestão de álcool pelo condutor";"Colisão traseira";"Com Vítimas Feridas";"Plena Noite";"Crescente";"Céu Claro";"Dupla";"Reta";"Não";8;0;0;2;6;0;2;3;-25,50119415;-49,1515719;"SPRF-PR";"DEL01-PR";"UOP07-DEL01-PR"
755362;2026-02-28;"sábado";"21:00:00";"RS";287;364;"JAGUARI";"Ingestão de álcool pelo condutor";"Colisão transversal";"Sem Vítimas";"Plena Noite";"Decrescente";"Céu Claro";"Simples";"Aclive;Curva";"Não";5;0;0;0;5;0;0;2;-29,4269574;-54,71904337;"SPRF-RS";"DEL12-RS";"UOP02-DEL12-RS"
755364;2026-03-01;"domingo";"01:05:00";"SC";163;81;"GUARACIABA";"Ingestão de álcool pelo condutor";"Saída de leito carroçável";"Sem Vítimas";"Plena Noite";"Crescente";"Céu Claro";"Dupla";"Declive;Reta";"Não";1;0;0;0;1;0;0;1;-26,63016273;-53,51726739;"SPRF-SC";"DEL07-SC";"UOP03-DEL07-SC"
755367;2026-03-01;"domingo";"00:50:00";"RN";226;245,6;"JUCURUTU";"Ausência de reação do condutor";"Colisão transversal";"Com Vítimas Feridas";"Plena Noite";"Decrescente";"Chuva";"Simples";"Reta;Interseção de Vias";"Sim";2;0;1;0;1;0;1;2;-6,03329522;-37,01378703;"SPRF-RN";"DEL03-RN";"UOP01-DEL03-RN"
755369;2026-03-01;"domingo";"04:10:00";"RS";116;237;"NOVO HAMBURGO";"Ingestão de álcool pelo condutor";"Colisão frontal";"Com Vítimas Feridas";"Plena Noite";"Decrescente";"Céu Claro";"Dupla";"Reta;Em Obras;Declive";"Sim";4;0;3;0;1;0;3;2;-29,68078683;-51,1420626;"SPRF-RS";"DEL01-RS";"UOP02-DEL01-RS"
755370;2026-03-01;"domingo";"02:35:00";"MT";364;209;"RONDONOPOLIS";"Ingestão de álcool pelo condutor";"Saída de leito carroçável";"Com Vítimas Feridas";"Plena Noite";"Crescente";"Céu Claro";"Dupla";"Reta";"Sim";2;0;0;2;0;0;2;1;-16,42884059;-54,69371796;"SPRF-MT";"DEL02-MT";"UOP01-DEL02-MT"
755371;2026-03-01;"domingo";"04:45:00";"PA";10;338;"SANTA MARIA DO PARA";"Transitar na contramão";"Colisão frontal";"Com Vítimas Fatais";"Amanhecer";"Crescente";"Chuva";"Simples";"Reta;Aclive";"Não";2;1;1;0;0;0;1;2;-1,3402112;-47,5824128;"SPRF-PA";"DEL01-PA";"UOP02-DEL01-PA"
755372;2026-03-01;"domingo";"01:05:00";"MT";163;1050;"MATUPA";"Ingestão de álcool pelo condutor";"Saída de leito carroçável";"Sem Vítimas";"Plena Noite";"Crescente";"Ignorado";"Simples";"Reta";"Não";1;0;0;0;1;0;0;1;-10,081968;-54,911811;"SPRF-MT";"DEL06-MT";"UOP03-DEL06-MT"
755373;2026-03-01;"domingo";"04:30:00";"PE";101;74;"RECIFE";"Ausência de reação do condutor";"Saída de leito carroçável";"Com Vítimas Feridas";"Amanhecer";"Crescente";"Céu Claro";"Dupla";"Curva";"Sim";1;0;0;1;0;0;1;1;-8,10332;-34,948492;"SPRF-PE";"DEL01-PE";"UOP01-DEL01-PE"
755375;2026-03-01;"domingo";"04:20:00";"AL";101;196;"SAO SEBASTIAO";"Ingestão de álcool pelo condutor";"Queda de ocupante de veículo";"Com Vítimas Feridas";"Amanhecer";"Crescente";"Céu Claro";"Dupla";"Reta";"Não";1;0;0;1;0;0;1;1;-9,933063;-36,511703;"SPRF-AL";"DEL02-AL";"UOP02-DEL02-AL"
755376;2026-03-01;"domingo";"04:58:00";"DF";20;11;"BRASILIA";"Entrada inopinada do pedestre";"Atropelamento de Pedestre";"Com Vítimas Feridas";"Amanhecer";"Decrescente";"Céu Claro";"Múltipla";"Declive;Reta";"Sim";2;0;0;1;1;0;1;2;-15,6463965;-47,7660676;"SPRF-DF";"DEL02-DF";"UOP01-DEL02-DF"
755377;2026-03-01;"domingo";"04:41:00";"PI";230;197;"OEIRAS";"Acumulo de água sobre o pavimento";"Tombamento";"Com Vítimas Feridas";"Amanhecer";"Crescente";"Chuva";"Dupla";"Reta";"Sim";1;0;0;1;0;0;1;1;-7,01020809;-42,1287678;"SPRF-PI";"DEL04-PI";"UOP01-DEL04-PI"
755378;2026-03-01;"domingo";"04:40:00";"ES";101;165;"IBATIBA";"Ingestão de álcool pelo condutor";"Colisão frontal";"Com Vítimas Feridas";"Amanhecer";"Crescente";"Céu Claro";"Simples";"Aclive;Reta";"Não";4;0;2;0;2;0;2;2;-20,2508765;-41,5667044;"SPRF-ES";"DEL04-ES";"UOP01-DEL04-ES"