"id";"data_inversa";"dia_semana";"horario";"uf";"br";"km";"municipio";"causa_acidente";"tipo_acidente";"classificacao_acidente";"fase_dia";"sentido_via";"condicao_metereologica";"tipo_pista";"tracado_via";"uso_solo";"pessoas";"mortos";"feridos_leves";"feridos_graves";"ilesos";"ignorados";"feridos";"veiculos";"latitude";"longitude";"regional";"delegacia";"uop"
755379;2026-03-01;"domingo";"05:10:00";"SP";116;443;"REGISTRO";"Ausência de reação do condutor";"Colisão com objeto";"Com Vítimas Feridas";"Amanhecer";"Crescente";"Céu Claro";"Dupla";"Reta";"Não";2;0;2;0;0;0;2;1;-24,474025;-47,826093;"SPRF-SP";"DEL05-SP";"UOP01-DEL05-SP"
755380;2026-02-25;"quarta-feira";"13:00:00";"RJ";101;293;"ITABORAI";"Reação tardia ou ineficiente do condutor";"Colisão traseira";"Com Vítimas Feridas";"Pleno dia";"Crescente";"Céu Claro";"Dupla";"Curva";"Sim";2;0;1;0;1;0;1;2;-22,75607184;-42,89217995;"SPRF-RJ";"DEL02-RJ";"UOP02-DEL02-RJ"
755381;2026-03-01;"domingo";"01:45:00";"SP";153;212,5;"GUAIMBE";"Condutor Dormindo";"Colisão frontal";"Com Vítimas Feridas";"Plena Noite";"Decrescente";"Nublado";"Simples";"Reta;Aclive";"Não";6;0;4;0;2;0;4;2;-21,92250396;-49,91663933;"SPRF-SP";"DEL07-SP";"UOP02-DEL07-SP"
755382;2026-03-01;"domingo";"06:00:00";"GO";153;323;"RIANAPOLIS";"Ausência de reação do condutor";"Saída de leito carroçável";"Com Vítimas Feridas";"Amanhecer";"Crescente";"Nublado";"Simples";"Interseção de Vias";"Não";3;0;2;0;1;0;2;2;-15,474645;-49,495869;"SPRF-GO";"DEL02-GO";"UOP02-DEL02-GO"
755383;2026-03-01;"domingo";"04:00:00";"SC";101;123;"ITAJAI";"Ausência de reação do condutor";"Tombamento";"Com Vítimas Feridas";"Plena Noite";"Decrescente";"Nublado";"Múltipla";"Reta";"Não";2;0;0;2;0;0;2;1;-26,93153814;-48,70361701;"SPRF-SC";"DEL04-SC";"UOP04-DEL04-SC"
755384;2026-03-01;"domingo";"03:32:00";"SC";282;194;"LAGES";"Ingestão de álcool pelo condutor";"Saída de leito carroçável";"Sem Vítimas";"Plena Noite";"Decrescente";"Céu Claro";"Simples";"Reta;Aclive";"Não";1;0;0;0;1;0;0;1;-27,744223;-50,07799;"SPRF-SC";"DEL05-SC";"UOP01-DEL05-SC"
755386;2026-03-01;"domingo";"05:48:00";"PI";343;348;"TERESINA";"Ausência de reação do condutor";"Colisão traseira";"Sem Vítimas";"Pleno dia";"Crescente";"Céu Claro";"Simples";"Reta";"Não";2;0;0;0;2;0;0;2;-5,11894668;-42,78698087;"SPRF-PI";"DEL01-PI";"UOP01-DEL01-PI"
755387;2026-02-28;"sábado";"22:15:00";"MG";262;433;"NOVA SERRANA";"Reação tardia ou ineficiente do condutor";"Colisão traseira";"Com Vítimas Feridas";"Plena Noite";"Decrescente";"Céu Claro";"Dupla";"Reta";"Não";2;0;1;0;1;0;1;2;-19,89083736;-44,88942147;"SPRF-MG";"DEL08-MG";"UOP03-DEL08-MG"
755389;2026-03-01;"domingo";"05:00:00";"PR";373;243,5;"GUAMIRANGA";"Ingestão de álcool pelo condutor";"Saída de leito carroçável";"Com Vítimas Feridas";"Plena Noite";"Crescente";"Céu Claro";"Simples";"Declive;Curva";"Não";2;0;1;0;1;0;1;1;-25,193785;-50,789872;"SPRF-PR";"DEL03-PR";"UOP01-DEL03-PR"
755390;2026-02-28;"sábado";"18:50:00";"MG";262;408,8;"IGARATINGA";"Velocidade Incompatível";"Capotamento";"Com Vítimas Feridas";"Anoitecer";"Crescente";"Nublado";"Dupla";"Reta";"Não";1;0;1;0;0;0;1;1;-19,90052;-44,69474;"SPRF-MG";"DEL08-MG";"UOP03-DEL08-MG"
755391;2026-03-01;"domingo";"06:30:00";"RJ";101;54;"CAMPOS DOS GOYTACAZES";"Ingestão de álcool pelo condutor";"Colisão lateral sentido oposto";"Com Vítimas Feridas";"Pleno dia";"Crescente";"Céu Claro";"Simples";"Reta";"Sim";2;0;0;1;1;0;1;2;-21,68870061;-41,31038666;"SPRF-RJ";"DEL08-RJ";"UOP01-DEL08-RJ"
755392;2026-03-01;"domingo";"07:00:00";"GO";364;114;"APARECIDA DO RIO DOCE";"Ausência de reação do condutor";"Colisão com objeto";"Sem Vítimas";"Pleno dia";"Crescente";"Céu Claro";"Simples";"Interseção de Vias";"Sim";1;0;0;0;1;0;0;1;-18,296198;-51,149418;"SPRF-GO";"DEL05-GO";"UOP02-DEL05-GO"
755394;2026-03-01;"domingo";"06:40:00";"MG";40;330,5;"FELIXLANDIA";"Condutor Dormindo";"Tombamento";"Com Vítimas Feridas";"Pleno dia";"Crescente";"Céu Claro";"Simples";"Declive;Reta";"Não";1;0;1;0;0;0;1;1;-18,5754;-45,0169;"SPRF-MG";"DEL14-MG";"UOP02-DEL14-MG"
755395;2026-03-01;"domingo";"06:48:00";"PE";232;106;"BEZERROS";"Transitar na contramão";"Colisão frontal";"Com Vítimas Feridas";"Pleno dia";"Decrescente";"Céu Claro";"Dupla";"Reta";"Não";3;0;2;0;1;0;2;2;-8,26883;-35,79767;"SPRF-PE";"DEL02-PE";"UOP03-DEL02-PE"
755396;2026-03-01;"domingo";"06:50:00";"SC";280;130;"RIO NEGRINHO";"Acessar a via sem observar a presença dos outros veículos";"Colisão transversal";"Com Vítimas Feridas";"Amanhecer";"Crescente";"Céu Claro";"Simples";"Reta";"Não";4;0;0;3;1;0;3;2;-26,254435;-49,536205;"SPRF-SC";"DEL06-SC";"UOP03-DEL06-SC"
755397;2026-03-01;"domingo";"04:50:00";"MT";364;250;"JUSCIMEIRA";"Manobra de mudança de faixa";"Queda de ocupante de veículo";"Com Vítimas Feridas";"Plena Noite";"Decrescente";"Céu Claro";"Dupla";"Reta";"Não";2;0;0;1;0;1;1;1;-16,12820071;-54,84500888;"SPRF-MT";"DEL02-MT";"UOP01-DEL02-MT"
755398;2026-03-01;"domingo";"07:50:00";"SP";116;1;"GUARULHOS";"Ausência de reação do condutor";"Colisão lateral mesmo sentido";"Com Vítimas Feridas";"Pleno dia";"Crescente";"Céu Claro";"Dupla";"Reta";"Não";3;0;1;0;1;1;1;2;-23,45042524;-46,4921619;"SPRF-SP";"DEL01-SP";"UOP01-DEL01-SP"
755399;2026-03-01;"domingo";"06:20:00";"MS";262;240;"RIBAS DO RIO PARDO";"Acessar a via sem observar a presença dos outros veículos";"Colisão transversal";"Com Vítimas Feridas";"Amanhecer";"Decrescente";"Céu Claro";"Simples";"Reta";"Sim";3;0;2;0;1;0;2;2;-20,4609521;-53,7081442;"SPRF-MS";"DEL01-MS";"UOP05-DEL01-MS"
755400;2026-03-01;"domingo";"07:20:00";"PE";101;65;"RECIFE";"Reação tardia ou ineficiente do condutor";"Colisão transversal";"Com Vítimas Feridas";"Pleno dia";"Decrescente";"Chuva";"Múltipla";"Reta";"Sim";2;0;1;0;0;1;1;2;-8,030013;-34,942927;"SPRF-PE";"DEL01-PE";"UOP01-DEL01-PE"
755402;2026-02-27;"sexta-feira";"09:30:00";"RN";406;169;"SAO GONCALO DO AMARANTE";"Reação tardia ou ineficiente do condutor";"Tombamento";"Com Vítimas Feridas";"Pleno dia";"Crescente";"Ignorado";"Dupla";"Reta";"Não";2;0;1;0;0;1;1;2;-5,755123;-35,308357;"SPRF-RN";"DEL02-RN";"UOP01-DEL02-RN"
755403;2026-01-28;"quarta-feira";"22:30:00";"MG";381;511;"IGARAPE";"Ausência de reação do condutor";"Tombamento";"Com Vítimas Feridas";"Plena Noite";"Decrescente";"Céu Claro";"Dupla";"Reta";"Não";2;0;0;1;1;0;1;1;-20,07095528;-44,2994298;"SPRF-MG";"DEL01-MG";"UOP03-DEL01-MG"
755404;2026-03-01;"domingo";"06:20:00";"PR";153;323;"IMBITUVA";"Transitar na contramão";"Colisão frontal";"Com Vítimas Feridas";"Amanhecer";"Decrescente";"Céu Claro";"Simples";"Reta";"Não";31;0;2;0;29;0;2;2;-25,33064086;-50,63460097;"SPRF-PR";"DEL08-PR";"UOP02-DEL08-PR"
755405;2026-03-01;"domingo";"08:10:00";"MG";50;41;"ARAGUARI";"Ausência de reação do condutor";"Tombamento";"Com Vítimas Feridas";"Pleno dia";"Crescente";"Céu Claro";"Dupla";"Declive;Reta";"Não";1;0;1;0;0;0;1;1;-18,682895;-48,17896;"SPRF-MG";"DEL15-MG";"UOP02-DEL15-MG"
755406;2026-02-28;"sábado";"17:25:00";"MT";163;801;"VERA";"Ausência de reação do condutor";"Saída de leito carroçável";"Sem Vítimas";"Pleno dia";"Crescente";"Chuva";"Simples";"Curva";"Não";1;0;0;0;1;0;0;1;-12,1622406;-55,5144918;"SPRF-MT";"DEL06-MT";"UOP02-DEL06-MT"
755407;2026-02-13;"sexta-feira";"10:20:00";"SC";101;157;"PORTO BELO";"Ausência de reação do condutor";"Colisão lateral sentido oposto";"Com Vítimas Feridas";"Pleno dia";"Decrescente";"Céu Claro";"Dupla";"Reta";"Sim";2;0;1;0;0;1;1;2;-27,182845;-48,612046;"SPRF-SC";"DEL04-SC";"UOP03-DEL04-SC"
755408;2026-03-01;"domingo";"07:40:00";"PB";230;15,1;"JOAO PESSOA";"Reação tardia ou ineficiente do condutor";"Colisão com objeto";"Sem Vítimas";"Pleno dia";"Decrescente";"Chuva";"Dupla";"Declive;Curva";"Sim";2;0;0;0;1;1;0;1;-7,10163904;-34,84748393;"SPRF-PB";"DEL01-PB";"UOP01-DEL01-PB"
755409;2026-03-01;"domingo";"08:16:00";"SP";116;498;"CAJATI";"Ausência de reação do condutor";"Queda de ocupante de veículo";"Com Vítimas Feridas";"Pleno dia";"Crescente";"Céu Claro";"Múltipla";"Reta";"Não";1;0;1;0;0;0;1;1;-24,78082066;-48,17494941;"SPRF-SP";"DEL05-SP";"UOP02-DEL05-SP"
755410;2026-03-01;"domingo";"08:45:00";"MG";262;376,5;"MATEUS LEME";"Velocidade Incompatível";"Colisão lateral mesmo sentido";"Com Vítimas Feridas";"Pleno dia";"Crescente";"Céu Claro";"Dupla";"Reta;Aclive";"Não";3;0;1;0;2;0;1;2;-19,93716936;-44,44392836;"SPRF-MG";"DEL01-MG";"UOP03-DEL01-MG"
755412;2026-01-16;"sexta-feira";"18:30:00";"RN";101;104;"PARNAMIRIM";"Manobra de mudança de faixa";"Colisão lateral mesmo sentido";"Com Vítimas Feridas";"Plena Noite";"Decrescente";"Céu Claro";"Dupla";"Reta";"Sim";3;0;2;1;0;0;3;2;-5,8960849;-35,25796859;"SPRF-RN";"DEL01-RN";"UOP01-DEL01-RN"
755415;2026-03-01;"domingo";"08:30:00";"RS";470;318,1;"TRIUNFO";"Ingestão de álcool pelo condutor";"Saída de leito carroçável";"Sem Vítimas";"Pleno dia";"Crescente";"Céu Claro";"Simples";"Reta";"Não";1;0;0;0;1;0;0;1;-29,755909;-51,665545;"SPRF-RS";"DEL04-RS";"UOP02-DEL04-RS"
755416;2026-03-01;"domingo";"09:50:00";"SC";280;28,1;"ARAQUARI";"Acessar a via sem observar a presença dos outros veículos";"Colisão transversal";"Com Vítimas Feridas";"Pleno dia";"Decrescente";"Céu Claro";"Simples";"Reta";"Sim";3;0;2;0;1;0;2;2;-26,378342;-48,720342;"SPRF-SC";"DEL03-SC";"UOP03-DEL03-SC"
755417;2026-01-01;"quinta-feira";"04:20:00";"PR";277;9;"FOZ DO IGUACU";"Transitar na contramão";"Colisão frontal";"Com Vítimas Feridas";"Plena Noite";"Crescente";"Nublado";"Dupla";"Viaduto";"Sim";2;0;0;1;0;1;1;2;-25,5762463;-54,5498654;"SPRF-PR";"DEL05-PR";"UOP04-DEL05-PR"
755418;2026-03-01;"domingo";"10:08:00";"TO";10;452;"PALMAS";"Reação tardia ou ineficiente do condutor";"Colisão com objeto";"Sem Vítimas";"Pleno dia";"Crescente";"Garoa/Chuvisco";"Dupla";"Reta";"Não";1;0;0;0;1;0;0;1;-10,3279843;-48,29798484;"SPRF-TO";"DEL01-TO";"UOP03-DEL01-TO"
755419;2026-03-01;"domingo";"07:30:00";"PE";104;79;"CARUARU";"Ausência de reação do condutor";"Saída de leito carroçável";"Com Vítimas Feridas";"Pleno dia";"Crescente";"Céu Claro";"Simples";"Curva";"Não";1;0;0;1;0;0;1;1;-8,385709;-35,981682;"SPRF-PE";"DEL02-PE";"UOP01-DEL02-PE"
755420;2026-03-01;"domingo";"10:20:00";"RS";290;223,3;"PANTANO GRANDE";"Reação tardia ou ineficiente do condutor";"Saída de leito carroçável";"Com Vítimas Feridas";"Pleno dia";"Crescente";"Sol";"Dupla";"Reta";"Não";2;0;1;0;1;0;1;1;-30,20274073;-52,44992003;"SPRF-RS";"DEL02-RS";"UOP03-DEL02-RS"
755421;2026-03-01;"domingo";"09:10:00";"PE";232;71;"GRAVATA";"Ausência de reação do condutor";"Queda de ocupante de veículo";"Com Vítimas Feridas";"Pleno dia";"Crescente";"Nublado";"Dupla";"Declive;Reta";"Não";1;0;1;0;0;0;1;1;-8,185595;-35,49815;"SPRF-PE";"DEL02-PE";"UOP02-DEL02PE"
755423;2026-03-01;"domingo";"11:25:00";"SC";282;16,4;"PALHOCA";"Acessar a via sem observar a presença dos outros veículos";"Colisão transversal";"Com Vítimas Feridas";"Pleno dia";"Decrescente";"Nublado";"Simples";"Interseção de Vias;Reta";"Sim";2;0;0;1;1;0;1;2;-27,661626;-48,684596;"SPRF-SC";"DEL01-SC";"UOP02-DEL01-SC"
755424;2026-03-01;"domingo";"11:15:00";"SP";381;70;"MAIRIPORA";"Reação tardia ou ineficiente do condutor";"Queda de ocupante de veículo";"Com Vítimas Feridas";"Pleno dia";"Decrescente";"Céu Claro";"Dupla";"Declive;Curva";"Não";1;0;1;0;0;0;1;1;-23,35034304;-46,5619576;"SPRF-SP";"DEL03-SP";"UOP01-DEL03-SP"
755425;2026-03-01;"domingo";"07:30:00";"SP";116;220;"GUARULHOS";"Trafegar com motocicleta (ou similar) entre as faixas";"Colisão lateral mesmo sentido";"Com Vítimas Feridas";"Pleno dia";"Crescente";"Nublado";"Múltipla";"Reta";"Sim";3;0;1;0;2;0;1;3;-23,49450156;-46,55362529;"SPRF-SP";"DEL01-SP";"UOP01-DEL01-SP"
755427;2026-03-01;"domingo";"12:00:00";"MG";153;233,1;"FRONTEIRA";"Afundamento ou ondulação no pavimento";"Tombamento";"Com Vítimas Feridas";"Pleno dia";"Decrescente";"Céu Claro";"Simples";"Reta;Aclive";"Não";1;0;0;1;0;0;1;1;-20,20867;-49,13596;"SPRF-MG";"DEL13-MG";"UOP02-DEL13-MG"
755429;2026-02-26;"quinta-feira";"06:10:00";"SP";381;69;"MAIRIPORA";"Ausência de reação do condutor";"Colisão com objeto";"Com Vítimas Feridas";"Amanhecer";"Decrescente";"Chuva";"Simples";"Declive;Curva";"Não";1;0;1;0;0;0;1;1;-23,349088;-46,560932;"SPRF-SP";"DEL03-SP";"UOP01-DEL03-SP"
755430;2026-03-01;"domingo";"12:15:00";"PB";230;9;"CABEDELO";"Ausência de reação do condutor";"Colisão traseira";"Com Vítimas Feridas";"Pleno dia";"Decrescente";"Nublado";"Dupla";"Reta";"Sim";2;0;1;0;1;0;1;2;-7,046512;-34,847527;"SPRF-PB";"DEL01-PB";"UOP01-DEL01-PB"
755431;2026-03-01;"domingo";"12:20:00";"PR";277;213;"PALMEIRA";"Ausência de reação do condutor";"Saída de leito carroçável";"Com Vítimas Feridas";"Pleno dia";"Crescente";"Sol";"Simples";"Curva";"Não";2;0;2;0;0;0;2;1;-25,45925;-50,33149;"SPRF-PR";"DEL08-PR";"UOP02-DEL08-PR"
755432;2026-03-01;"domingo";"12:47:00";"PI";343;7,8;"PARNAIBA";"Ingestão de álcool pelo condutor";"Colisão traseira";"Com Vítimas Feridas";"Pleno dia";"Crescente";"Nublado";"Simples";"Reta";"Sim";2;0;0;1;1;0;1;2;-2,89926771;-41,72280455;"SPRF-PI";"DEL05-PI";"UOP01-DEL05-PI"
755433;2026-03-01;"domingo";"11:10:00";"SC";101;432,9;"SOMBRIO";"Manobra de mudança de faixa";"Colisão com objeto";"Com Vítimas Feridas";"Pleno dia";"Crescente";"Céu Claro";"Múltipla";"Reta";"Sim";5;0;4;1;0;0;5;1;-29,07938486;-49,62900862;"SPRF-SC";"DEL02-SC";"UOP02-DEL02-SC"
755435;2026-03-01;"domingo";"11:15:00";"PA";316;151,9;"CAPANEMA";"Acesso irregular";"Colisão transversal";"Com Vítimas Feridas";"Pleno dia";"Decrescente";"Nublado";"Simples";"Reta";"Não";7;0;1;0;6;0;1;2;-1,222853;-47,168595;"SPRF-PA";"DEL01-PA";"UOP03-DEL01-PA"
755436;2026-03-01;"domingo";"11:00:00";"RJ";101;409;"ITAGUAI";"Manobra de mudança de faixa";"Colisão lateral mesmo sentido";"Com Vítimas Feridas";"Pleno dia";"Crescente";"Céu Claro";"Dupla";"Reta";"Não";2;0;1;0;1;0;1;2;-22,85894021;-43,75935193;"SPRF-RJ";"DEL03-RJ";"UOP01-DEL03-RJ"
755438;2026-02-13;"sexta-feira";"13:30:00";"PR";476;118;"COLOMBO";"Reação tardia ou ineficiente do condutor";"Tombamento";"Com Vítimas Feridas";"Pleno dia";"Decrescente";"Chuva";"Dupla";"Curva";"Sim";1;0;1;0;0;0;1;1;-25,34805959;-49,17390347;"SPRF-PR";"DEL01-PR";"UOP01-DEL01-PR"
755439;2026-03-01;"domingo";"13:30:00";"BA";407;5,5;"JUAZEIRO";"Transitar na contramão";"Colisão lateral sentido oposto";"Com Vítimas Fatais";"Pleno dia";"Decrescente";"Céu Claro";"Simples";"Reta";"Sim";1;1;0;0;0;0;0;1;-9,44732302;-40,49065797;"SPRF-PE";"DEL06-PE";"UOP01-DEL06-PE"
755443;2026-03-01;"domingo";"14:00:00";"ES";259;63,5;"COLATINA";"Demais falhas mecânicas ou elétricas";"Tombamento";"Com Vítimas Feridas";"Pleno dia";"Decrescente";"Sol";"Simples";"Reta";"Não";2;0;1;1;0;0;2;1;-19,52113669;-40,71166277;"SPRF-ES";"DEL02-ES";"UOP01-DEL02-ES"
755445;2026-02-27;"sexta-feira";"00:30:00";"SC";282;151;"BOM RETIRO";"Ausência de reação do condutor";"Saída de leito carroçável";"Com Vítimas Feridas";"Pleno dia";"Decrescente";"Céu Claro";"Simples";"Reta";"Não";1;0;0;1;0;0;1;1;-27,7608876;-49,6719027;"SPRF-SC";"DEL05-SC";"UOP01-DEL05-SC"
755446;2026-03-01;"domingo";"12:40:00";"BA";101;943;"MUCURI";"Conversão proibida";"Colisão transversal";"Com Vítimas Feridas";"Pleno dia";"Decrescente";"Nublado";"Simples";"Reta";"Não";2;0;0;1;1;0;1;2;-18,07079;-39,88227;"SPRF-BA";"DEL09-BA";"UOP02-DEL09-BA"
755448;2026-03-01;"domingo";"13:40:00";"MG";262;37,6;"MANHUACU";"Conversão proibida";"Colisão traseira";"Com Vítimas Feridas";"Pleno dia";"Crescente";"Céu Claro";"Simples";"Reta";"Sim";3;0;1;0;2;0;1;2;-20,25933195;-42,03160287;"SPRF-MG";"DEL06-MG";"UOP03-DEL06-MG"
755449;2026-03-01;"domingo";"14:26:00";"PE";101;44;"IGARASSU";"Acessar a via sem observar a presença dos outros veículos";"Colisão transversal";"Com Vítimas Feridas";"Pleno dia";"Crescente";"Céu Claro";"Simples";"Reta";"Não";3;0;1;0;2;0;1;2;-7,8584602;-34,9081406;"SPRF-PE";"DEL01-PE";"UOP02-DEL01-PE"
755451;2026-03-01;"domingo";"10:44:00";"MS";163;370;"NOVA ALVORADA DO SUL";"Reação tardia ou ineficiente do condutor";"Tombamento";"Com Vítimas Feridas";"Pleno dia";"Crescente";"Céu Claro";"Dupla";"Reta";"Sim";2;0;0;2;0;0;2;1;-21,42099163;-54,39017773;"SPRF-MS";"DEL02-MS";"UOP01-DEL02-MS"
755453;2026-03-01;"domingo";"14:45:00";"PR";116;152;"MANDIRITUBA";"Acessar a via sem observar a presença dos outros veículos";"Colisão transversal";"Sem Vítimas";"Pleno dia";"Crescente";"Céu Claro";"Simples";"Reta";"Sim";2;0;0;0;2;0;0;2;-25,86165004;-49,36152983;"SPRF-PR";"DEL01-PR";"UOP03-DEL01-PR"
755454;2026-03-01;"domingo";"15:17:00";"MG";40;566;"NOVA LIMA";"Ingestão de álcool pelo condutor";"Saída de leito carroçável";"Sem Vítimas";"Pleno dia";"Crescente";"Céu Claro";"Dupla";"Curva";"Não";1;0;0;0;1;0;0;1;-20,16762363;-43,96472096;"SPRF-MG";"DEL01-MG";"UOP02-DEL01-MG"
755455;2026-03-01;"domingo";"15:15:00";"PR";116;166;"QUITANDINHA";"Ingestão de álcool pelo condutor";"Colisão transversal";"Com Vítimas Feridas";"Pleno dia";"Crescente";"Sol";"Simples";"Reta";"Não";3;0;0;1;2;0;1;2;-25,876219;-49,488927;"SPRF-PR";"DEL01-PR";"UOP03-DEL01-PR"
755456;2026-02-25;"quarta-feira";"12:10:00";"BA";101;101;"GANDU";"Acesso irregular";"Colisão transversal";"Com Vítimas Feridas";"Pleno dia";"Crescente";"Sol";"Simples";"Reta";"Sim";2;0;1;0;1;0;1;2;-13,74772241;-39,4846487;"SPRF-BA";"DEL01-BA";"UOP04-DEL01-BA"
755457;2026-03-01;"domingo";"15:00:00";"SC";101;111;"NAVEGANTES";"Ingestão de álcool pelo condutor";"Saída de leito carroçável";"Sem Vítimas";"Pleno dia";"Crescente";"Céu Claro";"Simples";"Curva;Retorno Regulamentado";"Sim";1;0;0;0;1;0;0;1;-26,839814;-48,716102;"SPRF-SC";"DEL04-SC";"UOP04-DEL04-SC"
755458;2026-03-01;"domingo";"15:45:00";"SC";101;153;"PORTO BELO";"Trafegar com motocicleta (ou similar) entre as faixas";"Colisão lateral mesmo sentido";"Com Vítimas Feridas";"Pleno dia";"Decrescente";"Céu Claro";"Dupla";"Reta";"Sim";3;0;1;0;2;0;1;3;-27,14156407;-48,61015527;"SPRF-SC";"DEL04-SC";"UOP03-DEL04-SC"
755459;2026-03-01;"domingo";"16:05:00";"AL";104;87,1;"RIO LARGO";"Chuva";"Tombamento";"Com Vítimas Feridas";"Pleno dia";"Decrescente";"Chuva";"Dupla";"Reta";"Sim";1;0;1;0;0;0;1;1;-9,473807;-35,822162;"SPRF-AL";"DEL01-AL";"UOP01-DEL01-AL"
755460;2026-03-01;"domingo";"14:00:00";"RS";470;132;"ANDRE DA ROCHA";"Reação tardia ou ineficiente do condutor";"Saída de leito carroçável";"Sem Vítimas";"Pleno dia";"Crescente";"Céu Claro";"Simples";"Reta";"Não";1;0;0;0;0;1;0;1;-28,632115;-51,5712133;"SPRF-RS";"DEL06-RS";"UOP02-DEL06-RS"
755461;2026-03-01;"domingo";"14:00:00";"RJ";101;283;"ITABORAI";"Falta de elemento de contenção que evite a saída do leito carroçável";"Saída de leito carroçável";"Com Vítimas Feridas";"Pleno dia";"Crescente";"Céu Claro";"Simples";"Curva";"Sim";3;0;1;0;2;0;1;2;-22,73550955;-42,8031606;"SPRF-RJ";"DEL02-RJ";"UOP02-DEL02-RJ"
755463;2026-03-01;"domingo";"15:30:00";"PE";232;8,3;"RECIFE";"Condutor deixou de manter distância do veículo da frente";"Colisão traseira";"Com Vítimas Feridas";"Pleno dia";"Decrescente";"Céu Claro";"Múltipla";"Reta";"Não";3;0;1;0;1;1;1;2;-8,07664;-34,97222;"SPRF-PE";"DEL01-PE";"UOP01-DEL01-PE"
755464;2026-03-01;"domingo";"15:50:00";"SC";470;32,5;"GASPAR";"Reação tardia ou ineficiente do condutor";"Colisão traseira";"Com Vítimas Feridas";"Pleno dia";"Crescente";"Nublado";"Dupla";"Reta";"Não";3;0;1;0;2;0;1;2;-26,90397901;-48,9365387;"SPRF-SC";"DEL04-SC";"UOP01-DEL04-SC"
755465;2026-03-01;"domingo";"10:50:00";"RJ";116;250;"PIRAI";"Manobra de mudança de faixa";"Colisão traseira";"Com Vítimas Feridas";"Pleno dia";"Decrescente";"Céu Claro";"Múltipla";"Reta";"Não";3;0;2;0;0;1;2;3;-22,587469;-43,957789;"SPRF-RJ";"DEL07-RJ";"UOP01-DEL07-RJ"
755468;2026-03-01;"domingo";"15:50:00";"CE";116;94,2;"MORADA NOVA";"Acessar a via sem observar a presença dos outros veículos";"Colisão transversal";"Com Vítimas Feridas";"Pleno dia";"Crescente";"Chuva";"Simples";"Curva";"Sim";2;0;1;0;1;0;1;2;-4,50533208;-38,3590405;"SPRF-CE";"DEL03-CE";"UOP01-DEL03-CE"
755470;2026-03-01;"domingo";"16:00:00";"MG";50;188;"UBERABA";"Demais falhas mecânicas ou elétricas";"Queda de ocupante de veículo";"Com Vítimas Feridas";"Pleno dia";"Decrescente";"Céu Claro";"Dupla";"Declive;Reta";"Não";2;0;0;1;1;0;1;1;-19,84112;-47,879693;"SPRF-MG";"DEL13-MG";"UOP01-DEL13-MG"
755471;2026-03-01;"domingo";"15:40:00";"RJ";116;203;"QUEIMADOS";"Manobra de mudança de faixa";"Colisão lateral mesmo sentido";"Com Vítimas Feridas";"Pleno dia";"Crescente";"Céu Claro";"Dupla";"Reta";"Não";6;0;1;1;2;2;2;4;-22,72584048;-43,65726471;"SPRF-RJ";"DEL06-RJ";"UOP02-DEL06-RJ"
755472;2026-03-01;"domingo";"15:40:00";"SC";282;336;"CAMPOS NOVOS";"Reação tardia ou ineficiente do condutor";"Saída de leito carroçável";"Com Vítimas Feridas";"Pleno dia";"Crescente";"Céu Claro";"Simples";"Reta";"Não";6;0;3;0;3;0;3;1;-27,39082097;-51,15989685;"SPRF-SC";"DEL07-SC";"UOP06-DEL07-SC"
755473;2026-03-01;"domingo";"14:00:00";"MG";116;645,7;"FERVEDOURO";"Avarias e/ou desgaste excessivo no pneu";"Tombamento";"Com Vítimas Feridas";"Pleno dia";"Crescente";"Céu Claro";"Simples";"Reta";"Não";2;0;1;1;0;0;2;1;-20,69054539;-42,27343932;"SPRF-MG";"DEL07-MG";"UOP02-DEL07-MG"
755474;2026-03-01;"domingo";"17:15:00";"SC";101;192;"BIGUACU";"Avarias e/ou desgaste excessivo no pneu";"Saída de leito carroçável";"Com Vítimas Feridas";"Pleno dia";"Crescente";"Nublado";"Dupla";"Reta";"Sim";1;0;1;0;0;0;1;1;-27,48300601;-48,64689155;"SPRF-SC";"DEL01-SC";"UOP01-DEL01-SC"
755475;2026-01-20;"terça-feira";"22:30:00";"MG";381;877,1;"ESTIVA";"Demais falhas mecânicas ou elétricas";"Tombamento";"Com Vítimas Feridas";"Plena Noite";"Decrescente";"Nublado";"Dupla";"Curva;Declive";"Não";2;0;1;0;1;0;1;2;-22,43802513;-45,98386556;"SPRF-MG";"DEL16-MG";"UOP01-DEL16-MG"
755476;2026-03-01;"domingo";"15:52:00";"AC";364;124;"RIO BRANCO";"Condutor deixou de manter distância do veículo da frente";"Colisão traseira";"Com Vítimas Feridas";"Pleno dia";"Crescente";"Céu Claro";"Dupla";"Reta";"Sim";2;0;1;0;1;0;1;2;-10,01160239;-67,79473811;"SPRF-AC";"DEL01-AC";"UOP01-DEL01-AC"
755478;2026-03-01;"domingo";"16:00:00";"BA";407;205;"CAPIM GROSSO";"Acessar a via sem observar a presença dos outros veículos";"Colisão frontal";"Com Vítimas Feridas";"Anoitecer";"Decrescente";"Céu Claro";"Simples";"Reta";"Sim";2;0;0;1;1;0;1;2;-11,1861972;-40,0426711;"SPRF-BA";"DEL04-BA";"UOP02-DEL04-BA"