"id";"data_inversa";"dia_semana";"horario";"uf";"br";"km";"municipio";"causa_acidente";"tipo_acidente";"classificacao_acidente";"fase_dia";"sentido_via";"condicao_metereologica";"tipo_pista";"tracado_via";"uso_solo";"pessoas";"mortos";"feridos_leves";"feridos_graves";"ilesos";"ignorados";"feridos";"veiculos";"latitude";"longitude";"regional";"delegacia";"uop"
755479;2026-03-01;"domingo";"16:50:00";"RO";364;712;"PORTO VELHO";"Acessar a via sem observar a presença dos outros veículos";"Colisão transversal";"Com Vítimas Feridas";"Pleno dia";"Crescente";"Céu Claro";"Simples";"Rotatória;Reta";"Não";2;0;0;1;1;0;1;2;-8,77638383;-63,87377393;"SPRF-RO";"DEL01-RO";"UOP01-DEL01-RO"
755481;2026-03-01;"domingo";"18:00:00";"PR";116;15;"COLOMBO";"Reação tardia ou ineficiente do condutor";"Colisão traseira";"Com Vítimas Feridas";"Anoitecer";"Decrescente";"Céu Claro";"Dupla";"Reta";"Sim";2;0;1;0;1;0;1;2;-25,3858774;-49,17196155;"SPRF-PR";"DEL01-PR";"UOP02-DEL01-PR"
755482;2026-03-01;"domingo";"18:35:00";"MG";267;158,8;"LIMA DUARTE";"Velocidade Incompatível";"Saída de leito carroçável";"Com Vítimas Feridas";"Anoitecer";"Decrescente";"Céu Claro";"Simples";"Curva";"Não";1;0;1;0;0;0;1;1;-21,835694;-43,761765;"SPRF-MG";"DEL05-MG";"UOP01-DEL05-MG"
755483;2026-03-01;"domingo";"18:30:00";"ES";101;326;"GUARAPARI";"Objeto estático sobre o leito carroçável";"Colisão com objeto";"Com Vítimas Feridas";"Plena Noite";"Crescente";"Céu Claro";"Dupla";"Reta";"Não";1;0;1;0;0;0;1;1;-20,567482;-40,482993;"SPRF-ES";"DEL03-ES";"UOP01-DEL03-ES"
755485;2026-03-01;"domingo";"18:00:00";"PB";230;48,6;"SANTA RITA";"Acesso irregular";"Colisão transversal";"Com Vítimas Feridas";"Plena Noite";"Crescente";"Nublado";"Dupla";"Viaduto";"Não";2;0;1;0;1;0;1;2;-7,175935;-35,042046;"SPRF-PB";"DEL01-PB";"UOP02-DEL01-PB"
755487;2026-03-01;"domingo";"18:35:00";"PE";232;4,5;"RECIFE";"Entrada inopinada do pedestre";"Atropelamento de Pedestre";"Com Vítimas Feridas";"Plena Noite";"Decrescente";"Nublado";"Dupla";"Reta";"Sim";4;0;0;1;1;2;1;2;-8,0659;-34,94014;"SPRF-PE";"DEL01-PE";"UOP01-DEL01-PE"
755491;2026-03-01;"domingo";"18:45:00";"BA";242;410;"SEABRA";"Transitar na contramão";"Colisão frontal";"Com Vítimas Feridas";"Plena Noite";"Crescente";"Chuva";"Simples";"Reta";"Não";2;0;0;1;0;1;1;2;-12,458848;-41,749025;"SPRF-BA";"DEL06-BA";"UOP01-DEL06-BA"
755493;2026-03-01;"domingo";"19:15:00";"RS";287;393;"SANTIAGO";"Ausência de reação do condutor";"Colisão transversal";"Com Vítimas Feridas";"Anoitecer";"Decrescente";"Céu Claro";"Simples";"Curva;Declive;Interseção de Vias";"Sim";5;0;1;0;4;0;1;2;-29,21672188;-54,84344637;"SPRF-RS";"DEL12-RS";"UOP02-DEL12-RS"
755495;2026-03-01;"domingo";"16:55:00";"RJ";40;77;"PETROPOLIS";"Ausência de reação do condutor";"Queda de ocupante de veículo";"Com Vítimas Feridas";"Pleno dia";"Crescente";"Chuva";"Simples";"Reta";"Não";1;0;1;0;0;0;1;1;-22,4816411;-43,233656;"SPRF-RJ";"DEL01-RJ";"UOP01-DEL01-RJ"
755496;2026-03-01;"domingo";"19:40:00";"SC";280;45,9;"GUARAMIRIM";"Transitar na contramão";"Colisão frontal";"Com Vítimas Fatais";"Plena Noite";"Decrescente";"Nublado";"Simples";"Em Obras;Reta";"Não";8;1;0;1;6;0;1;3;-26,452865;-48,90744;"SPRF-SC";"DEL03-SC";"UOP03-DEL03-SC"
755497;2026-03-01;"domingo";"19:10:00";"SC";280;7,4;"SAO FRANCISCO DO SUL";"Transitar no Acostamento";"Colisão frontal";"Com Vítimas Feridas";"Plena Noite";"Crescente";"Nublado";"Simples";"Reta";"Sim";4;0;0;4;0;0;4;3;-26,274133;-48,643328;"SPRF-SC";"DEL03-SC";"UOP03-DEL03-SC"
755499;2026-03-01;"domingo";"19:10:00";"SP";116;484;"CAJATI";"Reação tardia ou ineficiente do condutor";"Queda de ocupante de veículo";"Com Vítimas Feridas";"Plena Noite";"Decrescente";"Nublado";"Dupla";"Reta";"Não";1;0;1;0;0;0;1;1;-24,72215814;-48,0678463;"SPRF-SP";"DEL05-SP";"UOP01-DEL05-SP"
755500;2026-03-01;"domingo";"17:28:00";"PE";104;67;"CARUARU";"Chuva";"Capotamento";"Com Vítimas Feridas";"Plena Noite";"Decrescente";"Chuva";"Dupla";"Reta";"Sim";2;0;2;0;0;0;2;1;-8,29698;-35,98750815;"SPRF-PE";"DEL02-PE";"UOP01-DEL02-PE"
755501;2026-03-01;"domingo";"19:40:00";"SP";116;135;"SAO JOSE DOS CAMPOS";"Reação tardia ou ineficiente do condutor";"Colisão traseira";"Com Vítimas Feridas";"Plena Noite";"Decrescente";"Céu Claro";"Dupla";"Reta";"Não";2;0;0;1;1;0;1;2;-23,1464122;-45,77381535;"SPRF-SP";"DEL02-SP";"UOP01-DEL02-SP"
755502;2026-03-01;"domingo";"07:00:00";"MT";163;975;"TERRA NOVA DO NORTE";"Reação tardia ou ineficiente do condutor";"Saída de leito carroçável";"Com Vítimas Feridas";"Pleno dia";"Crescente";"Céu Claro";"Simples";"Reta";"Não";2;0;2;0;0;0;2;1;-10,68634;-55,133846;"SPRF-MT";"DEL06-MT";"UOP03-DEL06-MT"
755503;2026-03-01;"domingo";"11:10:00";"BA";101;261;"SANTO ANTONIO DE JESUS";"Acessar a via sem observar a presença dos outros veículos";"Colisão transversal";"Com Vítimas Feridas";"Pleno dia";"Crescente";"Nublado";"Simples";"Interseção de Vias";"Sim";2;0;1;0;1;0;1;2;-12,96447625;-39,27191645;"SPRF-BA";"DEL11-BA";"UOP01-DEL11-BA"
755504;2026-03-01;"domingo";"20:00:00";"MG";381;510;"IGARAPE";"Ausência de reação do condutor";"Saída de leito carroçável";"Com Vítimas Feridas";"Plena Noite";"Crescente";"Céu Claro";"Dupla";"Reta";"Não";4;0;4;0;0;0;4;1;-20,05727217;-44,28795612;"SPRF-MG";"DEL01-MG";"UOP03-DEL01-MG"
755505;2026-03-01;"domingo";"20:00:00";"SC";101;369;"SANGAO";"Condutor deixou de manter distância do veículo da frente";"Colisão traseira";"Com Vítimas Feridas";"Plena Noite";"Crescente";"Céu Claro";"Dupla";"Reta";"Não";5;0;0;1;4;0;1;2;-28,66248554;-49,11467493;"SPRF-SC";"DEL02-SC";"UOP01-DEL02-SC"
755507;2026-03-01;"domingo";"19:30:00";"MG";365;588;"INDIANOPOLIS";"Demais falhas mecânicas ou elétricas";"Saída de leito carroçável";"Com Vítimas Feridas";"Plena Noite";"Decrescente";"Céu Claro";"Simples";"Reta";"Não";2;0;2;0;0;0;2;1;-18,8716514;-48,0256163;"SPRF-MG";"DEL15-MG";"UOP02-DEL15-MG"
755508;2026-03-01;"domingo";"18:55:00";"BA";235;114;"JEREMOABO";"Reação tardia ou ineficiente do condutor";"Colisão lateral sentido oposto";"Com Vítimas Feridas";"Plena Noite";"Decrescente";"Nublado";"Simples";"Reta";"Não";8;0;4;1;3;0;5;2;-10,019469;-38,581071;"SPRF-BA";"DEL07-BA";"UOP03-DEL07-BA"
755510;2026-03-01;"domingo";"19:45:00";"PB";230;27;"JOAO PESSOA";"Ausência de reação do condutor";"Colisão lateral mesmo sentido";"Com Vítimas Feridas";"Plena Noite";"Decrescente";"Céu Claro";"Múltipla";"Reta";"Sim";1;0;1;0;0;0;1;1;-7,1654279;-34,8897768;"SPRF-PB";"DEL01-PB";"UOP01-DEL01-PB"
755511;2026-03-01;"domingo";"19:52:00";"PA";316;37,6;"SANTA IZABEL DO PARA";"Acesso irregular";"Colisão transversal";"Com Vítimas Feridas";"Plena Noite";"Decrescente";"Céu Claro";"Dupla";"Reta";"Sim";3;0;1;1;1;0;2;2;-1,283895;-48,143367;"SPRF-PA";"DEL01-PA";"UOP01-DEL01-PA"
755513;2026-03-01;"domingo";"19:05:00";"MG";116;585;"MANHUACU";"Condutor deixou de manter distância do veículo da frente";"Colisão lateral mesmo sentido";"Com Vítimas Feridas";"Plena Noite";"Decrescente";"Céu Claro";"Simples";"Reta";"Sim";4;0;1;0;3;0;1;2;-20,23485171;-42,16652871;"SPRF-MG";"DEL06-MG";"UOP03-DEL06-MG"
755515;2026-03-01;"domingo";"19:00:00";"PI";316;23,6;"TERESINA";"Ausência de reação do condutor";"Tombamento";"Com Vítimas Feridas";"Plena Noite";"Decrescente";"Céu Claro";"Simples";"Reta";"Sim";2;0;0;2;0;0;2;1;-5,295173;-42,712537;"SPRF-PI";"DEL01-PI";"UOP02-DEL01-PI"
755517;2026-03-01;"domingo";"19:00:00";"SC";101;119,1;"ITAJAI";"Reação tardia ou ineficiente do condutor";"Colisão lateral mesmo sentido";"Com Vítimas Feridas";"Plena Noite";"Crescente";"Nublado";"Dupla";"Reta";"Sim";3;0;1;0;2;0;1;3;-26,906095;-48,714766;"SPRF-SC";"DEL04-SC";"UOP04-DEL04-SC"
755518;2026-03-01;"domingo";"18:34:00";"SC";282;223;"LAGES";"Acessar a via sem observar a presença dos outros veículos";"Colisão transversal";"Com Vítimas Feridas";"Anoitecer";"Crescente";"Céu Claro";"Simples";"Reta";"Sim";3;0;1;0;2;0;1;2;-27,79939375;-50,3644824;"SPRF-SC";"DEL05-SC";"UOP01-DEL05-SC"
755520;2026-03-01;"domingo";"18:45:00";"CE";116;506,2;"BREJO SANTO";"Reação tardia ou ineficiente do condutor";"Queda de ocupante de veículo";"Com Vítimas Fatais";"Plena Noite";"Crescente";"Nublado";"Simples";"Reta";"Não";3;1;0;1;0;1;1;2;-7,52427;-38,996057;"SPRF-CE";"DEL05-CE";"UOP03-DEL05-CE"
755521;2026-03-01;"domingo";"20:15:00";"RS";386;383,9;"TABAI";"Reação tardia ou ineficiente do condutor";"Tombamento";"Com Vítimas Feridas";"Plena Noite";"Crescente";"Céu Claro";"Dupla";"Reta";"Não";1;0;0;1;0;0;1;1;-29,67881;-51,72868;"SPRF-RS";"DEL04-RS";"UOP01-DEL04-RS"
755522;2026-03-01;"domingo";"21:10:00";"RJ";116;304,4;"RESENDE";"Animais na Pista";"Atropelamento de Animal";"Com Vítimas Feridas";"Plena Noite";"Crescente";"Nublado";"Dupla";"Reta";"Não";1;0;1;0;0;0;1;1;-22,45395643;-44,37566506;"SPRF-RJ";"DEL07-RJ";"UOP02-DEL07-RJ"
755523;2026-03-01;"domingo";"19:10:00";"SC";282;538,3;"CHAPECO";"Afundamento ou ondulação no pavimento";"Tombamento";"Com Vítimas Feridas";"Plena Noite";"Decrescente";"Céu Claro";"Simples";"Reta";"Não";1;0;1;0;0;0;1;1;-26,997464;-52,67468;"SPRF-SC";"DEL07-SC";"UOP01-DEL07-SC"
755524;2026-03-01;"domingo";"19:00:00";"SC";470;323,8;"CAMPOS NOVOS";"Velocidade Incompatível";"Saída de leito carroçável";"Com Vítimas Feridas";"Anoitecer";"Decrescente";"Céu Claro";"Simples";"Reta;Interseção de Vias";"Não";5;0;2;3;0;0;5;1;-27,38722941;-51,11400079;"SPRF-SC";"DEL07-SC";"UOP06-DEL07-SC"
755525;2026-03-01;"domingo";"16:50:00";"SP";116;56;"LORENA";"Ausência de reação do condutor";"Colisão traseira";"Com Vítimas Feridas";"Pleno dia";"Crescente";"Céu Claro";"Dupla";"Reta";"Não";1;0;1;0;0;0;1;1;-22,7713504;-45,13513262;"SPRF-SP";"DEL08-SP";"UOP02-DEL08-SP"
755526;2026-03-01;"domingo";"19:40:00";"RO";364;425;"JARU";"Conversão proibida";"Saída de leito carroçável";"Sem Vítimas";"Pleno dia";"Crescente";"Nublado";"Dupla";"Curva";"Sim";1;0;0;0;0;1;0;1;-10,43749842;-62,47172403;"SPRF-RO";"DEL03-RO";"UOP02-DEL03-RO"
755527;2026-03-01;"domingo";"17:15:00";"AM";174;991;"PRESIDENTE FIGUEIREDO";"Retorno proibido";"Colisão transversal";"Com Vítimas Feridas";"Pleno dia";"Decrescente";"Céu Claro";"Dupla";"Reta";"Sim";4;0;0;1;2;1;1;3;-2,05224486;-60,02462983;"SPRF-AM";"DEL01-AM";"UOP02-DEL01-AM"
755528;2026-03-01;"domingo";"18:15:00";"RJ";101;575;"PARATY";"Transitar na contramão";"Colisão frontal";"Com Vítimas Feridas";"Anoitecer";"Crescente";"Nublado";"Simples";"Rotatória";"Não";2;0;2;0;0;0;2;2;-23,22363198;-44,73246499;"SPRF-RJ";"DEL03-RJ";"UOP04-DEL03-RJ"
755529;2026-03-01;"domingo";"20:40:00";"MA";10;251,7;"IMPERATRIZ";"Ausência de reação do condutor";"Colisão traseira";"Sem Vítimas";"Plena Noite";"Crescente";"Céu Claro";"Simples";"Reta";"Sim";2;0;0;0;1;1;0;2;-5,53786;-47,46809;"SPRF-MA";"DEL04-MA";"UOP01-DEL04-MA"
755531;2026-03-01;"domingo";"19:50:00";"MS";60;383,9;"CAMPO GRANDE";"Acessar a via sem observar a presença dos outros veículos";"Eventos atípicos";"Com Vítimas Feridas";"Plena Noite";"Crescente";"Céu Claro";"Simples";"Reta";"Não";2;0;1;0;0;1;1;2;-20,660406;-54,755301;"SPRF-MS";"DEL01-MS";"UOP04-DEL01-MS"
755533;2026-03-01;"domingo";"21:21:00";"PE";101;49;"ABREU E LIMA";"Transitar na contramão";"Colisão frontal";"Com Vítimas Feridas";"Plena Noite";"Crescente";"Nublado";"Múltipla";"Reta";"Sim";2;0;1;0;0;1;1;2;-7,9055106;-34,9020722;"SPRF-PE";"DEL01-PE";"UOP02-DEL01-PE"
755534;2026-03-01;"domingo";"21:00:00";"MG";262;854;"VERISSIMO";"Ingestão de álcool pelo condutor";"Saída de leito carroçável";"Sem Vítimas";"Plena Noite";"Crescente";"Céu Claro";"Dupla";"Reta";"Não";1;0;0;0;0;1;0;1;-19,7833796;-48,4351682;"SPRF-MG";"DEL13-MG";"UOP01-DEL13-MG"
755535;2026-03-01;"domingo";"21:30:00";"PI";343;234;"COCAL DE TELHA";"Acessar a via sem observar a presença dos outros veículos";"Atropelamento de Pedestre";"Com Vítimas Fatais";"Plena Noite";"Decrescente";"Céu Claro";"Simples";"Reta";"Não";2;1;0;0;1;0;0;2;-4,616826;-41,99895;"SPRF-PI";"DEL01-PI";"UOP03-DEL01-PI"
755536;2026-03-01;"domingo";"21:45:00";"SC";101;200,8;"SAO JOSE";"Reação tardia ou ineficiente do condutor";"Colisão traseira";"Com Vítimas Feridas";"Plena Noite";"Decrescente";"Céu Claro";"Dupla";"Reta";"Sim";5;0;4;0;1;0;4;3;-27,546189;-48,619791;"SPRF-SC";"DEL01-SC";"UOP01-DEL01-SC"
755538;2026-03-01;"domingo";"19:20:00";"RJ";465;1;"SEROPEDICA";"Conversão proibida";"Colisão transversal";"Com Vítimas Feridas";"Plena Noite";"Crescente";"Céu Claro";"Simples";"Reta;Interseção de Vias";"Não";2;0;1;0;1;0;1;2;-22,71887359;-43,72661591;"SPRF-RJ";"DEL06-RJ";"UOP02-DEL06-RJ"
755539;2026-03-01;"domingo";"21:30:00";"BA";116;3;"VITORIA DA CONQUISTA";"Ausência de reação do condutor";"Queda de ocupante de veículo";"Com Vítimas Feridas";"Plena Noite";"Decrescente";"Chuva";"Simples";"Rotatória;Retorno Regulamentado;Reta";"Não";2;0;1;1;0;0;2;1;-14,82496753;-40,86200813;"SPRF-BA";"DEL08-BA";"UOP01-DEL08-BA"
755540;2026-03-01;"domingo";"21:00:00";"DF";60;28,5;"BRASILIA";"Animais na Pista";"Atropelamento de Animal";"Com Vítimas Feridas";"Plena Noite";"Crescente";"Céu Claro";"Dupla";"Declive;Reta";"Não";1;0;0;1;0;0;1;1;-16,026746;-48,253302;"SPRF-DF";"DEL03-DF";"UOP01-DEL03-DF"
755541;2026-03-01;"domingo";"20:00:00";"MT";163;816;"SINOP";"Ausência de reação do condutor";"Saída de leito carroçável";"Com Vítimas Feridas";"Plena Noite";"Crescente";"Céu Claro";"Simples";"Retorno Regulamentado";"Não";1;0;1;0;0;0;1;1;-12,02192394;-55,51712304;"SPRF-MT";"DEL06-MT";"UOP02-DEL06-MT"
755542;2026-03-01;"domingo";"21:21:00";"RS";470;287;"MONTENEGRO";"Transitar na contramão";"Colisão frontal";"Com Vítimas Feridas";"Plena Noite";"Crescente";"Céu Claro";"Simples";"Reta";"Sim";3;0;0;1;2;0;1;2;-29,66894467;-51,45346363;"SPRF-RS";"DEL06-RS";"UOP01-DEL06-RS"
755544;2026-03-01;"domingo";"22:20:00";"MG";50;102,6;"UBERABA";"Ingestão de álcool pelo condutor";"Saída de leito carroçável";"Com Vítimas Feridas";"Plena Noite";"Crescente";"Céu Claro";"Dupla";"Declive;Reta";"Não";1;0;1;0;0;0;1;1;-19,1605933;-48,1633067;"SPRF-MG";"DEL13-MG";"UOP01-DEL13-MG"
755545;2026-03-01;"domingo";"19:10:00";"SC";282;175;"BOCAINA DO SUL";"Pedestre - Ingestão de álcool/ substâncias psicoativas";"Atropelamento de Pedestre";"Com Vítimas Feridas";"Plena Noite";"Crescente";"Céu Claro";"Simples";"Reta";"Não";2;0;1;0;0;1;1;2;-27,7408549;-49,8949605;"SPRF-SC";"DEL05-SC";"UOP01-DEL05-SC"
755546;2026-03-01;"domingo";"21:00:00";"RS";158;339;"SANTA MARIA";"Ingestão de álcool pelo condutor";"Saída de leito carroçável";"Sem Vítimas";"Plena Noite";"Decrescente";"Céu Claro";"Simples";"Reta";"Não";1;0;0;0;0;1;0;1;-29,735434;-53,917103;"SPRF-RS";"DEL09-RS";"UOP01-DEL09-RS"
755548;2026-03-01;"domingo";"21:00:00";"RJ";101;422;"MANGARATIBA";"Ausência de reação do condutor";"Colisão frontal";"Com Vítimas Feridas";"Plena Noite";"Crescente";"Chuva";"Simples";"Reta";"Não";3;0;1;0;2;0;1;2;-22,935296;-43,9987775;"SPRF-RJ";"DEL03-RJ";"UOP02-DEL03-RJ"
755550;2026-03-01;"domingo";"22:27:00";"PI";135;338;"SANTA LUZ";"Ausência de reação do condutor";"Saída de leito carroçável";"Com Vítimas Feridas";"Plena Noite";"Decrescente";"Garoa/Chuvisco";"Simples";"Reta";"Não";1;0;0;1;0;0;1;1;-8,988435;-44,287942;"SPRF-PI";"DEL03-PI";"UOP02-DEL03-PI"
755551;2026-03-01;"domingo";"22:22:00";"SC";163;71,2;"SAO MIGUEL DO OESTE";"Ingestão de álcool pelo condutor";"Colisão lateral mesmo sentido";"Com Vítimas Feridas";"Plena Noite";"Decrescente";"Céu Claro";"Dupla";"Reta;Retorno Regulamentado;Interseção de Vias";"Sim";4;0;2;0;2;0;2;3;-26,7266105;-53,5128768;"SPRF-SC";"DEL07-SC";"UOP03-DEL07-SC"
755552;2026-03-01;"domingo";"22:10:00";"SC";282;510;"XANXERE";"Ingestão de álcool pelo condutor";"Capotamento";"Com Vítimas Feridas";"Plena Noite";"Crescente";"Céu Claro";"Simples";"Curva";"Não";2;0;0;1;1;0;1;2;-26,8948124;-52,4624146;"SPRF-SC";"DEL07-SC";"UOP01-DEL07-SC"
755553;2026-03-02;"segunda-feira";"00:00:00";"SC";101;3,7;"ARARANGUA";"Ingestão de álcool pelo condutor";"Colisão com objeto";"Com Vítimas Feridas";"Plena Noite";"Crescente";"Céu Claro";"Simples";"Reta";"Sim";2;0;1;0;1;0;1;2;-28,948968;-49,506175;"SPRF-SC";"DEL02-SC";"UOP02-DEL02-SC"
755554;2026-03-01;"domingo";"23:55:00";"RS";386;338,4;"LAJEADO";"Reação tardia ou ineficiente do condutor";"Tombamento";"Com Vítimas Feridas";"Plena Noite";"Crescente";"Céu Claro";"Dupla";"Reta";"Não";1;0;1;0;0;0;1;1;-29,405385;-52,034895;"SPRF-RS";"DEL04-RS";"UOP01-DEL04-RS"
755555;2026-03-01;"domingo";"15:55:00";"AC";364;633,4;"TARAUACA";"Retorno proibido";"Colisão transversal";"Com Vítimas Feridas";"Anoitecer";"Crescente";"Garoa/Chuvisco";"Simples";"Aclive;Reta";"Não";2;0;0;1;1;0;1;2;-8,16;-70,76;"SPRF-AC";"DEL01-AC";"UOP03-DEL01-AC"
755556;2026-03-01;"domingo";"21:35:00";"RN";110;46,1;"MOSSORO";"Reação tardia ou ineficiente do condutor";"Atropelamento de Pedestre";"Com Vítimas Fatais";"Plena Noite";"Decrescente";"Nublado";"Simples";"Reta";"Sim";2;1;0;0;1;0;0;2;-5,199313;-37,320392;"SPRF-RN";"DEL04-RN";"UOP01-DEL04-RN"
755557;2026-03-01;"domingo";"23:00:00";"RS";290;175,5;"BUTIA";"Ausência de reação do condutor";"Saída de leito carroçável";"Com Vítimas Feridas";"Plena Noite";"Crescente";"Céu Claro";"Simples";"Em Obras;Reta";"Sim";2;0;2;0;0;0;2;1;-30,1317375;-51,97614368;"SPRF-RS";"DEL02-RS";"UOP03-DEL02-RS"
755559;2026-03-02;"segunda-feira";"00:10:00";"RJ";116;314;"RESENDE";"Estacionar ou parar em local proibido";"Colisão traseira";"Sem Vítimas";"Pleno dia";"Decrescente";"Céu Claro";"Simples";"Reta";"Não";2;0;0;0;2;0;0;2;-22,46219197;-44,47868586;"SPRF-RJ";"DEL07-RJ";"UOP02-DEL07-RJ"
755561;2026-03-02;"segunda-feira";"00:30:00";"MG";381;496;"BETIM";"Demais falhas mecânicas ou elétricas";"Incêndio";"Sem Vítimas";"Plena Noite";"Crescente";"Céu Claro";"Múltipla";"Reta";"Não";1;0;0;0;1;0;0;1;-19,97524884;-44,19400907;"SPRF-MG";"DEL01-MG";"UOP03-DEL01-MG"
755562;2026-03-01;"domingo";"23:00:00";"GO";40;12,3;"LUZIANIA";"Acessar a via sem observar a presença dos outros veículos";"Colisão transversal";"Sem Vítimas";"Plena Noite";"Decrescente";"Céu Claro";"Dupla";"Reta";"Sim";2;0;0;0;2;0;0;2;-16,153747;-47,936885;"SPRF-DF";"DEL01-DF";"UOP01-DEL01-DF"
755563;2026-03-02;"segunda-feira";"00:26:00";"RJ";101;330;"NITEROI";"Ausência de reação do condutor";"Colisão traseira";"Com Vítimas Feridas";"Plena Noite";"Crescente";"Nublado";"Dupla";"Reta;Ponte";"Sim";2;0;0;1;1;0;1;2;-22,86952725;-43,17771653;"SPRF-RJ";"DEL02-RJ";"UOP01-DEL02-RJ"
755565;2026-03-01;"domingo";"20:30:00";"SC";163;69;"SAO MIGUEL DO OESTE";"Acessar a via sem observar a presença dos outros veículos";"Colisão transversal";"Com Vítimas Feridas";"Plena Noite";"Crescente";"Céu Claro";"Dupla";"Interseção de Vias";"Sim";2;0;1;0;0;1;1;2;-26,745704;-53,50091726;"SPRF-SC";"DEL07-SC";"UOP03-DEL07-SC"
755568;2026-03-01;"domingo";"18:00:00";"BA";116;318;"ARACI";"Reação tardia ou ineficiente do condutor";"Queda de ocupante de veículo";"Com Vítimas Fatais";"Anoitecer";"Decrescente";"Céu Claro";"Simples";"Reta";"Não";1;1;0;0;0;0;0;1;-11,3196962;-38,9477773;"SPRF-BA";"DEL02-BA";"UOP01-DEL02-BA"
755569;2026-03-02;"segunda-feira";"02:20:00";"PR";277;37;"MORRETES";"Ausência de reação do condutor";"Queda de ocupante de veículo";"Com Vítimas Feridas";"Plena Noite";"Crescente";"Nublado";"Dupla";"Curva";"Não";1;0;1;0;0;0;1;1;-25,57187995;-48,84656361;"SPRF-PR";"DEL01-PR";"UOP05-DEL01-PR"
755571;2026-03-02;"segunda-feira";"02:10:00";"SC";101;209;"SAO JOSE";"Ingestão de álcool pelo condutor";"Colisão com objeto";"Com Vítimas Feridas";"Plena Noite";"Crescente";"Nublado";"Múltipla";"Reta";"Sim";1;0;0;1;0;0;1;1;-27,61432701;-48,6405462;"SPRF-SC";"DEL01-SC";"UOP01-DEL01-SC"
755574;2026-03-02;"segunda-feira";"04:30:00";"SP";116;286;"ITAPECERICA DA SERRA";"Ausência de reação do condutor";"Colisão traseira";"Com Vítimas Feridas";"Plena Noite";"Crescente";"Nublado";"Dupla";"Curva";"Sim";3;0;1;0;1;1;1;2;-23,69821427;-46,86642051;"SPRF-SP";"DEL04-SP";"UOP01-DEL04-SP"
755575;2026-03-02;"segunda-feira";"05:15:00";"GO";153;494;"GOIANIA";"Ausência de reação do condutor";"Colisão traseira";"Com Vítimas Feridas";"Plena Noite";"Decrescente";"Céu Claro";"Dupla";"Reta";"Sim";2;0;1;1;0;0;2;2;-16,64344362;-49,20916412;"SPRF-GO";"DEL01-GO";"UOP01-DEL01-GO"
755576;2026-03-02;"segunda-feira";"05:15:00";"RN";101;72,8;"NATAL";"Acessar a via sem observar a presença dos outros veículos";"Colisão transversal";"Com Vítimas Fatais";"Amanhecer";"Crescente";"Nublado";"Simples";"Reta;Declive;Interseção de Vias";"Não";3;1;0;1;1;0;1;2;-5,704469;-35,265716;"SPRF-RN";"DEL02-RN";"UOP01-DEL02-RN"
755577;2026-03-01;"domingo";"20:30:00";"RN";226;347;"RAFAEL GODEIRO";"Ingestão de álcool pelo condutor";"Saída de leito carroçável";"Com Vítimas Feridas";"Plena Noite";"Crescente";"Nublado";"Simples";"Reta";"Não";1;0;0;1;0;0;1;1;-6,127748;-37,703633;"SPRF-RN";"DEL04-RN";"UOP01-DEL04-RN"
755578;2026-03-02;"segunda-feira";"02:40:00";"AP";210;106;"PORTO GRANDE";"Velocidade Incompatível";"Colisão traseira";"Com Vítimas Feridas";"Plena Noite";"Crescente";"Nublado";"Simples";"Reta";"Não";2;0;0;1;1;0;1;2;0,70411912;-51,41550112;"SPRF-AP";"DEL01-AP";"UOP01-DEL01-AP"
755579;2026-03-02;"segunda-feira";"05:00:00";"GO";452;40,8;"SANTA HELENA DE GOIAS";"Ausência de reação do condutor";"Colisão com objeto";"Sem Vítimas";"Amanhecer";"Crescente";"Céu Claro";"Múltipla";"Reta";"Não";5;0;0;0;1;4;0;2;-17,93018;-50,552813;"SPRF-GO";"DEL04-GO";"UOP01-DEL04-GO"
755580;2026-03-02;"segunda-feira";"06:45:00";"PR";277;80;"CURITIBA";"Trafegar com motocicleta (ou similar) entre as faixas";"Colisão traseira";"Com Vítimas Feridas";"Amanhecer";"Crescente";"Nublado";"Dupla";"Reta";"Sim";2;0;1;0;1;0;1;2;-25,47140603;-49,21131492;"SPRF-PR";"DEL01-PR";"UOP03-DEL01-PR"
755582;2026-03-02;"segunda-feira";"07:00:00";"MG";40;510,1;"RIBEIRAO DAS NEVES";"Trafegar com motocicleta (ou similar) entre as faixas";"Colisão traseira";"Com Vítimas Feridas";"Pleno dia";"Crescente";"Céu Claro";"Dupla";"Reta";"Sim";2;0;1;0;1;0;1;2;-19,77481703;-44,12338662;"SPRF-MG";"DEL01-MG";"UOP02-DEL01-MG"
755583;2026-03-02;"segunda-feira";"06:40:00";"BA";324;596;"CANDEIAS";"Chuva";"Tombamento";"Com Vítimas Feridas";"Pleno dia";"Crescente";"Chuva";"Dupla";"Reta";"Não";2;0;2;0;0;0;2;1;-12,727823;-38,449005;"SPRF-BA";"DEL01-BA";"UOP01-DEL01-BA"
755585;2026-03-02;"segunda-feira";"06:15:00";"DF";70;7;"BRASILIA";"Demais falhas mecânicas ou elétricas";"Incêndio";"Sem Vítimas";"Pleno dia";"Decrescente";"Céu Claro";"Dupla";"Reta";"Não";1;0;0;0;1;0;0;1;-15,787272;-48,116124;"SPRF-DF";"DEL03-DF";"UOP02-DEL03-DF"