"id";"data_inversa";"dia_semana";"horario";"uf";"br";"km";"municipio";"causa_acidente";"tipo_acidente";"classificacao_acidente";"fase_dia";"sentido_via";"condicao_metereologica";"tipo_pista";"tracado_via";"uso_solo";"pessoas";"mortos";"feridos_leves";"feridos_graves";"ilesos";"ignorados";"feridos";"veiculos";"latitude";"longitude";"regional";"delegacia";"uop"
755587;2026-03-02;"segunda-feira";"06:50:00";"ES";101;396;"RIO NOVO DO SUL";"Ultrapassagem Indevida";"Colisão lateral mesmo sentido";"Com Vítimas Feridas";"Pleno dia";"Crescente";"Sol";"Simples";"Reta";"Sim";2;0;0;1;1;0;1;2;-20,8716287;-40,9469565;"SPRF-ES";"DEL03-ES";"UOP02-DEL03-ES"
755588;2026-03-02;"segunda-feira";"04:40:00";"SP";459;31,7;"LORENA";"Ausência de reação do condutor";"Tombamento";"Com Vítimas Feridas";"Amanhecer";"Crescente";"Céu Claro";"Simples";"Reta";"Não";1;0;1;0;0;0;1;1;-22,73851369;-45,0937195;"SPRF-SP";"DEL08-SP";"UOP02-DEL08-SP"
755589;2026-03-02;"segunda-feira";"06:10:00";"SC";101;309;"LAGUNA";"Ausência de reação do condutor";"Tombamento";"Com Vítimas Feridas";"Amanhecer";"Decrescente";"Céu Claro";"Dupla";"Reta";"Não";1;0;1;0;0;0;1;1;-28,42001406;-48,79454229;"SPRF-SC";"DEL02-SC";"UOP01-DEL02-SC"
755590;2026-02-22;"domingo";"08:15:00";"SC";282;646,1;"SAO MIGUEL DO OESTE";"Transitar na contramão";"Colisão lateral sentido oposto";"Sem Vítimas";"Pleno dia";"Decrescente";"Nublado";"Simples";"Reta";"Não";8;0;0;0;8;0;0;2;-26,76252916;-53,49867046;"SPRF-SC";"DEL07-SC";"UOP03-DEL07-SC"
755592;2026-03-02;"segunda-feira";"06:30:00";"SP";153;59,9;"SAO JOSE DO RIO PRETO";"Demais falhas mecânicas ou elétricas";"Incêndio";"Sem Vítimas";"Pleno dia";"Crescente";"Céu Claro";"Dupla";"Reta";"Sim";1;0;0;0;1;0;0;1;-20,795446;-49,354838;"SPRF-SP";"DEL09-SP";"UOP01-DEL09-SP"
755594;2026-03-02;"segunda-feira";"06:40:00";"PA";155;341;"MARABA";"Ausência de reação do condutor";"Colisão lateral sentido oposto";"Com Vítimas Feridas";"Pleno dia";"Crescente";"Garoa/Chuvisco";"Simples";"Reta";"Não";3;0;1;0;2;0;1;3;-5,388373;-49,078479;"SPRF-PA";"DEL03-PA";"UOP01-DEL03-PA"
755595;2026-03-02;"segunda-feira";"07:10:00";"SP";116;188,8;"SANTA ISABEL";"Condutor deixou de manter distância do veículo da frente";"Colisão traseira";"Com Vítimas Feridas";"Pleno dia";"Crescente";"Nublado";"Dupla";"Aclive;Reta";"Não";5;0;1;0;2;2;1;4;-23,364543;-46,225809;"SPRF-SP";"DEL01-SP";"UOP01-DEL01-SP"
755596;2026-03-01;"domingo";"18:18:00";"MT";163;551,9;"DIAMANTINO";"Ausência de reação do condutor";"Saída de leito carroçável";"Com Vítimas Feridas";"Plena Noite";"Decrescente";"Céu Claro";"Dupla";"Curva";"Não";2;0;1;0;1;0;1;1;-14,219835;-56,093995;"SPRF-MT";"DEL01-MT";"UOP01-DEL01-MT"
755597;2026-03-02;"segunda-feira";"07:30:00";"SP";153;256;"MARILIA";"Afundamento ou ondulação no pavimento";"Queda de ocupante de veículo";"Com Vítimas Feridas";"Pleno dia";"Decrescente";"Céu Claro";"Dupla";"Reta";"Sim";1;0;1;0;0;0;1;1;-22,233213;-49,918724;"SPRF-SP";"DEL07-SP";"UOP02-DEL07-SP"
755599;2026-03-02;"segunda-feira";"08:00:00";"PR";277;599,7;"CASCAVEL";"Ausência de reação do condutor";"Saída de leito carroçável";"Com Vítimas Feridas";"Pleno dia";"Decrescente";"Céu Claro";"Dupla";"Reta";"Sim";2;0;1;0;0;1;1;2;-24,99681128;-53,5158433;"SPRF-PR";"DEL04-PR";"UOP01-DEL04-PR"
755600;2026-03-02;"segunda-feira";"08:25:00";"PB";230;20;"JOAO PESSOA";"Ausência de reação do condutor";"Colisão traseira";"Com Vítimas Feridas";"Pleno dia";"Decrescente";"Céu Claro";"Dupla";"Reta";"Sim";3;0;1;0;2;0;1;2;-7,14906476;-34,85119767;"SPRF-PB";"DEL01-PB";"UOP01-DEL01-PB"
755601;2026-03-02;"segunda-feira";"07:45:00";"SC";282;222,9;"LAGES";"Acessar a via sem observar a presença dos outros veículos";"Colisão transversal";"Com Vítimas Feridas";"Pleno dia";"Decrescente";"Nublado";"Simples";"Curva;Declive;Interseção de Vias";"Sim";5;0;3;0;2;0;3;2;-27,79997267;-50,36129594;"SPRF-SC";"DEL05-SC";"UOP01-DEL05-SC"
755602;2026-03-02;"segunda-feira";"06:40:00";"PI";222;58,8;"BRASILEIRA";"Demais falhas mecânicas ou elétricas";"Tombamento";"Com Vítimas Feridas";"Pleno dia";"Crescente";"Céu Claro";"Simples";"Reta";"Não";2;0;1;1;0;0;2;1;-4,17865;-41,665063;"SPRF-PI";"DEL02-PI";"UOP01-DEL02-PI"
755603;2026-03-02;"segunda-feira";"07:25:00";"MS";163;479;"CAMPO GRANDE";"Ausência de reação do condutor";"Colisão traseira";"Com Vítimas Feridas";"Pleno dia";"Decrescente";"Céu Claro";"Dupla";"Reta";"Sim";2;0;1;0;1;0;1;2;-20,481433;-54,559374;"SPRF-MS";"DEL01-MS";"UOP01-DEL01-MS"
755604;2026-03-02;"segunda-feira";"08:10:00";"ES";101;241;"SERRA";"Ausência de reação do condutor";"Colisão lateral mesmo sentido";"Com Vítimas Feridas";"Pleno dia";"Decrescente";"Sol";"Simples";"Curva;Retorno Regulamentado";"Não";2;0;1;0;1;0;1;2;-20,02831;-40,39783;"SPRF-ES";"DEL02-ES";"UOP01-DEL02-ES"
755605;2026-03-02;"segunda-feira";"07:10:00";"PR";116;15;"COLOMBO";"Ausência de reação do condutor";"Queda de ocupante de veículo";"Com Vítimas Feridas";"Pleno dia";"Crescente";"Nublado";"Dupla";"Reta";"Sim";2;0;1;0;1;0;1;1;-25,38134893;-49,16269653;"SPRF-PR";"DEL01-PR";"UOP02-DEL01-PR"
755606;2026-03-02;"segunda-feira";"06:10:00";"MG";381;480;"CONTAGEM";"Trafegar com motocicleta (ou similar) entre as faixas";"Colisão lateral mesmo sentido";"Com Vítimas Feridas";"Pleno dia";"Decrescente";"Sol";"Múltipla";"Reta";"Sim";2;0;1;0;1;0;1;2;-19,96229687;-44,05011177;"SPRF-MG";"DEL01-MG";"UOP03-DEL01-MG"
755607;2026-03-02;"segunda-feira";"07:50:00";"MG";381;484;"BETIM";"Condutor deixou de manter distância do veículo da frente";"Engavetamento";"Com Vítimas Feridas";"Pleno dia";"Crescente";"Céu Claro";"Dupla";"Reta;Declive";"Sim";3;0;0;1;2;0;1;3;-19,95941;-44,08808;"SPRF-MG";"DEL01-MG";"UOP03-DEL01-MG"
755609;2026-03-02;"segunda-feira";"08:30:00";"RJ";116;184;"NOVA IGUACU";"Trafegar com motocicleta (ou similar) entre as faixas";"Queda de ocupante de veículo";"Com Vítimas Feridas";"Pleno dia";"Decrescente";"Céu Claro";"Múltipla";"Reta";"Sim";1;0;1;0;0;0;1;1;-22,7490988;-43,44607294;"SPRF-RJ";"DEL06-RJ";"UOP01-DEL06-RJ"
755610;2026-03-01;"domingo";"19:00:00";"GO";20;49;"FORMOSA";"Ausência de reação do condutor";"Saída de leito carroçável";"Com Vítimas Feridas";"Plena Noite";"Decrescente";"Nublado";"Simples";"Reta";"Não";1;0;1;0;0;0;1;1;-15,334627;-47,12595;"SPRF-DF";"DEL02-DF";"UOP02-DEL02-DF"
755611;2026-03-02;"segunda-feira";"07:30:00";"PE";232;16,5;"JABOATAO DOS GUARARAPES";"Acessar a via sem observar a presença dos outros veículos";"Colisão transversal";"Com Vítimas Feridas";"Pleno dia";"Crescente";"Céu Claro";"Dupla";"Reta";"Não";3;0;3;0;0;0;3;2;-8,095067;-35,041942;"SPRF-PE";"DEL01-PE";"UOP01-DEL01-PE"
755612;2026-03-02;"segunda-feira";"07:19:00";"PR";369;202;"APUCARANA";"Acesso irregular";"Colisão transversal";"Com Vítimas Feridas";"Pleno dia";"Decrescente";"Céu Claro";"Simples";"Reta";"Sim";2;0;2;0;0;0;2;2;-23,542095;-51,455729;"SPRF-PR";"DEL07-PR";"UOP03-DEL07-PR"
755613;2026-03-02;"segunda-feira";"04:00:00";"PE";101;0,2;"GOIANA";"Velocidade Incompatível";"Saída de leito carroçável";"Com Vítimas Fatais";"Amanhecer";"Decrescente";"Nublado";"Dupla";"Reta";"Não";1;1;0;0;0;0;0;1;-7,5035;-34,98571;"SPRF-PE";"DEL01-PE";"UOP02-DEL01-PE"
755615;2026-03-02;"segunda-feira";"08:30:00";"SC";280;3;"SAO FRANCISCO DO SUL";"Acessar a via sem observar a presença dos outros veículos";"Colisão transversal";"Com Vítimas Feridas";"Pleno dia";"Crescente";"Céu Claro";"Simples";"Rotatória";"Sim";2;0;1;0;1;0;1;2;-26,251433;-48,617413;"SPRF-SC";"DEL03-SC";"UOP03-DEL03-SC"
755616;2026-02-12;"quinta-feira";"17:10:00";"SC";470;54,4;"BLUMENAU";"Acessar a via sem observar a presença dos outros veículos";"Colisão transversal";"Com Vítimas Feridas";"Pleno dia";"Crescente";"Céu Claro";"Simples";"Reta;Rotatória";"Sim";2;0;1;0;1;0;1;2;-26,87317;-49,11419;"SPRF-SC";"DEL04-SC";"UOP01-DEL04-SC"
755617;2026-02-22;"domingo";"19:00:00";"RN";101;99;"NATAL";"Reação tardia ou ineficiente do condutor";"Colisão traseira";"Sem Vítimas";"Plena Noite";"Decrescente";"Céu Claro";"Dupla";"Aclive;Reta";"Sim";2;0;0;0;1;1;0;2;-5,87133096;-35,21916389;"SPRF-RN";"DEL01-RN";"UOP01-DEL01-RN"
755621;2026-03-02;"segunda-feira";"08:30:00";"PR";376;462,1;"PONTA GROSSA";"Condutor Dormindo";"Saída de leito carroçável";"Com Vítimas Feridas";"Pleno dia";"Decrescente";"Céu Claro";"Dupla";"Reta";"Não";2;0;2;0;0;0;2;1;-25,0094;-50,3504;"SPRF-PR";"DEL03-PR";"UOP01-DEL03-PR"
755622;2026-03-02;"segunda-feira";"09:30:00";"RS";470;218;"BENTO GONCALVES";"Acessar a via sem observar a presença dos outros veículos";"Colisão transversal";"Sem Vítimas";"Pleno dia";"Crescente";"Céu Claro";"Simples";"Curva;Declive;Interseção de Vias;Rotatória";"Sim";2;0;0;0;2;0;0;2;-29,1831039;-51,5213857;"SPRF-RS";"DEL06-RS";"UOP01-DEL06-RS"
755623;2026-03-02;"segunda-feira";"09:20:00";"GO";153;505;"APARECIDA DE GOIANIA";"Reação tardia ou ineficiente do condutor";"Tombamento";"Com Vítimas Feridas";"Pleno dia";"Decrescente";"Sol";"Dupla";"Reta";"Sim";2;0;2;0;0;0;2;1;-16,74991;-49,24106;"SPRF-GO";"DEL01-GO";"UOP01-DEL01-GO"
755624;2026-03-02;"segunda-feira";"09:00:00";"BA";101;717,8;"EUNAPOLIS";"Acessar a via sem observar a presença dos outros veículos";"Colisão transversal";"Com Vítimas Feridas";"Pleno dia";"Crescente";"Nublado";"Múltipla";"Reta";"Sim";2;0;1;0;1;0;1;2;-16,37143006;-39,58217382;"SPRF-BA";"DEL09-BA";"UOP01-DEL09-BA"
755625;2026-03-02;"segunda-feira";"09:30:00";"SP";116;217;"GUARULHOS";"Manobra de mudança de faixa";"Colisão traseira";"Com Vítimas Feridas";"Pleno dia";"Decrescente";"Nublado";"Múltipla";"Reta;Aclive";"Sim";2;0;1;0;0;1;1;2;-23,45512272;-46,47367764;"SPRF-SP";"DEL01-SP";"UOP01-DEL01-SP"
755626;2026-03-02;"segunda-feira";"07:00:00";"RJ";101;476;"ANGRA DOS REIS";"Transitar na contramão";"Colisão frontal";"Com Vítimas Feridas";"Pleno dia";"Crescente";"Céu Claro";"Simples";"Curva";"Não";5;0;2;0;3;0;2;3;-23,00372314;-44,26175489;"SPRF-RJ";"DEL03-RJ";"UOP03-DEL03-RJ"
755628;2026-03-02;"segunda-feira";"08:50:00";"RS";116;521;"PELOTAS";"Desrespeitar a preferência no cruzamento";"Colisão transversal";"Com Vítimas Feridas";"Pleno dia";"Crescente";"Céu Claro";"Dupla";"Interseção de Vias";"Não";2;0;1;0;1;0;1;2;-31,706708;-52,367422;"SPRF-RS";"DEL07-RS";"UOP01-DEL07-RS"
755631;2026-03-02;"segunda-feira";"07:10:00";"SE";101;165;"SANTA LUZIA DO ITANHY";"Velocidade Incompatível";"Colisão frontal";"Com Vítimas Feridas";"Pleno dia";"Crescente";"Chuva";"Simples";"Reta";"Não";6;0;3;3;0;0;6;3;-11,31225;-37,546445;"SPRF-SE";"DEL02-SE";"UOP01-DEL02-SE"
755632;2026-03-02;"segunda-feira";"10:00:00";"SP";116;157,7;"JACAREI";"Entrada inopinada do pedestre";"Atropelamento de Pedestre";"Com Vítimas Feridas";"Pleno dia";"Crescente";"Céu Claro";"Dupla";"Reta";"Sim";2;0;1;0;1;0;1;2;-23,258516;-45,948605;"SPRF-SP";"DEL02-SP";"UOP01-DEL02-SP"
755633;2026-03-02;"segunda-feira";"09:15:00";"SC";282;389,9;"JOACABA";"Transitar na contramão";"Colisão transversal";"Com Vítimas Feridas";"Pleno dia";"Decrescente";"Céu Claro";"Simples";"Rotatória";"Não";2;0;0;1;1;0;1;2;-27,17876;-51,541544;"SPRF-SC";"DEL07-SC";"UOP05-DEL07-SC"
755636;2026-03-02;"segunda-feira";"10:40:00";"SP";488;0,5;"APARECIDA";"Velocidade Incompatível";"Colisão transversal";"Com Vítimas Feridas";"Pleno dia";"Crescente";"Céu Claro";"Dupla";"Declive;Reta";"Sim";2;0;0;1;1;0;1;2;-22,85335534;-45,23227779;"SPRF-SP";"DEL08-SP";"UOP01-DEL08-SP"
755637;2026-03-02;"segunda-feira";"06:40:00";"RJ";101;312;"SAO GONCALO";"Reação tardia ou ineficiente do condutor";"Colisão traseira";"Sem Vítimas";"Pleno dia";"Crescente";"Céu Claro";"Dupla";"Reta";"Sim";2;0;0;0;2;0;0;2;-22,80656721;-43,06382987;"SPRF-RJ";"DEL02-RJ";"UOP02-DEL02-RJ"
755640;2026-03-02;"segunda-feira";"11:30:00";"RN";101;77,9;"SAO GONCALO DO AMARANTE";"Demais falhas mecânicas ou elétricas";"Tombamento";"Com Vítimas Feridas";"Pleno dia";"Crescente";"Sol";"Dupla";"Reta";"Sim";2;0;2;0;0;0;2;1;-5,73832251;-35,29061191;"SPRF-RN";"DEL02-RN";"UOP01-DEL02-RN"
755641;2026-02-10;"terça-feira";"21:45:00";"RJ";0;0;"RIO DE JANEIRO";"Acessar a via sem observar a presença dos outros veículos";"Colisão transversal";"Sem Vítimas";"Plena Noite";"Não Informado";"Céu Claro";"Simples";"Reta;Interseção de Vias";"Sim";4;0;0;0;3;1;0;2;-22,8048651;-43,3108296;"SPRF-RJ";"N/A";"N/A"
755647;2026-03-02;"segunda-feira";"12:15:00";"RN";406;113,7;"POCO BRANCO";"Demais falhas mecânicas ou elétricas";"Incêndio";"Sem Vítimas";"Pleno dia";"Decrescente";"Céu Claro";"Simples";"Reta";"Não";1;0;0;0;1;0;0;1;-5,566457;-35,72272;"SPRF-RN";"DEL02-RN";"UOP01-DEL02-RN"
755648;2026-03-02;"segunda-feira";"12:00:00";"RN";101;100;"PARNAMIRIM";"Manobra de mudança de faixa";"Colisão lateral mesmo sentido";"Com Vítimas Feridas";"Pleno dia";"Decrescente";"Céu Claro";"Dupla";"Reta";"Sim";3;0;2;0;0;1;2;2;-5,8811583;-35,2254333;"SPRF-RN";"DEL01-RN";"UOP01-DEL01-RN"
755649;2026-03-02;"segunda-feira";"11:30:00";"MG";40;441,5;"PARAOPEBA";"Reação tardia ou ineficiente do condutor";"Saída de leito carroçável";"Com Vítimas Feridas";"Pleno dia";"Crescente";"Nublado";"Dupla";"Reta";"Não";2;0;2;0;0;0;2;1;-19,2684782;-44,4206642;"SPRF-MG";"DEL02-MG";"UOP01-DEL02-MG"
755650;2026-03-02;"segunda-feira";"12:30:00";"RS";116;265;"CANOAS";"Ausência de reação do condutor";"Colisão traseira";"Com Vítimas Feridas";"Pleno dia";"Crescente";"Céu Claro";"Dupla";"Rotatória";"Sim";2;0;1;0;1;0;1;2;-29,92600016;-51,17801462;"SPRF-RS";"DEL01-RS";"UOP01-DEL01-RS"
755651;2026-03-02;"segunda-feira";"12:15:00";"RS";158;564,7;"SANTANA DO LIVRAMENTO";"Acessar a via sem observar a presença dos outros veículos";"Atropelamento de Pedestre";"Com Vítimas Fatais";"Pleno dia";"Crescente";"Céu Claro";"Simples";"Reta;Aclive;Ponte";"Sim";4;1;0;0;2;1;0;2;-30,86852546;-55,50789714;"SPRF-RS";"DEL11-RS";"UOP01-DEL11-RS"
755653;2026-03-02;"segunda-feira";"12:00:00";"PE";232;4,5;"RECIFE";"Ausência de reação do condutor";"Saída de leito carroçável";"Com Vítimas Feridas";"Pleno dia";"Crescente";"Céu Claro";"Simples";"Curva";"Não";2;0;0;2;0;0;2;1;-8,06625;-34,9399;"SPRF-PE";"DEL01-PE";"UOP01-DEL01-PE"
755654;2026-03-02;"segunda-feira";"12:35:00";"PR";277;77;"CURITIBA";"Acessar a via sem observar a presença dos outros veículos";"Colisão lateral mesmo sentido";"Sem Vítimas";"Pleno dia";"Decrescente";"Céu Claro";"Dupla";"Reta";"Sim";3;0;0;0;2;1;0;3;-25,483646;-49,190801;"SPRF-PR";"DEL01-PR";"UOP07-DEL01-PR"
755655;2026-03-02;"segunda-feira";"12:20:00";"RJ";465;6;"SEROPEDICA";"Transitar na contramão";"Colisão transversal";"Com Vítimas Feridas";"Pleno dia";"Crescente";"Nublado";"Simples";"Reta";"Sim";3;0;1;0;2;0;1;2;-22,74866919;-43,6985223;"SPRF-RJ";"DEL06-RJ";"UOP02-DEL06-RJ"
755657;2026-03-02;"segunda-feira";"13:05:00";"SC";470;54;"BLUMENAU";"Acessar a via sem observar a presença dos outros veículos";"Colisão traseira";"Com Vítimas Feridas";"Pleno dia";"Crescente";"Céu Claro";"Simples";"Reta;Interseção de Vias";"Sim";2;0;0;1;1;0;1;2;-26,87331499;-49,11446068;"SPRF-SC";"DEL04-SC";"UOP01-DEL04-SC"
755658;2026-03-02;"segunda-feira";"12:20:00";"GO";153;506;"APARECIDA DE GOIANIA";"Ausência de reação do condutor";"Colisão traseira";"Com Vítimas Feridas";"Pleno dia";"Decrescente";"Céu Claro";"Dupla";"Declive";"Sim";3;0;1;0;2;0;1;3;-16,7624;-49,240048;"SPRF-GO";"DEL01-GO";"UOP01-DEL01-GO"
755660;2026-03-02;"segunda-feira";"12:00:00";"MG";262;357,2;"JUATUBA";"Ausência de reação do condutor";"Tombamento";"Com Vítimas Feridas";"Pleno dia";"Decrescente";"Céu Claro";"Simples";"Reta";"Sim";1;0;1;0;0;0;1;1;-19,971152;-44,2867966;"SPRF-MG";"DEL01-MG";"UOP03-DEL01-MG"
755662;2026-03-02;"segunda-feira";"13:00:00";"PR";369;138;"IBIPORA";"Desrespeitar a preferência no cruzamento";"Colisão transversal";"Com Vítimas Feridas";"Pleno dia";"Crescente";"Céu Claro";"Dupla";"Rotatória";"Sim";2;0;2;0;0;0;2;2;-23,27364212;-51,05615823;"SPRF-PR";"DEL07-PR";"UOP01-DEL07-PR"
755663;2026-03-02;"segunda-feira";"13:20:00";"RJ";101;482;"ANGRA DOS REIS";"Acessar a via sem observar a presença dos outros veículos";"Colisão transversal";"Com Vítimas Feridas";"Pleno dia";"Decrescente";"Nublado";"Dupla";"Curva;Interseção de Vias";"Sim";4;0;1;0;3;0;1;2;-23,00588762;-44,29678766;"SPRF-RJ";"DEL03-RJ";"UOP03-DEL03-RJ"
755664;2026-03-02;"segunda-feira";"08:15:00";"SC";101;314,1;"LAGUNA";"Demais falhas mecânicas ou elétricas";"Incêndio";"Sem Vítimas";"Pleno dia";"Decrescente";"Céu Claro";"Dupla";"Ponte;Curva";"Não";6;0;0;0;6;0;0;1;-28,43483541;-48,84377416;"SPRF-SC";"DEL02-SC";"UOP01-DEL02-SC"
755666;2026-03-02;"segunda-feira";"07:54:00";"RS";116;184,8;"NOVA PETROPOLIS";"Manobra de mudança de faixa";"Colisão lateral mesmo sentido";"Com Vítimas Feridas";"Pleno dia";"Decrescente";"Céu Claro";"Dupla";"Rotatória";"Sim";2;0;0;1;1;0;1;2;-29,38685358;-51,12483351;"SPRF-RS";"DEL05-RS";"UOP02-DEL05-RS"
755670;2026-03-02;"segunda-feira";"13:30:00";"MG";40;576;"ITABIRITO";"Ausência de reação do condutor";"Colisão com objeto";"Com Vítimas Feridas";"Pleno dia";"Decrescente";"Céu Claro";"Múltipla";"Reta";"Sim";1;0;0;1;0;0;1;1;-20,27276;-43,950845;"SPRF-MG";"DEL01-MG";"UOP02-DEL01-MG"
755674;2026-03-02;"segunda-feira";"14:10:00";"DF";60;20;"BRASILIA";"Avarias e/ou desgaste excessivo no pneu";"Saída de leito carroçável";"Com Vítimas Feridas";"Pleno dia";"Decrescente";"Céu Claro";"Dupla";"Curva";"Não";1;0;1;0;0;0;1;1;-15,976602;-48,199007;"SPRF-DF";"DEL03-DF";"UOP01-DEL03-DF"
755675;2026-03-02;"segunda-feira";"14:45:00";"BA";116;327;"TEOFILANDIA";"Velocidade Incompatível";"Colisão frontal";"Com Vítimas Feridas";"Pleno dia";"Decrescente";"Nublado";"Simples";"Reta";"Não";3;0;2;1;0;0;3;2;-11,46673;-38,99001;"SPRF-BA";"DEL02-BA";"UOP01-DEL02-BA"
755678;2026-03-02;"segunda-feira";"14:38:00";"SC";282;23,7;"SANTO AMARO DA IMPERATRIZ";"Acessar a via sem observar a presença dos outros veículos";"Colisão frontal";"Com Vítimas Feridas";"Pleno dia";"Decrescente";"Céu Claro";"Simples";"Reta;Retorno Regulamentado;Interseção de Vias";"Sim";2;0;1;0;1;0;1;2;-27,68445915;-48,74363422;"SPRF-SC";"DEL01-SC";"UOP03-DEL01-SC"
755679;2026-03-02;"segunda-feira";"11:00:00";"BA";242;606;"IBOTIRAMA";"Chuva";"Colisão traseira";"Com Vítimas Feridas";"Pleno dia";"Decrescente";"Chuva";"Simples";"Reta";"Sim";1;0;1;0;0;0;1;1;-12,17393097;-43,20558071;"SPRF-BA";"DEL06-BA";"UOP03-DEL06-BA"
755680;2026-03-02;"segunda-feira";"14:45:00";"RS";290;36,4;"SANTO ANTONIO DA PATRULHA";"Manobra de mudança de faixa";"Tombamento";"Com Vítimas Feridas";"Pleno dia";"Crescente";"Sol";"Dupla";"Reta";"Não";2;0;2;0;0;0;2;1;-29,88509;-50,621753;"SPRF-RS";"DEL03-RS";"UOP01-DEL03-RS"
755682;2026-03-02;"segunda-feira";"15:30:00";"PB";230;136,4;"MASSARANDUBA";"Ausência de reação do condutor";"Saída de leito carroçável";"Com Vítimas Fatais";"Pleno dia";"Crescente";"Céu Claro";"Dupla";"Reta";"Não";3;1;2;0;0;0;2;1;-7,27600018;-35,77795196;"SPRF-PB";"DEL02-PB";"UOP01-DEL02-PB"
755684;2026-03-02;"segunda-feira";"12:00:00";"RJ";116;131;"MAGE";"Acessar a via sem observar a presença dos outros veículos";"Colisão traseira";"Com Vítimas Feridas";"Pleno dia";"Crescente";"Céu Claro";"Dupla";"Reta;Viaduto";"Sim";2;0;1;0;0;1;1;2;-22,656727;-43,129205;"SPRF-RJ";"DEL04-RJ";"UOP02-DEL04-RJ"
755685;2026-03-02;"segunda-feira";"15:00:00";"DF";20;9,5;"BRASILIA";"Condutor deixou de manter distância do veículo da frente";"Tombamento";"Com Vítimas Feridas";"Pleno dia";"Decrescente";"Chuva";"Múltipla";"Reta";"Sim";1;0;1;0;0;0;1;1;-15,65244318;-47,77844357;"SPRF-DF";"DEL02-DF";"UOP01-DEL02-DF"
755690;2026-03-02;"segunda-feira";"14:40:00";"RJ";393;250;"BARRA DO PIRAI";"Pista esburacada";"Tombamento";"Com Vítimas Feridas";"Pleno dia";"Crescente";"Céu Claro";"Simples";"Reta";"Não";1;0;1;0;0;0;1;1;-22,4446583;-43,7925683;"SPRF-RJ";"DEL05-RJ";"UOP04-DEL05-RJ"
755691;2026-02-14;"sábado";"19:40:00";"CE";20;358;"CARIDADE";"Ausência de reação do condutor";"Colisão com objeto";"Com Vítimas Feridas";"Plena Noite";"Crescente";"Nublado";"Simples";"Reta;Aclive";"Não";1;0;0;1;0;0;1;1;-4,035287;-38,995135;"SPRF-CE";"DEL02-CE";"UOP01-DEL02-CE"
755692;2026-03-02;"segunda-feira";"16:00:00";"AL";316;271,8;"MACEIO";"Acessar a via sem observar a presença dos outros veículos";"Colisão transversal";"Com Vítimas Feridas";"Pleno dia";"Decrescente";"Nublado";"Simples";"Reta";"Não";2;0;1;0;1;0;1;2;-9,56778;-35,80879;"SPRF-AL";"DEL02-AL";"UOP01-DEL02-AL"
755693;2026-02-28;"sábado";"19:30:00";"SC";282;69,7;"RANCHO QUEIMADO";"Curva acentuada";"Saída de leito carroçável";"Com Vítimas Feridas";"Plena Noite";"Decrescente";"Nublado";"Simples";"Curva";"Não";4;0;3;0;1;0;3;1;-27,694;-49,0906;"SPRF-SC";"DEL01-SC";"UOP03-DEL01-SC"
755694;2026-03-02;"segunda-feira";"15:25:00";"MG";116;761,3;"LEOPOLDINA";"Reação tardia ou ineficiente do condutor";"Colisão transversal";"Com Vítimas Feridas";"Pleno dia";"Decrescente";"Céu Claro";"Simples";"Curva;Interseção de Vias";"Sim";3;0;1;2;0;0;3;2;-21,527706;-42,621471;"SPRF-MG";"DEL07-MG";"UOP01-DEL07-MG"
755695;2026-03-02;"segunda-feira";"16:45:00";"PB";101;45;"MAMANGUAPE";"Pedestre - Ingestão de álcool/ substâncias psicoativas";"Atropelamento de Pedestre";"Com Vítimas Feridas";"Pleno dia";"Decrescente";"Céu Claro";"Dupla";"Reta";"Não";2;0;0;1;0;1;1;2;-6,8824362;-35,1307576;"SPRF-PB";"DEL01-PB";"UOP03-DEL01-PB"
755696;2026-03-02;"segunda-feira";"16:50:00";"SC";470;140;"RIO DO SUL";"Acessar a via sem observar a presença dos outros veículos";"Colisão transversal";"Com Vítimas Feridas";"Pleno dia";"Decrescente";"Sol";"Simples";"Reta;Interseção de Vias";"Sim";3;0;2;0;1;0;2;2;-27,204646;-49,638484;"SPRF-SC";"DEL04-SC";"UOP02-DEL04-SC"
755697;2026-03-02;"segunda-feira";"16:00:00";"SP";116;4;"GUARULHOS";"Manobra de mudança de faixa";"Colisão traseira";"Com Vítimas Feridas";"Pleno dia";"Decrescente";"Céu Claro";"Múltipla";"Declive;Reta";"Sim";3;0;1;0;1;1;1;3;-23,424447;-46,4879;"SPRF-SP";"DEL01-SP";"UOP01-DEL01-SP"
755699;2026-03-02;"segunda-feira";"17:00:00";"RS";448;22;"PORTO ALEGRE";"Acumulo de óleo sobre o pavimento";"Tombamento";"Com Vítimas Feridas";"Pleno dia";"Crescente";"Céu Claro";"Simples";"Aclive;Curva";"Não";1;0;1;0;0;0;1;1;-29,97506183;-51,19841186;"SPRF-RS";"DEL01-RS";"UOP01-DEL01-RS"
755700;2026-03-02;"segunda-feira";"15:55:00";"RJ";40;121;"DUQUE DE CAXIAS";"Condutor usando celular";"Colisão traseira";"Com Vítimas Feridas";"Pleno dia";"Decrescente";"Céu Claro";"Dupla";"Reta";"Sim";3;0;0;1;2;0;1;3;-22,7761431;-43,2859364;"SPRF-RJ";"DEL01-RJ";"UOP02-DEL01-RJ"
755701;2026-03-02;"segunda-feira";"17:20:00";"RS";285;415,3;"PANAMBI";"Ultrapassagem Indevida";"Colisão frontal";"Com Vítimas Fatais";"Pleno dia";"Crescente";"Céu Claro";"Simples";"Reta";"Não";2;1;1;0;0;0;1;2;-28,35465633;-53,47061858;"SPRF-RS";"DEL10-RS";"UOP01-DEL10-RS"