"id";"data_inversa";"dia_semana";"horario";"uf";"br";"km";"municipio";"causa_acidente";"tipo_acidente";"classificacao_acidente";"fase_dia";"sentido_via";"condicao_metereologica";"tipo_pista";"tracado_via";"uso_solo";"pessoas";"mortos";"feridos_leves";"feridos_graves";"ilesos";"ignorados";"feridos";"veiculos";"latitude";"longitude";"regional";"delegacia";"uop"
755702;2026-03-02;"segunda-feira";"16:50:00";"MS";262;184;"RIBAS DO RIO PARDO";"Manobra de mudança de faixa";"Saída de leito carroçável";"Com Vítimas Feridas";"Pleno dia";"Decrescente";"Céu Claro";"Simples";"Reta";"Não";1;0;1;0;0;0;1;1;-20,428099;-53,247355;"SPRF-MS";"DEL07-MS";"UOP02-DEL07-MS"
755704;2026-03-02;"segunda-feira";"06:40:00";"GO";153;532;"HIDROLANDIA";"Demais falhas mecânicas ou elétricas";"Incêndio";"Sem Vítimas";"Pleno dia";"Decrescente";"Céu Claro";"Dupla";"Reta";"Não";1;0;0;0;1;0;0;1;-16,996095;-49,226417;"SPRF-GO";"DEL01-GO";"UOP03-DEL01-GO"
755705;2026-03-02;"segunda-feira";"18:30:00";"ES";101;287;"CARIACICA";"Acessar a via sem observar a presença dos outros veículos";"Colisão transversal";"Com Vítimas Feridas";"Plena Noite";"Crescente";"Céu Claro";"Dupla";"Reta";"Sim";2;0;0;2;0;0;2;2;-20,26484553;-40,38467182;"SPRF-ES";"DEL01-ES";"UOP01-DEL01-ES"
755706;2026-03-02;"segunda-feira";"18:15:00";"SP";153;62,4;"SAO JOSE DO RIO PRETO";"Ausência de reação do condutor";"Colisão traseira";"Sem Vítimas";"Anoitecer";"Crescente";"Céu Claro";"Dupla";"Aclive;Reta";"Sim";2;0;0;0;2;0;0;2;-20,816942;-49,357313;"SPRF-SP";"DEL09-SP";"UOP01-DEL09-SP"
755708;2026-02-22;"domingo";"18:15:00";"AL";316;265;"SATUBA";"Ingestão de álcool pelo condutor";"Colisão transversal";"Com Vítimas Feridas";"Anoitecer";"Decrescente";"Céu Claro";"Simples";"Aclive;Curva";"Não";3;0;1;1;1;0;2;2;-9,58711;-35,86015;"SPRF-AL";"DEL02-AL";"UOP01-DEL02-AL"
755713;2026-03-02;"segunda-feira";"18:40:00";"DF";70;5,4;"BRASILIA";"Manobra de mudança de faixa";"Colisão lateral mesmo sentido";"Com Vítimas Feridas";"Anoitecer";"Crescente";"Céu Claro";"Dupla";"Reta";"Não";2;0;1;0;1;0;1;2;-15,792;-48,103102;"SPRF-DF";"DEL03-DF";"UOP02-DEL03-DF"
755714;2026-03-02;"segunda-feira";"19:15:00";"ES";393;0,5;"CACHOEIRO DE ITAPEMIRIM";"Ingestão de álcool pelo condutor";"Colisão transversal";"Com Vítimas Feridas";"Plena Noite";"Crescente";"Nublado";"Simples";"Reta";"Sim";3;0;1;1;0;1;2;2;-20,839;-41,163;"SPRF-ES";"DEL03-ES";"UOP02-DEL03-ES"
755715;2026-03-02;"segunda-feira";"17:50:00";"BA";101;264;"SANTO ANTONIO DE JESUS";"Desrespeitar a preferência no cruzamento";"Colisão transversal";"Com Vítimas Feridas";"Plena Noite";"Decrescente";"Chuva";"Simples";"Interseção de Vias";"Sim";3;0;3;0;0;0;3;2;-12,9863677;-39,29163694;"SPRF-BA";"DEL11-BA";"UOP01-DEL11-BA"
755717;2026-03-02;"segunda-feira";"18:06:00";"RO";319;144;"PORTO VELHO";"Ausência de reação do condutor";"Colisão traseira";"Com Vítimas Feridas";"Anoitecer";"Decrescente";"Céu Claro";"Múltipla";"Reta";"Sim";2;0;1;0;1;0;1;2;-8,76823005;-63,88408935;"SPRF-RO";"DEL01-RO";"UOP01-DEL01-RO"
755718;2026-03-02;"segunda-feira";"20:00:00";"SP";116;217;"GUARULHOS";"Ausência de reação do condutor";"Colisão lateral mesmo sentido";"Com Vítimas Feridas";"Plena Noite";"Crescente";"Céu Claro";"Múltipla";"Reta";"Não";2;0;1;0;1;0;1;2;-23,45411289;-46,47354126;"SPRF-SP";"DEL01-SP";"UOP01-DEL01-SP"
755719;2026-03-02;"segunda-feira";"19:50:00";"ES";101;229,4;"FUNDAO";"Reação tardia ou ineficiente do condutor";"Tombamento";"Com Vítimas Feridas";"Plena Noite";"Crescente";"Céu Claro";"Simples";"Reta";"Sim";1;0;1;0;0;0;1;1;-19,93153833;-40,40562333;"SPRF-ES";"DEL02-ES";"UOP01-DEL02-ES"
755720;2026-02-27;"sexta-feira";"21:40:00";"RJ";116;170,5;"RIO DE JANEIRO";"Ausência de reação do condutor";"Colisão traseira";"Com Vítimas Feridas";"Plena Noite";"Crescente";"Garoa/Chuvisco";"Dupla";"Reta";"Sim";3;0;1;0;2;0;1;2;-22,81032975;-43,33516208;"SPRF-RJ";"DEL06-RJ";"UOP01-DEL06-RJ"
755721;2026-03-02;"segunda-feira";"19:25:00";"ES";393;0,5;"CACHOEIRO DE ITAPEMIRIM";"Acessar a via sem observar a presença dos outros veículos";"Colisão transversal";"Com Vítimas Feridas";"Plena Noite";"Decrescente";"Céu Claro";"Simples";"Interseção de Vias;Reta";"Sim";3;0;2;0;1;0;2;2;-20,83872004;-41,16339952;"SPRF-ES";"DEL03-ES";"UOP02-DEL03-ES"
755724;2026-03-02;"segunda-feira";"17:50:00";"RJ";40;122;"DUQUE DE CAXIAS";"Trafegar com motocicleta (ou similar) entre as faixas";"Colisão lateral mesmo sentido";"Com Vítimas Feridas";"Pleno dia";"Decrescente";"Céu Claro";"Múltipla";"Reta";"Sim";2;0;1;0;1;0;1;2;-22,63076068;-43,285137;"SPRF-RJ";"DEL01-RJ";"UOP02-DEL01-RJ"
755727;2026-03-02;"segunda-feira";"19:50:00";"PA";230;615,7;"VITORIA DO XINGU";"Animais na Pista";"Atropelamento de Animal";"Com Vítimas Feridas";"Plena Noite";"Decrescente";"Céu Claro";"Simples";"Reta";"Não";1;0;1;0;0;0;1;1;-3,16982;-52,10044;"SPRF-PA";"DEL04-PA";"UOP01-DEL04-PA"
755728;2026-03-02;"segunda-feira";"19:45:00";"RJ";393;298;"BARRA MANSA";"Acesso irregular";"Colisão frontal";"Com Vítimas Feridas";"Plena Noite";"Crescente";"Nublado";"Simples";"Curva";"Não";2;0;1;0;1;0;1;2;-22,56598456;-44,25463104;"SPRF-RJ";"DEL07-RJ";"UOP02-DEL07-RJ"
755731;2026-03-02;"segunda-feira";"18:40:00";"RS";470;282,5;"MONTENEGRO";"Velocidade Incompatível";"Colisão lateral mesmo sentido";"Com Vítimas Feridas";"Anoitecer";"Decrescente";"Céu Claro";"Simples";"Interseção de Vias;Reta";"Sim";2;0;1;0;1;0;1;2;-29,620016;-51,474507;"SPRF-RS";"DEL06-RS";"UOP01-DEL06-RS"
755732;2026-03-02;"segunda-feira";"20:50:00";"RJ";101;428;"MANGARATIBA";"Ingestão de álcool pelo condutor";"Tombamento";"Sem Vítimas";"Plena Noite";"Decrescente";"Chuva";"Dupla";"Retorno Regulamentado";"Não";1;0;0;0;1;0;0;1;-22,9356379;-43,9988101;"SPRF-RJ";"DEL03-RJ";"UOP02-DEL03-RJ"
755736;2026-03-02;"segunda-feira";"21:30:00";"PE";232;11;"JABOATAO DOS GUARARAPES";"Demais falhas mecânicas ou elétricas";"Colisão traseira";"Com Vítimas Feridas";"Plena Noite";"Crescente";"Chuva";"Dupla";"Reta";"Não";2;0;0;1;1;0;1;2;-8,08604182;-35,00311591;"SPRF-PE";"DEL01-PE";"UOP01-DEL01-PE"
755739;2026-03-02;"segunda-feira";"20:40:00";"PI";316;311;"PICOS";"Entrada inopinada do pedestre";"Atropelamento de Pedestre";"Com Vítimas Feridas";"Plena Noite";"Decrescente";"Garoa/Chuvisco";"Dupla";"Reta";"Sim";2;0;0;1;1;0;1;2;-7,07993033;-41,45989943;"SPRF-PI";"DEL04-PI";"UOP01-DEL04-PI"
755740;2026-03-02;"segunda-feira";"21:35:00";"PR";277;173;"PALMEIRA";"Pedestre andava na pista";"Atropelamento de Pedestre";"Com Vítimas Fatais";"Plena Noite";"Decrescente";"Céu Claro";"Simples";"Reta;Em Obras;Aclive";"Não";5;1;0;0;4;0;0;2;-25,442391;-49,967571;"SPRF-PR";"DEL03-PR";"UOP03-DEL03-PR"
755741;2026-03-02;"segunda-feira";"23:20:00";"RJ";101;308;"SAO GONCALO";"Animais na Pista";"Atropelamento de Animal";"Com Vítimas Feridas";"Plena Noite";"Crescente";"Céu Claro";"Dupla";"Reta";"Sim";1;0;1;0;0;0;1;1;-22,793068;-43,024872;"SPRF-RJ";"DEL02-RJ";"UOP02-DEL02-RJ"
755742;2026-03-02;"segunda-feira";"20:30:00";"RS";285;96;"VACARIA";"Desrespeitar a preferência no cruzamento";"Colisão transversal";"Com Vítimas Feridas";"Plena Noite";"Decrescente";"Céu Claro";"Simples";"Interseção de Vias";"Sim";5;0;4;0;1;0;4;2;-28,5973987;-50,7435256;"SPRF-RS";"DEL05-RS";"UOP03-DEL05-RS"
755743;2026-01-29;"quinta-feira";"17:37:00";"RJ";101;387;"RIO DE JANEIRO";"Reação tardia ou ineficiente do condutor";"Colisão com objeto";"Com Vítimas Feridas";"Pleno dia";"Decrescente";"Nublado";"Dupla";"Reta";"Não";1;0;0;1;0;0;1;1;-22,89199024;-43,66859436;"SPRF-RJ";"DEL03-RJ";"UOP01-DEL03-RJ"
755744;2026-03-02;"segunda-feira";"23:20:00";"PR";116;115;"CURITIBA";"Demais falhas mecânicas ou elétricas";"Tombamento";"Com Vítimas Feridas";"Plena Noite";"Decrescente";"Nublado";"Dupla";"Reta";"Não";2;0;2;0;0;0;2;1;-25,587203;-49,314498;"SPRF-PR";"DEL01-PR";"UOP03-DEL01-PR"
755747;2026-03-02;"segunda-feira";"23:10:00";"RO";364;423,5;"JARU";"Ausência de reação do condutor";"Colisão com objeto";"Com Vítimas Feridas";"Plena Noite";"Crescente";"Céu Claro";"Dupla";"Reta;Em Obras";"Sim";1;0;0;1;0;0;1;1;-10,447471;-62,463923;"SPRF-RO";"DEL03-RO";"UOP02-DEL03-RO"
755751;2026-02-14;"sábado";"09:30:00";"MA";135;7;"SAO LUIS";"Acessar a via sem observar a presença dos outros veículos";"Colisão transversal";"Com Vítimas Feridas";"Pleno dia";"Decrescente";"Céu Claro";"Dupla";"Reta;Aclive;Retorno Regulamentado";"Sim";3;0;0;1;2;0;1;2;-2,640561;-44,271805;"SPRF-MA";"DEL01-MA";"UOP01-DEL01-MA"
755752;2026-03-03;"terça-feira";"02:45:00";"SE";101;39,4;"JAPARATUBA";"Chuva";"Colisão com objeto";"Com Vítimas Feridas";"Plena Noite";"Crescente";"Chuva";"Dupla";"Reta;Declive";"Não";1;0;1;0;0;0;1;1;-10,52013;-36,95179;"SPRF-SE";"DEL02-SE";"UOP02-DEL02-SE"
755754;2026-03-03;"terça-feira";"03:30:00";"PR";277;69,5;"SAO JOSE DOS PINHAIS";"Avarias e/ou desgaste excessivo no pneu";"Tombamento";"Com Vítimas Feridas";"Plena Noite";"Crescente";"Nublado";"Dupla";"Reta";"Sim";2;0;2;0;0;0;2;1;-25,517817;-49,114045;"SPRF-PR";"DEL01-PR";"UOP01-DEL01-PR"
755755;2026-03-03;"terça-feira";"05:29:00";"PE";101;76,8;"RECIFE";"Pedestre cruzava a pista fora da faixa";"Atropelamento de Pedestre";"Com Vítimas Feridas";"Pleno dia";"Decrescente";"Céu Claro";"Dupla";"Reta";"Não";2;0;2;0;0;0;2;2;-8,13067;-34,94964;"SPRF-PE";"DEL01-PE";"UOP01-DEL01-PE"
755756;2026-03-03;"terça-feira";"05:00:00";"RJ";116;148;"DUQUE DE CAXIAS";"Manobra de mudança de faixa";"Colisão lateral mesmo sentido";"Com Vítimas Feridas";"Pleno dia";"Crescente";"Céu Claro";"Múltipla";"Reta";"Sim";2;0;1;0;0;1;1;2;-22,67192695;-43,28135848;"SPRF-RJ";"DEL01-RJ";"UOP02-DEL01-RJ"
755757;2026-03-03;"terça-feira";"05:00:00";"MG";40;616,9;"CONGONHAS";"Animais na Pista";"Atropelamento de Animal";"Com Vítimas Feridas";"Plena Noite";"Crescente";"Nevoeiro/Neblina";"Simples";"Aclive;Reta";"Não";3;0;2;0;1;0;2;1;-20,54790348;-43,81767724;"SPRF-MG";"DEL05-MG";"UOP02-DEL05-MG"
755759;2026-03-03;"terça-feira";"06:40:00";"SP";116;221;"GUARULHOS";"Trafegar com motocicleta (ou similar) entre as faixas";"Colisão lateral mesmo sentido";"Com Vítimas Feridas";"Pleno dia";"Crescente";"Nublado";"Múltipla";"Reta";"Sim";2;0;1;0;0;1;1;2;-23,46832118;-46,5093863;"SPRF-SP";"DEL01-SP";"UOP01-DEL01-SP"
755761;2026-03-03;"terça-feira";"05:00:00";"PR";277;29;"MORRETES";"Ausência de reação do condutor";"Tombamento";"Com Vítimas Feridas";"Plena Noite";"Decrescente";"Céu Claro";"Dupla";"Em Obras;Reta";"Não";1;0;1;0;0;0;1;1;-25,5464268;-48,78773896;"SPRF-PR";"DEL01-PR";"UOP05-DEL01-PR"
755765;2026-03-03;"terça-feira";"07:00:00";"RN";101;72;"EXTREMOZ";"Condutor deixou de manter distância do veículo da frente";"Engavetamento";"Com Vítimas Feridas";"Pleno dia";"Decrescente";"Sol";"Simples";"Declive";"Não";4;0;1;0;3;0;1;3;-5,700369;-35,264144;"SPRF-RN";"DEL02-RN";"UOP01-DEL02-RN"
755768;2026-03-03;"terça-feira";"07:27:00";"SC";470;54,6;"BLUMENAU";"Trafegar com motocicleta (ou similar) entre as faixas";"Colisão traseira";"Com Vítimas Feridas";"Pleno dia";"Decrescente";"Céu Claro";"Dupla";"Interseção de Vias";"Não";2;0;1;0;1;0;1;2;-26,875008;-49,116657;"SPRF-SC";"DEL04-SC";"UOP01-DEL04-SC"
755769;2026-03-03;"terça-feira";"05:45:00";"PE";232;408,5;"SERRA TALHADA";"Acessar a via sem observar a presença dos outros veículos";"Atropelamento de Pedestre";"Com Vítimas Feridas";"Amanhecer";"Crescente";"Nublado";"Simples";"Aclive;Reta";"Sim";3;0;1;0;1;1;1;2;-7,98271;-38,28524;"SPRF-PE";"DEL04-PE";"UOP01-DEL04-PE"
755770;2026-03-03;"terça-feira";"07:40:00";"SP";116;227;"SAO PAULO";"Manobra de mudança de faixa";"Colisão traseira";"Com Vítimas Feridas";"Pleno dia";"Crescente";"Nublado";"Múltipla";"Reta;Aclive";"Sim";2;0;1;0;1;0;1;2;-23,50155069;-46,56465816;"SPRF-SP";"DEL01-SP";"UOP01-DEL01-SP"
755771;2026-03-03;"terça-feira";"07:20:00";"SC";101;138,3;"BALNEARIO CAMBORIU";"Condutor deixou de manter distância do veículo da frente";"Colisão traseira";"Com Vítimas Feridas";"Pleno dia";"Decrescente";"Sol";"Dupla";"Aclive;Reta";"Não";2;0;1;0;1;0;1;2;-27,02101101;-48,6090502;"SPRF-SC";"DEL04-SC";"UOP03-DEL04-SC"
755773;2026-03-03;"terça-feira";"06:00:00";"MS";60;448,7;"SIDROLANDIA";"Demais falhas mecânicas ou elétricas";"Incêndio";"Sem Vítimas";"Amanhecer";"Crescente";"Céu Claro";"Simples";"Reta";"Não";1;0;0;0;0;1;0;1;-21,004593;-55,126023;"SPRF-MS";"DEL01-MS";"UOP04-DEL01-MS"
755776;2026-03-03;"terça-feira";"07:25:00";"ES";101;290,7;"CARIACICA";"Reação tardia ou ineficiente do condutor";"Colisão traseira";"Com Vítimas Feridas";"Pleno dia";"Crescente";"Sol";"Dupla";"Reta";"Sim";2;0;1;0;1;0;1;2;-20,2959477;-40,3936851;"SPRF-ES";"DEL01-ES";"UOP01-DEL01-ES"
755780;2026-03-03;"terça-feira";"07:45:00";"SC";101;125,1;"ITAJAI";"Demais falhas mecânicas ou elétricas";"Tombamento";"Com Vítimas Feridas";"Pleno dia";"Crescente";"Céu Claro";"Dupla";"Reta";"Não";2;0;2;0;0;0;2;1;-26,9488;-48,68204;"SPRF-SC";"DEL04-SC";"UOP04-DEL04-SC"
755783;2026-03-03;"terça-feira";"06:15:00";"RN";304;302,3;"MACAIBA";"Manobra de mudança de faixa";"Colisão lateral mesmo sentido";"Sem Vítimas";"Pleno dia";"Decrescente";"Chuva";"Dupla";"Reta";"Sim";3;0;0;0;3;0;0;2;-5,880087;-35,29552;"SPRF-RN";"DEL01-RN";"UOP02-DEL01-RN"
755784;2026-03-03;"terça-feira";"07:40:00";"MG";381;483;"BETIM";"Condutor deixou de manter distância do veículo da frente";"Colisão traseira";"Com Vítimas Feridas";"Pleno dia";"Crescente";"Céu Claro";"Dupla";"Reta";"Sim";2;0;1;0;1;0;1;2;-19,95862617;-44,08071041;"SPRF-MG";"DEL01-MG";"UOP03-DEL01-MG"
755785;2026-03-03;"terça-feira";"08:00:00";"SP";153;44,9;"SAO JOSE DO RIO PRETO";"Manobra de mudança de faixa";"Tombamento";"Com Vítimas Feridas";"Pleno dia";"Crescente";"Céu Claro";"Simples";"Reta";"Não";2;0;2;0;0;0;2;1;-20,663351;-49,340835;"SPRF-SP";"DEL09-SP";"UOP01-DEL09-SP"
755786;2026-03-03;"terça-feira";"08:05:00";"SC";116;246;"LAGES";"Desrespeitar a preferência no cruzamento";"Colisão transversal";"Com Vítimas Feridas";"Pleno dia";"Decrescente";"Céu Claro";"Simples";"Interseção de Vias;Reta";"Sim";2;0;1;0;1;0;1;2;-27,80414463;-50,3647368;"SPRF-SC";"DEL05-SC";"UOP02-DEL05-SC"
755787;2026-03-03;"terça-feira";"07:42:00";"PE";101;46;"IGARASSU";"Condutor deixou de manter distância do veículo da frente";"Colisão traseira";"Com Vítimas Feridas";"Pleno dia";"Decrescente";"Céu Claro";"Múltipla";"Reta";"Sim";2;0;1;0;1;0;1;2;-7,87063748;-34,90632746;"SPRF-PE";"DEL01-PE";"UOP02-DEL01-PE"
755788;2026-03-03;"terça-feira";"08:56:00";"BA";324;618;"SALVADOR";"Ausência de reação do condutor";"Queda de ocupante de veículo";"Com Vítimas Feridas";"Pleno dia";"Crescente";"Céu Claro";"Dupla";"Interseção de Vias";"Não";2;0;2;0;0;0;2;1;-12,8995892;-38,4515857;"SPRF-BA";"DEL01-BA";"UOP01-DEL01-BA"
755789;2026-03-03;"terça-feira";"08:55:00";"AL";104;90,5;"RIO LARGO";"Avarias e/ou desgaste excessivo no pneu";"Eventos atípicos";"Com Vítimas Feridas";"Pleno dia";"Crescente";"Céu Claro";"Dupla";"Reta";"Sim";2;0;2;0;0;0;2;1;-9,503461;-35,810114;"SPRF-AL";"DEL01-AL";"UOP01-DEL01-AL"
755793;2026-03-03;"terça-feira";"08:35:00";"SC";101;126;"ITAJAI";"Condutor deixou de manter distância do veículo da frente";"Colisão traseira";"Com Vítimas Feridas";"Pleno dia";"Decrescente";"Sol";"Dupla";"Aclive;Reta";"Não";3;0;2;0;1;0;2;2;-26,95893;-48,68013;"SPRF-SC";"DEL04-SC";"UOP04-DEL04-SC"
755794;2026-03-03;"terça-feira";"06:32:00";"RJ";101;386;"RIO DE JANEIRO";"Manobra de mudança de faixa";"Colisão lateral mesmo sentido";"Com Vítimas Feridas";"Amanhecer";"Decrescente";"Nublado";"Dupla";"Reta";"Sim";3;0;2;0;1;0;2;2;-22,8849;-43,64654;"SPRF-RJ";"DEL03-RJ";"UOP01-DEL03-RJ"
755797;2026-03-03;"terça-feira";"07:55:00";"RO";364;712;"PORTO VELHO";"Condutor deixou de manter distância do veículo da frente";"Engavetamento";"Com Vítimas Feridas";"Pleno dia";"Crescente";"Céu Claro";"Dupla";"Reta;Viaduto";"Sim";4;0;1;0;2;1;1;4;-8,77839808;-63,87087464;"SPRF-RO";"DEL01-RO";"UOP01-DEL01-RO"
755798;2026-03-02;"segunda-feira";"22:00:00";"BA";242;197;"ITABERABA";"Ausência de reação do condutor";"Saída de leito carroçável";"Com Vítimas Feridas";"Plena Noite";"Decrescente";"Chuva";"Simples";"Reta";"Não";1;0;1;0;0;0;1;1;-12,51976618;-40,27992749;"SPRF-BA";"DEL06-BA";"UOP02-DEL06-BA"
755799;2026-03-03;"terça-feira";"11:15:00";"SP";116;230,5;"SAO PAULO";"Trafegar com motocicleta (ou similar) entre as faixas";"Colisão lateral mesmo sentido";"Com Vítimas Feridas";"Pleno dia";"Crescente";"Céu Claro";"Múltipla";"Reta";"Sim";3;0;1;0;2;0;1;2;-23,522095;-46,585571;"SPRF-SP";"DEL01-SP";"UOP01-DEL01-SP"
755800;2026-01-18;"domingo";"15:23:00";"RJ";101;486;"ANGRA DOS REIS";"Acessar a via sem observar a presença dos outros veículos";"Colisão transversal";"Com Vítimas Feridas";"Pleno dia";"Crescente";"Céu Claro";"Simples";"Interseção de Vias";"Sim";3;0;2;0;1;0;2;2;-22,98357159;-44,29589935;"SPRF-RJ";"DEL03-RJ";"UOP03-DEL03-RJ"
755802;2026-03-03;"terça-feira";"08:09:00";"RO";364;711,9;"PORTO VELHO";"Ultrapassagem Indevida";"Colisão traseira";"Com Vítimas Feridas";"Pleno dia";"Crescente";"Nublado";"Dupla";"Aclive";"Não";2;0;1;0;1;0;1;2;-8,77848771;-63,87069074;"SPRF-RO";"DEL01-RO";"UOP01-DEL01-RO"
755803;2026-03-03;"terça-feira";"08:02:00";"SC";282;16,4;"PALHOCA";"Trafegar com motocicleta (ou similar) entre as faixas";"Colisão transversal";"Com Vítimas Feridas";"Pleno dia";"Crescente";"Céu Claro";"Simples";"Interseção de Vias;Reta";"Sim";2;0;2;0;0;0;2;2;-27,66175239;-48,68458059;"SPRF-SC";"DEL01-SC";"UOP02-DEL01-SC"
755805;2026-03-03;"terça-feira";"08:29:00";"RS";290;104,4;"ELDORADO DO SUL";"Condutor deixou de manter distância do veículo da frente";"Colisão traseira";"Com Vítimas Feridas";"Pleno dia";"Decrescente";"Céu Claro";"Dupla";"Reta";"Não";3;0;0;1;1;1;1;3;-29,995625;-51,283557;"SPRF-RS";"DEL02-RS";"UOP01-DEL02-RS"
755806;2026-03-03;"terça-feira";"10:00:00";"PE";101;182;"PALMARES";"Demais falhas mecânicas ou elétricas";"Incêndio";"Sem Vítimas";"Pleno dia";"Decrescente";"Céu Claro";"Dupla";"Curva";"Não";1;0;0;0;0;1;0;1;-8,66275751;-35,5684611;"SPRF-PE";"DEL01-PE";"UOP03-DEL01-PE"
755807;2026-03-03;"terça-feira";"08:40:00";"PB";230;339;"PATOS";"Acostamento em desnível";"Queda de ocupante de veículo";"Com Vítimas Feridas";"Pleno dia";"Crescente";"Sol";"Simples";"Reta";"Não";1;0;1;0;0;0;1;1;-7,000662;-37,307272;"SPRF-PB";"DEL03-PB";"UOP01-DEL03-PB"
755810;2026-03-03;"terça-feira";"11:15:00";"PR";376;220;"JANDAIA DO SUL";"Demais falhas mecânicas ou elétricas";"Incêndio";"Sem Vítimas";"Pleno dia";"Crescente";"Céu Claro";"Dupla";"Reta";"Não";1;0;0;0;1;0;0;1;-23,594827;-51,614618;"SPRF-PR";"DEL09-PR";"UOP01-DEL09-PR"
755811;2026-03-03;"terça-feira";"11:46:00";"SE";235;40;"ITABAIANA";"Acessar a via sem observar a presença dos outros veículos";"Colisão transversal";"Com Vítimas Feridas";"Pleno dia";"Decrescente";"Céu Claro";"Simples";"Reta";"Não";2;0;1;0;1;0;1;2;-10,75675089;-37,39505768;"SPRF-SE";"DEL01-SE";"UOP02-DEL01-SE"
755812;2026-03-03;"terça-feira";"11:45:00";"SC";101;197,9;"BIGUACU";"Ausência de reação do condutor";"Colisão lateral mesmo sentido";"Com Vítimas Feridas";"Pleno dia";"Crescente";"Céu Claro";"Dupla";"Reta";"Sim";2;0;1;0;1;0;1;2;-27,52592;-48,63567;"SPRF-SC";"DEL01-SC";"UOP01-DEL01-SC"
755814;2026-03-03;"terça-feira";"12:00:00";"MG";365;457;"PATROCINIO";"Retorno proibido";"Colisão lateral mesmo sentido";"Com Vítimas Feridas";"Pleno dia";"Crescente";"Nublado";"Simples";"Reta";"Não";2;0;1;0;1;0;1;2;-18,82898646;-46,80752993;"SPRF-MG";"DEL10-MG";"UOP01-DEL10-MG"
755815;2026-03-03;"terça-feira";"10:20:00";"SC";282;3,3;"FLORIANOPOLIS";"Trafegar com motocicleta (ou similar) entre as faixas";"Colisão traseira";"Com Vítimas Feridas";"Pleno dia";"Decrescente";"Sol";"Múltipla";"Reta";"Sim";2;0;1;0;1;0;1;2;-27,59759;-48,60081;"SPRF-SC";"DEL01-SC";"UOP01-DEL01-SC"
755817;2026-03-03;"terça-feira";"12:30:00";"SP";116;115;"TAUBATE";"Manobra de mudança de faixa";"Colisão transversal";"Com Vítimas Feridas";"Pleno dia";"Decrescente";"Nublado";"Dupla";"Reta";"Sim";2;0;1;0;1;0;1;2;-23,0434673;-45,5763676;"SPRF-SP";"DEL02-SP";"UOP02-DEL02-SP"
755818;2026-02-20;"sexta-feira";"06:55:00";"MG";262;585,1;"CAMPOS ALTOS";"Demais falhas mecânicas ou elétricas";"Eventos atípicos";"Sem Vítimas";"Pleno dia";"Crescente";"Céu Claro";"Simples";"Curva;Aclive";"Não";1;0;0;0;1;0;0;1;-19,65709666;-46,17730588;"SPRF-MG";"DEL08-MG";"UOP02-DEL08-MG"
755819;2026-03-03;"terça-feira";"12:30:00";"MG";40;363,5;"FELIXLANDIA";"Mal súbito do condutor";"Saída de leito carroçável";"Com Vítimas Feridas";"Pleno dia";"Decrescente";"Céu Claro";"Simples";"Reta";"Não";1;0;1;0;0;0;1;1;-18,775075;-44,827465;"SPRF-MG";"DEL02-MG";"UOP01-DEL02-MG"
755820;2026-03-03;"terça-feira";"10:20:00";"SC";101;63,1;"ARAQUARI";"Pista Escorregadia";"Queda de ocupante de veículo";"Com Vítimas Feridas";"Pleno dia";"Decrescente";"Sol";"Dupla";"Reta";"Não";1;0;1;0;0;0;1;1;-26,46317766;-48,75204563;"SPRF-SC";"DEL03-SC";"UOP02-DEL03-SC"
755823;2026-03-03;"terça-feira";"12:45:00";"SP";116;214;"GUARULHOS";"Animais na Pista";"Atropelamento de Animal";"Sem Vítimas";"Pleno dia";"Decrescente";"Sol";"Múltipla";"Declive";"Sim";1;0;0;0;1;0;0;1;-23,44487663;-46,44917159;"SPRF-SP";"DEL01-SP";"UOP01-DEL01-SP"
755827;2026-03-03;"terça-feira";"11:45:00";"BA";101;795,4;"ITAMARAJU";"Ultrapassagem Indevida";"Colisão lateral sentido oposto";"Com Vítimas Feridas";"Pleno dia";"Crescente";"Nublado";"Simples";"Reta";"Não";4;0;2;1;0;1;3;2;-16,922402;-39,539163;"SPRF-BA";"DEL09-BA";"UOP01-DEL09-BA"
755828;2026-03-03;"terça-feira";"12:08:00";"PR";163;243;"TOLEDO";"Reação tardia ou ineficiente do condutor";"Colisão com objeto";"Com Vítimas Feridas";"Pleno dia";"Decrescente";"Céu Claro";"Múltipla";"Declive";"Não";1;0;0;1;0;0;1;1;-24,706274;-53,724097;"SPRF-PR";"DEL06-PR";"UOP02-DEL06-PR"
755829;2026-01-24;"sábado";"21:00:00";"PB";361;5,9;"PATOS";"Transitar na contramão";"Colisão frontal";"Com Vítimas Feridas";"Plena Noite";"Decrescente";"Céu Claro";"Simples";"Reta";"Sim";2;0;1;0;1;0;1;2;-7,0354862;-37,3104789;"SPRF-PB";"DEL03-PB";"UOP01-DEL03-PB"
755831;2026-03-03;"terça-feira";"11:35:00";"PR";163;64,5;"PEROLA DOESTE";"Acessar a via sem observar a presença dos outros veículos";"Colisão transversal";"Com Vítimas Feridas";"Pleno dia";"Decrescente";"Céu Claro";"Simples";"Rotatória";"Não";2;0;0;1;1;0;1;2;-25,834278;-53,746694;"SPRF-PR";"DEL02-PR";"UOP02-DEL02-PR"