"id";"data_inversa";"dia_semana";"horario";"uf";"br";"km";"municipio";"causa_acidente";"tipo_acidente";"classificacao_acidente";"fase_dia";"sentido_via";"condicao_metereologica";"tipo_pista";"tracado_via";"uso_solo";"pessoas";"mortos";"feridos_leves";"feridos_graves";"ilesos";"ignorados";"feridos";"veiculos";"latitude";"longitude";"regional";"delegacia";"uop"
755832;2026-03-03;"terça-feira";"10:30:00";"SC";101;385,1;"ICARA";"Velocidade Incompatível";"Colisão traseira";"Com Vítimas Feridas";"Pleno dia";"Crescente";"Céu Claro";"Múltipla";"Reta";"Não";3;0;1;0;2;0;1;2;-28,78521041;-49,33735728;"SPRF-SC";"DEL02-SC";"UOP02-DEL02-SC"
755833;2026-03-03;"terça-feira";"13:06:00";"PE";232;118;"CARUARU";"Manobra de mudança de faixa";"Colisão traseira";"Com Vítimas Feridas";"Pleno dia";"Decrescente";"Nublado";"Dupla";"Reta";"Não";3;0;2;0;1;0;2;2;-8,299186;-35,905134;"SPRF-PE";"DEL02-PE";"UOP03-DEL02-PE"
755834;2026-03-03;"terça-feira";"12:15:00";"MG";365;626;"UBERLANDIA";"Ausência de reação do condutor";"Colisão traseira";"Com Vítimas Feridas";"Pleno dia";"Crescente";"Céu Claro";"Dupla";"Reta";"Sim";2;0;1;0;1;0;1;2;-18,92682886;-48,19556236;"SPRF-MG";"DEL15-MG";"UOP01-DEL15-MG"
755836;2026-03-03;"terça-feira";"13:30:00";"SC";101;205,2;"SAO JOSE";"Condutor deixou de manter distância do veículo da frente";"Colisão traseira";"Com Vítimas Feridas";"Pleno dia";"Decrescente";"Céu Claro";"Múltipla";"Reta";"Sim";2;0;1;0;1;0;1;2;-27,585153;-48,615757;"SPRF-SC";"DEL01-SC";"UOP01-DEL01-SC"
755841;2026-03-03;"terça-feira";"11:00:00";"GO";60;389;"RIO VERDE";"Objeto estático sobre o leito carroçável";"Colisão com objeto";"Sem Vítimas";"Pleno dia";"Decrescente";"Sol";"Dupla";"Reta";"Sim";1;0;0;0;1;0;0;1;-17,825072;-50,962095;"SPRF-GO";"DEL04-GO";"UOP02-DEL04-GO"
755842;2026-03-03;"terça-feira";"12:05:00";"BA";415;29;"ILHEUS";"Avarias e/ou desgaste excessivo no pneu";"Colisão transversal";"Com Vítimas Feridas";"Pleno dia";"Decrescente";"Chuva";"Dupla";"Curva";"Não";5;0;1;4;0;0;5;2;-14,79477;-39,20463;"SPRF-BA";"DEL05-BA";"UOP01-DEL05-BA"
755846;2026-03-03;"terça-feira";"14:06:00";"SP";116;284;"EMBU DAS ARTES";"Ausência de reação do condutor";"Queda de ocupante de veículo";"Com Vítimas Feridas";"Pleno dia";"Decrescente";"Céu Claro";"Dupla";"Reta";"Sim";1;0;1;0;0;0;1;1;-23,6785176;-46,8580316;"SPRF-SP";"DEL04-SP";"UOP01-DEL04-SP"
755847;2026-03-03;"terça-feira";"12:22:00";"PI";343;340,9;"TERESINA";"Manobra de mudança de faixa";"Tombamento";"Com Vítimas Fatais";"Pleno dia";"Decrescente";"Céu Claro";"Dupla";"Declive;Curva";"Sim";1;1;0;0;0;0;0;1;-5,07738396;-42,74230868;"SPRF-PI";"DEL01-PI";"UOP01-DEL01-PI"
755848;2026-01-10;"sábado";"19:45:00";"RJ";116;186;"NOVA IGUACU";"Ausência de reação do condutor";"Colisão traseira";"Sem Vítimas";"Plena Noite";"Decrescente";"Céu Claro";"Dupla";"Reta";"Sim";2;0;0;0;2;0;0;2;-22,74076453;-43,45616311;"SPRF-RJ";"DEL06-RJ";"UOP01-DEL06-RJ"
755851;2026-03-03;"terça-feira";"14:30:00";"MG";381;483;"BETIM";"Objeto estático sobre o leito carroçável";"Queda de ocupante de veículo";"Com Vítimas Feridas";"Pleno dia";"Decrescente";"Céu Claro";"Dupla";"Reta;Aclive";"Sim";2;0;1;0;1;0;1;1;-19,95971579;-44,08468759;"SPRF-MG";"DEL01-MG";"UOP03-DEL01-MG"
755855;2026-02-13;"sexta-feira";"21:00:00";"RS";471;474,2;"RIO GRANDE";"Avarias e/ou desgaste excessivo no pneu";"Saída de leito carroçável";"Com Vítimas Feridas";"Plena Noite";"Decrescente";"Nublado";"Simples";"Reta";"Não";1;0;1;0;0;0;1;1;-32,1512317;-52,3919383;"SPRF-RS";"DEL07-RS";"UOP02-DEL07-RS"
755856;2026-03-03;"terça-feira";"13:15:00";"PR";163;137;"CAPITAO LEONIDAS MARQUES";"Acumulo de areia ou detritos sobre o pavimento";"Tombamento";"Com Vítimas Feridas";"Pleno dia";"Crescente";"Céu Claro";"Simples";"Reta";"Sim";2;0;1;0;0;1;1;2;-25,49719706;-53,59932303;"SPRF-PR";"DEL05-PR";"UOP05-DEL05-PR"
755858;2026-03-03;"terça-feira";"14:49:00";"PI";316;5,8;"TERESINA";"Reação tardia ou ineficiente do condutor";"Colisão traseira";"Com Vítimas Feridas";"Pleno dia";"Decrescente";"Céu Claro";"Múltipla";"Reta";"Sim";2;0;1;0;1;0;1;2;-5,151088;-42,772958;"SPRF-PI";"DEL01-PI";"UOP02-DEL01-PI"
755859;2026-03-03;"terça-feira";"15:40:00";"ES";262;104;"VENDA NOVA DO IMIGRANTE";"Ausência de reação do condutor";"Colisão lateral mesmo sentido";"Com Vítimas Feridas";"Pleno dia";"Crescente";"Céu Claro";"Simples";"Reta";"Sim";2;0;1;0;1;0;1;2;-20,3341254;-41,1289945;"SPRF-ES";"DEL01-ES";"UOP02-DEL01-ES"
755860;2026-03-03;"terça-feira";"14:40:00";"SC";101;121,8;"ITAJAI";"Trafegar com motocicleta (ou similar) entre as faixas";"Colisão traseira";"Com Vítimas Feridas";"Pleno dia";"Decrescente";"Céu Claro";"Simples";"Reta";"Não";3;0;0;1;2;0;1;3;-26,928147;-48,705248;"SPRF-SC";"DEL04-SC";"UOP04-DEL04-SC"
755861;2026-03-03;"terça-feira";"15:20:00";"GO";60;26,5;"ALEXANIA";"Reação tardia ou ineficiente do condutor";"Colisão com objeto";"Com Vítimas Feridas";"Pleno dia";"Crescente";"Nublado";"Dupla";"Curva;Declive";"Não";2;0;2;0;0;0;2;1;-16,102362;-48,455872;"SPRF-DF";"DEL03-DF";"UOP01-DEL03-DF"
755862;2026-03-03;"terça-feira";"14:50:00";"PE";104;63,6;"CARUARU";"Objeto estático sobre o leito carroçável";"Colisão traseira";"Com Vítimas Feridas";"Pleno dia";"Decrescente";"Céu Claro";"Múltipla";"Curva";"Sim";2;0;1;0;1;0;1;2;-8,25793069;-35,97555435;"SPRF-PE";"DEL02-PE";"UOP01-DEL02-PE"
755863;2026-03-03;"terça-feira";"15:50:00";"SC";101;216,5;"PALHOCA";"Acessar a via sem observar a presença dos outros veículos";"Colisão transversal";"Com Vítimas Feridas";"Pleno dia";"Decrescente";"Nublado";"Múltipla";"Retorno Regulamentado;Rotatória";"Sim";3;0;2;0;1;0;2;2;-27,66386;-48,675307;"SPRF-SC";"DEL01-SC";"UOP02-DEL01-SC"
755866;2026-03-03;"terça-feira";"15:40:00";"PR";376;2,8;"APUCARANA";"Transitar na contramão";"Colisão com objeto";"Com Vítimas Feridas";"Pleno dia";"Crescente";"Céu Claro";"Simples";"Curva;Aclive";"Sim";2;0;1;0;0;1;1;2;-23,55999487;-51,43531358;"SPRF-PR";"DEL07-PR";"UOP03-DEL07-PR"
755867;2026-03-03;"terça-feira";"08:25:00";"BA";415;50;"ITABUNA";"Transitar no Acostamento";"Colisão transversal";"Com Vítimas Feridas";"Pleno dia";"Crescente";"Nublado";"Simples";"Reta";"Não";2;0;1;0;1;0;1;2;-14,81901;-39,30387;"SPRF-BA";"DEL05-BA";"UOP01-DEL05-BA"
755868;2026-03-03;"terça-feira";"15:48:00";"RS";386;257;"FONTOURA XAVIER";"Ausência de reação do condutor";"Tombamento";"Com Vítimas Feridas";"Pleno dia";"Decrescente";"Céu Claro";"Simples";"Reta";"Não";1;0;1;0;0;0;1;1;-28,91239726;-52,3895874;"SPRF-RS";"DEL04-RS";"UOP03-DEL04-RS"
755870;2026-03-03;"terça-feira";"15:15:00";"DF";80;15;"BRASILIA";"Acessar a via sem observar a presença dos outros veículos";"Colisão transversal";"Com Vítimas Feridas";"Pleno dia";"Crescente";"Céu Claro";"Simples";"Reta";"Não";3;0;0;1;2;0;1;3;-15,712333;-48,198528;"SPRF-DF";"DEL03-DF";"UOP02-DEL03-DF"
755872;2026-03-03;"terça-feira";"16:15:00";"PI";343;331;"TERESINA";"Avarias e/ou desgaste excessivo no pneu";"Tombamento";"Com Vítimas Feridas";"Plena Noite";"Crescente";"Céu Claro";"Simples";"Reta";"Não";2;0;2;0;0;0;2;1;-5,05986;-42,658611;"SPRF-PI";"DEL01-PI";"UOP01-DEL01-PI"
755873;2026-03-03;"terça-feira";"16:00:00";"SC";101;213,3;"PALHOCA";"Ausência de reação do condutor";"Colisão transversal";"Com Vítimas Feridas";"Pleno dia";"Decrescente";"Céu Claro";"Dupla";"Reta;Viaduto";"Sim";2;0;1;0;1;0;1;2;-27,63960678;-48,66668248;"SPRF-SC";"DEL01-SC";"UOP02-DEL01-SC"
755874;2026-03-03;"terça-feira";"15:00:00";"BA";116;18,4;"VITORIA DA CONQUISTA";"Acessar a via sem observar a presença dos outros veículos";"Colisão transversal";"Com Vítimas Feridas";"Pleno dia";"Decrescente";"Nublado";"Simples";"Reta";"Não";4;0;3;0;1;0;3;2;-14,89521397;-40,82293371;"SPRF-BA";"DEL08-BA";"UOP01-DEL08-BA"
755875;2026-03-03;"terça-feira";"15:50:00";"GO";153;432,8;"ANAPOLIS";"Avarias e/ou desgaste excessivo no pneu";"Tombamento";"Com Vítimas Feridas";"Pleno dia";"Crescente";"Céu Claro";"Dupla";"Aclive";"Sim";2;0;1;0;1;0;1;1;-16,281698;-48,958507;"SPRF-GO";"DEL02-GO";"UOP01-DEL02-GO"
755878;2026-03-03;"terça-feira";"16:15:00";"PI";316;310;"PICOS";"Ausência de reação do condutor";"Colisão traseira";"Com Vítimas Feridas";"Pleno dia";"Crescente";"Céu Claro";"Múltipla";"Reta";"Sim";2;0;1;0;1;0;1;2;-7,0756;-41,469661;"SPRF-PI";"DEL04-PI";"UOP01-DEL04-PI"
755879;2026-02-12;"quinta-feira";"08:00:00";"MG";40;521;"CONTAGEM";"Condutor deixou de manter distância do veículo da frente";"Tombamento";"Com Vítimas Feridas";"Pleno dia";"Crescente";"Nublado";"Dupla";"Reta";"Não";1;0;0;1;0;0;1;1;-19,9650847;-44,05509864;"SPRF-MG";"DEL01-MG";"UOP02-DEL01-MG"
755882;2026-03-03;"terça-feira";"13:00:00";"RJ";40;96;"DUQUE DE CAXIAS";"Pista Escorregadia";"Queda de ocupante de veículo";"Com Vítimas Feridas";"Pleno dia";"Decrescente";"Nublado";"Dupla";"Curva";"Não";1;0;1;0;0;0;1;1;-22,5808447;-43,26223165;"SPRF-RJ";"DEL01-RJ";"UOP01-DEL01-RJ"
755883;2026-03-03;"terça-feira";"15:50:00";"RJ";393;140;"SAPUCAIA";"Acessar a via sem observar a presença dos outros veículos";"Colisão transversal";"Com Vítimas Feridas";"Pleno dia";"Decrescente";"Céu Claro";"Simples";"Reta";"Não";3;0;0;1;2;0;1;2;-22,02458538;-42,97345161;"SPRF-RJ";"DEL05-RJ";"UOP01-DEL05-RJ"
755884;2026-03-03;"terça-feira";"16:40:00";"MG";116;211,2;"CATUJI";"Reação tardia ou ineficiente do condutor";"Saída de leito carroçável";"Com Vítimas Feridas";"Pleno dia";"Decrescente";"Céu Claro";"Simples";"Curva";"Não";1;0;1;0;0;0;1;1;-17,33418;-41,529496;"SPRF-MG";"DEL11-MG";"UOP01-DEL11-MG"
755885;2026-03-03;"terça-feira";"16:20:00";"PR";376;150,4;"PRESIDENTE CASTELO BRANCO";"Ingestão de álcool pelo condutor";"Saída de leito carroçável";"Com Vítimas Feridas";"Pleno dia";"Crescente";"Céu Claro";"Dupla";"Curva";"Sim";2;0;1;0;1;0;1;1;-23,29772308;-52,11659789;"SPRF-PR";"DEL09-PR";"UOP02-DEL09-PR"
755886;2026-03-03;"terça-feira";"17:15:00";"SP";116;213;"GUARULHOS";"Ausência de reação do condutor";"Queda de ocupante de veículo";"Com Vítimas Feridas";"Pleno dia";"Crescente";"Céu Claro";"Múltipla";"Reta";"Sim";2;0;2;0;0;0;2;1;-23,440451;-46,439529;"SPRF-SP";"DEL01-SP";"UOP01-DEL01-SP"
755887;2026-03-03;"terça-feira";"17:00:00";"MG";381;342;"JOAO MONLEVADE";"Ausência de reação do condutor";"Saída de leito carroçável";"Com Vítimas Feridas";"Anoitecer";"Decrescente";"Céu Claro";"Dupla";"Declive;Curva";"Não";1;0;0;1;0;0;1;1;-19,85876255;-43,10740757;"SPRF-MG";"DEL03-MG";"UOP01-DEL03-MG"
755890;2026-03-03;"terça-feira";"16:35:00";"RO";364;238;"CACOAL";"Frear bruscamente";"Colisão traseira";"Com Vítimas Feridas";"Pleno dia";"Crescente";"Nublado";"Simples";"Reta";"Sim";3;0;2;0;1;0;2;3;-11,435408;-61,460428;"SPRF-RO";"DEL02-RO";"UOP02-DEL02-RO"
755891;2026-03-03;"terça-feira";"17:00:00";"PB";230;14,5;"CABEDELO";"Acessar a via sem observar a presença dos outros veículos";"Colisão lateral mesmo sentido";"Com Vítimas Feridas";"Anoitecer";"Crescente";"Céu Claro";"Simples";"Curva";"Sim";3;0;1;0;2;0;1;2;-7,09698547;-34,84757935;"SPRF-PB";"DEL01-PB";"UOP01-DEL01-PB"
755892;2026-03-03;"terça-feira";"16:45:00";"MS";163;840;"SONORA";"Pista Escorregadia";"Saída de leito carroçável";"Sem Vítimas";"Anoitecer";"Decrescente";"Chuva";"Simples";"Aclive";"Não";1;0;0;0;1;0;0;1;-17,587;-54,753;"SPRF-MS";"DEL06-MS";"UOP01-DEL06-MS"
755893;2026-03-03;"terça-feira";"17:00:00";"BA";101;295;"VALENCA";"Acessar a via sem observar a presença dos outros veículos";"Colisão transversal";"Com Vítimas Feridas";"Pleno dia";"Crescente";"Chuva";"Simples";"Declive";"Não";2;0;0;1;1;0;1;2;-13,25511357;-39,32311177;"SPRF-BA";"DEL11-BA";"UOP01-DEL11-BA"
755895;2026-03-03;"terça-feira";"16:30:00";"MT";163;597;"NOVA MUTUM";"Acessar a via sem observar a presença dos outros veículos";"Colisão transversal";"Com Vítimas Feridas";"Pleno dia";"Decrescente";"Chuva";"Dupla";"Reta";"Sim";2;0;1;0;1;0;1;2;-13,835209;-56,083405;"SPRF-MT";"DEL01-MT";"UOP01-DEL01-MT"
755896;2026-02-01;"domingo";"16:40:00";"PA";230;77;"SAO JOAO DO ARAGUAIA";"Reação tardia ou ineficiente do condutor";"Colisão traseira";"Com Vítimas Feridas";"Pleno dia";"Crescente";"Céu Claro";"Simples";"Reta";"Não";3;0;1;0;2;0;1;2;-5,47778;-48,777512;"SPRF-PA";"DEL03-PA";"UOP01-DEL03-PA"
755897;2026-03-03;"terça-feira";"17:30:00";"PR";369;110,2;"URAI";"Velocidade Incompatível";"Saída de leito carroçável";"Com Vítimas Feridas";"Pleno dia";"Crescente";"Chuva";"Dupla";"Reta";"Não";1;0;0;1;0;0;1;1;-23,272373;-50,814282;"SPRF-PR";"DEL07-PR";"UOP05-DEL07-PR"
755898;2026-03-03;"terça-feira";"17:50:00";"SC";101;197,2;"BIGUACU";"Condutor deixou de manter distância do veículo da frente";"Colisão traseira";"Com Vítimas Feridas";"Pleno dia";"Decrescente";"Céu Claro";"Dupla";"Reta";"Sim";2;0;1;0;1;0;1;2;-27,52424652;-48,63627847;"SPRF-SC";"DEL01-SC";"UOP01-DEL01-SC"
755899;2026-03-03;"terça-feira";"18:00:00";"PB";101;99;"CONDE";"Ausência de reação do condutor";"Colisão lateral mesmo sentido";"Com Vítimas Feridas";"Plena Noite";"Decrescente";"Céu Claro";"Múltipla";"Retorno Regulamentado";"Não";1;0;1;0;0;0;1;1;-7,26118;-34,935998;"SPRF-PB";"DEL01-PB";"UOP01-DEL01-PB"
755902;2026-03-03;"terça-feira";"17:55:00";"SC";470;141,1;"RIO DO SUL";"Acessar a via sem observar a presença dos outros veículos";"Colisão transversal";"Com Vítimas Feridas";"Pleno dia";"Crescente";"Céu Claro";"Simples";"Reta;Retorno Regulamentado";"Sim";2;0;0;1;1;0;1;2;-27,2079042;-49,6491231;"SPRF-SC";"DEL04-SC";"UOP02-DEL04-SC"
755903;2026-03-03;"terça-feira";"17:45:00";"SC";101;462,8;"PASSO DE TORRES";"Acessar a via sem observar a presença dos outros veículos";"Colisão lateral mesmo sentido";"Com Vítimas Feridas";"Pleno dia";"Decrescente";"Céu Claro";"Dupla";"Reta;Interseção de Vias";"Não";2;0;1;0;1;0;1;2;-29,2890023;-49,7577305;"SPRF-RS";"DEL03-RS";"UOP02-DEL03-RS"
755905;2026-03-03;"terça-feira";"18:15:00";"SC";101;231,4;"PALHOCA";"Avarias e/ou desgaste excessivo no pneu";"Tombamento";"Com Vítimas Feridas";"Anoitecer";"Crescente";"Nublado";"Dupla";"Aclive;Reta";"Não";2;0;2;0;0;0;2;1;-27,788188;-48,636437;"SPRF-SC";"DEL01-SC";"UOP02-DEL01-SC"
755906;2026-03-03;"terça-feira";"18:30:00";"CE";222;16;"CAUCAIA";"Demais falhas na via";"Queda de ocupante de veículo";"Com Vítimas Feridas";"Plena Noite";"Decrescente";"Nublado";"Dupla";"Desvio Temporário;Reta;Em Obras";"Não";1;0;1;0;0;0;1;1;-3,756662;-38,704803;"SPRF-CE";"DEL01-CE";"UOP01-DEL01-CE"
755908;2026-03-03;"terça-feira";"19:10:00";"MG";381;480;"CONTAGEM";"Animais na Pista";"Tombamento";"Com Vítimas Feridas";"Plena Noite";"Decrescente";"Céu Claro";"Simples";"Reta";"Sim";1;0;1;0;0;0;1;1;-19,961425;-44,051088;"SPRF-MG";"DEL01-MG";"UOP03-DEL01-MG"
755909;2026-03-03;"terça-feira";"13:30:00";"MA";222;406,7;"SANTA LUZIA";"Reação tardia ou ineficiente do condutor";"Colisão traseira";"Sem Vítimas";"Pleno dia";"Decrescente";"Garoa/Chuvisco";"Simples";"Declive;Reta";"Sim";2;0;0;0;1;1;0;2;-3,957018;-45,659597;"SPRF-MA";"DEL02-MA";"UOP01-DEL02-MA"
755910;2026-03-03;"terça-feira";"19:10:00";"GO";153;354,4;"JARAGUA";"Ingestão de álcool pelo condutor";"Colisão lateral mesmo sentido";"Com Vítimas Feridas";"Plena Noite";"Crescente";"Céu Claro";"Simples";"Reta";"Não";2;0;2;0;0;0;2;2;-15,71549605;-49,32960603;"SPRF-GO";"DEL02-GO";"UOP02-DEL02-GO"
755911;2026-03-03;"terça-feira";"18:30:00";"PR";277;10,3;"FOZ DO IGUACU";"Velocidade Incompatível";"Colisão com objeto";"Com Vítimas Feridas";"Pleno dia";"Decrescente";"Céu Claro";"Simples";"Declive;Curva";"Sim";1;0;1;0;0;0;1;1;-25,57401872;-54,55005381;"SPRF-PR";"DEL01-PR";"UOP05-DEL01-PR"
755912;2026-02-13;"sexta-feira";"17:30:00";"ES";262;19;"VIANA";"Acessar a via sem observar a presença dos outros veículos";"Colisão transversal";"Sem Vítimas";"Anoitecer";"Crescente";"Céu Claro";"Simples";"Reta";"Sim";2;0;0;0;2;0;0;2;-20,38839301;-40,49437936;"SPRF-ES";"DEL01-ES";"UOP01-DEL01-ES"
755914;2026-03-03;"terça-feira";"17:20:00";"ES";262;146,2;"IBATIBA";"Acessar a via sem observar a presença dos outros veículos";"Colisão transversal";"Com Vítimas Feridas";"Pleno dia";"Crescente";"Céu Claro";"Simples";"Reta;Interseção de Vias";"Não";2;0;2;0;0;0;2;2;-20,22527;-41,416507;"SPRF-ES";"DEL01-ES";"UOP02-DEL01-ES"
755915;2026-03-03;"terça-feira";"18:40:00";"RJ";101;505;"ANGRA DOS REIS";"Acessar a via sem observar a presença dos outros veículos";"Colisão frontal";"Com Vítimas Feridas";"Plena Noite";"Decrescente";"Garoa/Chuvisco";"Simples";"Reta";"Sim";2;0;1;0;1;0;1;2;-22,93649971;-44,40004349;"SPRF-RJ";"DEL03-RJ";"UOP03-DEL03-RJ"
755918;2026-03-03;"terça-feira";"20:32:00";"RJ";116;276;"BARRA MANSA";"Reação tardia ou ineficiente do condutor";"Colisão frontal";"Com Vítimas Feridas";"Plena Noite";"Decrescente";"Céu Claro";"Simples";"Reta";"Sim";2;0;1;0;1;0;1;2;-22,56310667;-44,170285;"SPRF-RJ";"DEL07-RJ";"UOP02-DEL07-RJ"
755919;2026-03-03;"terça-feira";"18:45:00";"MG";381;927,1;"CAREACU";"Reação tardia ou ineficiente do condutor";"Saída de leito carroçável";"Com Vítimas Feridas";"Plena Noite";"Decrescente";"Nublado";"Dupla";"Reta";"Não";1;0;1;0;0;0;1;1;-22,10758921;-45,73642731;"SPRF-MG";"DEL16-MG";"UOP03-DEL16-MG"
755920;2026-03-03;"terça-feira";"20:50:00";"SC";101;209,7;"SAO JOSE";"Condutor deixou de manter distância do veículo da frente";"Colisão traseira";"Com Vítimas Feridas";"Plena Noite";"Crescente";"Céu Claro";"Múltipla";"Reta";"Sim";3;0;1;0;2;0;1;3;-27,61543;-48,64444;"SPRF-SC";"DEL01-SC";"UOP01-DEL01-SC"
755924;2026-03-03;"terça-feira";"21:20:00";"CE";116;19,7;"EUSEBIO";"Demais falhas na via";"Tombamento";"Com Vítimas Feridas";"Anoitecer";"Decrescente";"Chuva";"Dupla";"Reta";"Sim";2;0;2;0;0;0;2;1;-3,9193807;-38,50695133;"SPRF-CE";"DEL01-CE";"UOP02-DEL01-CE"
755925;2026-03-03;"terça-feira";"20:15:00";"PE";408;35;"ALIANCA";"Transitar na contramão";"Colisão frontal";"Com Vítimas Fatais";"Plena Noite";"Crescente";"Nublado";"Simples";"Reta";"Não";2;1;0;0;1;0;0;2;-7,66991;-35,24727;"SPRF-PE";"DEL01-PE";"UOP01-DEL01-PE"
755927;2026-03-03;"terça-feira";"19:25:00";"PI";135;355;"BOM JESUS";"Entrada inopinada do pedestre";"Atropelamento de Pedestre";"Com Vítimas Feridas";"Plena Noite";"Crescente";"Céu Claro";"Simples";"Reta";"Sim";2;0;0;1;0;1;1;2;-9,100192;-44,365835;"SPRF-PI";"DEL03-PI";"UOP02-DEL03-PI"
755928;2026-03-03;"terça-feira";"20:10:00";"MG";365;363;"VARJAO DE MINAS";"Entrada inopinada do pedestre";"Atropelamento de Pedestre";"Com Vítimas Feridas";"Plena Noite";"Decrescente";"Nublado";"Simples";"Reta";"Não";2;0;0;1;1;0;1;2;-18,49206356;-46,1008215;"SPRF-MG";"DEL10-MG";"UOP01-DEL10-MG"
755929;2026-03-03;"terça-feira";"18:50:00";"SC";280;6,6;"SAO FRANCISCO DO SUL";"Acessar a via sem observar a presença dos outros veículos";"Colisão transversal";"Com Vítimas Feridas";"Plena Noite";"Crescente";"Nublado";"Simples";"Reta";"Não";2;0;1;0;1;0;1;2;-26,268211;-48,63731146;"SPRF-SC";"DEL03-SC";"UOP03-DEL03-SC"
755934;2026-03-03;"terça-feira";"21:30:00";"TO";230;146;"ARAGUATINS";"Conversão proibida";"Colisão transversal";"Com Vítimas Feridas";"Pleno dia";"Crescente";"Chuva";"Simples";"Reta";"Não";2;0;2;0;0;0;2;2;-5,7143553;-48,16574542;"SPRF-TO";"DEL02-TO";"UOP03-DEL02-TO"
755935;2026-03-03;"terça-feira";"21:40:00";"PR";277;0;"FOZ DO IGUACU";"Conversão proibida";"Colisão transversal";"Com Vítimas Feridas";"Plena Noite";"Decrescente";"Céu Claro";"Simples";"Aclive;Curva;Viaduto";"Sim";4;0;3;0;1;0;3;2;-25,49317817;-54,5172286;"SPRF-PR";"DEL05-PR";"UOP04-DEL05-PR"
755939;2026-03-03;"terça-feira";"22:10:00";"RS";290;444;"SAO GABRIEL";"Condutor Dormindo";"Saída de leito carroçável";"Com Vítimas Feridas";"Plena Noite";"Decrescente";"Céu Claro";"Simples";"Reta";"Não";1;0;0;1;0;0;1;1;-30,25166715;-54,57585633;"SPRF-RS";"DEL11-RS";"UOP02-DEL11-RS"
755940;2026-02-27;"sexta-feira";"14:10:00";"MG";116;277;"TEOFILO OTONI";"Condutor deixou de manter distância do veículo da frente";"Colisão lateral mesmo sentido";"Com Vítimas Feridas";"Pleno dia";"Decrescente";"Nublado";"Múltipla";"Interseção de Vias;Retorno Regulamentado";"Sim";2;0;1;0;0;1;1;2;-17,86591911;-41,51616303;"SPRF-MG";"DEL11-MG";"UOP01-DEL11-MG"
755941;2026-03-03;"terça-feira";"22:10:00";"PR";369;199;"ARAPONGAS";"Reação tardia ou ineficiente do condutor";"Colisão com objeto";"Com Vítimas Feridas";"Plena Noite";"Crescente";"Céu Claro";"Simples";"Reta";"Não";1;0;1;0;0;0;1;1;-23,43091;-51,42259;"SPRF-PR";"DEL07-PR";"UOP03-DEL07-PR"
755942;2026-03-03;"terça-feira";"22:10:00";"PR";369;202;"APUCARANA";"Condutor desrespeitou a iluminação vermelha do semáforo";"Colisão transversal";"Com Vítimas Fatais";"Plena Noite";"Decrescente";"Céu Claro";"Dupla";"Reta";"Sim";3;1;0;1;1;0;1;2;-23,543536;-51,454642;"SPRF-PR";"DEL07-PR";"UOP03-DEL07-PR"
755945;2026-03-03;"terça-feira";"22:20:00";"GO";153;396;"PIRENOPOLIS";"Ingestão de álcool pelo condutor";"Colisão com objeto";"Com Vítimas Feridas";"Plena Noite";"Crescente";"Céu Claro";"Simples";"Reta";"Não";1;0;1;0;0;0;1;1;-16,01955;-49,109898;"SPRF-GO";"DEL02-GO";"UOP02-DEL02-GO"
755946;2026-03-03;"terça-feira";"23:48:00";"RS";290;91;"PORTO ALEGRE";"Participar de racha";"Tombamento";"Com Vítimas Feridas";"Plena Noite";"Crescente";"Céu Claro";"Múltipla";"Reta";"Não";2;0;2;0;0;0;2;2;-29,96864254;-51,16555929;"SPRF-RS";"DEL01-RS";"UOP01-DEL01-RS"
755950;2026-02-07;"sábado";"19:45:00";"RR";432;86;"CANTA";"Pista esburacada";"Colisão frontal";"Com Vítimas Feridas";"Plena Noite";"Crescente";"Céu Claro";"Simples";"Reta";"Não";4;0;3;0;1;0;3;2;1,874043;-60,58624;"SPRF-RR";"DEL01-RR";"UOP02-DEL01-RR"
755951;2026-03-04;"quarta-feira";"00:20:00";"SC";282;74,5;"RANCHO QUEIMADO";"Ingestão de álcool pelo condutor";"Saída de leito carroçável";"Com Vítimas Feridas";"Plena Noite";"Crescente";"Céu Claro";"Simples";"Reta";"Não";1;0;1;0;0;0;1;1;-27,690208;-49,124032;"SPRF-SC";"DEL01-SC";"UOP03-DEL01-SC"
755954;2026-03-03;"terça-feira";"07:55:00";"BA";324;620;"SALVADOR";"Trafegar com motocicleta (ou similar) entre as faixas";"Colisão traseira";"Com Vítimas Feridas";"Pleno dia";"Crescente";"Nublado";"Dupla";"Reta";"Sim";4;0;2;0;2;0;2;3;-12,90285486;-38,45428848;"SPRF-BA";"DEL01-BA";"UOP01-DEL01-BA"
755955;2026-03-04;"quarta-feira";"01:50:00";"ES";262;163;"VENDA NOVA DO IMIGRANTE";"Condutor Dormindo";"Saída de leito carroçável";"Com Vítimas Feridas";"Plena Noite";"Crescente";"Céu Claro";"Simples";"Reta";"Não";1;0;1;0;0;0;1;1;-20,3341254;-41,1289945;"SPRF-ES";"DEL01-ES";"UOP02-DEL01-ES"
755956;2026-03-04;"quarta-feira";"01:50:00";"GO";452;41,5;"SANTA HELENA DE GOIAS";"Reação tardia ou ineficiente do condutor";"Saída de leito carroçável";"Com Vítimas Feridas";"Plena Noite";"Decrescente";"Céu Claro";"Simples";"Rotatória;Curva";"Não";1;0;1;0;0;0;1;1;-17,932945;-50,547378;"SPRF-GO";"DEL04-GO";"UOP01-DEL04-GO"