"id";"data_inversa";"dia_semana";"horario";"uf";"br";"km";"municipio";"causa_acidente";"tipo_acidente";"classificacao_acidente";"fase_dia";"sentido_via";"condicao_metereologica";"tipo_pista";"tracado_via";"uso_solo";"pessoas";"mortos";"feridos_leves";"feridos_graves";"ilesos";"ignorados";"feridos";"veiculos";"latitude";"longitude";"regional";"delegacia";"uop"
755958;2026-03-04;"quarta-feira";"03:00:00";"RO";364;713;"PORTO VELHO";"Ausência de reação do condutor";"Saída de leito carroçável";"Sem Vítimas";"Plena Noite";"Decrescente";"Nublado";"Dupla";"Curva";"Sim";1;0;0;0;0;1;0;1;-8,77188189;-63,88294308;"SPRF-RO";"DEL01-RO";"UOP01-DEL01-RO"
755962;2026-03-04;"quarta-feira";"05:00:00";"MG";40;494,1;"ESMERALDAS";"Ausência de reação do condutor";"Colisão traseira";"Com Vítimas Feridas";"Amanhecer";"Crescente";"Céu Claro";"Dupla";"Reta;Aclive";"Sim";2;0;0;1;1;0;1;2;-19,653633;-44,198638;"SPRF-MG";"DEL02-MG";"UOP01-DEL02-MG"
755965;2026-03-04;"quarta-feira";"05:00:00";"SC";282;30,3;"SANTO AMARO DA IMPERATRIZ";"Participar de racha";"Colisão traseira";"Com Vítimas Feridas";"Plena Noite";"Crescente";"Céu Claro";"Simples";"Aclive;Curva";"Não";3;0;0;1;0;2;1;2;-27,68879523;-48,7927704;"SPRF-SC";"DEL01-SC";"UOP03-DEL01-SC"
755968;2026-03-04;"quarta-feira";"04:45:00";"RN";101;83,3;"SAO GONCALO DO AMARANTE";"Ausência de reação do condutor";"Tombamento";"Sem Vítimas";"Amanhecer";"Crescente";"Chuva";"Dupla";"Interseção de Vias";"Sim";1;0;0;0;0;1;0;1;-5,771997;-35,264085;"SPRF-RN";"DEL02-RN";"UOP01-DEL02-RN"
755969;2026-03-03;"terça-feira";"23:20:00";"RJ";101;52;"CAMPOS DOS GOYTACAZES";"Acessar a via sem observar a presença dos outros veículos";"Colisão transversal";"Com Vítimas Feridas";"Plena Noite";"Decrescente";"Céu Claro";"Simples";"Reta";"Sim";2;0;0;1;1;0;1;2;-21,652355;-41,311243;"SPRF-RJ";"DEL08-RJ";"UOP01-DEL08-RJ"
755970;2026-03-04;"quarta-feira";"06:00:00";"RN";304;301,6;"MACAIBA";"Ausência de sinalização";"Colisão lateral mesmo sentido";"Com Vítimas Feridas";"Pleno dia";"Decrescente";"Céu Claro";"Dupla";"Desvio Temporário;Reta;Em Obras";"Não";2;0;1;0;1;0;1;2;-5,878207;-35,30142;"SPRF-RN";"DEL01-RN";"UOP02-DEL01-RN"
755973;2026-03-04;"quarta-feira";"06:00:00";"SP";381;86;"SAO PAULO";"Ausência de reação do condutor";"Colisão traseira";"Com Vítimas Feridas";"Pleno dia";"Crescente";"Nublado";"Dupla";"Curva";"Sim";2;0;1;0;1;0;1;2;-23,46692124;-46,57161422;"SPRF-SP";"DEL03-SP";"UOP01-DEL03-SP"
755974;2026-03-04;"quarta-feira";"06:30:00";"PI";316;32,6;"DEMERVAL LOBAO";"Entrada inopinada do pedestre";"Atropelamento de Pedestre";"Com Vítimas Feridas";"Amanhecer";"Decrescente";"Céu Claro";"Dupla";"Reta;Interseção de Vias";"Sim";2;0;0;1;1;0;1;2;-5,346097;-42,682518;"SPRF-PI";"DEL01-PI";"UOP02-DEL01-PI"
755976;2026-03-04;"quarta-feira";"06:15:00";"PE";101;92,2;"CABO DE SANTO AGOSTINHO";"Velocidade Incompatível";"Saída de leito carroçável";"Sem Vítimas";"Pleno dia";"Crescente";"Sol";"Dupla";"Reta";"Não";1;0;0;0;0;1;0;1;-8,25268;-35,00732;"SPRF-PE";"DEL01-PE";"UOP01-DEL01-PE"
755977;2026-03-04;"quarta-feira";"06:45:00";"SC";101;133,7;"BALNEARIO CAMBORIU";"Desrespeitar a preferência no cruzamento";"Colisão transversal";"Com Vítimas Feridas";"Pleno dia";"Crescente";"Céu Claro";"Múltipla";"Interseção de Vias";"Sim";2;0;1;0;1;0;1;2;-27,00214;-48,63797;"SPRF-SC";"DEL04-SC";"UOP03-DEL04-SC"
755978;2026-03-03;"terça-feira";"17:30:00";"SC";280;127;"RIO NEGRINHO";"Acessar a via sem observar a presença dos outros veículos";"Colisão transversal";"Com Vítimas Feridas";"Pleno dia";"Crescente";"Céu Claro";"Simples";"Reta";"Sim";2;0;1;0;1;0;1;2;-26,24253963;-49,5117867;"SPRF-SC";"DEL06-SC";"UOP03-DEL06-SC"
755979;2026-03-04;"quarta-feira";"07:05:00";"SC";101;331,9;"TUBARAO";"Reação tardia ou ineficiente do condutor";"Colisão traseira";"Com Vítimas Feridas";"Amanhecer";"Crescente";"Nublado";"Múltipla";"Curva";"Não";2;0;0;1;1;0;1;2;-28,46683328;-48,99824023;"SPRF-SC";"DEL02-SC";"UOP01-DEL02-SC"
755981;2026-03-04;"quarta-feira";"03:33:00";"RO";364;365;"OURO PRETO DO OESTE";"Manobra de mudança de faixa";"Colisão frontal";"Com Vítimas Fatais";"Plena Noite";"Decrescente";"Céu Claro";"Simples";"Reta";"Não";1;1;0;0;0;0;0;1;-10,771005;-62,104227;"SPRF-RO";"DEL02-RO";"UOP01-DEL02-RO"
755982;2026-03-04;"quarta-feira";"07:50:00";"GO";60;101;"ANAPOLIS";"Transitar na contramão";"Atropelamento de Pedestre";"Com Vítimas Feridas";"Pleno dia";"Decrescente";"Sol";"Simples";"Reta";"Sim";3;0;1;0;0;2;1;2;-16,403278;-48,976852;"SPRF-GO";"DEL02-GO";"UOP01-DEL02-GO"
755983;2026-03-04;"quarta-feira";"07:15:00";"SP";116;50,3;"LORENA";"Reação tardia ou ineficiente do condutor";"Colisão traseira";"Com Vítimas Feridas";"Pleno dia";"Decrescente";"Nublado";"Dupla";"Reta";"Não";1;0;1;0;0;0;1;1;-22,73585116;-45,08287831;"SPRF-SP";"DEL08-SP";"UOP02-DEL08-SP"
755984;2026-03-04;"quarta-feira";"07:35:00";"SE";235;1,4;"ARACAJU";"Condutor deixou de manter distância do veículo da frente";"Colisão traseira";"Com Vítimas Feridas";"Pleno dia";"Crescente";"Céu Claro";"Dupla";"Reta";"Não";2;0;1;0;1;0;1;2;-10,907523;-37,092355;"SPRF-SE";"DEL01-SE";"UOP01-DEL01-SE"
755987;2026-02-28;"sábado";"11:39:00";"MG";40;519,6;"RIBEIRAO DAS NEVES";"Demais falhas mecânicas ou elétricas";"Incêndio";"Sem Vítimas";"Pleno dia";"Crescente";"Céu Claro";"Dupla";"Reta";"Sim";1;0;0;0;1;0;0;1;-19,7804333;-44,1192794;"SPRF-MG";"DEL01-MG";"UOP02-DEL01-MG"
755988;2026-03-04;"quarta-feira";"07:15:00";"MG";40;514;"RIBEIRAO DAS NEVES";"Manobra de mudança de faixa";"Colisão lateral mesmo sentido";"Com Vítimas Feridas";"Pleno dia";"Crescente";"Céu Claro";"Dupla";"Reta";"Sim";2;0;1;0;1;0;1;2;-19,80319096;-44,0992101;"SPRF-MG";"DEL01-MG";"UOP02-DEL01-MG"
755991;2026-03-04;"quarta-feira";"06:30:00";"RO";364;696;"PORTO VELHO";"Acessar a via sem observar a presença dos outros veículos";"Colisão traseira";"Com Vítimas Feridas";"Pleno dia";"Decrescente";"Céu Claro";"Dupla";"Reta";"Não";2;0;1;0;1;0;1;2;-8,80092;-63,7416;"SPRF-RO";"DEL01-RO";"UOP01-DEL01-RO"
755992;2026-03-04;"quarta-feira";"06:33:00";"BA";235;352;"JUAZEIRO";"Acesso irregular";"Colisão transversal";"Com Vítimas Feridas";"Pleno dia";"Crescente";"Chuva";"Simples";"Reta";"Sim";4;0;2;0;2;0;2;2;-9,43776;-40,4979;"SPRF-PE";"DEL06-PE";"UOP01-DEL06-PE"
755993;2026-03-04;"quarta-feira";"08:00:00";"RJ";465;5;"SEROPEDICA";"Reação tardia ou ineficiente do condutor";"Atropelamento de Pedestre";"Com Vítimas Feridas";"Pleno dia";"Decrescente";"Nublado";"Simples";"Reta";"Sim";2;0;1;0;1;0;1;2;-22,74844083;-43,69846344;"SPRF-RJ";"DEL06-RJ";"UOP02-DEL06-RJ"
755994;2026-03-04;"quarta-feira";"07:35:00";"MA";135;8;"SAO LUIS";"Reação tardia ou ineficiente do condutor";"Saída de leito carroçável";"Com Vítimas Feridas";"Pleno dia";"Decrescente";"Nublado";"Dupla";"Declive";"Sim";1;0;0;1;0;0;1;1;-2,610455;-44,322664;"SPRF-MA";"DEL01-MA";"UOP01-DEL01-MA"
755995;2026-03-04;"quarta-feira";"08:30:00";"RJ";356;56;"ITAPERUNA";"Velocidade Incompatível";"Saída de leito carroçável";"Com Vítimas Feridas";"Pleno dia";"Crescente";"Céu Claro";"Simples";"Curva";"Não";1;0;1;0;0;0;1;1;-21,284102;-41,724289;"SPRF-RJ";"DEL08-RJ";"UOP03-DEL08-RJ"
755996;2026-03-04;"quarta-feira";"06:25:00";"GO";60;360,7;"RIO VERDE";"Reação tardia ou ineficiente do condutor";"Colisão com objeto";"Com Vítimas Feridas";"Amanhecer";"Crescente";"Céu Claro";"Dupla";"Reta";"Não";1;0;1;0;0;0;1;1;-17,64256;-50,788553;"SPRF-GO";"DEL04-GO";"UOP02-DEL04-GO"
755997;2026-01-15;"quinta-feira";"16:50:00";"PR";277;727,3;"FOZ DO IGUACU";"Manobra de mudança de faixa";"Colisão lateral mesmo sentido";"Com Vítimas Feridas";"Pleno dia";"Decrescente";"Sol";"Dupla";"Curva";"Sim";2;0;1;0;0;1;1;2;-25,51064002;-54,55777381;"SPRF-PR";"DEL05-PR";"UOP03-DEL05-PR"
755998;2026-03-04;"quarta-feira";"08:25:00";"SC";101;113,2;"ITAJAI";"Ausência de reação do condutor";"Colisão traseira";"Com Vítimas Feridas";"Pleno dia";"Decrescente";"Sol";"Dupla";"Reta";"Não";2;0;1;0;1;0;1;2;-26,85255485;-48,7263722;"SPRF-SC";"DEL04-SC";"UOP04-DEL04-SC"
755999;2026-03-04;"quarta-feira";"08:14:00";"SP";116;200;"ARUJA";"Reação tardia ou ineficiente do condutor";"Colisão traseira";"Com Vítimas Feridas";"Pleno dia";"Decrescente";"Sol";"Dupla";"Reta";"Sim";2;0;1;0;1;0;1;2;-23,40251875;-46,31933621;"SPRF-SP";"DEL01-SP";"UOP01-DEL01-SP"
756001;2026-03-04;"quarta-feira";"08:00:00";"RS";285;299;"PASSO FUNDO";"Condutor deixou de manter distância do veículo da frente";"Engavetamento";"Com Vítimas Feridas";"Pleno dia";"Decrescente";"Céu Claro";"Simples";"Reta";"Não";3;0;1;0;2;0;1;3;-28,23305234;-52,43533225;"SPRF-RS";"DEL08-RS";"UOP03-DEL08-RS"
756004;2026-03-04;"quarta-feira";"09:40:00";"PE";428;189,9;"PETROLINA";"Ausência de reação do condutor";"Colisão traseira";"Com Vítimas Feridas";"Pleno dia";"Crescente";"Nublado";"Múltipla";"Reta";"Sim";2;0;1;0;1;0;1;2;-9,3783314;-40,5062649;"SPRF-PE";"DEL06-PE";"UOP01-DEL06-PE"
756005;2026-03-04;"quarta-feira";"06:25:00";"GO";60;211;"VARJAO";"Ausência de reação do condutor";"Queda de ocupante de veículo";"Com Vítimas Feridas";"Amanhecer";"Decrescente";"Nevoeiro/Neblina";"Dupla";"Declive;Reta";"Não";2;0;1;0;1;0;1;2;-16,95241269;-49,69547868;"SPRF-GO";"DEL01-GO";"UOP02-DEL01-GO"
756008;2026-02-08;"domingo";"21:45:00";"PR";476;188,7;"LAPA";"Ultrapassagem Indevida";"Colisão frontal";"Com Vítimas Fatais";"Plena Noite";"Decrescente";"Céu Claro";"Simples";"Reta";"Não";6;1;0;0;4;1;0;3;-25,718655;-49,676936;"SPRF-PR";"DEL01-PR";"UOP06-DEL01-PR"
756009;2026-03-04;"quarta-feira";"07:30:00";"SC";101;329;"TUBARAO";"Ausência de reação do condutor";"Colisão traseira";"Com Vítimas Feridas";"Pleno dia";"Crescente";"Céu Claro";"Dupla";"Curva";"Não";2;0;0;1;1;0;1;2;-28,45218315;-48,97416942;"SPRF-SC";"DEL02-SC";"UOP01-DEL02-SC"
756010;2026-03-04;"quarta-feira";"06:00:00";"CE";116;319;"JAGUARIBE";"Demais falhas na via";"Saída de leito carroçável";"Com Vítimas Feridas";"Pleno dia";"Crescente";"Céu Claro";"Simples";"Reta";"Não";3;0;1;1;1;0;2;1;-6,009153;-38,637077;"SPRF-CE";"DEL05-CE";"UOP02-DEL05-CE"
756012;2026-03-04;"quarta-feira";"10:00:00";"SC";101;193,9;"BIGUACU";"Mal súbito do condutor";"Colisão lateral mesmo sentido";"Com Vítimas Feridas";"Pleno dia";"Crescente";"Céu Claro";"Múltipla";"Reta";"Sim";2;0;2;0;0;0;2;2;-27,497827;-48,65696;"SPRF-SC";"DEL01-SC";"UOP01-DEL01-SC"
756014;2026-01-03;"sábado";"19:50:00";"RJ";101;387;"RIO DE JANEIRO";"Entrada inopinada do pedestre";"Atropelamento de Pedestre";"Com Vítimas Feridas";"Plena Noite";"Crescente";"Nublado";"Dupla";"Reta";"Sim";3;0;0;1;2;0;1;2;-22,888739;-43,660119;"SPRF-RJ";"DEL03-RJ";"UOP01-DEL03-RJ"
756017;2026-03-04;"quarta-feira";"10:30:00";"RJ";393;235;"VASSOURAS";"Acessar a via sem observar a presença dos outros veículos";"Colisão transversal";"Com Vítimas Feridas";"Pleno dia";"Crescente";"Céu Claro";"Simples";"Reta";"Sim";2;0;1;0;1;0;1;2;-22,4182543;-43,68239689;"SPRF-RJ";"DEL05-RJ";"UOP03-DEL05-RJ"
756018;2026-03-04;"quarta-feira";"09:00:00";"MS";163;491;"CAMPO GRANDE";"Mal súbito do condutor";"Saída de leito carroçável";"Com Vítimas Feridas";"Pleno dia";"Crescente";"Céu Claro";"Simples";"Reta";"Sim";1;0;1;0;0;0;1;1;-20,391379;-54,554135;"SPRF-MS";"DEL01-MS";"UOP02-DEL01-MS"
756021;2026-03-04;"quarta-feira";"11:07:00";"SC";470;50,7;"BLUMENAU";"Ausência de reação do condutor";"Colisão com objeto";"Com Vítimas Feridas";"Pleno dia";"Crescente";"Sol";"Dupla";"Curva";"Não";1;0;0;1;0;0;1;1;-26,86108622;-49,08157571;"SPRF-SC";"DEL04-SC";"UOP01-DEL04-SC"
756022;2026-02-16;"segunda-feira";"16:30:00";"PR";277;31;"MORRETES";"Reação tardia ou ineficiente do condutor";"Colisão traseira";"Com Vítimas Feridas";"Pleno dia";"Crescente";"Céu Claro";"Dupla";"Reta";"Não";3;0;1;0;2;0;1;3;-25,55698821;-48,80465381;"SPRF-PR";"DEL01-PR";"UOP05-DEL01-PR"
756023;2026-02-24;"terça-feira";"08:18:00";"MG";50;166;"UBERABA";"Reação tardia ou ineficiente do condutor";"Colisão frontal";"Com Vítimas Feridas";"Pleno dia";"Crescente";"Céu Claro";"Dupla";"Reta";"Não";4;0;1;0;2;1;1;3;-19,702122;-47,986294;"SPRF-MG";"DEL13-MG";"UOP01-DEL13-MG"
756024;2026-03-04;"quarta-feira";"11:20:00";"MS";463;0,4;"DOURADOS";"Conversão proibida";"Colisão transversal";"Com Vítimas Feridas";"Pleno dia";"Crescente";"Céu Claro";"Simples";"Reta";"Sim";2;0;0;1;1;0;1;2;-22,258978;-54,807642;"SPRF-MS";"DEL04-MS";"UOP01-DEL04-MS"
756025;2026-03-04;"quarta-feira";"11:50:00";"SC";101;118,6;"ITAJAI";"Reação tardia ou ineficiente do condutor";"Colisão traseira";"Com Vítimas Feridas";"Pleno dia";"Crescente";"Céu Claro";"Múltipla";"Reta";"Sim";2;0;1;0;1;0;1;2;-26,90106;-48,71775;"SPRF-SC";"DEL04-SC";"UOP04-DEL04-SC"
756027;2026-03-04;"quarta-feira";"12:15:00";"PR";153;464,5;"PORTO VITORIA";"Acessar a via sem observar a presença dos outros veículos";"Colisão transversal";"Com Vítimas Feridas";"Pleno dia";"Crescente";"Céu Claro";"Simples";"Rotatória;Curva";"Não";5;0;1;2;2;0;3;2;-26,25702;-51,16795;"SPRF-PR";"DEL02-PR";"UOP03-DEL02-PR"
756028;2026-03-04;"quarta-feira";"13:30:00";"SP";116;96,1;"PINDAMONHANGABA";"Condutor deixou de manter distância do veículo da frente";"Colisão traseira";"Com Vítimas Feridas";"Pleno dia";"Crescente";"Céu Claro";"Dupla";"Reta";"Não";3;0;2;0;1;0;2;2;-22,969497;-45,439208;"SPRF-SP";"DEL08-SP";"UOP01-DEL08-SP"
756029;2026-03-04;"quarta-feira";"12:40:00";"MS";163;733;"COXIM";"Manobra de mudança de faixa";"Colisão traseira";"Com Vítimas Feridas";"Pleno dia";"Crescente";"Céu Claro";"Dupla";"Reta";"Não";3;0;2;0;1;0;2;2;-18,473418;-54,718387;"SPRF-MS";"DEL06-MS";"UOP01-DEL06-MS"
756030;2026-03-04;"quarta-feira";"12:00:00";"MS";163;77,7;"ITAQUIRAI";"Ausência de reação do condutor";"Colisão lateral mesmo sentido";"Com Vítimas Feridas";"Pleno dia";"Crescente";"Céu Claro";"Dupla";"Reta";"Sim";2;0;1;0;1;0;1;2;-23,476595;-54,18754;"SPRF-MS";"DEL09-MS";"UOP01-DEL09-MS"
756031;2026-03-04;"quarta-feira";"10:00:00";"SC";101;329;"CAPIVARI DE BAIXO";"Demais falhas mecânicas ou elétricas";"Incêndio";"Sem Vítimas";"Pleno dia";"Crescente";"Céu Claro";"Múltipla";"Reta";"Não";1;0;0;0;1;0;0;1;-28,44500531;-48,96670517;"SPRF-SC";"DEL02-SC";"UOP01-DEL02-SC"
756032;2026-03-04;"quarta-feira";"14:00:00";"PE";428;183,5;"PETROLINA";"Acumulo de areia ou detritos sobre o pavimento";"Queda de ocupante de veículo";"Com Vítimas Feridas";"Pleno dia";"Decrescente";"Chuva";"Dupla";"Reta";"Sim";1;0;1;0;0;0;1;1;-9,338705;-40,469438;"SPRF-PE";"DEL06-PE";"UOP01-DEL06-PE"
756034;2026-03-04;"quarta-feira";"14:00:00";"MG";40;478,5;"SETE LAGOAS";"Ausência de reação do condutor";"Colisão traseira";"Sem Vítimas";"Pleno dia";"Crescente";"Céu Claro";"Dupla";"Reta";"Não";2;0;0;0;2;0;0;2;-19,531708;-44,257358;"SPRF-MG";"DEL02-MG";"UOP01-DEL02-MG"
756035;2026-03-04;"quarta-feira";"09:40:00";"MG";356;266,3;"MURIAE";"Condutor Dormindo";"Colisão frontal";"Com Vítimas Feridas";"Pleno dia";"Crescente";"Céu Claro";"Simples";"Reta";"Sim";3;0;3;0;0;0;3;2;-21,12844443;-42,36405943;"SPRF-MG";"DEL07-MG";"UOP02-DEL07-MG"
756037;2026-03-04;"quarta-feira";"13:32:00";"PB";230;17,8;"JOAO PESSOA";"Ausência de reação do condutor";"Engavetamento";"Com Vítimas Feridas";"Pleno dia";"Decrescente";"Céu Claro";"Dupla";"Reta";"Sim";3;0;1;0;2;0;1;3;-7,120562;-34,845047;"SPRF-PB";"DEL01-PB";"UOP01-DEL01-PB"
756038;2026-03-04;"quarta-feira";"14:00:00";"GO";60;178;"ABADIA DE GOIAS";"Reação tardia ou ineficiente do condutor";"Saída de leito carroçável";"Com Vítimas Feridas";"Pleno dia";"Crescente";"Sol";"Dupla";"Aclive;Curva;Retorno Regulamentado";"Não";1;0;1;0;0;0;1;1;-16,766663;-49,475065;"SPRF-GO";"DEL01-GO";"UOP02-DEL01-GO"
756039;2026-03-04;"quarta-feira";"13:05:00";"SC";280;232,8;"CANOINHAS";"Demais falhas mecânicas ou elétricas";"Tombamento";"Com Vítimas Feridas";"Pleno dia";"Decrescente";"Céu Claro";"Simples";"Reta";"Sim";2;0;2;0;0;0;2;1;-26,19153;-50,391281;"SPRF-SC";"DEL06-SC";"UOP04-DEL06-SC"
756040;2026-03-04;"quarta-feira";"14:00:00";"RS";287;530;"SAO BORJA";"Demais falhas mecânicas ou elétricas";"Colisão com objeto";"Com Vítimas Feridas";"Pleno dia";"Decrescente";"Sol";"Simples";"Reta";"Não";2;0;2;0;0;0;2;1;-28,69119;-55,9210968;"SPRF-RS";"DEL12-RS";"UOP01-DEL12-RS"
756041;2026-03-04;"quarta-feira";"14:15:00";"PI";230;309,2;"FLORIANO";"Acessar a via sem observar a presença dos outros veículos";"Colisão transversal";"Com Vítimas Feridas";"Pleno dia";"Crescente";"Céu Claro";"Simples";"Reta";"Sim";2;0;1;0;0;1;1;2;-6,7726828;-43,00697923;"SPRF-PI";"DEL03-PI";"UOP01-DEL03-PI"
756044;2026-03-04;"quarta-feira";"15:20:00";"PR";376;200;"MARIALVA";"Velocidade Incompatível";"Colisão transversal";"Com Vítimas Fatais";"Pleno dia";"Crescente";"Sol";"Dupla";"Reta;Aclive;Retorno Regulamentado";"Não";2;1;1;0;0;0;1;2;-23,50519;-51,7413;"SPRF-PR";"DEL09-PR";"UOP01-DEL09-PR"
756045;2026-03-04;"quarta-feira";"10:50:00";"MT";70;315;"PRIMAVERA DO LESTE";"Ausência de reação do condutor";"Saída de leito carroçável";"Com Vítimas Feridas";"Pleno dia";"Crescente";"Céu Claro";"Simples";"Curva";"Não";1;0;1;0;0;0;1;1;-15,58114938;-54,4251597;"SPRF-MT";"DEL05-MT";"UOP01-DEL05-MT"
756046;2026-03-04;"quarta-feira";"13:50:00";"RO";319;143;"PORTO VELHO";"Condutor desrespeitou a iluminação vermelha do semáforo";"Colisão transversal";"Sem Vítimas";"Pleno dia";"Crescente";"Sol";"Dupla";"Interseção de Vias";"Sim";5;0;0;0;5;0;0;2;-8,75776429;-63,88636386;"SPRF-RO";"DEL01-RO";"UOP01-DEL01-RO"
756047;2026-03-04;"quarta-feira";"15:00:00";"RJ";116;198;"QUEIMADOS";"Ausência de reação do condutor";"Colisão traseira";"Com Vítimas Feridas";"Pleno dia";"Crescente";"Nublado";"Dupla";"Em Obras;Reta";"Não";2;0;1;0;1;0;1;2;-22,729044;-43,582744;"SPRF-RJ";"DEL06-RJ";"UOP02-DEL06-RJ"
756049;2026-03-04;"quarta-feira";"15:20:00";"SC";280;4;"SAO FRANCISCO DO SUL";"Desrespeitar a preferência no cruzamento";"Colisão transversal";"Com Vítimas Feridas";"Pleno dia";"Crescente";"Céu Claro";"Simples";"Rotatória";"Sim";2;0;1;0;1;0;1;2;-26,25172399;-48,61788003;"SPRF-SC";"DEL03-SC";"UOP03-DEL03-SC"
756050;2026-03-04;"quarta-feira";"15:15:00";"PE";423;93,3;"GARANHUNS";"Acostamento em desnível";"Colisão transversal";"Com Vítimas Feridas";"Pleno dia";"Crescente";"Céu Claro";"Simples";"Reta;Aclive";"Não";3;0;2;0;1;0;2;2;-8,8724118;-36,4663301;"SPRF-PE";"DEL03-PE";"UOP01-DEL03-PE"
756054;2026-03-04;"quarta-feira";"14:15:00";"PR";373;179;"PONTA GROSSA";"Carga excessiva e/ou mal acondicionada";"Colisão com objeto";"Sem Vítimas";"Pleno dia";"Crescente";"Céu Claro";"Dupla";"Em Obras;Curva";"Sim";3;0;0;0;3;0;0;1;-25,04399;-50,23761;"SPRF-PR";"DEL03-PR";"UOP01-DEL03-PR"
756055;2026-03-04;"quarta-feira";"15:50:00";"SP";116;214;"GUARULHOS";"Problema na suspensão";"Tombamento";"Com Vítimas Feridas";"Pleno dia";"Decrescente";"Céu Claro";"Múltipla";"Reta";"Sim";2;0;1;0;1;0;1;1;-23,44703179;-46,45461764;"SPRF-SP";"DEL01-SP";"UOP01-DEL01-SP"
756056;2026-01-24;"sábado";"05:08:00";"RJ";116;173;"SAO JOAO DE MERITI";"Mal súbito do condutor";"Colisão com objeto";"Com Vítimas Feridas";"Plena Noite";"Crescente";"Céu Claro";"Dupla";"Reta";"Sim";2;0;0;1;0;1;1;1;-22,79618911;-43,36046068;"SPRF-RJ";"DEL06-RJ";"UOP01-DEL06-RJ"
756057;2026-03-04;"quarta-feira";"15:10:00";"PR";116;125;"FAZENDA RIO GRANDE";"Reação tardia ou ineficiente do condutor";"Colisão traseira";"Com Vítimas Feridas";"Pleno dia";"Crescente";"Céu Claro";"Múltipla";"Reta";"Não";2;0;2;0;0;0;2;2;-25,63596083;-49,31326795;"SPRF-PR";"DEL01-PR";"UOP03-DEL01-PR"
756058;2026-03-04;"quarta-feira";"14:40:00";"RO";364;710;"PORTO VELHO";"Condutor deixou de manter distância do veículo da frente";"Colisão traseira";"Com Vítimas Feridas";"Pleno dia";"Crescente";"Céu Claro";"Dupla";"Reta";"Sim";3;0;1;0;2;0;1;2;-8,78461148;-63,85985613;"SPRF-RO";"DEL01-RO";"UOP01-DEL01-RO"
756059;2026-03-04;"quarta-feira";"16:10:00";"PB";230;27,6;"JOAO PESSOA";"Ausência de reação do condutor";"Colisão traseira";"Com Vítimas Feridas";"Pleno dia";"Decrescente";"Céu Claro";"Dupla";"Reta;Interseção de Vias";"Sim";2;0;1;0;1;0;1;2;-7,1651;-34,891542;"SPRF-PB";"DEL01-PB";"UOP01-DEL01-PB"
756064;2026-03-04;"quarta-feira";"16:20:00";"BA";324;493;"FEIRA DE SANTANA";"Acessar a via sem observar a presença dos outros veículos";"Colisão transversal";"Com Vítimas Feridas";"Pleno dia";"Decrescente";"Nublado";"Simples";"Reta";"Não";2;0;1;0;1;0;1;2;-12,054328;-38,981042;"SPRF-BA";"DEL02-BA";"UOP01-DEL02-BA"
756069;2026-03-04;"quarta-feira";"14:16:00";"AC";364;132;"RIO BRANCO";"Acessar a via sem observar a presença dos outros veículos";"Colisão transversal";"Sem Vítimas";"Pleno dia";"Decrescente";"Chuva";"Dupla";"Rotatória";"Sim";5;0;0;0;5;0;0;2;-10,00681292;-67,84875502;"SPRF-AC";"DEL01-AC";"UOP01-DEL01-AC"
756071;2026-03-04;"quarta-feira";"16:45:00";"CE";116;65;"CHOROZINHO";"Acessar a via sem observar a presença dos outros veículos";"Colisão transversal";"Com Vítimas Feridas";"Pleno dia";"Decrescente";"Nublado";"Simples";"Rotatória;Interseção de Vias;Reta";"Sim";7;0;2;0;5;0;2;2;-4,29941843;-38,50171063;"SPRF-CE";"DEL01-CE";"UOP04-DEL01-CE"
756073;2026-03-04;"quarta-feira";"15:30:00";"PR";158;508;"CORONEL VIVIDA";"Desrespeitar a preferência no cruzamento";"Colisão transversal";"Sem Vítimas";"Pleno dia";"Decrescente";"Céu Claro";"Simples";"Rotatória";"Não";3;0;0;0;3;0;0;2;-25,98975463;-52,55584566;"SPRF-PR";"DEL02-PR";"UOP01-DEL02-PR"
756074;2026-03-04;"quarta-feira";"17:10:00";"RN";101;109,9;"PARNAMIRIM";"Trafegar com motocicleta (ou similar) entre as faixas";"Colisão lateral mesmo sentido";"Com Vítimas Feridas";"Pleno dia";"Decrescente";"Céu Claro";"Múltipla";"Viaduto;Retorno Regulamentado;Reta";"Sim";3;0;2;0;0;1;2;2;-5,939865;-35,265082;"SPRF-RN";"DEL01-RN";"UOP01-DEL01-RN"
756075;2026-03-04;"quarta-feira";"17:00:00";"DF";40;3;"BRASILIA";"Trafegar com motocicleta (ou similar) entre as faixas";"Colisão lateral mesmo sentido";"Com Vítimas Feridas";"Anoitecer";"Crescente";"Céu Claro";"Dupla";"Viaduto;Reta";"Sim";2;0;1;0;1;0;1;2;-16,004508;-47,983937;"SPRF-DF";"DEL01-DF";"UOP01-DEL01-DF"
756076;2026-03-04;"quarta-feira";"16:26:00";"MG";262;378;"MATEUS LEME";"Demais falhas mecânicas ou elétricas";"Tombamento";"Com Vítimas Feridas";"Pleno dia";"Decrescente";"Nublado";"Dupla";"Declive;Reta";"Não";2;0;1;0;1;0;1;1;-19,93196516;-44,45929563;"SPRF-MG";"DEL01-MG";"UOP03-DEL01-MG"