"id";"data_inversa";"dia_semana";"horario";"uf";"br";"km";"municipio";"causa_acidente";"tipo_acidente";"classificacao_acidente";"fase_dia";"sentido_via";"condicao_metereologica";"tipo_pista";"tracado_via";"uso_solo";"pessoas";"mortos";"feridos_leves";"feridos_graves";"ilesos";"ignorados";"feridos";"veiculos";"latitude";"longitude";"regional";"delegacia";"uop"
756077;2026-03-04;"quarta-feira";"15:40:00";"MT";174;388;"NOVA LACERDA";"Desrespeitar a preferência no cruzamento";"Colisão lateral sentido oposto";"Com Vítimas Feridas";"Pleno dia";"Decrescente";"Garoa/Chuvisco";"Simples";"Reta;Declive";"Sim";4;0;1;0;3;0;1;2;-14,47373214;-59,59161877;"SPRF-MT";"DEL04-MT";"UOP02-DEL04-MT"
756079;2026-03-04;"quarta-feira";"16:10:00";"ES";393;14;"MUQUI";"Animais na Pista";"Atropelamento de Animal";"Com Vítimas Feridas";"Pleno dia";"Crescente";"Sol";"Simples";"Reta";"Não";4;0;1;0;3;0;1;1;-20,86477;-41,25528;"SPRF-ES";"DEL03-ES";"UOP02-DEL03-ES"
756081;2026-03-04;"quarta-feira";"16:00:00";"MS";163;107,6;"ITAQUIRAI";"Ausência de reação do condutor";"Saída de leito carroçável";"Com Vítimas Feridas";"Pleno dia";"Decrescente";"Céu Claro";"Dupla";"Reta";"Não";1;0;1;0;0;0;1;1;-23,215195;-54,212806;"SPRF-MS";"DEL09-MS";"UOP01-DEL09-MS"
756082;2026-03-04;"quarta-feira";"17:35:00";"PB";230;19;"JOAO PESSOA";"Condutor deixou de manter distância do veículo da frente";"Engavetamento";"Sem Vítimas";"Anoitecer";"Crescente";"Céu Claro";"Dupla";"Reta";"Sim";3;0;0;0;3;0;0;3;-7,13106388;-34,85230138;"SPRF-PB";"DEL01-PB";"UOP01-DEL01-PB"
756085;2026-03-04;"quarta-feira";"18:10:00";"SP";116;55;"LORENA";"Ausência de reação do condutor";"Colisão traseira";"Com Vítimas Feridas";"Anoitecer";"Decrescente";"Céu Claro";"Dupla";"Reta";"Sim";5;0;4;0;1;0;4;3;-22,76822337;-45,12921408;"SPRF-SP";"DEL08-SP";"UOP02-DEL08-SP"
756086;2026-03-04;"quarta-feira";"18:15:00";"MG";40;525,5;"CONTAGEM";"Manobra de mudança de faixa";"Colisão lateral mesmo sentido";"Com Vítimas Feridas";"Anoitecer";"Decrescente";"Céu Claro";"Dupla";"Reta";"Sim";3;0;2;0;1;0;2;2;-19,89023876;-44,05000448;"SPRF-MG";"DEL01-MG";"UOP02-DEL01-MG"
756087;2026-03-04;"quarta-feira";"17:05:00";"SP";116;565;"BARRA DO TURVO";"Reação tardia ou ineficiente do condutor";"Queda de ocupante de veículo";"Com Vítimas Feridas";"Pleno dia";"Crescente";"Céu Claro";"Dupla";"Reta";"Não";2;0;2;0;0;0;2;1;-25,02019924;-48,51405591;"SPRF-SP";"DEL05-SP";"UOP02-DEL05-SP"
756088;2026-03-04;"quarta-feira";"18:23:00";"RN";406;168;"SAO GONCALO DO AMARANTE";"Transitar na contramão";"Colisão transversal";"Com Vítimas Feridas";"Plena Noite";"Decrescente";"Nublado";"Simples";"Interseção de Vias";"Não";3;0;1;0;2;0;1;2;-5,754;-35,312;"SPRF-RN";"DEL02-RN";"UOP01-DEL02-RN"
756090;2026-03-04;"quarta-feira";"17:10:00";"PI";316;13;"TERESINA";"Manobra de mudança de faixa";"Colisão lateral mesmo sentido";"Com Vítimas Feridas";"Anoitecer";"Crescente";"Céu Claro";"Múltipla";"Curva";"Sim";3;0;2;0;1;0;2;2;-5,21092105;-42,75529146;"SPRF-PI";"DEL01-PI";"UOP02-DEL01-PI"
756091;2026-03-04;"quarta-feira";"17:55:00";"RS";392;8;"RIO GRANDE";"Demais falhas na via";"Queda de ocupante de veículo";"Com Vítimas Feridas";"Pleno dia";"Decrescente";"Nublado";"Simples";"Rotatória;Curva";"Não";1;0;0;1;0;0;1;1;-32,11078923;-52,11200522;"SPRF-RS";"DEL07-RS";"UOP02-DEL07-RS"
756092;2026-03-04;"quarta-feira";"17:50:00";"PR";369;200;"APUCARANA";"Ultrapassagem Indevida";"Colisão frontal";"Com Vítimas Feridas";"Pleno dia";"Crescente";"Céu Claro";"Simples";"Reta";"Sim";5;0;3;2;0;0;5;4;-23,528592;-51,447717;"SPRF-PR";"DEL07-PR";"UOP03-DEL07-PR"
756095;2026-03-04;"quarta-feira";"19:00:00";"RS";116;250;"SAPUCAIA DO SUL";"Avarias e/ou desgaste excessivo no pneu";"Tombamento";"Com Vítimas Feridas";"Plena Noite";"Crescente";"Nublado";"Dupla";"Reta";"Sim";1;0;1;0;0;0;1;1;-29,8106382;-51,1675662;"SPRF-RS";"DEL01-RS";"UOP02-DEL01-RS"
756096;2026-03-04;"quarta-feira";"18:20:00";"MA";316;404,2;"ALTO ALEGRE DO MARANHAO";"Iluminação deficiente";"Atropelamento de Pedestre";"Com Vítimas Feridas";"Plena Noite";"Crescente";"Chuva";"Simples";"Reta";"Não";3;0;0;1;2;0;1;2;-4,230979;-44,442848;"SPRF-MA";"DEL03-MA";"UOP01-DEL03-MA"
756099;2026-03-04;"quarta-feira";"18:30:00";"BA";110;202;"CIPO";"Acesso irregular";"Queda de ocupante de veículo";"Com Vítimas Feridas";"Plena Noite";"Decrescente";"Céu Claro";"Simples";"Reta";"Não";2;0;0;1;0;1;1;2;-11,1032;-38,5179;"SPRF-BA";"DEL07-BA";"UOP02-DEL07-BA"
756100;2026-03-04;"quarta-feira";"19:00:00";"PE";232;8,6;"RECIFE";"Manobra de mudança de faixa";"Colisão lateral mesmo sentido";"Com Vítimas Feridas";"Plena Noite";"Crescente";"Céu Claro";"Múltipla";"Reta";"Sim";2;0;1;0;1;0;1;2;-8,077143;-34,975028;"SPRF-PE";"DEL01-PE";"UOP01-DEL01-PE"
756101;2026-03-04;"quarta-feira";"17:45:00";"PR";369;183,2;"ARAPONGAS";"Conversão proibida";"Colisão lateral mesmo sentido";"Com Vítimas Feridas";"Pleno dia";"Crescente";"Sol";"Simples";"Reta";"Sim";2;0;1;1;0;0;2;2;-23,37755615;-51,41564012;"SPRF-PR";"DEL07-PR";"UOP03-DEL07-PR"
756103;2026-03-04;"quarta-feira";"19:00:00";"SP";116;282;"EMBU DAS ARTES";"Trafegar com motocicleta (ou similar) entre as faixas";"Colisão lateral mesmo sentido";"Com Vítimas Feridas";"Plena Noite";"Crescente";"Céu Claro";"Dupla";"Reta";"Não";2;0;1;0;1;0;1;2;-23,66335018;-46,85366634;"SPRF-SP";"DEL04-SP";"UOP01-DEL04-SP"
756104;2026-03-04;"quarta-feira";"18:55:00";"MG";40;557;"NOVA LIMA";"Manobra de mudança de faixa";"Tombamento";"Com Vítimas Feridas";"Plena Noite";"Decrescente";"Céu Claro";"Simples";"Reta";"Não";1;0;1;0;0;0;1;1;-20,11449951;-43,96924702;"SPRF-MG";"DEL01-MG";"UOP02-DEL01-MG"
756105;2026-03-04;"quarta-feira";"19:15:00";"MG";262;38,9;"MANHUACU";"Pedestre cruzava a pista fora da faixa";"Atropelamento de Pedestre";"Com Vítimas Feridas";"Plena Noite";"Decrescente";"Garoa/Chuvisco";"Simples";"Curva";"Sim";2;0;1;0;1;0;1;2;-20,276151;-42,053155;"SPRF-MG";"DEL06-MG";"UOP03-DEL06-MG"
756107;2026-03-04;"quarta-feira";"19:30:00";"ES";259;54;"COLATINA";"Entrada inopinada do pedestre";"Atropelamento de Pedestre";"Com Vítimas Feridas";"Plena Noite";"Crescente";"Céu Claro";"Simples";"Curva";"Não";2;0;0;1;1;0;1;2;-19,4968749;-40,6394153;"SPRF-ES";"DEL02-ES";"UOP01-DEL02-ES"
756108;2026-03-04;"quarta-feira";"19:00:00";"PE";116;44;"SALGUEIRO";"Objeto estático sobre o leito carroçável";"Colisão com objeto";"Com Vítimas Fatais";"Plena Noite";"Decrescente";"Chuva";"Simples";"Reta;Aclive";"Não";2;1;0;0;0;1;0;2;-8,227902;-39,107757;"SPRF-PE";"DEL05-PE";"UOP01-DEL05-PE"
756111;2026-03-04;"quarta-feira";"17:45:00";"PR";376;491,8;"PONTA GROSSA";"Reação tardia ou ineficiente do condutor";"Colisão traseira";"Com Vítimas Feridas";"Pleno dia";"Decrescente";"Céu Claro";"Dupla";"Aclive;Reta";"Sim";3;0;2;0;1;0;2;3;-25,15141719;-50,14183609;"SPRF-PR";"DEL03-PR";"UOP04-DEL03-PR"
756112;2026-03-04;"quarta-feira";"19:30:00";"RJ";116;133;"MAGE";"Demais falhas mecânicas ou elétricas";"Incêndio";"Sem Vítimas";"Plena Noite";"Decrescente";"Céu Claro";"Dupla";"Reta";"Não";1;0;0;0;1;0;0;1;-22,65052302;-43,16687011;"SPRF-RJ";"DEL04-RJ";"UOP02-DEL04-RJ"
756115;2026-03-04;"quarta-feira";"20:00:00";"SP";116;231;"SAO PAULO";"Reação tardia ou ineficiente do condutor";"Colisão transversal";"Com Vítimas Feridas";"Plena Noite";"Decrescente";"Céu Claro";"Múltipla";"Interseção de Vias;Reta";"Sim";2;0;1;0;1;0;1;2;-23,5264712;-46,58836696;"SPRF-SP";"DEL01-SP";"UOP01-DEL01-SP"
756116;2026-03-04;"quarta-feira";"20:20:00";"ES";101;211;"JOAO NEIVA";"Reação tardia ou ineficiente do condutor";"Tombamento";"Com Vítimas Feridas";"Pleno dia";"Crescente";"Céu Claro";"Simples";"Curva";"Não";1;0;1;0;0;0;1;1;-19,77145368;-40,37099431;"SPRF-ES";"DEL02-ES";"UOP01-DEL02-ES"
756117;2026-03-04;"quarta-feira";"17:00:00";"PR";277;611;"SANTA TEREZA DO OESTE";"Ausência de reação do condutor";"Saída de leito carroçável";"Sem Vítimas";"Pleno dia";"Crescente";"Céu Claro";"Simples";"Reta";"Sim";1;0;0;0;0;1;0;1;-25,03299474;-53,58797042;"SPRF-PR";"DEL05-PR";"UOP02-DEL05-PR"
756120;2026-03-04;"quarta-feira";"20:25:00";"PE";101;82;"JABOATAO DOS GUARARAPES";"Manobra de mudança de faixa";"Colisão lateral mesmo sentido";"Com Vítimas Feridas";"Plena Noite";"Decrescente";"Céu Claro";"Múltipla";"Curva;Interseção de Vias";"Sim";3;0;2;0;1;0;2;2;-8,17101696;-34,9376653;"SPRF-PE";"DEL01-PE";"UOP01-DEL01-PE"
756121;2026-03-04;"quarta-feira";"19:55:00";"SC";101;229,4;"PALHOCA";"Acessar a via sem observar a presença dos outros veículos";"Colisão transversal";"Com Vítimas Fatais";"Plena Noite";"Decrescente";"Céu Claro";"Dupla";"Declive;Curva";"Não";2;1;0;1;0;0;1;2;-27,77051;-48,63306;"SPRF-SC";"DEL01-SC";"UOP02-DEL01-SC"
756122;2026-03-04;"quarta-feira";"20:10:00";"MG";40;765,8;"JUIZ DE FORA";"Pedestre - Ingestão de álcool/ substâncias psicoativas";"Tombamento";"Com Vítimas Feridas";"Plena Noite";"Decrescente";"Céu Claro";"Simples";"Reta";"Não";1;0;1;0;0;0;1;1;-21,56915;-43,478492;"SPRF-MG";"DEL05-MG";"UOP01-DEL05-MG"
756124;2026-03-04;"quarta-feira";"19:00:00";"MG";153;27,2;"CENTRALINA";"Objeto estático sobre o leito carroçável";"Colisão com objeto";"Com Vítimas Feridas";"Plena Noite";"Decrescente";"Céu Claro";"Dupla";"Reta";"Não";1;0;1;0;0;0;1;1;-18,6486544;-49,17380439;"SPRF-MG";"DEL15-MG";"UOP03-DEL15-MG"
756125;2026-03-04;"quarta-feira";"21:30:00";"ES";101;18,6;"SERRA";"Reação tardia ou ineficiente do condutor";"Colisão com objeto";"Sem Vítimas";"Plena Noite";"Crescente";"Céu Claro";"Dupla";"Curva";"Não";1;0;0;0;0;1;0;1;-20,217;-40,336;"SPRF-ES";"DEL04-ES";"UOP02-DEL04-ES"
756127;2026-03-04;"quarta-feira";"21:55:00";"RJ";101;329;"RIO DE JANEIRO";"Ausência de reação do condutor";"Colisão traseira";"Com Vítimas Feridas";"Plena Noite";"Crescente";"Céu Claro";"Dupla";"Reta";"Sim";4;0;1;1;2;0;2;3;-22,87134506;-43,16683352;"SPRF-RJ";"DEL02-RJ";"UOP01-DEL02-RJ"
756128;2026-03-04;"quarta-feira";"21:20:00";"ES";101;149,2;"LINHARES";"Condutor desrespeitou a iluminação vermelha do semáforo";"Colisão transversal";"Com Vítimas Feridas";"Plena Noite";"Decrescente";"Céu Claro";"Múltipla";"Reta;Declive;Interseção de Vias";"Sim";3;0;2;0;1;0;2;2;-19,39893427;-40,06277967;"SPRF-ES";"DEL04-ES";"UOP01-DEL04-ES"
756130;2026-03-04;"quarta-feira";"21:40:00";"RS";158;317;"SANTA MARIA";"Acessar a via sem observar a presença dos outros veículos";"Colisão lateral mesmo sentido";"Sem Vítimas";"Plena Noite";"Decrescente";"Céu Claro";"Simples";"Curva;Em Obras;Desvio Temporário;Aclive";"Não";4;0;0;0;4;0;0;2;-29,662357;-53,775288;"SPRF-RS";"DEL09-RS";"UOP01-DEL09-RS"
756131;2026-03-03;"terça-feira";"18:20:00";"BA";330;866;"UBATA";"Reação tardia ou ineficiente do condutor";"Atropelamento de Pedestre";"Com Vítimas Feridas";"Plena Noite";"Crescente";"Chuva";"Simples";"Reta";"Sim";2;0;1;0;0;1;1;2;-14,210186;-39,524013;"SPRF-BA";"DEL05-BA";"UOP01-DEL05-BA"
756132;2026-03-04;"quarta-feira";"22:30:00";"SE";101;76,7;"MARUIM";"Transitar na contramão";"Colisão frontal";"Sem Vítimas";"Plena Noite";"Decrescente";"Céu Claro";"Simples";"Reta";"Não";2;0;0;0;1;1;0;2;-10,776083;-37,132846;"SPRF-SE";"DEL01-SE";"UOP01-DEL01-SE"
756133;2026-03-04;"quarta-feira";"20:59:00";"RO";364;1041;"PORTO VELHO";"Ausência de reação do condutor";"Tombamento";"Com Vítimas Feridas";"Plena Noite";"Decrescente";"Nublado";"Simples";"Reta";"Sim";1;0;0;1;0;0;1;1;-9,77082795;-66,34968281;"SPRF-RO";"DEL01-RO";"UOP03-DEL01-RO"
756134;2026-03-04;"quarta-feira";"22:33:00";"PE";408;89,6;"PAUDALHO";"Deficiência do Sistema de Iluminação/Sinalização";"Atropelamento de Pedestre";"Com Vítimas Fatais";"Plena Noite";"Crescente";"Céu Claro";"Múltipla";"Reta";"Não";2;1;0;0;0;1;0;2;-7,96534;-35,09267;"SPRF-PE";"DEL01-PE";"UOP01-DEL01-PE"
756135;2026-03-04;"quarta-feira";"19:00:00";"RJ";101;66;"CAMPOS DOS GOYTACAZES";"Ausência de reação do condutor";"Colisão lateral mesmo sentido";"Com Vítimas Feridas";"Plena Noite";"Decrescente";"Céu Claro";"Simples";"Rotatória";"Sim";2;0;1;0;1;0;1;2;-21,766864;-41,345866;"SPRF-RJ";"DEL08-RJ";"UOP02-DEL08-RJ"
756137;2026-03-04;"quarta-feira";"23:30:00";"RS";116;143,8;"CAXIAS DO SUL";"Reação tardia ou ineficiente do condutor";"Saída de leito carroçável";"Com Vítimas Feridas";"Plena Noite";"Crescente";"Céu Claro";"Dupla";"Declive;Curva";"Sim";1;0;1;0;0;0;1;1;-29,1267566;-51,1280877;"SPRF-RS";"DEL05-RS";"UOP01-DEL05-RS"
756138;2026-03-04;"quarta-feira";"18:30:00";"PR";272;542,5;"TERRA ROXA";"Conversão proibida";"Colisão transversal";"Com Vítimas Feridas";"Plena Noite";"Crescente";"Céu Claro";"Simples";"Curva";"Não";3;0;1;1;1;0;2;2;-24,0724325;-54,0005271;"SPRF-PR";"DEL06-PR";"UOP01-DEL06-PR"
756143;2026-03-05;"quinta-feira";"01:30:00";"PE";101;84,5;"JABOATAO DOS GUARARAPES";"Animais na Pista";"Atropelamento de Animal";"Com Vítimas Feridas";"Plena Noite";"Crescente";"Céu Claro";"Dupla";"Curva";"Não";1;0;0;1;0;0;1;1;-8,17832;-34,956113;"SPRF-PE";"DEL01-PE";"UOP01-DEL01-PE"
756144;2026-03-05;"quinta-feira";"02:50:00";"SC";101;44,8;"PALHOCA";"Condutor Dormindo";"Tombamento";"Com Vítimas Feridas";"Plena Noite";"Crescente";"Nublado";"Dupla";"Reta";"Sim";1;0;1;0;0;0;1;1;-27,676527;-48,701535;"SPRF-SC";"DEL03-SC";"UOP01-DEL03-SC"
756145;2026-03-05;"quinta-feira";"02:40:00";"PR";277;719,3;"FOZ DO IGUACU";"Ingestão de álcool pelo condutor";"Saída de leito carroçável";"Com Vítimas Feridas";"Plena Noite";"Crescente";"Céu Claro";"Dupla";"Reta;Aclive";"Não";1;0;1;0;0;0;1;1;-25,48192637;-54,48994444;"SPRF-PR";"DEL05-PR";"UOP03-DEL05-PR"
756146;2026-03-05;"quinta-feira";"02:40:00";"GO";20;224;"POSSE";"Reação tardia ou ineficiente do condutor";"Colisão traseira";"Com Vítimas Feridas";"Plena Noite";"Decrescente";"Céu Claro";"Simples";"Reta";"Não";3;0;1;0;2;0;1;2;-14,156972;-46,326168;"SPRF-DF";"DEL02-DF";"UOP03-DEL02-DF"
756149;2026-03-05;"quinta-feira";"02:45:00";"SP";116;297;"ITAPECERICA DA SERRA";"Transitar na contramão";"Colisão frontal";"Com Vítimas Feridas";"Plena Noite";"Crescente";"Céu Claro";"Dupla";"Reta";"Não";4;0;1;0;3;0;1;2;-23,77663361;-46,91545387;"SPRF-SP";"DEL04-SP";"UOP01-DEL04-SP"
756150;2026-03-05;"quinta-feira";"04:40:00";"BA";415;52;"ITABUNA";"Objeto estático sobre o leito carroçável";"Colisão com objeto";"Com Vítimas Feridas";"Plena Noite";"Decrescente";"Nublado";"Simples";"Aclive;Reta";"Sim";2;0;2;0;0;0;2;1;-14,84518885;-39,33935702;"SPRF-BA";"DEL05-BA";"UOP01-DEL05-BA"
756152;2026-03-05;"quinta-feira";"03:40:00";"SC";280;226,6;"TRES BARRAS";"Reação tardia ou ineficiente do condutor";"Colisão com objeto";"Com Vítimas Feridas";"Plena Noite";"Crescente";"Nublado";"Simples";"Reta;Ponte";"Não";2;0;1;1;0;0;2;1;-26,18186992;-50,3275001;"SPRF-SC";"DEL06-SC";"UOP04-DEL06-SC"
756153;2026-03-05;"quinta-feira";"04:40:00";"SC";163;74;"SAO MIGUEL DO OESTE";"Reação tardia ou ineficiente do condutor";"Saída de leito carroçável";"Com Vítimas Feridas";"Plena Noite";"Decrescente";"Nublado";"Simples";"Reta";"Não";2;0;1;1;0;0;2;1;-26,700936;-53,513728;"SPRF-SC";"DEL07-SC";"UOP03-DEL07-SC"
756156;2026-03-05;"quinta-feira";"05:28:00";"MG";381;490,5;"BETIM";"Ausência de reação do condutor";"Queda de ocupante de veículo";"Com Vítimas Feridas";"Amanhecer";"Decrescente";"Céu Claro";"Dupla";"Reta";"Não";1;0;1;0;0;0;1;1;-19,95624622;-44,14546967;"SPRF-MG";"DEL01-MG";"UOP03-DEL01-MG"
756158;2026-03-04;"quarta-feira";"14:15:00";"SP";116;214;"GUARULHOS";"Ausência de reação do condutor";"Tombamento";"Com Vítimas Feridas";"Pleno dia";"Decrescente";"Céu Claro";"Dupla";"Reta";"Sim";2;0;2;0;0;0;2;1;-23,44567926;-46,45070499;"SPRF-SP";"DEL01-SP";"UOP01-DEL01-SP"
756160;2026-03-04;"quarta-feira";"20:00:00";"PI";343;493;"AMARANTE";"Ausência de reação do condutor";"Queda de ocupante de veículo";"Com Vítimas Fatais";"Plena Noite";"Decrescente";"Céu Claro";"Simples";"Reta";"Não";2;1;0;0;0;1;0;1;-6,253375;-42,74477;"SPRF-PI";"DEL01-PI";"UOP02-DEL01-PI"
756162;2026-03-05;"quinta-feira";"06:30:00";"BA";324;7;"FEIRA DE SANTANA";"Manobra de mudança de faixa";"Colisão lateral mesmo sentido";"Com Vítimas Feridas";"Pleno dia";"Crescente";"Céu Claro";"Dupla";"Viaduto";"Não";3;0;0;1;2;0;1;2;-12,268265;-38,988855;"SPRF-BA";"DEL02-BA";"UOP01-DEL02-BA"
756164;2026-03-05;"quinta-feira";"01:20:00";"MA";316;550;"CAXIAS";"Demais falhas na via";"Queda de ocupante de veículo";"Com Vítimas Fatais";"Plena Noite";"Crescente";"Céu Claro";"Simples";"Reta";"Não";2;1;1;0;0;0;1;1;-4,8604;-43,4282067;"SPRF-MA";"DEL03-MA";"UOP02-DEL03-MA"
756167;2026-03-05;"quinta-feira";"07:00:00";"BA";324;518;"FEIRA DE SANTANA";"Trafegar com motocicleta (ou similar) entre as faixas";"Colisão lateral mesmo sentido";"Com Vítimas Feridas";"Pleno dia";"Decrescente";"Nublado";"Simples";"Reta";"Sim";3;0;2;0;1;0;2;2;-12,26135;-38,932094;"SPRF-BA";"DEL02-BA";"UOP01-DEL02-BA"
756168;2026-03-05;"quinta-feira";"06:30:00";"ES";101;8,1;"SERRA";"Afundamento ou ondulação no pavimento";"Tombamento";"Com Vítimas Feridas";"Pleno dia";"Crescente";"Nublado";"Dupla";"Reta";"Não";1;0;1;0;0;0;1;1;-20,13517177;-40,33918654;"SPRF-ES";"DEL02-ES";"UOP01-DEL02-ES"
756169;2026-03-05;"quinta-feira";"06:25:00";"PR";277;681,3;"MEDIANEIRA";"Demais falhas mecânicas ou elétricas";"Saída de leito carroçável";"Com Vítimas Feridas";"Pleno dia";"Decrescente";"Céu Claro";"Dupla";"Reta";"Não";1;0;1;0;0;0;1;1;-25,321961;-54,163754;"SPRF-PR";"DEL05-PR";"UOP01-DEL05-PR"
756170;2026-03-05;"quinta-feira";"06:00:00";"SC";153;111,1;"CONCORDIA";"Acessar a via sem observar a presença dos outros veículos";"Colisão transversal";"Com Vítimas Feridas";"Amanhecer";"Crescente";"Céu Claro";"Simples";"Interseção de Vias";"Não";2;0;1;0;1;0;1;2;-27,32758112;-51,97930849;"SPRF-SC";"DEL07-SC";"UOP04-DEL07-SC"
756171;2026-03-05;"quinta-feira";"05:45:00";"MG";40;42,3;"PARACATU";"Acessar a via sem observar a presença dos outros veículos";"Colisão transversal";"Com Vítimas Feridas";"Amanhecer";"Crescente";"Céu Claro";"Simples";"Reta;Aclive";"Sim";2;0;1;0;1;0;1;2;-17,221614;-46,865786;"SPRF-MG";"DEL14-MG";"UOP01-DEL14-MG"
756172;2026-03-05;"quinta-feira";"07:20:00";"RS";116;508;"PELOTAS";"Condutor deixou de manter distância do veículo da frente";"Colisão traseira";"Com Vítimas Feridas";"Pleno dia";"Crescente";"Céu Claro";"Dupla";"Reta";"Não";2;0;1;0;1;0;1;2;-31,61427796;-52,30622739;"SPRF-RS";"DEL07-RS";"UOP01-DEL07-RS"
756173;2026-03-05;"quinta-feira";"07:00:00";"SC";280;29;"ARAQUARI";"Acessar a via sem observar a presença dos outros veículos";"Colisão transversal";"Com Vítimas Feridas";"Pleno dia";"Crescente";"Céu Claro";"Simples";"Interseção de Vias;Reta";"Sim";2;0;0;1;1;0;1;2;-26,41261627;-48,75653408;"SPRF-SC";"DEL03-SC";"UOP03-DEL03-SC"
756174;2026-01-05;"segunda-feira";"06:50:00";"RN";427;134,6;"SERRA NEGRA DO NORTE";"Reação tardia ou ineficiente do condutor";"Colisão traseira";"Com Vítimas Feridas";"Pleno dia";"Crescente";"Céu Claro";"Simples";"Reta";"Não";3;0;0;2;1;0;2;2;-6,58146691;-37,28616716;"SPRF-RN";"DEL03-RN";"UOP01-DEL03-RN"
756176;2026-03-05;"quinta-feira";"07:25:00";"PR";158;518;"PATO BRANCO";"Manobra de mudança de faixa";"Colisão lateral mesmo sentido";"Com Vítimas Feridas";"Pleno dia";"Decrescente";"Céu Claro";"Simples";"Reta";"Não";2;0;1;0;1;0;1;2;-26,10735401;-52,64111996;"SPRF-PR";"DEL02-PR";"UOP01-DEL02-PR"
756178;2026-03-03;"terça-feira";"17:45:00";"BA";367;30;"PORTO SEGURO";"Acessar a via sem observar a presença dos outros veículos";"Colisão transversal";"Com Vítimas Feridas";"Anoitecer";"Crescente";"Nublado";"Simples";"Reta";"Sim";2;0;0;1;1;0;1;2;-16,415434;-39,118992;"SPRF-BA";"DEL09-BA";"UOP03-DEL09-BA"
756179;2026-03-05;"quinta-feira";"07:40:00";"SC";101;204,7;"SAO JOSE";"Condutor deixou de manter distância do veículo da frente";"Colisão traseira";"Com Vítimas Feridas";"Pleno dia";"Decrescente";"Céu Claro";"Múltipla";"Reta";"Sim";2;0;0;1;1;0;1;2;-27,59925312;-48,61989856;"SPRF-SC";"DEL01-SC";"UOP01-DEL01-SC"
756180;2026-03-05;"quinta-feira";"07:50:00";"DF";40;1;"BRASILIA";"Trafegar com motocicleta (ou similar) entre as faixas";"Colisão lateral mesmo sentido";"Com Vítimas Feridas";"Pleno dia";"Decrescente";"Céu Claro";"Dupla";"Reta";"Sim";3;0;1;0;2;0;1;3;-15,98468351;-47,98776448;"SPRF-DF";"DEL01-DF";"UOP01-DEL01-DF"
756181;2026-03-05;"quinta-feira";"08:10:00";"PB";230;23;"JOAO PESSOA";"Velocidade Incompatível";"Tombamento";"Com Vítimas Feridas";"Pleno dia";"Decrescente";"Sol";"Dupla";"Reta";"Não";2;0;1;0;1;0;1;1;-7,15043902;-34,85213041;"SPRF-PB";"DEL01-PB";"UOP01-DEL01-PB"
756183;2026-03-05;"quinta-feira";"07:30:00";"MT";70;2,3;"BARRA DO GARCAS";"Conversão proibida";"Colisão lateral sentido oposto";"Com Vítimas Feridas";"Pleno dia";"Decrescente";"Céu Claro";"Simples";"Reta";"Não";2;0;1;0;1;0;1;2;-15,87242401;-52,3855093;"SPRF-MT";"DEL07-MT";"UOP01-DEL07-MT"
756185;2026-03-05;"quinta-feira";"08:02:00";"ES";262;17;"VIANA";"Conversão proibida";"Colisão transversal";"Com Vítimas Feridas";"Pleno dia";"Crescente";"Céu Claro";"Simples";"Reta";"Sim";2;0;0;1;1;0;1;2;-20,38656959;-40,47332168;"SPRF-ES";"DEL01-ES";"UOP01-DEL01-ES"
756186;2026-03-05;"quinta-feira";"06:00:00";"RJ";40;105;"DUQUE DE CAXIAS";"Reação tardia ou ineficiente do condutor";"Colisão com objeto";"Com Vítimas Feridas";"Pleno dia";"Decrescente";"Céu Claro";"Dupla";"Reta";"Sim";1;0;1;0;0;0;1;1;-22,64651;-43,28361;"SPRF-RJ";"DEL01-RJ";"UOP02-DEL01-RJ"
756187;2026-03-04;"quarta-feira";"18:40:00";"MG";40;524;"CONTAGEM";"Transitar no Acostamento";"Atropelamento de Pedestre";"Com Vítimas Feridas";"Plena Noite";"Decrescente";"Céu Claro";"Dupla";"Reta";"Sim";2;0;1;0;1;0;1;2;-19,88237078;-44,05042807;"SPRF-MG";"DEL01-MG";"UOP02-DEL01-MG"
756188;2026-02-21;"sábado";"16:30:00";"SC";280;186;"MAFRA";"Ingestão de álcool pelo condutor";"Saída de leito carroçável";"Com Vítimas Feridas";"Pleno dia";"Decrescente";"Nublado";"Simples";"Curva";"Não";3;0;2;1;0;0;3;1;-26,168431;-49,9593905;"SPRF-SC";"DEL06-SC";"UOP01-DEL06-SC"
756189;2026-03-05;"quinta-feira";"06:30:00";"SP";116;224;"GUARULHOS";"Reação tardia ou ineficiente do condutor";"Colisão traseira";"Sem Vítimas";"Pleno dia";"Crescente";"Céu Claro";"Múltipla";"Reta";"Sim";2;0;0;0;0;2;0;2;-23,48283135;-46,536738;"SPRF-SP";"DEL01-SP";"UOP01-DEL01-SP"
756190;2026-03-05;"quinta-feira";"07:40:00";"PR";376;168,9;"MARINGA";"Reação tardia ou ineficiente do condutor";"Colisão traseira";"Sem Vítimas";"Pleno dia";"Crescente";"Sol";"Dupla";"Reta";"Não";2;0;0;0;2;0;0;2;-23,40005;-52,000687;"SPRF-PR";"DEL09-PR";"UOP01-DEL09-PR"