"id";"data_inversa";"dia_semana";"horario";"uf";"br";"km";"municipio";"causa_acidente";"tipo_acidente";"classificacao_acidente";"fase_dia";"sentido_via";"condicao_metereologica";"tipo_pista";"tracado_via";"uso_solo";"pessoas";"mortos";"feridos_leves";"feridos_graves";"ilesos";"ignorados";"feridos";"veiculos";"latitude";"longitude";"regional";"delegacia";"uop"
756424;2026-03-04;"quarta-feira";"03:00:00";"PE";101;74;"RECIFE";"Velocidade Incompatível";"Colisão lateral mesmo sentido";"Com Vítimas Feridas";"Plena Noite";"Decrescente";"Ignorado";"Dupla";"Curva";"Não";5;0;2;0;3;0;2;2;-8,105307;-34,948623;"SPRF-PE";"DEL01-PE";"UOP01-DEL01-PE"
756425;2026-03-06;"sexta-feira";"12:30:00";"PR";163;174;"LINDOESTE";"Ausência de reação do condutor";"Saída de leito carroçável";"Com Vítimas Feridas";"Pleno dia";"Decrescente";"Sol";"Dupla";"Aclive;Curva";"Não";1;0;1;0;0;0;1;1;-25,17480582;-53,60366821;"SPRF-PR";"DEL05-PR";"UOP05-DEL05-PR"
756426;2026-03-06;"sexta-feira";"13:00:00";"SP";153;64,7;"SAO JOSE DO RIO PRETO";"Ausência de reação do condutor";"Colisão traseira";"Com Vítimas Feridas";"Pleno dia";"Crescente";"Céu Claro";"Dupla";"Interseção de Vias;Reta";"Sim";2;0;1;0;1;0;1;2;-20,83079557;-49,36180964;"SPRF-SP";"DEL09-SP";"UOP01-DEL09-SP"
756428;2026-03-06;"sexta-feira";"11:20:00";"MA";135;22;"SAO LUIS";"Reação tardia ou ineficiente do condutor";"Colisão traseira";"Sem Vítimas";"Pleno dia";"Crescente";"Sol";"Dupla";"Reta";"Sim";3;0;0;0;3;0;0;3;-2,564673;-44,318385;"SPRF-MA";"DEL01-MA";"UOP01-DEL01-MA"
756430;2026-03-06;"sexta-feira";"13:10:00";"SC";101;154,9;"PORTO BELO";"Ausência de reação do condutor";"Saída de leito carroçável";"Com Vítimas Feridas";"Pleno dia";"Decrescente";"Céu Claro";"Dupla";"Interseção de Vias";"Sim";1;0;1;0;0;0;1;1;-27,16123612;-48,61104812;"SPRF-SC";"DEL04-SC";"UOP03-DEL04-SC"
756432;2026-03-05;"quinta-feira";"22:50:00";"PI";316;36;"DEMERVAL LOBAO";"Acumulo de água sobre o pavimento";"Saída de leito carroçável";"Com Vítimas Feridas";"Plena Noite";"Crescente";"Chuva";"Simples";"Reta";"Não";1;0;1;0;0;0;1;1;-5,38712968;-42,67002583;"SPRF-PI";"DEL01-PI";"UOP02-DEL01-PI"
756433;2026-03-06;"sexta-feira";"12:43:00";"AP";156;450;"TARTARUGALZINHO";"Chuva";"Colisão frontal";"Sem Vítimas";"Pleno dia";"Decrescente";"Chuva";"Simples";"Curva";"Não";5;0;0;0;5;0;0;2;1,5012102;-50,9089049;"SPRF-AP";"DEL01-AP";"UOP02-DEL01-AP"
756434;2026-03-06;"sexta-feira";"12:30:00";"MG";116;406,6;"GOVERNADOR VALADARES";"Condutor deixou de manter distância do veículo da frente";"Colisão traseira";"Com Vítimas Feridas";"Pleno dia";"Crescente";"Céu Claro";"Simples";"Reta";"Sim";2;0;1;0;1;0;1;2;-18,832185;-41,989408;"SPRF-MG";"DEL06-MG";"UOP01-DEL06-MG"
756442;2026-03-06;"sexta-feira";"11:10:00";"GO";60;218,5;"CEZARINA";"Condutor Dormindo";"Saída de leito carroçável";"Com Vítimas Feridas";"Pleno dia";"Crescente";"Sol";"Dupla";"Ponte;Reta";"Não";1;0;1;0;0;0;1;1;-16,98357688;-49,7498703;"SPRF-GO";"DEL01-GO";"UOP02-DEL01-GO"
756443;2026-03-06;"sexta-feira";"13:30:00";"RS";116;263;"CANOAS";"Acumulo de areia ou detritos sobre o pavimento";"Colisão traseira";"Com Vítimas Feridas";"Pleno dia";"Crescente";"Céu Claro";"Múltipla";"Reta;Em Obras";"Sim";2;0;1;0;1;0;1;2;-29,90424995;-51,1769058;"SPRF-RS";"DEL01-RS";"UOP01-DEL01-RS"
756444;2026-02-06;"sexta-feira";"19:18:00";"MS";262;679,9;"CORUMBA";"Reação tardia ou ineficiente do condutor";"Capotamento";"Com Vítimas Feridas";"Plena Noite";"Crescente";"Céu Claro";"Simples";"Reta";"Não";2;0;2;0;0;0;2;1;-19,562001;-57,197059;"SPRF-MS";"DEL03-MS";"UOP03-DEL03-MS"
756445;2026-03-06;"sexta-feira";"09:00:00";"RJ";493;21;"MAGE";"Acessar a via sem observar a presença dos outros veículos";"Colisão transversal";"Com Vítimas Feridas";"Pleno dia";"Crescente";"Céu Claro";"Simples";"Reta";"Sim";2;0;1;0;1;0;1;2;-22,662841;-43,042778;"SPRF-RJ";"DEL04-RJ";"UOP02-DEL04-RJ"
756446;2026-03-06;"sexta-feira";"11:50:00";"MT";364;399;"CUIABA";"Reação tardia ou ineficiente do condutor";"Colisão transversal";"Com Vítimas Feridas";"Pleno dia";"Decrescente";"Céu Claro";"Dupla";"Reta";"Sim";3;0;0;1;2;0;1;2;-15,660961;-55,973459;"SPRF-MT";"DEL01-MT";"UOP02-DEL01-MT"
756448;2026-03-06;"sexta-feira";"14:49:00";"RN";101;103;"PARNAMIRIM";"Condutor deixou de manter distância do veículo da frente";"Colisão lateral mesmo sentido";"Com Vítimas Feridas";"Pleno dia";"Decrescente";"Céu Claro";"Múltipla";"Reta";"Sim";2;0;1;0;1;0;1;2;-5,89073816;-35,2509412;"SPRF-RN";"DEL01-RN";"UOP01-DEL01-RN"
756449;2026-03-06;"sexta-feira";"14:45:00";"GO";60;1;"SANTO ANTONIO DO DESCOBERTO";"Ausência de reação do condutor";"Saída de leito carroçável";"Com Vítimas Feridas";"Pleno dia";"Crescente";"Chuva";"Dupla";"Aclive;Reta";"Não";1;0;1;0;0;0;1;1;-16,062105;-48,263919;"SPRF-DF";"DEL03-DF";"UOP01-DEL03-DF"
756450;2026-03-06;"sexta-feira";"13:10:00";"MG";116;436,9;"ENGENHEIRO CALDAS";"Ingestão de álcool pelo condutor";"Capotamento";"Com Vítimas Feridas";"Pleno dia";"Crescente";"Sol";"Simples";"Curva";"Não";1;0;0;1;0;0;1;1;-19,02373411;-41,98794901;"SPRF-MG";"DEL06-MG";"UOP01-DEL06-MG"
756451;2026-03-06;"sexta-feira";"08:30:00";"RJ";116;181;"NOVA IGUACU";"Ausência de reação do condutor";"Colisão traseira";"Com Vítimas Feridas";"Pleno dia";"Crescente";"Céu Claro";"Dupla";"Reta";"Sim";2;0;1;0;1;0;1;2;-22,75787;-43,429405;"SPRF-RJ";"DEL06-RJ";"UOP01-DEL06-RJ"
756453;2026-03-06;"sexta-feira";"08:40:00";"MG";116;522;"CARATINGA";"Ultrapassagem Indevida";"Atropelamento de Pedestre";"Com Vítimas Feridas";"Pleno dia";"Crescente";"Garoa/Chuvisco";"Simples";"Reta";"Não";2;0;1;0;1;0;1;2;-19,746802;-42,132818;"SPRF-MG";"DEL06-MG";"UOP02-DEL06-MG"
756454;2026-03-06;"sexta-feira";"10:40:00";"RJ";101;385;"ITAGUAI";"Acessar a via sem observar a presença dos outros veículos";"Colisão lateral mesmo sentido";"Com Vítimas Feridas";"Pleno dia";"Crescente";"Céu Claro";"Dupla";"Reta";"Sim";2;0;0;1;1;0;1;2;-22,85889444;-43,75941648;"SPRF-RJ";"DEL03-RJ";"UOP01-DEL03-RJ"
756455;2026-03-06;"sexta-feira";"15:40:00";"PR";376;669;"GUARATUBA";"Ausência de reação do condutor";"Colisão traseira";"Com Vítimas Feridas";"Pleno dia";"Decrescente";"Céu Claro";"Dupla";"Aclive;Reta";"Não";3;0;1;0;2;0;1;2;-25,8778457;-48,9351467;"SPRF-PR";"DEL01-PR";"UOP04-DEL01-PR"
756457;2026-02-23;"segunda-feira";"06:00:00";"SC";101;144;"ITAPEMA";"Ausência de reação do condutor";"Colisão com objeto";"Com Vítimas Feridas";"Pleno dia";"Decrescente";"Céu Claro";"Dupla";"Curva";"Sim";1;0;1;0;0;0;1;1;-27,06614568;-48,59578671;"SPRF-SC";"DEL04-SC";"UOP03-DEL04-SC"
756458;2026-03-06;"sexta-feira";"15:10:00";"CE";116;40;"HORIZONTE";"Acessar a via sem observar a presença dos outros veículos";"Colisão transversal";"Com Vítimas Feridas";"Pleno dia";"Crescente";"Céu Claro";"Dupla";"Reta";"Sim";2;0;0;2;0;0;2;2;-4,11717601;-38,48852697;"SPRF-CE";"DEL01-CE";"UOP02-DEL01-CE"
756459;2026-03-06;"sexta-feira";"08:00:00";"RJ";101;312;"SAO GONCALO";"Ausência de reação do condutor";"Colisão traseira";"Sem Vítimas";"Pleno dia";"Crescente";"Céu Claro";"Dupla";"Reta";"Sim";2;0;0;0;2;0;0;2;-22,8091295;-43,06466622;"SPRF-RJ";"DEL02-RJ";"UOP02-DEL02-RJ"
756461;2026-03-06;"sexta-feira";"16:20:00";"PE";423;100;"GARANHUNS";"Acesso irregular";"Colisão transversal";"Com Vítimas Feridas";"Pleno dia";"Decrescente";"Céu Claro";"Simples";"Aclive";"Não";2;0;1;0;1;0;1;2;-8,8754339;-36,5234102;"SPRF-PE";"DEL03-PE";"UOP01-DEL03-PE"
756463;2026-03-06;"sexta-feira";"16:00:00";"MG";262;361,8;"JUATUBA";"Ausência de reação do condutor";"Colisão traseira";"Com Vítimas Feridas";"Pleno dia";"Decrescente";"Nublado";"Dupla";"Aclive;Curva";"Sim";2;0;1;0;1;0;1;2;-19,974012;-44,3281776;"SPRF-MG";"DEL01-MG";"UOP03-DEL01-MG"
756464;2026-03-06;"sexta-feira";"15:20:00";"RJ";101;459;"ANGRA DOS REIS";"Demais falhas mecânicas ou elétricas";"Incêndio";"Sem Vítimas";"Pleno dia";"Crescente";"Nublado";"Simples";"Reta";"Não";1;0;0;0;1;0;0;1;-23,04058571;-44,18567983;"SPRF-RJ";"DEL03-RJ";"UOP03-DEL03-RJ"
756465;2026-03-06;"sexta-feira";"16:20:00";"SC";101;146;"ITAPEMA";"Trafegar com motocicleta (ou similar) entre as faixas";"Colisão traseira";"Com Vítimas Feridas";"Pleno dia";"Decrescente";"Sol";"Dupla";"Aclive;Reta";"Não";3;0;1;1;1;0;2;3;-27,08597052;-48,60812902;"SPRF-SC";"DEL04-SC";"UOP03-DEL04-SC"
756467;2026-03-06;"sexta-feira";"15:20:00";"SP";116;146,8;"SAO JOSE DOS CAMPOS";"Reação tardia ou ineficiente do condutor";"Colisão traseira";"Com Vítimas Feridas";"Pleno dia";"Crescente";"Garoa/Chuvisco";"Dupla";"Reta";"Sim";3;0;2;0;0;1;2;3;-23,19575688;-45,87227985;"SPRF-SP";"DEL02-SP";"UOP01-DEL02-SP"
756468;2026-03-06;"sexta-feira";"16:05:00";"SC";280;30,9;"ARAQUARI";"Acessar a via sem observar a presença dos outros veículos";"Colisão transversal";"Com Vítimas Feridas";"Pleno dia";"Crescente";"Nublado";"Simples";"Reta;Interseção de Vias";"Sim";1;0;1;0;0;0;1;1;-26,41637761;-48,77151847;"SPRF-SC";"DEL03-SC";"UOP03-DEL03-SC"
756470;2026-01-01;"quinta-feira";"17:40:00";"RJ";101;519;"ANGRA DOS REIS";"Velocidade Incompatível";"Colisão frontal";"Com Vítimas Feridas";"Pleno dia";"Decrescente";"Chuva";"Simples";"Reta";"Não";7;0;1;2;4;0;3;2;-23,00544492;-44,47067007;"SPRF-RJ";"DEL03-RJ";"UOP03-DEL03-RJ"
756472;2026-03-06;"sexta-feira";"16:50:00";"SP";381;60;"MAIRIPORA";"Velocidade Incompatível";"Tombamento";"Com Vítimas Feridas";"Pleno dia";"Crescente";"Garoa/Chuvisco";"Dupla";"Curva;Declive";"Não";1;0;1;0;0;0;1;1;-23,2897805;-46,58023149;"SPRF-SP";"DEL03-SP";"UOP01-DEL03-SP"
756473;2026-03-06;"sexta-feira";"16:35:00";"SP";116;1,5;"GUARULHOS";"Reação tardia ou ineficiente do condutor";"Colisão traseira";"Com Vítimas Feridas";"Pleno dia";"Decrescente";"Chuva";"Dupla";"Reta";"Sim";3;0;2;0;1;0;2;2;-23,447136;-46,493827;"SPRF-SP";"DEL01-SP";"UOP01-DEL01-SP"
756474;2026-03-06;"sexta-feira";"16:00:00";"SC";470;7;"NAVEGANTES";"Reação tardia ou ineficiente do condutor";"Colisão transversal";"Com Vítimas Feridas";"Pleno dia";"Crescente";"Céu Claro";"Dupla";"Reta";"Sim";2;0;1;0;1;0;1;2;-26,8435598;-48,7158581;"SPRF-SC";"DEL04-SC";"UOP04-DEL04-SC"
756475;2026-03-06;"sexta-feira";"16:55:00";"MG";381;501;"BETIM";"Trafegar com motocicleta (ou similar) entre as faixas";"Tombamento";"Com Vítimas Feridas";"Pleno dia";"Decrescente";"Nublado";"Múltipla";"Reta";"Sim";1;0;1;0;0;0;1;1;-20,0121;-44,21912;"SPRF-MG";"DEL01-MG";"UOP03-DEL01-MG"
756477;2026-03-06;"sexta-feira";"16:47:00";"RJ";101;61;"CAMPOS DOS GOYTACAZES";"Acessar a via sem observar a presença dos outros veículos";"Colisão transversal";"Com Vítimas Feridas";"Pleno dia";"Decrescente";"Nublado";"Simples";"Reta";"Sim";3;0;2;0;0;1;2;2;-21,733798;-41,324487;"SPRF-RJ";"DEL08-RJ";"UOP01-DEL08-RJ"
756478;2026-03-06;"sexta-feira";"16:50:00";"MG";381;855;"POUSO ALEGRE";"Demais falhas mecânicas ou elétricas";"Queda de ocupante de veículo";"Com Vítimas Feridas";"Pleno dia";"Crescente";"Céu Claro";"Dupla";"Reta";"Não";1;0;0;1;0;0;1;1;-22,28083675;-45,89538574;"SPRF-MG";"DEL16-MG";"UOP01-DEL16-MG"
756479;2026-03-06;"sexta-feira";"15:20:00";"SC";282;581,5;"PINHALZINHO";"Transitar na contramão";"Colisão frontal";"Com Vítimas Feridas";"Pleno dia";"Decrescente";"Chuva";"Simples";"Reta";"Sim";3;0;3;0;0;0;3;2;-26,827713;-53,000172;"SPRF-SC";"DEL07-SC";"UOP02-DEL07-SC"
756481;2026-03-06;"sexta-feira";"14:20:00";"RS";293;104;"PINHEIRO MACHADO";"Acessar a via sem observar a presença dos outros veículos";"Colisão transversal";"Com Vítimas Feridas";"Pleno dia";"Crescente";"Céu Claro";"Simples";"Interseção de Vias;Reta";"Não";3;0;0;1;2;0;1;2;-31,582633;-53,35632;"SPRF-RS";"DEL11-RS";"UOP03-DEL11-RS"
756482;2026-03-06;"sexta-feira";"17:00:00";"SC";101;361;"SANGAO";"Demais falhas mecânicas ou elétricas";"Incêndio";"Sem Vítimas";"Pleno dia";"Crescente";"Céu Claro";"Dupla";"Reta;Aclive";"Não";1;0;0;0;1;0;0;1;-28,673962;-49,124677;"SPRF-SC";"DEL02-SC";"UOP01-DEL02-SC"
756484;2026-03-06;"sexta-feira";"14:00:00";"RJ";101;326;"NITEROI";"Ausência de reação do condutor";"Queda de ocupante de veículo";"Com Vítimas Feridas";"Pleno dia";"Decrescente";"Céu Claro";"Dupla";"Ponte";"Não";1;0;0;1;0;0;1;1;-22,87088887;-43,15774523;"SPRF-RJ";"DEL02-RJ";"UOP01-DEL02-RJ"
756486;2026-03-06;"sexta-feira";"17:40:00";"RJ";116;180;"BELFORD ROXO";"Reação tardia ou ineficiente do condutor";"Colisão traseira";"Com Vítimas Feridas";"Pleno dia";"Crescente";"Céu Claro";"Múltipla";"Reta";"Sim";2;0;1;0;1;0;1;2;-22,7656718;-43,4144882;"SPRF-RJ";"DEL06-RJ";"UOP01-DEL06-RJ"
756487;2026-03-06;"sexta-feira";"17:35:00";"SC";470;6;"NAVEGANTES";"Trafegar com motocicleta (ou similar) entre as faixas";"Colisão transversal";"Com Vítimas Feridas";"Pleno dia";"Crescente";"Céu Claro";"Dupla";"Reta";"Sim";2;0;2;0;0;0;2;2;-26,85033264;-48,71163815;"SPRF-SC";"DEL04-SC";"UOP04-DEL04-SC"
756489;2026-03-06;"sexta-feira";"08:31:00";"BA";324;622;"SALVADOR";"Reação tardia ou ineficiente do condutor";"Colisão traseira";"Com Vítimas Feridas";"Pleno dia";"Crescente";"Céu Claro";"Dupla";"Aclive;Reta";"Não";2;0;1;0;1;0;1;2;-12,96092979;-38,47441144;"SPRF-BA";"DEL01-BA";"UOP01-DEL01-BA"
756490;2026-03-06;"sexta-feira";"17:30:00";"CE";116;17;"EUSEBIO";"Condutor deixou de manter distância do veículo da frente";"Colisão traseira";"Com Vítimas Feridas";"Pleno dia";"Decrescente";"Céu Claro";"Múltipla";"Reta";"Sim";2;0;1;0;1;0;1;2;-3,89844;-38,50342;"SPRF-CE";"DEL01-CE";"UOP02-DEL01-CE"
756491;2026-03-06;"sexta-feira";"15:02:00";"MT";364;236;"RONDONOPOLIS";"Ausência de reação do condutor";"Saída de leito carroçável";"Sem Vítimas";"Pleno dia";"Decrescente";"Chuva";"Dupla";"Reta";"Não";1;0;0;0;0;1;0;1;-16,208541;-54,780346;"SPRF-MT";"DEL02-MT";"UOP01-DEL02-MT"
756492;2026-03-06;"sexta-feira";"17:30:00";"PE";104;39,2;"CARUARU";"Ausência de sinalização";"Queda de ocupante de veículo";"Com Vítimas Feridas";"Anoitecer";"Decrescente";"Céu Claro";"Dupla";"Reta";"Sim";2;0;0;1;1;0;1;1;-8,0802305;-36,04315996;"SPRF-PE";"DEL02-PE";"UOP01-DEL02-PE"
756493;2026-03-06;"sexta-feira";"16:46:00";"RN";226;44;"BOM JESUS";"Ultrapassagem Indevida";"Colisão frontal";"Com Vítimas Feridas";"Pleno dia";"Crescente";"Céu Claro";"Simples";"Curva";"Não";6;0;5;0;1;0;5;2;-5,97785545;-35,57531876;"SPRF-RN";"DEL01-RN";"UOP02-DEL01-RN"
756494;2026-03-06;"sexta-feira";"15:55:00";"PI";343;348;"TERESINA";"Ingestão de álcool pelo condutor";"Colisão lateral mesmo sentido";"Sem Vítimas";"Pleno dia";"Crescente";"Céu Claro";"Dupla";"Aclive";"Sim";2;0;0;0;2;0;0;2;-5,11598716;-42,78094118;"SPRF-PI";"DEL01-PI";"UOP01-DEL01-PI"
756495;2026-03-06;"sexta-feira";"18:15:00";"SC";101;203,2;"SAO JOSE";"Manobra de mudança de faixa";"Colisão traseira";"Com Vítimas Feridas";"Anoitecer";"Decrescente";"Nublado";"Múltipla";"Reta";"Sim";2;0;1;0;1;0;1;2;-27,56688;-48,61424;"SPRF-SC";"DEL01-SC";"UOP01-DEL01-SC"
756497;2026-03-06;"sexta-feira";"15:27:00";"PR";376;430,5;"TIBAGI";"Ausência de reação do condutor";"Colisão lateral mesmo sentido";"Com Vítimas Feridas";"Pleno dia";"Decrescente";"Sol";"Dupla";"Curva";"Não";2;0;1;0;1;0;1;2;-24,786459;-50,50753;"SPRF-PR";"DEL03-PR";"UOP02-DEL03-PR"
756498;2026-03-06;"sexta-feira";"18:15:00";"SC";101;115;"ITAJAI";"Reação tardia ou ineficiente do condutor";"Colisão lateral mesmo sentido";"Com Vítimas Feridas";"Pleno dia";"Crescente";"Céu Claro";"Múltipla";"Reta";"Sim";2;0;1;0;1;0;1;2;-26,873025;-48,728553;"SPRF-SC";"DEL04-SC";"UOP04-DEL04-SC"
756499;2026-03-06;"sexta-feira";"17:05:00";"PR";116;15,5;"COLOMBO";"Ausência de reação do condutor";"Colisão traseira";"Com Vítimas Feridas";"Pleno dia";"Decrescente";"Céu Claro";"Dupla";"Reta;Viaduto";"Não";4;0;2;0;2;0;2;2;-25,38474333;-49,17087793;"SPRF-PR";"DEL01-PR";"UOP02-DEL01-PR"
756500;2026-03-06;"sexta-feira";"18:00:00";"RJ";116;170;"RIO DE JANEIRO";"Demais falhas mecânicas ou elétricas";"Incêndio";"Sem Vítimas";"Plena Noite";"Crescente";"Nublado";"Múltipla";"Reta";"Não";1;0;0;0;1;0;0;1;-22,8129382;-43,3296902;"SPRF-RJ";"DEL06-RJ";"UOP01-DEL06-RJ"
756503;2026-03-06;"sexta-feira";"18:00:00";"SP";116;65;"GUARATINGUETA";"Ingestão de álcool pelo condutor";"Engavetamento";"Sem Vítimas";"Anoitecer";"Crescente";"Nublado";"Dupla";"Curva";"Não";3;0;0;0;3;0;0;3;-22,82312651;-45,19315124;"SPRF-SP";"DEL08-SP";"UOP01-DEL08-SP"
756505;2026-03-06;"sexta-feira";"17:00:00";"SC";153;70,5;"IRANI";"Velocidade Incompatível";"Saída de leito carroçável";"Com Vítimas Feridas";"Pleno dia";"Decrescente";"Chuva";"Simples";"Reta";"Não";1;0;1;0;0;0;1;1;-27,06099844;-51,8905735;"SPRF-SC";"DEL07-SC";"UOP04-DEL07-SC"
756506;2026-03-06;"sexta-feira";"18:00:00";"PE";101;48;"ABREU E LIMA";"Ausência de reação do condutor";"Colisão traseira";"Com Vítimas Feridas";"Plena Noite";"Decrescente";"Céu Claro";"Dupla";"Retorno Regulamentado";"Sim";3;0;0;1;1;1;1;3;-7,89327;-34,9032;"SPRF-PE";"DEL01-PE";"UOP02-DEL01-PE"
756508;2026-03-06;"sexta-feira";"16:40:00";"BA";367;22;"PORTO SEGURO";"Condutor deixou de manter distância do veículo da frente";"Colisão traseira";"Sem Vítimas";"Pleno dia";"Decrescente";"Céu Claro";"Simples";"Reta";"Sim";2;0;0;0;2;0;0;2;-16,43689715;-39,06908937;"SPRF-BA";"DEL09-BA";"UOP03-DEL09-BA"
756509;2026-03-06;"sexta-feira";"18:50:00";"MG";40;447;"CAETANOPOLIS";"Velocidade Incompatível";"Saída de leito carroçável";"Com Vítimas Feridas";"Plena Noite";"Decrescente";"Chuva";"Dupla";"Reta";"Sim";2;0;2;0;0;0;2;1;-19,297;-44,381;"SPRF-MG";"DEL02-MG";"UOP01-DEL02-MG"
756510;2026-03-06;"sexta-feira";"18:35:00";"SC";280;27,5;"ARAQUARI";"Acessar a via sem observar a presença dos outros veículos";"Colisão transversal";"Com Vítimas Feridas";"Anoitecer";"Decrescente";"Nublado";"Simples";"Reta";"Não";2;0;1;0;1;0;1;2;-26,40140301;-48,74330163;"SPRF-SC";"DEL03-SC";"UOP03-DEL03-SC"
756511;2026-03-06;"sexta-feira";"18:00:00";"MT";364;450;"VARZEA GRANDE";"Reação tardia ou ineficiente do condutor";"Colisão lateral mesmo sentido";"Com Vítimas Feridas";"Anoitecer";"Crescente";"Nublado";"Simples";"Reta";"Não";4;0;1;0;3;0;1;2;-15,50046105;-56,27189666;"SPRF-MT";"DEL01-MT";"UOP02-DEL01-MT"
756512;2026-03-06;"sexta-feira";"19:30:00";"BA";101;878;"TEIXEIRA DE FREITAS";"Acessar a via sem observar a presença dos outros veículos";"Colisão transversal";"Com Vítimas Feridas";"Plena Noite";"Crescente";"Céu Claro";"Simples";"Reta";"Sim";3;0;2;0;1;0;2;2;-17,54948541;-39,72081184;"SPRF-BA";"DEL09-BA";"UOP02-DEL09-BA"
756513;2026-03-06;"sexta-feira";"18:27:00";"RJ";116;181;"NOVA IGUACU";"Velocidade Incompatível";"Colisão traseira";"Com Vítimas Feridas";"Plena Noite";"Crescente";"Céu Claro";"Múltipla";"Reta";"Sim";2;0;1;0;1;0;1;2;-22,76134882;-43,42322437;"SPRF-RJ";"DEL06-RJ";"UOP01-DEL06-RJ"
756516;2026-03-06;"sexta-feira";"17:20:00";"AL";424;100;"MARECHAL DEODORO";"Acessar a via sem observar a presença dos outros veículos";"Colisão transversal";"Com Vítimas Feridas";"Pleno dia";"Decrescente";"Céu Claro";"Simples";"Reta";"Não";3;0;2;0;1;0;2;2;-9,66969;-35,84183;"SPRF-AL";"DEL02-AL";"UOP01-DEL02-AL"
756518;2026-03-06;"sexta-feira";"18:35:00";"AL";316;264,4;"SATUBA";"Conversão proibida";"Colisão transversal";"Com Vítimas Feridas";"Plena Noite";"Crescente";"Céu Claro";"Simples";"Declive;Curva";"Não";4;0;0;1;3;0;1;2;-9,58861;-35,86591;"SPRF-AL";"DEL02-AL";"UOP01-DEL02-AL"
756519;2026-03-06;"sexta-feira";"19:45:00";"SC";101;198,6;"SAO JOSE";"Trafegar com motocicleta (ou similar) entre as faixas";"Colisão lateral mesmo sentido";"Com Vítimas Feridas";"Plena Noite";"Crescente";"Nublado";"Múltipla";"Reta;Interseção de Vias";"Sim";4;0;1;0;3;0;1;3;-27,53094542;-48,63234401;"SPRF-SC";"DEL01-SC";"UOP01-DEL01-SC"
756520;2026-03-06;"sexta-feira";"19:40:00";"SC";280;56;"GUARAMIRIM";"Ausência de reação do condutor";"Colisão traseira";"Com Vítimas Feridas";"Plena Noite";"Crescente";"Nublado";"Simples";"Desvio Temporário";"Sim";3;0;1;1;1;0;2;2;-26,47948945;-49,00596499;"SPRF-SC";"DEL03-SC";"UOP03-DEL03-SC"
756521;2026-03-06;"sexta-feira";"18:35:00";"RJ";40;108;"DUQUE DE CAXIAS";"Condutor deixou de manter distância do veículo da frente";"Engavetamento";"Com Vítimas Feridas";"Plena Noite";"Decrescente";"Céu Claro";"Dupla";"Reta";"Sim";4;0;1;0;3;0;1;4;-22,65931319;-43,28408113;"SPRF-RJ";"DEL01-RJ";"UOP02-DEL01-RJ"
756522;2026-03-06;"sexta-feira";"19:55:00";"SP";153;61,9;"SAO JOSE DO RIO PRETO";"Condutor deixou de manter distância do veículo da frente";"Colisão traseira";"Com Vítimas Feridas";"Plena Noite";"Crescente";"Nublado";"Dupla";"Aclive;Reta";"Sim";3;0;1;0;2;0;1;3;-20,81277593;-49,35678419;"SPRF-SP";"DEL09-SP";"UOP01-DEL09-SP"
756526;2026-03-06;"sexta-feira";"20:00:00";"RS";392;18,9;"RIO GRANDE";"Acessar a via sem observar a presença dos outros veículos";"Colisão transversal";"Com Vítimas Feridas";"Plena Noite";"Crescente";"Céu Claro";"Dupla";"Reta";"Sim";2;0;0;1;1;0;1;2;-32,088107;-52,185942;"SPRF-RS";"DEL07-RS";"UOP02-DEL07-RS"
756527;2026-03-06;"sexta-feira";"19:30:00";"RN";101;34;"RIO DO FOGO";"Animais na Pista";"Atropelamento de Animal";"Com Vítimas Feridas";"Plena Noite";"Crescente";"Céu Claro";"Simples";"Reta";"Não";1;0;0;1;0;0;1;1;-5,406543;-35,358907;"SPRF-RN";"DEL02-RN";"UOP01-DEL02-RN"
756528;2026-03-06;"sexta-feira";"19:30:00";"MG";40;633,5;"CONSELHEIRO LAFAIETE";"Reação tardia ou ineficiente do condutor";"Colisão transversal";"Com Vítimas Feridas";"Plena Noite";"Decrescente";"Céu Claro";"Simples";"Reta";"Sim";2;0;1;0;1;0;1;2;-20,68796467;-43,79096269;"SPRF-MG";"DEL05-MG";"UOP02-DEL05-MG"
756530;2026-03-06;"sexta-feira";"19:45:00";"RN";101;173,2;"BAIA FORMOSA";"Ausência de reação do condutor";"Saída de leito carroçável";"Sem Vítimas";"Plena Noite";"Decrescente";"Céu Claro";"Dupla";"Reta";"Não";1;0;0;0;1;0;0;1;-6,46599962;-35,11088972;"SPRF-RN";"DEL01-RN";"UOP01-DEL01-RN"
756531;2026-03-06;"sexta-feira";"20:30:00";"PE";104;63,7;"CARUARU";"Reação tardia ou ineficiente do condutor";"Colisão lateral mesmo sentido";"Com Vítimas Feridas";"Plena Noite";"Crescente";"Céu Claro";"Dupla";"Interseção de Vias;Viaduto";"Sim";4;0;2;0;1;1;2;3;-8,26708;-35,97885;"SPRF-PE";"DEL02-PE";"UOP01-DEL02-PE"
756532;2026-03-06;"sexta-feira";"20:20:00";"DF";20;10;"BRASILIA";"Condutor deixou de manter distância do veículo da frente";"Colisão traseira";"Com Vítimas Feridas";"Plena Noite";"Crescente";"Céu Claro";"Dupla";"Reta";"Sim";3;0;2;0;1;0;2;2;-15,63471903;-47,73677063;"SPRF-DF";"DEL02-DF";"UOP01-DEL02-DF"