"id";"data_inversa";"dia_semana";"horario";"uf";"br";"km";"municipio";"causa_acidente";"tipo_acidente";"classificacao_acidente";"fase_dia";"sentido_via";"condicao_metereologica";"tipo_pista";"tracado_via";"uso_solo";"pessoas";"mortos";"feridos_leves";"feridos_graves";"ilesos";"ignorados";"feridos";"veiculos";"latitude";"longitude";"regional";"delegacia";"uop"
756533;2026-03-06;"sexta-feira";"15:00:00";"RO";364;308;"JI-PARANA";"Acessar a via sem observar a presença dos outros veículos";"Colisão transversal";"Com Vítimas Feridas";"Pleno dia";"Crescente";"Céu Claro";"Simples";"Reta";"Sim";2;0;1;0;1;0;1;2;-10,82696483;-62,0138609;"SPRF-RO";"DEL02-RO";"UOP01-DEL02-RO"
756535;2026-03-06;"sexta-feira";"19:52:00";"PB";230;181,6;"POCINHOS";"Ultrapassagem Indevida";"Colisão frontal";"Com Vítimas Feridas";"Plena Noite";"Decrescente";"Céu Claro";"Simples";"Reta";"Não";2;0;1;1;0;0;2;2;-7,160652;-36,076458;"SPRF-PB";"DEL02-PB";"UOP02-DEL02-PB"
756536;2026-03-06;"sexta-feira";"20:00:00";"RJ";101;316;"SAO GONCALO";"Manobra de mudança de faixa";"Colisão lateral mesmo sentido";"Com Vítimas Feridas";"Plena Noite";"Decrescente";"Céu Claro";"Dupla";"Reta";"Sim";1;0;0;1;0;0;1;1;-22,82722493;-43,08904213;"SPRF-RJ";"DEL02-RJ";"UOP02-DEL02-RJ"
756537;2026-03-06;"sexta-feira";"18:45:00";"SC";101;203;"SAO JOSE";"Condutor deixou de manter distância do veículo da frente";"Colisão traseira";"Com Vítimas Feridas";"Anoitecer";"Crescente";"Nublado";"Múltipla";"Reta;Aclive";"Não";2;0;0;1;1;0;1;2;-27,56538991;-48,61436248;"SPRF-SC";"DEL01-SC";"UOP01-DEL01-SC"
756540;2026-03-06;"sexta-feira";"20:55:00";"MG";262;380;"MATEUS LEME";"Ausência de reação do condutor";"Saída de leito carroçável";"Com Vítimas Feridas";"Plena Noite";"Crescente";"Chuva";"Dupla";"Curva";"Sim";2;0;1;0;1;0;1;1;-19,921;-44,471;"SPRF-MG";"DEL01-MG";"UOP03-DEL01-MG"
756541;2026-03-06;"sexta-feira";"20:45:00";"MA";226;97;"MATOES";"Pedestre andava na pista";"Atropelamento de Pedestre";"Com Vítimas Fatais";"Plena Noite";"Crescente";"Céu Claro";"Simples";"Reta";"Não";3;1;0;0;2;0;0;2;-5,29804973;-43,69721628;"SPRF-MA";"DEL03-MA";"UOP02-DEL03-MA"
756543;2026-03-06;"sexta-feira";"20:00:00";"PR";153;96,6;"JAPIRA";"Ultrapassagem Indevida";"Colisão frontal";"Com Vítimas Feridas";"Plena Noite";"Crescente";"Céu Claro";"Simples";"Reta";"Não";2;0;1;0;1;0;1;2;-23,742269;-50,183291;"SPRF-PR";"DEL07-PR";"UOP04-DEL07-PR"
756544;2026-03-06;"sexta-feira";"21:15:00";"SC";101;125;"ITAJAI";"Trafegar com motocicleta (ou similar) entre as faixas";"Tombamento";"Com Vítimas Feridas";"Plena Noite";"Crescente";"Céu Claro";"Múltipla";"Reta";"Sim";1;0;0;1;0;0;1;1;-26,94914345;-48,68174493;"SPRF-SC";"DEL04-SC";"UOP04-DEL04-SC"
756545;2026-03-06;"sexta-feira";"20:09:00";"MS";163;712;"RIO VERDE DE MATO GROSSO";"Animais na Pista";"Atropelamento de Animal";"Com Vítimas Feridas";"Plena Noite";"Decrescente";"Nublado";"Simples";"Aclive";"Não";1;0;0;1;0;0;1;1;-18,655;-54,795;"SPRF-MS";"DEL06-MS";"UOP01-DEL06-MS"
756546;2026-03-06;"sexta-feira";"21:00:00";"DF";70;14;"BRASILIA";"Ausência de reação do condutor";"Colisão traseira";"Sem Vítimas";"Plena Noite";"Crescente";"Céu Claro";"Dupla";"Reta";"Sim";2;0;0;0;2;0;0;2;-15,79763127;-48,18922933;"SPRF-DF";"DEL03-DF";"UOP02-DEL03-DF"
756548;2026-03-06;"sexta-feira";"20:35:00";"SC";285;39;"TIMBE DO SUL";"Ausência de reação do condutor";"Colisão com objeto";"Com Vítimas Feridas";"Plena Noite";"Decrescente";"Céu Claro";"Simples";"Reta";"Não";1;0;0;1;0;0;1;1;-28,83322;-49,834446;"SPRF-SC";"DEL02-SC";"UOP02-DEL02-SC"
756549;2026-03-06;"sexta-feira";"21:08:00";"TO";153;142;"ARAGUAINA";"Manobra de mudança de faixa";"Saída de leito carroçável";"Sem Vítimas";"Plena Noite";"Decrescente";"Céu Claro";"Dupla";"Curva;Declive;Interseção de Vias";"Sim";1;0;0;0;1;0;0;1;-7,17936804;-48,2226886;"SPRF-TO";"DEL02-TO";"UOP01-DEL02-TO"
756551;2026-03-06;"sexta-feira";"21:00:00";"MS";158;300;"TRES LAGOAS";"Frear bruscamente";"Tombamento";"Com Vítimas Feridas";"Plena Noite";"Crescente";"Nublado";"Simples";"Reta";"Não";2;0;1;1;0;0;2;1;-20,94152522;-51,83002031;"SPRF-MS";"DEL07-MS";"UOP01-DEL07-MS"
756552;2026-03-06;"sexta-feira";"17:20:00";"PB";101;75;"SANTA RITA";"Animais na Pista";"Atropelamento de Animal";"Com Vítimas Feridas";"Pleno dia";"Decrescente";"Nublado";"Dupla";"Reta;Declive";"Não";1;0;0;1;0;0;1;1;-7,08661853;-34,96913731;"SPRF-PB";"DEL01-PB";"UOP03-DEL01-PB"
756554;2026-03-06;"sexta-feira";"21:20:00";"PR";116;145;"MANDIRITUBA";"Conversão proibida";"Colisão transversal";"Com Vítimas Feridas";"Plena Noite";"Crescente";"Nublado";"Simples";"Reta";"Não";2;0;0;1;1;0;1;2;-25,814827;-49,33028;"SPRF-PR";"DEL01-PR";"UOP03-DEL01-PR"
756555;2026-03-06;"sexta-feira";"22:05:00";"SC";280;27,1;"ARAQUARI";"Acesso irregular";"Colisão transversal";"Com Vítimas Feridas";"Plena Noite";"Crescente";"Nublado";"Simples";"Reta";"Não";2;0;1;0;1;0;1;2;-26,397942;-48,740829;"SPRF-SC";"DEL03-SC";"UOP03-DEL03-SC"
756556;2026-03-06;"sexta-feira";"19:00:00";"RO";364;52;"VILHENA";"Manobra de mudança de faixa";"Saída de leito carroçável";"Com Vítimas Feridas";"Plena Noite";"Decrescente";"Chuva";"Simples";"Reta";"Não";1;0;1;0;0;0;1;1;-12,52044948;-60,41032793;"SPRF-RO";"DEL04-RO";"UOP01-DEL04-RO"
756557;2026-03-06;"sexta-feira";"15:30:00";"RJ";40;34;"AREAL";"Ausência de reação do condutor";"Colisão traseira";"Com Vítimas Feridas";"Pleno dia";"Decrescente";"Céu Claro";"Dupla";"Reta";"Não";2;0;1;0;1;0;1;2;-22,24449634;-43,1090641;"SPRF-RJ";"DEL05-RJ";"UOP02-DEL05-RJ"
756559;2026-03-06;"sexta-feira";"21:20:00";"SP";116;280;"EMBU DAS ARTES";"Pedestre cruzava a pista fora da faixa";"Atropelamento de Pedestre";"Com Vítimas Feridas";"Pleno dia";"Crescente";"Nublado";"Dupla";"Declive;Reta";"Sim";2;0;1;0;1;0;1;2;-23,64950082;-46,84530749;"SPRF-SP";"DEL04-SP";"UOP01-DEL04-SP"
756563;2026-03-06;"sexta-feira";"18:00:00";"MA";10;334;"ACAILANDIA";"Manobra de mudança de faixa";"Colisão traseira";"Com Vítimas Feridas";"Anoitecer";"Crescente";"Céu Claro";"Simples";"Reta";"Não";4;0;1;0;3;0;1;2;-4,8237;-47,51001;"SPRF-MA";"DEL04-MA";"UOP03-DEL04-MA"
756564;2026-03-06;"sexta-feira";"22:40:00";"SP";116;74,1;"APARECIDA";"Pedestre andava na pista";"Atropelamento de Pedestre";"Com Vítimas Feridas";"Plena Noite";"Crescente";"Nublado";"Dupla";"Interseção de Vias";"Sim";2;0;0;1;1;0;1;2;-22,87361608;-45,25494823;"SPRF-SP";"DEL08-SP";"UOP01-DEL08-SP"
756565;2026-03-06;"sexta-feira";"22:20:00";"PE";232;128,2;"CARUARU";"Ausência de reação do condutor";"Colisão lateral mesmo sentido";"Com Vítimas Feridas";"Plena Noite";"Crescente";"Céu Claro";"Dupla";"Declive;Reta";"Sim";2;0;0;1;0;1;1;2;-8,30196;-35,98055;"SPRF-PE";"DEL02-PE";"UOP03-DEL02-PE"
756566;2026-03-06;"sexta-feira";"21:40:00";"PA";230;163;"ITUPIRANGA";"Ultrapassagem Indevida";"Colisão frontal";"Sem Vítimas";"Plena Noite";"Crescente";"Céu Claro";"Simples";"Aclive;Reta";"Não";4;0;0;0;4;0;0;2;-5,18749666;-49,36518382;"SPRF-PA";"DEL03-PA";"UOP01-DEL03-PA"
756567;2026-03-06;"sexta-feira";"20:30:00";"GO";80;110;"VILA PROPICIO";"Ingestão de álcool pelo condutor";"Saída de leito carroçável";"Sem Vítimas";"Plena Noite";"Crescente";"Nublado";"Simples";"Interseção de Vias";"Não";1;0;0;0;1;0;0;1;-15,13811638;-48,82533342;"SPRF-GO";"DEL07-GO";"UOP02-DEL07-GO"
756568;2026-03-06;"sexta-feira";"21:10:00";"RR";401;13,8;"BOA VISTA";"Condutor desrespeitou a iluminação vermelha do semáforo";"Colisão transversal";"Com Vítimas Feridas";"Plena Noite";"Crescente";"Céu Claro";"Múltipla";"Reta;Interseção de Vias";"Sim";2;0;1;0;1;0;1;2;2,8019168;-60,6835478;"SPRF-RR";"DEL01-RR";"UOP01-DEL01-RR"
756569;2026-03-06;"sexta-feira";"23:10:00";"MG";116;410;"GOVERNADOR VALADARES";"Ingestão de álcool pelo condutor";"Colisão com objeto";"Com Vítimas Feridas";"Plena Noite";"Decrescente";"Céu Claro";"Múltipla";"Curva";"Sim";2;0;1;0;1;0;1;1;-18,860247;-41,974427;"SPRF-MG";"DEL06-MG";"UOP01-DEL06-MG"
756572;2026-03-06;"sexta-feira";"19:30:00";"PR";153;505,1;"GENERAL CARNEIRO";"Reação tardia ou ineficiente do condutor";"Saída de leito carroçável";"Com Vítimas Feridas";"Plena Noite";"Decrescente";"Chuva";"Simples";"Curva";"Não";1;0;1;0;0;0;1;1;-26,52791514;-51,36198869;"SPRF-PR";"DEL02-PR";"UOP03-DEL02-PR"
756574;2026-03-06;"sexta-feira";"22:30:00";"PR";373;480,5;"CORONEL VIVIDA";"Acessar a via sem observar a presença dos outros veículos";"Colisão transversal";"Com Vítimas Feridas";"Plena Noite";"Crescente";"Chuva";"Simples";"Interseção de Vias;Retorno Regulamentado";"Não";6;0;2;0;4;0;2;2;-26,00445426;-52,56473064;"SPRF-PR";"DEL02-PR";"UOP01-DEL02-PR"
756576;2026-03-06;"sexta-feira";"23:20:00";"PR";376;175,7;"MARINGA";"Manobra de mudança de faixa";"Colisão lateral mesmo sentido";"Com Vítimas Feridas";"Plena Noite";"Decrescente";"Céu Claro";"Dupla";"Reta;Interseção de Vias";"Sim";2;0;0;1;1;0;1;2;-23,41217047;-51,94300459;"SPRF-PR";"DEL09-PR";"UOP01-DEL09-PR"
756577;2026-03-06;"sexta-feira";"19:30:00";"PE";423;175;"AGUAS BELAS";"Transitar na contramão";"Colisão lateral sentido oposto";"Com Vítimas Fatais";"Plena Noite";"Decrescente";"Céu Claro";"Simples";"Reta";"Não";2;1;0;0;0;1;0;2;-9,129478;-37,096331;"SPRF-AL";"DEL03-AL";"UOP02-DEL03-AL"
756578;2026-03-06;"sexta-feira";"22:49:00";"MA";226;299,8;"BARRA DO CORDA";"Condutor desrespeitou a iluminação vermelha do semáforo";"Colisão transversal";"Com Vítimas Feridas";"Plena Noite";"Crescente";"Céu Claro";"Simples";"Reta;Rotatória;Interseção de Vias";"Não";7;0;1;0;6;0;1;2;-5,501853;-45,246684;"SPRF-MA";"DEL06-MA";"UOP01-DEL06-MA"
756579;2026-03-07;"sábado";"00:01:00";"SP";116;160;"JACAREI";"Manobra de mudança de faixa";"Colisão lateral mesmo sentido";"Com Vítimas Feridas";"Plena Noite";"Crescente";"Céu Claro";"Dupla";"Reta";"Não";2;0;1;0;0;1;1;2;-23,2758142;-45,9748777;"SPRF-SP";"DEL02-SP";"UOP01-DEL02-SP"
756580;2026-03-07;"sábado";"00:30:00";"RS";116;243;"SAO LEOPOLDO";"Ausência de reação do condutor";"Colisão com objeto";"Com Vítimas Feridas";"Plena Noite";"Decrescente";"Chuva";"Dupla";"Curva;Viaduto";"Sim";1;0;1;0;0;0;1;1;-29,73046405;-51,14919947;"SPRF-RS";"DEL01-RS";"UOP02-DEL01-RS"
756582;2026-03-07;"sábado";"00:40:00";"MG";381;2,9;"BETIM";"Ingestão de álcool pelo condutor";"Saída de leito carroçável";"Com Vítimas Feridas";"Plena Noite";"Decrescente";"Nublado";"Múltipla";"Declive;Reta";"Sim";1;0;1;0;0;0;1;1;-19,98409;-44,16587;"SPRF-MG";"DEL01-MG";"UOP03-DEL01-MG"
756583;2026-03-07;"sábado";"00:40:00";"PR";277;728;"FOZ DO IGUACU";"Condutor Dormindo";"Capotamento";"Sem Vítimas";"Plena Noite";"Crescente";"Céu Claro";"Dupla";"Declive;Reta";"Sim";1;0;0;0;1;0;0;1;-25,510212;-54,565244;"SPRF-PR";"DEL05-PR";"UOP03-DEL05-PR"
756584;2026-03-07;"sábado";"00:30:00";"SC";470;66,1;"INDAIAL";"Pedestre andava na pista";"Atropelamento de Pedestre";"Com Vítimas Feridas";"Plena Noite";"Crescente";"Céu Claro";"Simples";"Reta";"Sim";4;0;2;0;2;0;2;2;-26,8705;-49,2227;"SPRF-SC";"DEL04-SC";"UOP01-DEL04-SC"
756585;2026-03-07;"sábado";"00:30:00";"PR";277;465,6;"LARANJEIRAS DO SUL";"Transitar na contramão";"Colisão frontal";"Com Vítimas Feridas";"Plena Noite";"Decrescente";"Nublado";"Simples";"Curva";"Não";4;0;1;3;0;0;4;2;-25,36777764;-52,47211799;"SPRF-PR";"DEL04-PR";"UOP02-DEL04-PR"
756586;2026-03-06;"sexta-feira";"14:10:00";"RS";285;568;"SAO LUIZ GONZAGA";"Desrespeitar a preferência no cruzamento";"Colisão transversal";"Com Vítimas Feridas";"Pleno dia";"Crescente";"Garoa/Chuvisco";"Simples";"Interseção de Vias";"Sim";2;0;1;0;1;0;1;2;-28,41855728;-54,96426551;"SPRF-RS";"DEL12-RS";"UOP01-DEL12-RS"
756587;2026-03-07;"sábado";"00:20:00";"RN";226;296,9;"AUGUSTO SEVERO";"Ausência de reação do condutor";"Saída de leito carroçável";"Com Vítimas Fatais";"Plena Noite";"Decrescente";"Ignorado";"Simples";"Curva";"Não";1;1;0;0;0;0;0;1;-5,91524;-37,34487;"SPRF-RN";"DEL04-RN";"UOP01-DEL04-RN"
756589;2026-03-07;"sábado";"00:45:00";"MG";381;482,9;"BETIM";"Velocidade Incompatível";"Saída de leito carroçável";"Com Vítimas Feridas";"Plena Noite";"Decrescente";"Nublado";"Dupla";"Aclive;Curva";"Sim";1;0;1;0;0;0;1;1;-19,95809;-44,07795;"SPRF-MG";"DEL01-MG";"UOP03-DEL01-MG"
756592;2026-03-07;"sábado";"01:15:00";"PR";476;115;"COLOMBO";"Ausência de reação do condutor";"Colisão lateral sentido oposto";"Sem Vítimas";"Plena Noite";"Crescente";"Nublado";"Simples";"Aclive;Curva";"Sim";3;0;0;0;3;0;0;2;-25,340135;-49,157331;"SPRF-PR";"DEL01-PR";"UOP01-DEL01-PR"
756593;2026-03-07;"sábado";"02:10:00";"SC";101;178,3;"GOVERNADOR CELSO RAMOS";"Ingestão de álcool pelo condutor";"Saída de leito carroçável";"Sem Vítimas";"Plena Noite";"Decrescente";"Nublado";"Dupla";"Reta";"Sim";1;0;0;0;0;1;0;1;-27,36942824;-48,63336056;"SPRF-SC";"DEL01-SC";"UOP01-DEL01-SC"
756594;2026-03-06;"sexta-feira";"15:50:00";"RS";285;597;"SANTO ANTONIO DAS MISSOES";"Ingestão de álcool pelo condutor";"Colisão transversal";"Com Vítimas Feridas";"Pleno dia";"Crescente";"Nublado";"Simples";"Rotatória";"Sim";3;0;1;0;2;0;1;2;-28,48799253;-55,23055522;"SPRF-RS";"DEL12-RS";"UOP01-DEL12-RS"
756595;2026-03-07;"sábado";"01:20:00";"RO";364;705;"PORTO VELHO";"Reação tardia ou ineficiente do condutor";"Tombamento";"Com Vítimas Feridas";"Plena Noite";"Crescente";"Céu Claro";"Dupla";"Reta";"Sim";1;0;1;0;0;0;1;1;-8,80087411;-63,80824439;"SPRF-RO";"DEL01-RO";"UOP01-DEL01-RO"
756596;2026-03-07;"sábado";"01:35:00";"PR";277;686,5;"SAO MIGUEL DO IGUACU";"Velocidade Incompatível";"Colisão com objeto";"Com Vítimas Feridas";"Plena Noite";"Crescente";"Céu Claro";"Dupla";"Curva;Declive";"Não";4;0;1;0;3;0;1;2;-25,33524729;-54,20716373;"SPRF-PR";"DEL05-PR";"UOP01-DEL05-PR"
756598;2026-03-07;"sábado";"02:01:00";"RO";364;217,9;"PIMENTA BUENO";"Reação tardia ou ineficiente do condutor";"Saída de leito carroçável";"Com Vítimas Feridas";"Plena Noite";"Crescente";"Céu Claro";"Simples";"Curva;Declive";"Não";1;0;1;0;0;0;1;1;-11,539387;-61,306508;"SPRF-RO";"DEL02-RO";"UOP02-DEL02-RO"
756599;2026-03-07;"sábado";"02:00:00";"MG";40;429;"PARAOPEBA";"Pedestre andava na pista";"Atropelamento de Pedestre";"Com Vítimas Fatais";"Plena Noite";"Crescente";"Céu Claro";"Dupla";"Reta";"Não";16;1;0;0;15;0;0;2;-19,188105;-44,4915983;"SPRF-MG";"DEL02-MG";"UOP01-DEL02-MG"
756602;2026-03-07;"sábado";"02:00:00";"RJ";101;545;"PARATY";"Reação tardia ou ineficiente do condutor";"Saída de leito carroçável";"Com Vítimas Fatais";"Plena Noite";"Decrescente";"Chuva";"Simples";"Curva";"Não";1;1;0;0;0;0;0;1;-23,0428224;-44,6174266;"SPRF-RJ";"DEL03-RJ";"UOP04-DEL03-RJ"
756603;2026-03-06;"sexta-feira";"19:00:00";"RJ";116;146;"DUQUE DE CAXIAS";"Ausência de reação do condutor";"Colisão traseira";"Com Vítimas Feridas";"Plena Noite";"Decrescente";"Céu Claro";"Dupla";"Reta";"Sim";4;0;1;0;2;1;1;3;-22,6103928;-43,2841273;"SPRF-RJ";"DEL01-RJ";"UOP02-DEL01-RJ"
756604;2026-03-07;"sábado";"01:10:00";"SC";470;54;"BLUMENAU";"Ingestão de álcool pelo condutor";"Colisão lateral mesmo sentido";"Com Vítimas Feridas";"Plena Noite";"Decrescente";"Céu Claro";"Simples";"Rotatória;Interseção de Vias";"Não";3;0;0;1;2;0;1;2;-26,87404232;-49,11393497;"SPRF-SC";"DEL04-SC";"UOP01-DEL04-SC"
756607;2026-03-07;"sábado";"02:15:00";"SC";101;209,7;"SAO JOSE";"Ingestão de álcool pelo condutor";"Colisão com objeto";"Sem Vítimas";"Plena Noite";"Crescente";"Nublado";"Múltipla";"Reta";"Sim";1;0;0;0;0;1;0;1;-27,61543;-48,64444;"SPRF-SC";"DEL01-SC";"UOP01-DEL01-SC"
756608;2026-03-07;"sábado";"02:10:00";"RS";290;424;"SAO GABRIEL";"Ingestão de álcool pelo condutor";"Colisão com objeto";"Com Vítimas Feridas";"Plena Noite";"Crescente";"Nublado";"Simples";"Em Obras;Reta";"Não";3;0;2;0;0;1;2;2;-30,3243834;-54,3825086;"SPRF-RS";"DEL11-RS";"UOP02-DEL11-RS"
756610;2026-03-07;"sábado";"03:40:00";"SC";101;112;"NAVEGANTES";"Chuva";"Saída de leito carroçável";"Sem Vítimas";"Plena Noite";"Decrescente";"Chuva";"Simples";"Curva;Rotatória;Viaduto;Retorno Regulamentado";"Sim";1;0;0;0;0;1;0;1;-26,84272192;-48,71497977;"SPRF-SC";"DEL04-SC";"UOP04-DEL04-SC"
756611;2026-03-07;"sábado";"03:30:00";"RS";158;331;"SANTA MARIA";"Ausência de reação do condutor";"Colisão com objeto";"Com Vítimas Feridas";"Plena Noite";"Crescente";"Nublado";"Dupla";"Reta";"Sim";1;0;1;0;0;0;1;1;-29,704397;-53,845307;"SPRF-RS";"DEL09-RS";"UOP01-DEL09-RS"
756613;2026-03-07;"sábado";"03:30:00";"SC";101;98,4;"BALNEARIO PICARRAS";"Demais falhas mecânicas ou elétricas";"Colisão com objeto";"Com Vítimas Feridas";"Plena Noite";"Crescente";"Céu Claro";"Simples";"Reta";"Não";1;0;1;0;0;0;1;1;-26,745179;-48,697628;"SPRF-SC";"DEL03-SC";"UOP02-DEL03-SC"
756614;2026-03-07;"sábado";"03:50:00";"RS";386;259;"FONTOURA XAVIER";"Transitar na contramão";"Colisão frontal";"Com Vítimas Feridas";"Plena Noite";"Crescente";"Chuva";"Simples";"Reta";"Não";3;0;1;2;0;0;3;2;-28,90655034;-52,3957388;"SPRF-RS";"DEL04-RS";"UOP03-DEL04-RS"
756615;2026-03-07;"sábado";"00:20:00";"MT";174;81;"CACERES";"Ultrapassagem Indevida";"Colisão lateral mesmo sentido";"Com Vítimas Fatais";"Plena Noite";"Crescente";"Garoa/Chuvisco";"Simples";"Reta";"Não";4;1;0;1;2;0;1;2;-15,96782412;-57,76833058;"SPRF-MT";"DEL03-MT";"UOP01-DEL03-MT"
756616;2026-03-07;"sábado";"05:15:00";"PB";101;85,1;"BAYEUX";"Ingestão de álcool pelo condutor";"Saída de leito carroçável";"Com Vítimas Feridas";"Amanhecer";"Decrescente";"Nublado";"Dupla";"Reta";"Sim";1;0;0;1;0;0;1;1;-7,1475565;-34,9157582;"SPRF-PB";"DEL01-PB";"UOP01-DEL01-PB"
756617;2026-03-07;"sábado";"05:00:00";"SP";116;150;"SAO JOSE DOS CAMPOS";"Ingestão de álcool pelo condutor";"Colisão traseira";"Com Vítimas Feridas";"Plena Noite";"Decrescente";"Chuva";"Múltipla";"Reta";"Sim";4;0;3;0;1;0;3;3;-23,21561187;-45,89576595;"SPRF-SP";"DEL02-SP";"UOP01-DEL02-SP"
756618;2026-03-06;"sexta-feira";"22:30:00";"CE";20;390;"CAUCAIA";"Acessar a via sem observar a presença dos outros veículos";"Colisão transversal";"Sem Vítimas";"Plena Noite";"Crescente";"Céu Claro";"Simples";"Reta";"Não";3;0;0;0;1;2;0;3;-3,84952517;-38,77727509;"SPRF-CE";"DEL01-CE";"UOP01-DEL01-CE"
756619;2026-03-07;"sábado";"02:15:00";"SC";282;394;"JOACABA";"Ingestão de álcool pelo condutor";"Saída de leito carroçável";"Sem Vítimas";"Plena Noite";"Decrescente";"Garoa/Chuvisco";"Simples";"Declive;Reta";"Não";1;0;0;0;1;0;0;1;-27,1590571;-51,5778763;"SPRF-SC";"DEL07-SC";"UOP05-DEL07-SC"
756620;2026-03-07;"sábado";"05:00:00";"SC";282;572,7;"NOVA ERECHIM";"Ingestão de álcool pelo condutor";"Saída de leito carroçável";"Sem Vítimas";"Plena Noite";"Crescente";"Nublado";"Simples";"Reta";"Não";1;0;0;0;0;1;0;1;-26,8820909;-52,9430351;"SPRF-SC";"DEL07-SC";"UOP02-DEL07-SC"
756622;2026-03-07;"sábado";"06:00:00";"RJ";116;211;"SEROPEDICA";"Reação tardia ou ineficiente do condutor";"Queda de ocupante de veículo";"Com Vítimas Feridas";"Pleno dia";"Decrescente";"Nublado";"Dupla";"Reta";"Não";2;0;0;1;1;0;1;1;-22,71881481;-43,69941538;"SPRF-RJ";"DEL06-RJ";"UOP02-DEL06-RJ"
756623;2026-03-07;"sábado";"03:40:00";"SP";116;199;"ARUJA";"Demais falhas mecânicas ou elétricas";"Colisão transversal";"Com Vítimas Feridas";"Plena Noite";"Decrescente";"Chuva";"Múltipla";"Reta";"Sim";2;0;1;0;0;1;1;2;-23,40219339;-46,31393337;"SPRF-SP";"DEL01-SP";"UOP01-DEL01-SP"
756624;2026-03-07;"sábado";"05:45:00";"SP";116;50,4;"LORENA";"Avarias e/ou desgaste excessivo no pneu";"Colisão com objeto";"Com Vítimas Feridas";"Amanhecer";"Crescente";"Nublado";"Dupla";"Reta;Declive";"Não";2;0;1;0;1;0;1;1;-22,7373723;-45,0874578;"SPRF-SP";"DEL08-SP";"UOP02-DEL08-SP"
756625;2026-03-07;"sábado";"05:45:00";"SC";282;18,2;"PALHOCA";"Afundamento ou ondulação no pavimento";"Colisão com objeto";"Com Vítimas Feridas";"Pleno dia";"Decrescente";"Céu Claro";"Simples";"Reta";"Sim";1;0;1;0;0;0;1;1;-27,67475;-48,69637;"SPRF-SC";"DEL01-SC";"UOP02-DEL01-SC"
756626;2026-03-06;"sexta-feira";"19:14:00";"MS";163;483,2;"CAMPO GRANDE";"Ausência de reação do condutor";"Saída de leito carroçável";"Com Vítimas Feridas";"Plena Noite";"Crescente";"Céu Claro";"Simples";"Reta";"Sim";1;0;1;0;0;0;1;1;-20,455569;-54,544501;"SPRF-MS";"DEL01-MS";"UOP02-DEL01-MS"
756627;2026-03-07;"sábado";"03:10:00";"MG";262;438;"NOVA SERRANA";"Transitar na contramão";"Colisão frontal";"Com Vítimas Feridas";"Plena Noite";"Decrescente";"Garoa/Chuvisco";"Dupla";"Reta";"Sim";5;0;2;1;2;0;3;3;-19,869523;-44,984234;"SPRF-MG";"DEL08-MG";"UOP03-DEL08-MG"
756628;2026-03-07;"sábado";"06:00:00";"SC";101;127;"ITAJAI";"Ingestão de álcool pelo condutor";"Saída de leito carroçável";"Sem Vítimas";"Plena Noite";"Crescente";"Chuva";"Dupla";"Curva";"Não";1;0;0;0;0;1;0;1;-26,96903437;-48,68346155;"SPRF-SC";"DEL04-SC";"UOP04-DEL04-SC"
756629;2026-03-07;"sábado";"06:31:00";"PI";343;340,6;"TERESINA";"Ingestão de álcool pelo condutor";"Colisão traseira";"Com Vítimas Fatais";"Pleno dia";"Crescente";"Céu Claro";"Dupla";"Reta";"Sim";2;1;0;0;0;1;0;2;-5,076865;-42,741443;"SPRF-PI";"DEL01-PI";"UOP01-DEL01-PI"
756630;2026-03-07;"sábado";"06:00:00";"SP";116;278;"EMBU DAS ARTES";"Pedestre andava na pista";"Atropelamento de Pedestre";"Com Vítimas Fatais";"Amanhecer";"Decrescente";"Nublado";"Dupla";"Reta";"Não";2;1;0;0;1;0;0;2;-23,63587251;-46,82742691;"SPRF-SP";"DEL04-SP";"UOP01-DEL04-SP"
756631;2026-03-07;"sábado";"02:40:00";"SC";282;442,3;"PONTE SERRADA";"Ausência de reação do condutor";"Saída de leito carroçável";"Com Vítimas Feridas";"Plena Noite";"Crescente";"Chuva";"Simples";"Reta";"Não";3;0;0;1;2;0;1;1;-26,92876055;-51,87525666;"SPRF-SC";"DEL07-SC";"UOP04-DEL07-SC"
756632;2026-03-07;"sábado";"06:40:00";"SC";470;126,2;"LONTRAS";"Ausência de reação do condutor";"Saída de leito carroçável";"Com Vítimas Feridas";"Pleno dia";"Decrescente";"Céu Claro";"Simples";"Curva";"Sim";2;0;2;0;0;0;2;1;-27,16906674;-49,5620927;"SPRF-SC";"DEL04-SC";"UOP02-DEL04-SC"
756636;2026-03-07;"sábado";"07:10:00";"PR";277;489;"NOVA LARANJEIRAS";"Reação tardia ou ineficiente do condutor";"Saída de leito carroçável";"Com Vítimas Feridas";"Amanhecer";"Crescente";"Céu Claro";"Simples";"Declive;Curva";"Não";3;0;1;0;2;0;1;1;-25,22495029;-52,65090164;"SPRF-PR";"DEL04-PR";"UOP02-DEL04-PR"
756638;2026-03-07;"sábado";"07:15:00";"RS";116;253;"SAPUCAIA DO SUL";"Reação tardia ou ineficiente do condutor";"Colisão traseira";"Com Vítimas Feridas";"Amanhecer";"Decrescente";"Céu Claro";"Dupla";"Curva;Interseção de Vias;Viaduto";"Sim";2;0;1;0;1;0;1;2;-29,82463995;-51,17173998;"SPRF-RS";"DEL01-RS";"UOP02-DEL01-RS"
756642;2026-03-07;"sábado";"08:05:00";"RN";101;80,6;"SAO GONCALO DO AMARANTE";"Reação tardia ou ineficiente do condutor";"Colisão lateral mesmo sentido";"Com Vítimas Feridas";"Pleno dia";"Crescente";"Céu Claro";"Dupla";"Rotatória;Reta";"Sim";2;0;1;0;1;0;1;2;-5,763312;-35,287212;"SPRF-RN";"DEL02-RN";"UOP01-DEL02-RN"