"id";"data_inversa";"dia_semana";"horario";"uf";"br";"km";"municipio";"causa_acidente";"tipo_acidente";"classificacao_acidente";"fase_dia";"sentido_via";"condicao_metereologica";"tipo_pista";"tracado_via";"uso_solo";"pessoas";"mortos";"feridos_leves";"feridos_graves";"ilesos";"ignorados";"feridos";"veiculos";"latitude";"longitude";"regional";"delegacia";"uop"
756644;2026-03-07;"sábado";"07:40:00";"SP";116;212,8;"GUARULHOS";"Reação tardia ou ineficiente do condutor";"Colisão com objeto";"Sem Vítimas";"Pleno dia";"Decrescente";"Garoa/Chuvisco";"Múltipla";"Reta";"Sim";1;0;0;0;1;0;0;1;-23,440192;-46,437642;"SPRF-SP";"DEL01-SP";"UOP01-DEL01-SP"
756645;2026-03-07;"sábado";"08:00:00";"SC";101;336;"TUBARAO";"Velocidade Incompatível";"Saída de leito carroçável";"Com Vítimas Feridas";"Pleno dia";"Crescente";"Céu Claro";"Múltipla";"Curva;Interseção de Vias;Retorno Regulamentado;Aclive";"Não";3;0;2;1;0;0;3;1;-28,484338;-49,036409;"SPRF-SC";"DEL02-SC";"UOP01-DEL02-SC"
756646;2026-03-07;"sábado";"08:15:00";"PR";467;110;"CASCAVEL";"Ingestão de álcool pelo condutor";"Colisão lateral mesmo sentido";"Sem Vítimas";"Pleno dia";"Decrescente";"Céu Claro";"Dupla";"Reta";"Sim";2;0;0;0;2;0;0;2;-24,9278605;-53,4542962;"SPRF-PR";"DEL04-PR";"UOP01-DEL04-PR"
756647;2026-03-07;"sábado";"07:30:00";"SC";282;144,9;"BOM RETIRO";"Velocidade Incompatível";"Saída de leito carroçável";"Com Vítimas Feridas";"Pleno dia";"Decrescente";"Garoa/Chuvisco";"Simples";"Curva";"Não";1;0;1;0;0;0;1;1;-27,80284352;-49,63219643;"SPRF-SC";"DEL05-SC";"UOP01-DEL05-SC"
756648;2026-03-07;"sábado";"08:12:00";"PB";230;15,4;"JOAO PESSOA";"Acumulo de óleo sobre o pavimento";"Tombamento";"Com Vítimas Feridas";"Pleno dia";"Decrescente";"Nublado";"Dupla";"Declive;Reta";"Sim";1;0;0;1;0;0;1;1;-7,1032595;-34,8474333;"SPRF-PB";"DEL01-PB";"UOP01-DEL01-PB"
756650;2026-03-07;"sábado";"08:10:00";"RJ";116;289;"BARRA MANSA";"Reação tardia ou ineficiente do condutor";"Colisão com objeto";"Com Vítimas Feridas";"Pleno dia";"Crescente";"Céu Claro";"Dupla";"Curva";"Sim";1;0;1;0;0;0;1;1;-22,51227944;-44,21627998;"SPRF-RJ";"DEL07-RJ";"UOP02-DEL07-RJ"
756651;2026-03-07;"sábado";"08:10:00";"PB";230;15,4;"JOAO PESSOA";"Acumulo de óleo sobre o pavimento";"Tombamento";"Com Vítimas Feridas";"Pleno dia";"Decrescente";"Nublado";"Dupla";"Reta";"Sim";2;0;1;1;0;0;2;1;-7,10004094;-34,8476243;"SPRF-PB";"DEL01-PB";"UOP01-DEL01-PB"
756652;2026-03-07;"sábado";"07:15:00";"MG";50;32,7;"ARAGUARI";"Acumulo de água sobre o pavimento";"Saída de leito carroçável";"Sem Vítimas";"Pleno dia";"Crescente";"Chuva";"Dupla";"Reta;Declive";"Não";1;0;0;0;1;0;0;1;-18,63932471;-48,12335461;"SPRF-MG";"DEL15-MG";"UOP02-DEL15-MG"
756653;2026-03-07;"sábado";"08:30:00";"RS";392;4;"RIO GRANDE";"Acessar a via sem observar a presença dos outros veículos";"Colisão frontal";"Com Vítimas Feridas";"Pleno dia";"Decrescente";"Chuva";"Simples";"Reta";"Sim";2;0;2;0;0;0;2;2;-32,071962;-52,097542;"SPRF-RS";"DEL07-RS";"UOP02-DEL07-RS"
756655;2026-03-07;"sábado";"06:30:00";"RJ";40;125;"DUQUE DE CAXIAS";"Reação tardia ou ineficiente do condutor";"Colisão traseira";"Com Vítimas Feridas";"Pleno dia";"Decrescente";"Céu Claro";"Dupla";"Retorno Regulamentado";"Sim";2;0;1;0;1;0;1;2;-22,816742;-43,289188;"SPRF-RJ";"DEL01-RJ";"UOP02-DEL01-RJ"
756656;2026-03-07;"sábado";"08:50:00";"SC";101;139,6;"BALNEARIO CAMBORIU";"Avarias e/ou desgaste excessivo no pneu";"Colisão com objeto";"Sem Vítimas";"Pleno dia";"Crescente";"Céu Claro";"Simples";"Curva;Viaduto";"Não";1;0;0;0;1;0;0;1;-27,03156;-48,6054;"SPRF-SC";"DEL04-SC";"UOP03-DEL04-SC"
756659;2026-03-07;"sábado";"08:00:00";"RS";470;244;"BARAO";"Reação tardia ou ineficiente do condutor";"Queda de ocupante de veículo";"Com Vítimas Feridas";"Pleno dia";"Decrescente";"Nublado";"Simples";"Curva";"Não";1;0;0;1;0;0;1;1;-29,37249778;-51,50765833;"SPRF-RS";"DEL06-RS";"UOP01-DEL06-RS"
756660;2026-03-07;"sábado";"09:00:00";"SC";280;57,2;"GUARAMIRIM";"Velocidade Incompatível";"Colisão com objeto";"Com Vítimas Feridas";"Pleno dia";"Decrescente";"Céu Claro";"Simples";"Em Obras;Reta";"Sim";2;0;1;0;1;0;1;2;-26,4794992;-49,00925724;"SPRF-SC";"DEL03-SC";"UOP03-DEL03-SC"
756661;2026-03-07;"sábado";"09:37:00";"RJ";101;486;"ANGRA DOS REIS";"Retorno proibido";"Colisão transversal";"Com Vítimas Feridas";"Pleno dia";"Crescente";"Nublado";"Simples";"Reta";"Sim";3;0;2;0;1;0;2;2;-22,98011794;-44,29564923;"SPRF-RJ";"DEL03-RJ";"UOP03-DEL03-RJ"
756662;2026-03-07;"sábado";"10:00:00";"SP";116;518;"CAJATI";"Reação tardia ou ineficiente do condutor";"Saída de leito carroçável";"Com Vítimas Feridas";"Pleno dia";"Decrescente";"Céu Claro";"Dupla";"Declive;Curva";"Não";1;0;1;0;0;0;1;1;-24,88061048;-48,22246727;"SPRF-SP";"DEL05-SP";"UOP02-DEL05-SP"
756663;2026-03-07;"sábado";"09:25:00";"SC";470;92;"APIUNA";"Ultrapassagem Indevida";"Colisão transversal";"Com Vítimas Feridas";"Pleno dia";"Decrescente";"Nublado";"Simples";"Reta;Retorno Regulamentado";"Sim";6;0;1;0;5;0;1;2;-26,98848154;-49,37406985;"SPRF-SC";"DEL04-SC";"UOP01-DEL04-SC"
756664;2026-03-07;"sábado";"10:10:00";"MG";381;416,1;"CAETE";"Condutor deixou de manter distância do veículo da frente";"Colisão lateral mesmo sentido";"Com Vítimas Feridas";"Pleno dia";"Decrescente";"Sol";"Dupla";"Aclive;Reta";"Não";2;0;0;1;1;0;1;2;-19,766128;-43,643639;"SPRF-MG";"DEL01-MG";"UOP01-DEL01-MG"
756666;2026-03-07;"sábado";"10:00:00";"SC";282;533,2;"CORDILHEIRA ALTA";"Ausência de reação do condutor";"Saída de leito carroçável";"Com Vítimas Feridas";"Pleno dia";"Crescente";"Chuva";"Simples";"Aclive;Curva";"Não";3;0;2;0;1;0;2;1;-26,99503548;-52,62768745;"SPRF-SC";"DEL07-SC";"UOP01-DEL07-SC"
756667;2026-03-07;"sábado";"09:45:00";"MS";158;130,9;"APARECIDA DO TABOADO";"Ausência de reação do condutor";"Colisão com objeto";"Com Vítimas Feridas";"Pleno dia";"Crescente";"Chuva";"Simples";"Curva";"Não";1;0;1;0;0;0;1;1;-19,948245;-51,105466;"SPRF-MS";"DEL08-MS";"UOP01-DEL08-MS"
756669;2026-03-07;"sábado";"10:30:00";"PR";369;156;"LONDRINA";"Condutor deixou de manter distância do veículo da frente";"Colisão traseira";"Com Vítimas Feridas";"Pleno dia";"Decrescente";"Céu Claro";"Dupla";"Reta";"Sim";3;0;1;0;2;0;1;3;-23,28866528;-51,22402872;"SPRF-PR";"DEL07-PR";"UOP01-DEL07-PR"
756670;2026-03-07;"sábado";"10:30:00";"MG";262;388;"FLORESTAL";"Ausência de reação do condutor";"Queda de ocupante de veículo";"Com Vítimas Feridas";"Pleno dia";"Crescente";"Nublado";"Dupla";"Reta";"Não";2;0;2;0;0;0;2;1;-19,903094;-44,53203;"SPRF-MG";"DEL01-MG";"UOP03-DEL01-MG"
756671;2026-03-07;"sábado";"10:25:00";"SC";101;327,2;"CAPIVARI DE BAIXO";"Desrespeitar a preferência no cruzamento";"Colisão transversal";"Com Vítimas Feridas";"Pleno dia";"Crescente";"Nublado";"Múltipla";"Reta";"Sim";2;0;1;0;1;0;1;2;-28,43923268;-48,96256685;"SPRF-SC";"DEL02-SC";"UOP01-DEL02-SC"
756672;2026-03-07;"sábado";"11:15:00";"MG";40;552;"NOVA LIMA";"Condutor deixou de manter distância do veículo da frente";"Colisão traseira";"Com Vítimas Feridas";"Pleno dia";"Decrescente";"Sol";"Dupla";"Reta";"Não";2;0;1;0;1;0;1;2;-20,05850849;-43,97579312;"SPRF-MG";"DEL01-MG";"UOP02-DEL01-MG"
756673;2026-03-07;"sábado";"08:15:00";"RS";290;80;"GRAVATAI";"Velocidade Incompatível";"Saída de leito carroçável";"Com Vítimas Feridas";"Pleno dia";"Crescente";"Nublado";"Múltipla";"Curva";"Sim";1;0;0;1;0;0;1;1;-29,95309508;-51,05609911;"SPRF-RS";"DEL01-RS";"UOP01-DEL01-RS"
756674;2026-03-07;"sábado";"07:30:00";"MG";262;38,6;"MANHUACU";"Reação tardia ou ineficiente do condutor";"Colisão traseira";"Com Vítimas Feridas";"Pleno dia";"Crescente";"Céu Claro";"Simples";"Reta";"Sim";4;0;1;0;3;0;1;3;-20,27335074;-42,04918206;"SPRF-MG";"DEL06-MG";"UOP03-DEL06-MG"
756675;2026-03-07;"sábado";"10:25:00";"SC";101;118,2;"ITAJAI";"Manobra de mudança de faixa";"Colisão lateral mesmo sentido";"Com Vítimas Feridas";"Pleno dia";"Crescente";"Céu Claro";"Dupla";"Reta";"Não";3;0;2;0;0;1;2;2;-26,896058;-48,719015;"SPRF-SC";"DEL04-SC";"UOP04-DEL04-SC"
756677;2026-03-07;"sábado";"11:10:00";"BA";324;583;"CANDEIAS";"Manobra de mudança de faixa";"Saída de leito carroçável";"Com Vítimas Feridas";"Pleno dia";"Decrescente";"Céu Claro";"Dupla";"Reta";"Não";5;0;2;1;2;0;3;1;-12,6230483;-38,481695;"SPRF-BA";"DEL01-BA";"UOP01-DEL01-BA"
756678;2026-03-07;"sábado";"11:40:00";"SC";282;18,8;"PALHOCA";"Acesso irregular";"Colisão lateral mesmo sentido";"Com Vítimas Feridas";"Pleno dia";"Decrescente";"Céu Claro";"Simples";"Reta";"Sim";2;0;1;0;1;0;1;2;-27,678295;-48,701696;"SPRF-SC";"DEL01-SC";"UOP02-DEL01-SC"
756679;2026-03-07;"sábado";"09:45:00";"MG";262;416;"IGARATINGA";"Manobra de mudança de faixa";"Colisão lateral mesmo sentido";"Com Vítimas Feridas";"Pleno dia";"Crescente";"Nublado";"Dupla";"Reta";"Não";2;0;0;1;1;0;1;2;-19,88554441;-44,77887137;"SPRF-MG";"DEL08-MG";"UOP03-DEL08-MG"
756681;2026-03-07;"sábado";"07:00:00";"RS";470;241;"BARAO";"Reação tardia ou ineficiente do condutor";"Saída de leito carroçável";"Sem Vítimas";"Pleno dia";"Decrescente";"Nublado";"Simples";"Declive;Reta";"Não";1;0;0;0;0;1;0;1;-29,35657323;-51,51943557;"SPRF-RS";"DEL06-RS";"UOP01-DEL06-RS"
756682;2026-03-07;"sábado";"10:30:00";"MG";381;337;"BELA VISTA DE MINAS";"Velocidade Incompatível";"Queda de ocupante de veículo";"Com Vítimas Feridas";"Pleno dia";"Decrescente";"Céu Claro";"Simples";"Declive;Curva";"Sim";1;0;1;0;0;0;1;1;-19,8320287;-43,09611869;"SPRF-MG";"DEL03-MG";"UOP01-DEL03-MG"
756683;2026-03-07;"sábado";"11:50:00";"RJ";116;183;"NOVA IGUACU";"Manobra de mudança de faixa";"Colisão lateral mesmo sentido";"Com Vítimas Feridas";"Pleno dia";"Decrescente";"Céu Claro";"Dupla";"Reta";"Não";2;0;1;0;0;1;1;2;-22,75078482;-43,44043192;"SPRF-RJ";"DEL06-RJ";"UOP01-DEL06-RJ"
756689;2026-03-07;"sábado";"12:00:00";"SC";101;213,2;"PALHOCA";"Manobra de mudança de faixa";"Colisão com objeto";"Com Vítimas Feridas";"Pleno dia";"Crescente";"Céu Claro";"Múltipla";"Declive;Viaduto;Reta";"Sim";2;0;1;0;0;1;1;2;-27,6370452;-48,66533367;"SPRF-SC";"DEL01-SC";"UOP02-DEL01-SC"
756690;2026-03-07;"sábado";"10:50:00";"PR";369;372,1;"MAMBORE";"Transitar na contramão";"Colisão lateral sentido oposto";"Com Vítimas Fatais";"Pleno dia";"Decrescente";"Céu Claro";"Simples";"Reta";"Não";2;1;0;0;1;0;0;2;-24,27765215;-52,52303537;"SPRF-PR";"DEL04-PR";"UOP03-DEL04-PR"
756691;2026-03-07;"sábado";"11:30:00";"MG";116;525;"CARATINGA";"Reação tardia ou ineficiente do condutor";"Saída de leito carroçável";"Com Vítimas Feridas";"Pleno dia";"Decrescente";"Céu Claro";"Simples";"Reta";"Sim";1;0;1;0;0;0;1;1;-19,773165;-42,132248;"SPRF-MG";"DEL06-MG";"UOP02-DEL06-MG"
756692;2026-03-07;"sábado";"10:40:00";"SC";101;67,9;"ARAQUARI";"Avarias e/ou desgaste excessivo no pneu";"Saída de leito carroçável";"Com Vítimas Feridas";"Pleno dia";"Crescente";"Nublado";"Dupla";"Curva";"Não";2;0;2;0;0;0;2;1;-26,49556008;-48,7327981;"SPRF-SC";"DEL03-SC";"UOP02-DEL03-SC"
756694;2026-03-07;"sábado";"12:11:00";"PI";343;348;"TERESINA";"Acesso irregular";"Colisão transversal";"Com Vítimas Feridas";"Pleno dia";"Crescente";"Céu Claro";"Dupla";"Reta";"Sim";2;0;0;1;1;0;1;2;-5,121485;-42,792538;"SPRF-PI";"DEL01-PI";"UOP01-DEL01-PI"
756695;2026-03-07;"sábado";"09:30:00";"PA";163;980;"SANTAREM";"Reação tardia ou ineficiente do condutor";"Colisão frontal";"Com Vítimas Feridas";"Pleno dia";"Decrescente";"Chuva";"Simples";"Reta";"Não";2;0;0;1;1;0;1;2;-2,61718288;-54,73017454;"SPRF-PA";"DEL05-PA";"UOP01-DEL05-PA"
756697;2026-03-07;"sábado";"11:20:00";"PR";277;725;"FOZ DO IGUACU";"Condutor deixou de manter distância do veículo da frente";"Colisão traseira";"Sem Vítimas";"Pleno dia";"Crescente";"Céu Claro";"Dupla";"Reta";"Sim";3;0;0;0;3;0;0;2;-25,506117;-54,543889;"SPRF-PR";"DEL05-PR";"UOP03-DEL05-PR"
756698;2026-03-07;"sábado";"12:15:00";"PI";343;592;"FLORIANO";"Retorno proibido";"Colisão lateral mesmo sentido";"Com Vítimas Feridas";"Pleno dia";"Decrescente";"Céu Claro";"Simples";"Reta";"Sim";2;0;0;1;1;0;1;2;-6,7790718;-43,0350608;"SPRF-PI";"DEL03-PI";"UOP01-DEL03-PI"
756699;2026-03-07;"sábado";"12:50:00";"BA";367;80;"EUNAPOLIS";"Acessar a via sem observar a presença dos outros veículos";"Colisão transversal";"Com Vítimas Fatais";"Pleno dia";"Crescente";"Sol";"Simples";"Reta;Interseção de Vias";"Não";2;1;0;0;1;0;0;2;-16,369542;-39,544103;"SPRF-BA";"DEL09-BA";"UOP03-DEL09-BA"
756702;2026-03-07;"sábado";"13:30:00";"SP";381;71;"MAIRIPORA";"Reação tardia ou ineficiente do condutor";"Saída de leito carroçável";"Com Vítimas Feridas";"Pleno dia";"Crescente";"Garoa/Chuvisco";"Múltipla";"Curva;Aclive";"Não";2;0;2;0;0;0;2;1;-23,354321;-46,550388;"SPRF-SP";"DEL03-SP";"UOP01-DEL03-SP"
756703;2026-03-07;"sábado";"09:40:00";"SC";116;143,1;"SANTA CECILIA";"Acessar a via sem observar a presença dos outros veículos";"Colisão transversal";"Com Vítimas Feridas";"Pleno dia";"Crescente";"Sol";"Simples";"Interseção de Vias;Curva";"Não";3;0;2;0;1;0;2;2;-26,98592454;-50,39369702;"SPRF-SC";"DEL06-SC";"UOP02-DEL06-SC"
756704;2026-03-07;"sábado";"13:30:00";"PR";376;2,5;"APUCARANA";"Retorno proibido";"Colisão transversal";"Com Vítimas Feridas";"Pleno dia";"Decrescente";"Nublado";"Simples";"Reta";"Sim";2;0;1;0;0;1;1;2;-23,56259878;-51,43433136;"SPRF-PR";"DEL07-PR";"UOP03-DEL07-PR"
756705;2026-03-07;"sábado";"14:30:00";"RS";392;68,1;"PELOTAS";"Demais falhas na via";"Colisão com objeto";"Com Vítimas Feridas";"Pleno dia";"Crescente";"Céu Claro";"Simples";"Curva";"Sim";1;0;1;0;0;0;1;1;-31,74591357;-52,4042457;"SPRF-RS";"DEL07-RS";"UOP01-DEL07-RS"
756706;2026-02-07;"sábado";"04:30:00";"PB";230;137,8;"MASSARANDUBA";"Condutor Dormindo";"Saída de leito carroçável";"Com Vítimas Feridas";"Plena Noite";"Decrescente";"Garoa/Chuvisco";"Dupla";"Reta;Declive";"Não";2;0;1;0;1;0;1;1;-7,271553;-35,786132;"SPRF-PB";"DEL02-PB";"UOP01-DEL02-PB"
756708;2026-03-07;"sábado";"12:30:00";"MG";262;787;"UBERABA";"Ausência de reação do condutor";"Colisão traseira";"Sem Vítimas";"Pleno dia";"Crescente";"Chuva";"Dupla";"Reta";"Não";3;0;0;0;3;0;0;2;-19,77683476;-47,92148201;"SPRF-MG";"DEL13-MG";"UOP01-DEL13-MG"
756709;2026-03-07;"sábado";"14:05:00";"SC";280;51,1;"GUARAMIRIM";"Ausência de reação do condutor";"Colisão lateral mesmo sentido";"Com Vítimas Feridas";"Pleno dia";"Decrescente";"Céu Claro";"Simples";"Reta";"Não";2;0;1;0;0;1;1;2;-26,463853;-48,951533;"SPRF-SC";"DEL03-SC";"UOP03-DEL03-SC"
756710;2026-03-07;"sábado";"10:45:00";"SC";280;27;"ARAQUARI";"Trafegar com motocicleta (ou similar) entre as faixas";"Colisão transversal";"Com Vítimas Feridas";"Pleno dia";"Crescente";"Céu Claro";"Simples";"Reta";"Não";2;0;1;0;1;0;1;2;-26,39928523;-48,74186262;"SPRF-SC";"DEL03-SC";"UOP03-DEL03-SC"
756711;2026-03-07;"sábado";"13:25:00";"PR";277;703;"SAO MIGUEL DO IGUACU";"Avarias e/ou desgaste excessivo no pneu";"Saída de leito carroçável";"Com Vítimas Feridas";"Pleno dia";"Crescente";"Céu Claro";"Dupla";"Reta";"Não";3;0;0;2;1;0;2;1;-25,4077;-54,3312;"SPRF-PR";"DEL05-PR";"UOP01-DEL05-PR"
756713;2026-03-07;"sábado";"12:30:00";"MS";60;341;"CAMPO GRANDE";"Ausência de reação do condutor";"Capotamento";"Com Vítimas Feridas";"Pleno dia";"Crescente";"Céu Claro";"Simples";"Aclive;Reta";"Não";5;0;2;3;0;0;5;1;-20,39466166;-54,68574643;"SPRF-MS";"DEL01-MS";"UOP02-DEL01-MS"
756714;2026-03-07;"sábado";"07:30:00";"SC";101;132,6;"BALNEARIO CAMBORIU";"Reação tardia ou ineficiente do condutor";"Tombamento";"Com Vítimas Feridas";"Pleno dia";"Crescente";"Garoa/Chuvisco";"Múltipla";"Reta";"Sim";1;0;1;0;0;0;1;1;-26,998143;-48,649865;"SPRF-SC";"DEL04-SC";"UOP03-DEL04-SC"
756715;2026-03-07;"sábado";"14:15:00";"MG";381;732,5;"CARMO DA CACHOEIRA";"Ausência de reação do condutor";"Tombamento";"Com Vítimas Feridas";"Pleno dia";"Decrescente";"Chuva";"Dupla";"Curva";"Não";1;0;1;0;0;0;1;1;-21,54709242;-45,24108081;"SPRF-MG";"DEL16-MG";"UOP02-DEL16-MG"
756716;2026-03-07;"sábado";"14:40:00";"RS";116;263;"CANOAS";"Ingestão de álcool pelo condutor";"Colisão traseira";"Com Vítimas Feridas";"Pleno dia";"Decrescente";"Céu Claro";"Dupla";"Reta";"Sim";4;0;1;0;3;0;1;2;-29,9055985;-51,17660539;"SPRF-RS";"DEL01-RS";"UOP01-DEL01-RS"
756717;2026-03-07;"sábado";"13:00:00";"RJ";40;74;"PETROPOLIS";"Reação tardia ou ineficiente do condutor";"Queda de ocupante de veículo";"Com Vítimas Feridas";"Pleno dia";"Decrescente";"Céu Claro";"Simples";"Curva";"Não";1;0;1;0;0;0;1;1;-22,5284262;-43,2228183;"SPRF-RJ";"DEL01-RJ";"UOP01-DEL01-RJ"
756718;2026-02-21;"sábado";"06:08:00";"PE";408;96;"SAO LOURENCO DA MATA";"Ausência de reação do condutor";"Saída de leito carroçável";"Sem Vítimas";"Pleno dia";"Crescente";"Céu Claro";"Dupla";"Reta";"Não";4;0;0;0;4;0;0;1;-8,021;-35,041;"SPRF-PE";"DEL01-PE";"UOP01-DEL01-PE"
756720;2026-03-07;"sábado";"13:50:00";"SC";470;53,5;"BLUMENAU";"Ingestão de álcool pelo condutor";"Capotamento";"Com Vítimas Feridas";"Pleno dia";"Crescente";"Céu Claro";"Simples";"Curva";"Não";1;0;1;0;0;0;1;1;-26,869074;-49,1056548;"SPRF-SC";"DEL04-SC";"UOP01-DEL04-SC"
756721;2026-03-07;"sábado";"14:59:00";"PR";277;144;"BALSA NOVA";"Reação tardia ou ineficiente do condutor";"Saída de leito carroçável";"Com Vítimas Feridas";"Pleno dia";"Decrescente";"Nublado";"Dupla";"Aclive;Reta";"Não";3;0;2;1;0;0;3;1;-25,47614874;-49,7172424;"SPRF-PR";"DEL03-PR";"UOP03-DEL03-PR"
756723;2026-03-07;"sábado";"14:50:00";"PR";376;231;"APUCARANA";"Desrespeitar a preferência no cruzamento";"Colisão transversal";"Com Vítimas Fatais";"Pleno dia";"Crescente";"Nublado";"Dupla";"Interseção de Vias;Reta";"Sim";4;1;0;0;1;2;0;3;-23,56676477;-51,5238651;"SPRF-PR";"DEL07-PR";"UOP03-DEL07-PR"
756724;2026-03-07;"sábado";"15:10:00";"PE";232;129;"CARUARU";"Ingestão de álcool pelo condutor";"Colisão com objeto";"Com Vítimas Fatais";"Pleno dia";"Decrescente";"Céu Claro";"Simples";"Viaduto";"Sim";1;1;0;0;0;0;0;1;-8,30008;-35,98688;"SPRF-PE";"DEL02-PE";"UOP03-DEL02-PE"
756725;2026-03-07;"sábado";"13:30:00";"MG";153;23,9;"CENTRALINA";"Pista esburacada";"Saída de leito carroçável";"Com Vítimas Feridas";"Pleno dia";"Decrescente";"Nublado";"Dupla";"Declive;Curva";"Não";2;0;0;1;1;0;1;1;-18,62463241;-49,18630583;"SPRF-MG";"DEL15-MG";"UOP03-DEL15-MG"
756726;2026-03-07;"sábado";"10:35:00";"PR";277;345;"GUARAPUAVA";"Ausência de reação do condutor";"Saída de leito carroçável";"Com Vítimas Feridas";"Pleno dia";"Decrescente";"Céu Claro";"Dupla";"Reta";"Não";2;0;1;0;1;0;1;1;-25,34523854;-51,44341385;"SPRF-PR";"DEL08-PR";"UOP01-DEL08-PR"
756728;2026-03-07;"sábado";"15:50:00";"RN";101;81,7;"NATAL";"Trafegar com motocicleta (ou similar) entre as faixas";"Colisão traseira";"Com Vítimas Feridas";"Pleno dia";"Decrescente";"Sol";"Dupla";"Reta";"Sim";3;0;1;0;2;0;1;3;-5,76608429;-35,2793097;"SPRF-RN";"DEL02-RN";"UOP01-DEL02-RN"
756729;2026-03-07;"sábado";"13:15:00";"MT";163;539;"DIAMANTINO";"Chuva";"Saída de leito carroçável";"Com Vítimas Feridas";"Pleno dia";"Crescente";"Chuva";"Dupla";"Declive;Curva";"Não";1;0;1;0;0;0;1;1;-14,30464076;-56,13910675;"SPRF-MT";"DEL01-MT";"UOP01-DEL01-MT"
756732;2026-03-07;"sábado";"16:00:00";"BA";324;546;"AMELIA RODRIGUES";"Demais falhas na via";"Queda de ocupante de veículo";"Com Vítimas Feridas";"Pleno dia";"Crescente";"Chuva";"Dupla";"Declive;Reta";"Não";1;0;0;1;0;0;1;1;-12,4518004;-38,7081764;"SPRF-BA";"DEL11-BA";"UOP02-DEL11-BA"
756733;2026-03-07;"sábado";"16:00:00";"SC";101;193,2;"BIGUACU";"Reação tardia ou ineficiente do condutor";"Colisão traseira";"Com Vítimas Feridas";"Pleno dia";"Crescente";"Nublado";"Múltipla";"Reta";"Sim";2;0;1;0;1;0;1;2;-27,491568;-48,656737;"SPRF-SC";"DEL01-SC";"UOP01-DEL01-SC"
756737;2026-03-07;"sábado";"14:10:00";"MG";251;507,6;"FRANCISCO SA";"Demais falhas mecânicas ou elétricas";"Incêndio";"Sem Vítimas";"Pleno dia";"Decrescente";"Céu Claro";"Simples";"Reta";"Não";1;0;0;0;1;0;0;1;-16,61661824;-43,67784262;"SPRF-MG";"DEL12-MG";"UOP01-DEL12-MG"
756738;2026-03-07;"sábado";"10:45:00";"CE";116;162;"RUSSAS";"Ingestão de álcool pelo condutor";"Colisão transversal";"Sem Vítimas";"Pleno dia";"Decrescente";"Céu Claro";"Simples";"Reta";"Não";2;0;0;0;2;0;0;2;-4,94848803;-37,99275041;"SPRF-CE";"DEL03-CE";"UOP01-DEL03-CE"
756739;2026-03-03;"terça-feira";"10:00:00";"RJ";101;274;"TANGUA";"Avarias e/ou desgaste excessivo no pneu";"Queda de ocupante de veículo";"Com Vítimas Feridas";"Pleno dia";"Decrescente";"Céu Claro";"Dupla";"Curva";"Sim";1;0;1;0;0;0;1;1;-22,72854006;-42,70017173;"SPRF-RJ";"DEL02-RJ";"UOP03-DEL02-RJ"
756740;2026-03-07;"sábado";"10:05:00";"SC";280;93,8;"CORUPA";"Reação tardia ou ineficiente do condutor";"Queda de ocupante de veículo";"Com Vítimas Feridas";"Pleno dia";"Crescente";"Céu Claro";"Simples";"Curva;Aclive";"Não";1;0;1;0;0;0;1;1;-26,385637;-49,303515;"SPRF-SC";"DEL06-SC";"UOP03-DEL06-SC"
756741;2026-03-07;"sábado";"14:30:00";"MS";163;308;"RIO BRILHANTE";"Ingestão de álcool pelo condutor";"Tombamento";"Com Vítimas Feridas";"Pleno dia";"Crescente";"Céu Claro";"Simples";"Curva";"Não";1;0;1;0;0;0;1;1;-21,90114273;-54,52782333;"SPRF-MS";"DEL02-MS";"UOP02-DEL02-MS"
756742;2026-03-07;"sábado";"17:00:00";"SC";101;384;"ICARA";"Reação tardia ou ineficiente do condutor";"Tombamento";"Com Vítimas Feridas";"Pleno dia";"Crescente";"Céu Claro";"Múltipla";"Aclive;Curva";"Não";1;0;1;0;0;0;1;1;-28,77610842;-49,31908457;"SPRF-SC";"DEL02-SC";"UOP02-DEL02-SC"
756744;2026-01-31;"sábado";"04:00:00";"RJ";101;475;"ANGRA DOS REIS";"Reação tardia ou ineficiente do condutor";"Saída de leito carroçável";"Sem Vítimas";"Plena Noite";"Crescente";"Nublado";"Simples";"Declive";"Não";1;0;0;0;0;1;0;1;-22,99754425;-44,25283179;"SPRF-RJ";"DEL03-RJ";"UOP03-DEL03-RJ"
756745;2026-03-07;"sábado";"16:50:00";"SC";116;227,7;"CORREIA PINTO";"Acessar a via sem observar a presença dos outros veículos";"Colisão transversal";"Com Vítimas Feridas";"Pleno dia";"Crescente";"Céu Claro";"Simples";"Reta";"Não";3;0;0;2;1;0;2;2;-27,65855389;-50,33625349;"SPRF-SC";"DEL05-SC";"UOP03-DEL05-SC"
756746;2026-03-07;"sábado";"16:30:00";"SC";282;412;"CATANDUVAS";"Ausência de reação do condutor";"Tombamento";"Com Vítimas Feridas";"Pleno dia";"Decrescente";"Céu Claro";"Simples";"Curva";"Não";2;0;2;0;0;0;2;1;-27,059803;-51,677835;"SPRF-SC";"DEL07-SC";"UOP05-DEL07-SC"
756747;2026-03-07;"sábado";"16:50:00";"MG";116;702,4;"MURIAE";"Conversão proibida";"Colisão lateral mesmo sentido";"Com Vítimas Feridas";"Pleno dia";"Decrescente";"Nublado";"Simples";"Curva;Interseção de Vias";"Sim";2;0;1;0;1;0;1;2;-21,12431671;-42,38113403;"SPRF-MG";"DEL07-MG";"UOP02-DEL07-MG"