"id";"data_inversa";"dia_semana";"horario";"uf";"br";"km";"municipio";"causa_acidente";"tipo_acidente";"classificacao_acidente";"fase_dia";"sentido_via";"condicao_metereologica";"tipo_pista";"tracado_via";"uso_solo";"pessoas";"mortos";"feridos_leves";"feridos_graves";"ilesos";"ignorados";"feridos";"veiculos";"latitude";"longitude";"regional";"delegacia";"uop"
756748;2026-03-07;"sábado";"17:20:00";"PA";163;992;"SANTAREM";"Manobra de mudança de faixa";"Colisão traseira";"Sem Vítimas";"Pleno dia";"Decrescente";"Nublado";"Simples";"Reta";"Sim";2;0;0;0;2;0;0;2;-2,50507586;-54,72674387;"SPRF-PA";"DEL05-PA";"UOP01-DEL05-PA"
756749;2026-01-25;"domingo";"05:00:00";"RJ";101;477,9;"ANGRA DOS REIS";"Ausência de sinalização";"Queda de ocupante de veículo";"Com Vítimas Feridas";"Amanhecer";"Crescente";"Céu Claro";"Simples";"Curva";"Não";2;0;1;0;1;0;1;2;-22,99809;-44,26466;"SPRF-RJ";"DEL03-RJ";"UOP03-DEL03-RJ"
756750;2026-03-07;"sábado";"16:00:00";"SC";101;106,7;"PENHA";"Ingestão de álcool pelo condutor";"Colisão com objeto";"Com Vítimas Feridas";"Pleno dia";"Crescente";"Nublado";"Dupla";"Curva";"Não";2;0;1;0;0;1;1;1;-26,81917727;-48,68438657;"SPRF-SC";"DEL03-SC";"UOP02-DEL03-SC"
756751;2026-03-07;"sábado";"17:20:00";"MG";262;123;"RIO CASCA";"Velocidade Incompatível";"Saída de leito carroçável";"Com Vítimas Feridas";"Anoitecer";"Crescente";"Céu Claro";"Simples";"Curva";"Não";1;0;0;1;0;0;1;1;-20,206677;-42,6744537;"SPRF-MG";"DEL03-MG";"UOP03-DEL03-MG"
756752;2026-03-07;"sábado";"16:35:00";"RS";468;52,6;"CORONEL BICACO";"Ausência de reação do condutor";"Saída de leito carroçável";"Com Vítimas Feridas";"Pleno dia";"Decrescente";"Nublado";"Simples";"Reta";"Não";2;0;2;0;0;0;2;1;-27,750289;-53,724628;"SPRF-RS";"DEL08-RS";"UOP02-DEL08-RS"
756753;2026-03-07;"sábado";"17:45:00";"PR";369;464,2;"CORBELIA";"Acessar a via sem observar a presença dos outros veículos";"Colisão lateral mesmo sentido";"Com Vítimas Feridas";"Pleno dia";"Decrescente";"Céu Claro";"Simples";"Curva";"Não";6;0;3;2;0;1;5;2;-24,64512538;-53,21700096;"SPRF-PR";"DEL04-PR";"UOP03-DEL04-PR"
756755;2026-03-07;"sábado";"17:10:00";"MS";163;18;"MUNDO NOVO";"Acessar a via sem observar a presença dos outros veículos";"Colisão transversal";"Com Vítimas Feridas";"Pleno dia";"Crescente";"Céu Claro";"Simples";"Reta";"Sim";3;0;2;0;1;0;2;2;-23,938049;-54,281088;"SPRF-MS";"DEL09-MS";"UOP02-DEL09-MS"
756756;2026-03-07;"sábado";"08:00:00";"SC";101;142;"ITAPEMA";"Reação tardia ou ineficiente do condutor";"Colisão lateral mesmo sentido";"Com Vítimas Feridas";"Pleno dia";"Crescente";"Garoa/Chuvisco";"Múltipla";"Curva";"Não";2;0;1;0;0;1;1;2;-27,13163956;-48,61046791;"SPRF-SC";"DEL04-SC";"UOP03-DEL04-SC"
756757;2026-03-07;"sábado";"16:30:00";"MG";267;172,9;"LIMA DUARTE";"Pista Escorregadia";"Saída de leito carroçável";"Sem Vítimas";"Pleno dia";"Decrescente";"Chuva";"Simples";"Curva";"Não";1;0;0;0;1;0;0;1;-21,864211;-43,876508;"SPRF-MG";"DEL05-MG";"UOP01-DEL05-MG"
756760;2026-03-07;"sábado";"19:00:00";"MG";381;876,6;"ESTIVA";"Acumulo de água sobre o pavimento";"Capotamento";"Com Vítimas Feridas";"Plena Noite";"Decrescente";"Nublado";"Dupla";"Reta";"Não";4;0;1;0;3;0;1;1;-22,438502;-45,984209;"SPRF-MG";"DEL16-MG";"UOP01-DEL16-MG"
756761;2026-03-07;"sábado";"19:15:00";"RJ";101;66;"CAMPOS DOS GOYTACAZES";"Manobra de mudança de faixa";"Colisão lateral mesmo sentido";"Com Vítimas Feridas";"Plena Noite";"Decrescente";"Céu Claro";"Dupla";"Interseção de Vias;Curva";"Sim";2;0;1;0;1;0;1;2;-21,765984;-41,345194;"SPRF-RJ";"DEL08-RJ";"UOP02-DEL08-RJ"
756762;2026-03-07;"sábado";"16:45:00";"RS";290;302,6;"CACHOEIRA DO SUL";"Acostamento em desnível";"Queda de ocupante de veículo";"Com Vítimas Feridas";"Pleno dia";"Crescente";"Céu Claro";"Simples";"Em Obras;Reta";"Não";1;0;1;0;0;0;1;1;-30,32336816;-53,23944267;"SPRF-RS";"DEL09-RS";"UOP02-DEL09-RS"
756763;2026-03-07;"sábado";"19:10:00";"ES";101;242;"SERRA";"Acessar a via sem observar a presença dos outros veículos";"Colisão transversal";"Com Vítimas Feridas";"Plena Noite";"Crescente";"Céu Claro";"Simples";"Retorno Regulamentado;Reta";"Sim";4;0;2;0;2;0;2;2;-20,0488216;-40,38648583;"SPRF-ES";"DEL02-ES";"UOP01-DEL02-ES"
756764;2026-03-07;"sábado";"18:15:00";"GO";153;582,4;"PIRACANJUBA";"Pista esburacada";"Saída de leito carroçável";"Com Vítimas Feridas";"Anoitecer";"Crescente";"Nublado";"Dupla";"Reta";"Não";1;0;1;0;0;0;1;1;-17,38888;-49,2288;"SPRF-GO";"DEL03-GO";"UOP01-DEL03-GO"
756766;2026-03-07;"sábado";"19:10:00";"RS";158;332;"SANTA MARIA";"Manobra de mudança de faixa";"Colisão lateral mesmo sentido";"Com Vítimas Feridas";"Anoitecer";"Crescente";"Nublado";"Dupla";"Reta";"Sim";4;0;0;1;3;0;1;2;-29,704246;-53,846022;"SPRF-RS";"DEL09-RS";"UOP01-DEL09-RS"
756768;2026-03-07;"sábado";"17:45:00";"PR";277;671,8;"MEDIANEIRA";"Demais falhas mecânicas ou elétricas";"Tombamento";"Com Vítimas Feridas";"Plena Noite";"Decrescente";"Céu Claro";"Dupla";"Reta";"Sim";2;0;2;0;0;0;2;1;-25,2829736;-54,0832006;"SPRF-PR";"DEL05-PR";"UOP02-DEL05-PR"
756769;2026-03-07;"sábado";"18:10:00";"SP";153;220,1;"MARILIA";"Demais falhas na via";"Tombamento";"Com Vítimas Feridas";"Pleno dia";"Crescente";"Céu Claro";"Simples";"Declive;Reta";"Não";1;0;1;0;0;0;1;1;-21,99602;-49,91314;"SPRF-SP";"DEL07-SP";"UOP02-DEL07-SP"
756770;2026-03-07;"sábado";"19:40:00";"TO";226;70;"WANDERLANDIA";"Acessar a via sem observar a presença dos outros veículos";"Colisão transversal";"Sem Vítimas";"Plena Noite";"Decrescente";"Nublado";"Simples";"Reta";"Não";3;0;0;0;2;1;0;2;-6,8491389;-47,9640556;"SPRF-TO";"DEL02-TO";"UOP03-DEL02-TO"
756772;2026-03-07;"sábado";"19:15:00";"PR";369;449,7;"CORBELIA";"Ingestão de álcool pelo condutor";"Colisão transversal";"Com Vítimas Feridas";"Plena Noite";"Crescente";"Céu Claro";"Simples";"Curva;Aclive";"Não";3;0;1;1;1;0;2;2;-24,5722935;-53,14041551;"SPRF-PR";"DEL04-PR";"UOP03-DEL04-PR"
756774;2026-03-07;"sábado";"19:20:00";"MA";222;667;"ACAILANDIA";"Afundamento ou ondulação no pavimento";"Queda de ocupante de veículo";"Com Vítimas Feridas";"Plena Noite";"Decrescente";"Céu Claro";"Simples";"Reta";"Não";2;0;1;1;0;0;2;1;-4,923988;-47,436184;"SPRF-MA";"DEL04-MA";"UOP03-DEL04-MA"
756775;2026-03-07;"sábado";"19:50:00";"BA";116;425;"FEIRA DE SANTANA";"Pedestre - Ingestão de álcool/ substâncias psicoativas";"Atropelamento de Pedestre";"Com Vítimas Feridas";"Plena Noite";"Decrescente";"Nublado";"Dupla";"Reta";"Sim";2;0;1;0;1;0;1;2;-12,2463;-38,986807;"SPRF-BA";"DEL02-BA";"UOP01-DEL02-BA"
756776;2026-03-07;"sábado";"18:00:00";"RO";364;605;"ITAPUA DO OESTE";"Ingestão de álcool pelo condutor";"Saída de leito carroçável";"Sem Vítimas";"Pleno dia";"Crescente";"Céu Claro";"Simples";"Reta";"Não";3;0;0;0;2;1;0;2;-9,1847501;-63,19622397;"SPRF-RO";"DEL01-RO";"UOP04-DEL01-RO"
756777;2026-03-07;"sábado";"20:15:00";"MG";40;666,9;"CARANDAI";"Transitar na contramão";"Colisão frontal";"Com Vítimas Feridas";"Plena Noite";"Crescente";"Céu Claro";"Simples";"Reta";"Não";2;0;1;0;1;0;1;2;-20,9460306;-43,8046385;"SPRF-MG";"DEL05-MG";"UOP02-DEL05-MG"
756778;2026-03-07;"sábado";"20:00:00";"PA";316;67;"CASTANHAL";"Ingestão de álcool pelo condutor";"Tombamento";"Com Vítimas Feridas";"Anoitecer";"Decrescente";"Céu Claro";"Simples";"Reta";"Sim";1;0;1;0;0;0;1;1;-1,294476;-47,887165;"SPRF-PA";"DEL01-PA";"UOP01-DEL01-PA"
756780;2026-03-07;"sábado";"20:10:00";"SC";101;192,4;"BIGUACU";"Avarias e/ou desgaste excessivo no pneu";"Queda de ocupante de veículo";"Com Vítimas Feridas";"Plena Noite";"Decrescente";"Céu Claro";"Dupla";"Reta";"Não";2;0;2;0;0;0;2;1;-27,48730073;-48,6503884;"SPRF-SC";"DEL01-SC";"UOP01-DEL01-SC"
756781;2026-03-07;"sábado";"20:00:00";"ES";101;144;"LINHARES";"Condutor deixou de manter distância do veículo da frente";"Colisão traseira";"Com Vítimas Feridas";"Plena Noite";"Decrescente";"Céu Claro";"Simples";"Curva";"Não";4;0;1;0;3;0;1;2;-19,352848;-40,063708;"SPRF-ES";"DEL04-ES";"UOP01-DEL04-ES"
756782;2026-03-07;"sábado";"20:10:00";"PA";308;151;"CAPANEMA";"Acessar a via sem observar a presença dos outros veículos";"Colisão lateral sentido oposto";"Sem Vítimas";"Plena Noite";"Crescente";"Nublado";"Dupla";"Reta";"Não";2;0;0;0;2;0;0;2;-1,206867;-47,176433;"SPRF-PA";"DEL01-PA";"UOP03-DEL01-PA"
756783;2026-03-07;"sábado";"19:40:00";"RS";285;108,5;"VACARIA";"Reação tardia ou ineficiente do condutor";"Colisão traseira";"Com Vítimas Feridas";"Plena Noite";"Crescente";"Nublado";"Simples";"Reta";"Não";3;0;1;0;2;0;1;2;-28,519388;-50,824273;"SPRF-RS";"DEL05-RS";"UOP03-DEL05-RS"
756784;2026-03-07;"sábado";"19:30:00";"RJ";116;39;"SAO JOSE DO VALE DO RIO PRETO";"Chuva";"Colisão traseira";"Com Vítimas Feridas";"Plena Noite";"Decrescente";"Chuva";"Simples";"Reta";"Não";1;0;0;1;0;0;1;1;-22,12050695;-42,77954802;"SPRF-RJ";"DEL05-RJ";"UOP01-DEL05-RJ"
756785;2026-03-07;"sábado";"19:50:00";"CE";222;15;"CAUCAIA";"Ausência de reação do condutor";"Tombamento";"Com Vítimas Feridas";"Plena Noite";"Crescente";"Nublado";"Dupla";"Desvio Temporário;Reta;Em Obras";"Não";1;0;0;1;0;0;1;1;-3,75874511;-38,70105743;"SPRF-CE";"DEL01-CE";"UOP01-DEL01-CE"
756786;2026-03-07;"sábado";"20:45:00";"AL";104;90,5;"RIO LARGO";"Acostamento em desnível";"Queda de ocupante de veículo";"Com Vítimas Feridas";"Plena Noite";"Decrescente";"Céu Claro";"Dupla";"Reta";"Não";1;0;1;0;0;0;1;1;-9,501017;-35,810807;"SPRF-AL";"DEL01-AL";"UOP01-DEL01-AL"
756788;2026-03-07;"sábado";"16:10:00";"MG";381;248;"SANTANA DO PARAISO";"Conversão proibida";"Colisão transversal";"Com Vítimas Feridas";"Pleno dia";"Decrescente";"Nublado";"Simples";"Reta";"Não";3;0;2;0;1;0;2;2;-19,44353729;-42,51299143;"SPRF-MG";"DEL06-MG";"UOP01-DEL06-MG"
756789;2026-03-07;"sábado";"21:00:00";"ES";101;222;"IBIRACU";"Transitar na contramão";"Colisão frontal";"Com Vítimas Feridas";"Plena Noite";"Crescente";"Céu Claro";"Simples";"Curva";"Não";2;0;1;0;1;0;1;2;-19,86524174;-40,39483309;"SPRF-ES";"DEL02-ES";"UOP01-DEL02-ES"
756790;2026-03-07;"sábado";"21:00:00";"PB";361;8,3;"PATOS";"Demais falhas mecânicas ou elétricas";"Saída de leito carroçável";"Sem Vítimas";"Plena Noite";"Crescente";"Céu Claro";"Simples";"Reta";"Não";1;0;0;0;0;1;0;1;-7,041665;-37,330508;"SPRF-PB";"DEL03-PB";"UOP01-DEL03-PB"
756791;2026-03-07;"sábado";"19:00:00";"GO";60;171,4;"ABADIA DE GOIAS";"Ingestão de álcool pelo condutor";"Colisão transversal";"Com Vítimas Feridas";"Plena Noite";"Decrescente";"Nublado";"Múltipla";"Reta;Aclive;Retorno Regulamentado";"Sim";6;0;2;0;4;0;2;2;-16,74401893;-49,41748844;"SPRF-GO";"DEL01-GO";"UOP02-DEL01-GO"
756793;2026-03-07;"sábado";"20:20:00";"RJ";40;93;"DUQUE DE CAXIAS";"Velocidade Incompatível";"Colisão com objeto";"Com Vítimas Feridas";"Plena Noite";"Crescente";"Garoa/Chuvisco";"Dupla";"Curva;Declive";"Não";2;0;1;0;1;0;1;1;-22,56901787;-43,27667132;"SPRF-RJ";"DEL01-RJ";"UOP01-DEL01-RJ"
756794;2026-03-07;"sábado";"21:30:00";"SP";381;79;"SAO PAULO";"Pista Escorregadia";"Saída de leito carroçável";"Sem Vítimas";"Plena Noite";"Crescente";"Garoa/Chuvisco";"Múltipla";"Declive;Curva";"Sim";1;0;0;0;1;0;0;1;-23,4043925;-46,5781722;"SPRF-SP";"DEL03-SP";"UOP01-DEL03-SP"
756795;2026-03-07;"sábado";"18:50:00";"RJ";356;184;"SAO JOAO DA BARRA";"Condutor deixou de manter distância do veículo da frente";"Colisão traseira";"Com Vítimas Feridas";"Plena Noite";"Crescente";"Céu Claro";"Simples";"Reta";"Sim";2;0;1;0;0;1;1;2;-21,6345478;-41,04397868;"SPRF-RJ";"DEL08-RJ";"UOP02-DEL08-RJ"
756797;2026-03-07;"sábado";"20:10:00";"RO";364;14,9;"VILHENA";"Desrespeitar a preferência no cruzamento";"Colisão transversal";"Com Vítimas Feridas";"Plena Noite";"Decrescente";"Garoa/Chuvisco";"Simples";"Interseção de Vias";"Sim";2;0;1;0;1;0;1;2;-12,73722914;-60,14721628;"SPRF-RO";"DEL04-RO";"UOP01-DEL04-RO"
756799;2026-03-07;"sábado";"21:50:00";"RS";116;237;"NOVO HAMBURGO";"Reação tardia ou ineficiente do condutor";"Colisão traseira";"Sem Vítimas";"Plena Noite";"Decrescente";"Nublado";"Dupla";"Em Obras;Curva";"Não";2;0;0;0;2;0;0;2;-29,67968777;-51,14217135;"SPRF-RS";"DEL01-RS";"UOP02-DEL01-RS"
756800;2026-03-07;"sábado";"21:30:00";"BA";324;512;"FEIRA DE SANTANA";"Conversão proibida";"Colisão lateral mesmo sentido";"Com Vítimas Feridas";"Plena Noite";"Crescente";"Nublado";"Simples";"Reta";"Sim";2;0;1;0;1;0;1;2;-12,23095731;-38,96218568;"SPRF-BA";"DEL02-BA";"UOP01-DEL02-BA"
756801;2026-03-07;"sábado";"21:50:00";"PE";101;50;"ABREU E LIMA";"Reação tardia ou ineficiente do condutor";"Colisão lateral mesmo sentido";"Com Vítimas Feridas";"Plena Noite";"Decrescente";"Céu Claro";"Múltipla";"Retorno Regulamentado";"Sim";2;0;1;0;1;0;1;2;-7,914676;-34,898911;"SPRF-PE";"DEL01-PE";"UOP02-DEL01-PE"
756804;2026-03-07;"sábado";"19:45:00";"RO";364;422,8;"JARU";"Sinalização mal posicionada";"Saída de leito carroçável";"Com Vítimas Feridas";"Plena Noite";"Decrescente";"Céu Claro";"Dupla";"Reta;Em Obras;Interseção de Vias";"Sim";1;0;0;1;0;0;1;1;-10,453162;-62,460325;"SPRF-RO";"DEL03-RO";"UOP02-DEL03-RO"
756805;2026-03-07;"sábado";"20:30:00";"CE";116;43,5;"HORIZONTE";"Condutor usando celular";"Colisão transversal";"Com Vítimas Feridas";"Plena Noite";"Decrescente";"Céu Claro";"Dupla";"Reta";"Sim";2;0;1;0;1;0;1;2;-4,10095;-38,5010141;"SPRF-CE";"DEL01-CE";"UOP02-DEL01-CE"
756806;2026-03-07;"sábado";"22:15:00";"PR";369;144;"LONDRINA";"Reação tardia ou ineficiente do condutor";"Colisão traseira";"Com Vítimas Feridas";"Plena Noite";"Crescente";"Garoa/Chuvisco";"Dupla";"Declive;Em Obras;Reta";"Sim";2;0;1;0;1;0;1;2;-23,293445;-51,106915;"SPRF-PR";"DEL07-PR";"UOP01-DEL07-PR"
756807;2026-03-07;"sábado";"21:30:00";"MA";316;599;"TIMON";"Acumulo de água sobre o pavimento";"Colisão frontal";"Com Vítimas Feridas";"Plena Noite";"Crescente";"Chuva";"Simples";"Reta";"Não";5;0;0;1;1;3;1;3;-5,0029183;-43,0350867;"SPRF-MA";"DEL03-MA";"UOP02-DEL03-MA"
756809;2026-03-07;"sábado";"23:00:00";"SC";101;242,5;"PALHOCA";"Acumulo de areia ou detritos sobre o pavimento";"Tombamento";"Com Vítimas Feridas";"Plena Noite";"Crescente";"Céu Claro";"Simples";"Curva";"Não";1;0;1;0;0;0;1;1;-27,88007593;-48,64582865;"SPRF-SC";"DEL01-SC";"UOP02-DEL01-SC"
756810;2026-03-07;"sábado";"22:45:00";"SC";470;66;"INDAIAL";"Ausência de reação do condutor";"Colisão frontal";"Com Vítimas Feridas";"Plena Noite";"Decrescente";"Nublado";"Simples";"Rotatória";"Sim";3;0;1;0;2;0;1;2;-26,87036732;-49,2267522;"SPRF-SC";"DEL04-SC";"UOP01-DEL04-SC"
756811;2026-03-07;"sábado";"23:36:00";"SP";116;207;"GUARULHOS";"Estacionar ou parar em local proibido";"Colisão traseira";"Com Vítimas Feridas";"Plena Noite";"Decrescente";"Céu Claro";"Dupla";"Reta";"Sim";2;0;0;1;1;0;1;2;-23,42282462;-46,39529083;"SPRF-SP";"DEL01-SP";"UOP01-DEL01-SP"
756812;2026-03-07;"sábado";"23:00:00";"ES";393;1,8;"CACHOEIRO DE ITAPEMIRIM";"Velocidade Incompatível";"Capotamento";"Com Vítimas Feridas";"Plena Noite";"Crescente";"Céu Claro";"Simples";"Curva";"Sim";4;0;4;0;0;0;4;1;-20,83240289;-41,17424637;"SPRF-ES";"DEL03-ES";"UOP02-DEL03-ES"
756813;2026-03-07;"sábado";"23:10:00";"GO";153;401;"PIRENOPOLIS";"Acessar a via sem observar a presença dos outros veículos";"Colisão lateral mesmo sentido";"Com Vítimas Feridas";"Plena Noite";"Crescente";"Céu Claro";"Simples";"Interseção de Vias;Aclive;Reta";"Não";3;0;1;0;2;0;1;2;-16,04806588;-49,07437775;"SPRF-GO";"DEL02-GO";"UOP02-DEL02-GO"
756815;2026-03-08;"domingo";"00:01:00";"GO";60;186;"GUAPO";"Ausência de reação do condutor";"Atropelamento de Pedestre";"Com Vítimas Feridas";"Plena Noite";"Crescente";"Céu Claro";"Dupla";"Declive";"Sim";5;0;0;1;3;1;1;2;-16,820051;-49,532702;"SPRF-GO";"DEL01-GO";"UOP02-DEL01-GO"
756819;2026-03-08;"domingo";"00:15:00";"SC";101;182,3;"BIGUACU";"Ingestão de álcool pelo condutor";"Capotamento";"Com Vítimas Feridas";"Plena Noite";"Crescente";"Nublado";"Múltipla";"Declive;Curva";"Sim";5;0;3;2;0;0;5;1;-27,40138966;-48,62992383;"SPRF-SC";"DEL01-SC";"UOP01-DEL01-SC"
756820;2026-03-08;"domingo";"00:10:00";"RS";386;444;"CANOAS";"Ausência de reação do condutor";"Tombamento";"Com Vítimas Feridas";"Plena Noite";"Decrescente";"Garoa/Chuvisco";"Dupla";"Reta;Retorno Regulamentado";"Não";1;0;1;0;0;0;1;1;-29,89007069;-51,2091059;"SPRF-RS";"DEL01-RS";"UOP01-DEL01-RS"
756821;2026-03-08;"domingo";"00:30:00";"RS";116;149;"CAXIAS DO SUL";"Manobra de mudança de faixa";"Colisão lateral mesmo sentido";"Sem Vítimas";"Plena Noite";"Decrescente";"Céu Claro";"Dupla";"Reta";"Não";2;0;0;0;2;0;0;2;-29,164281;-51,158369;"SPRF-RS";"DEL05-RS";"UOP01-DEL05-RS"
756822;2026-03-07;"sábado";"22:25:00";"MG";116;375;"MATHIAS LOBATO";"Ultrapassagem Indevida";"Colisão lateral mesmo sentido";"Com Vítimas Feridas";"Plena Noite";"Crescente";"Nublado";"Simples";"Reta";"Sim";2;0;0;1;1;0;1;2;-18,57356989;-41,91318009;"SPRF-MG";"DEL06-MG";"UOP01-DEL06-MG"
756823;2026-03-07;"sábado";"21:40:00";"MG";251;456,8;"FRANCISCO SA";"Transitar na contramão";"Colisão frontal";"Com Vítimas Fatais";"Plena Noite";"Crescente";"Céu Claro";"Simples";"Reta";"Não";2;1;0;0;1;0;0;2;-16,42706027;-43,34092498;"SPRF-MG";"DEL12-MG";"UOP01-DEL12-MG"
756825;2026-03-08;"domingo";"00:00:00";"PR";376;494;"PONTA GROSSA";"Ausência de reação do condutor";"Colisão traseira";"Sem Vítimas";"Pleno dia";"Crescente";"Céu Claro";"Dupla";"Reta";"Sim";3;0;0;0;2;1;0;2;-25,15580128;-50,13318634;"SPRF-PR";"DEL03-PR";"UOP04-DEL03-PR"
756826;2026-03-08;"domingo";"01:40:00";"PR";277;663;"MEDIANEIRA";"Ausência de reação do condutor";"Saída de leito carroçável";"Sem Vítimas";"Plena Noite";"Crescente";"Céu Claro";"Dupla";"Reta";"Não";1;0;0;0;1;0;0;1;-25,25082883;-54,01265144;"SPRF-PR";"DEL05-PR";"UOP02-DEL05-PR"
756827;2026-03-08;"domingo";"01:20:00";"TO";10;454,1;"PALMAS";"Acessar a via sem observar a presença dos outros veículos";"Eventos atípicos";"Com Vítimas Feridas";"Plena Noite";"Decrescente";"Céu Claro";"Múltipla";"Reta";"Sim";3;0;1;1;0;1;2;2;-10,314243;-48,297077;"SPRF-TO";"DEL01-TO";"UOP03-DEL01-TO"
756828;2026-03-08;"domingo";"00:01:00";"PR";376;142,2;"PRESIDENTE CASTELO BRANCO";"Retorno proibido";"Colisão transversal";"Com Vítimas Fatais";"Plena Noite";"Decrescente";"Céu Claro";"Dupla";"Declive;Reta";"Não";6;1;1;1;3;0;2;2;-23,2488;-52,16774;"SPRF-PR";"DEL09-PR";"UOP02-DEL09-PR"
756829;2026-03-07;"sábado";"23:05:00";"MT";70;515;"VARZEA GRANDE";"Reação tardia ou ineficiente do condutor";"Queda de ocupante de veículo";"Com Vítimas Feridas";"Pleno dia";"Decrescente";"Céu Claro";"Simples";"Reta";"Sim";1;0;0;1;0;0;1;1;-15,701901;-56,157285;"SPRF-MT";"DEL01-MT";"UOP02-DEL01-MT"
756830;2026-03-08;"domingo";"00:47:00";"RR";174;4;"BOA VISTA";"Transitar na contramão";"Colisão frontal";"Com Vítimas Fatais";"Plena Noite";"Decrescente";"Céu Claro";"Simples";"Reta";"Não";3;2;0;0;0;1;0;2;2,9246;-60,7129;"SPRF-RR";"DEL01-RR";"UOP01-DEL01-RR"
756831;2026-03-08;"domingo";"02:00:00";"RS";470;224;"GARIBALDI";"Reação tardia ou ineficiente do condutor";"Saída de leito carroçável";"Com Vítimas Feridas";"Plena Noite";"Crescente";"Chuva";"Simples";"Curva";"Não";1;0;1;0;0;0;1;1;-29,22849679;-51,51640534;"SPRF-RS";"DEL06-RS";"UOP01-DEL06-RS"
756833;2026-03-08;"domingo";"02:45:00";"SC";101;42;"JOINVILLE";"Mal súbito do condutor";"Eventos atípicos";"Sem Vítimas";"Plena Noite";"Crescente";"Nublado";"Dupla";"Reta";"Sim";1;0;0;0;1;0;0;1;-26,32363154;-48,86765353;"SPRF-SC";"DEL03-SC";"UOP01-DEL03-SC"
756834;2026-03-08;"domingo";"02:45:00";"PI";343;345,5;"TERESINA";"Transitar na contramão";"Colisão frontal";"Sem Vítimas";"Plena Noite";"Decrescente";"Nublado";"Simples";"Reta";"Sim";2;0;0;0;2;0;0;2;-5,10794;-42,768872;"SPRF-PI";"DEL01-PI";"UOP01-DEL01-PI"
756836;2026-03-08;"domingo";"04:05:00";"SC";101;122,9;"ITAJAI";"Ingestão de álcool pelo condutor";"Saída de leito carroçável";"Sem Vítimas";"Plena Noite";"Crescente";"Céu Claro";"Dupla";"Reta;Viaduto";"Não";1;0;0;0;1;0;0;1;-26,936112;-48,699322;"SPRF-SC";"DEL04-SC";"UOP04-DEL04-SC"
756837;2026-03-08;"domingo";"03:15:00";"RS";386;271;"FONTOURA XAVIER";"Ingestão de álcool pelo condutor";"Saída de leito carroçável";"Sem Vítimas";"Plena Noite";"Crescente";"Céu Claro";"Simples";"Reta";"Não";1;0;0;0;1;0;0;1;-28,989775;-52,365455;"SPRF-RS";"DEL04-RS";"UOP03-DEL04-RS"
756838;2026-03-08;"domingo";"03:15:00";"GO";60;163,9;"GOIANIA";"Ingestão de álcool pelo condutor";"Colisão com objeto";"Com Vítimas Feridas";"Plena Noite";"Decrescente";"Nublado";"Múltipla";"Curva;Declive;Interseção de Vias;Viaduto";"Sim";2;0;1;0;0;1;1;1;-16,71247763;-49,3567216;"SPRF-GO";"DEL01-GO";"UOP02-DEL01-GO"
756839;2026-03-07;"sábado";"20:33:00";"RO";364;309;"PRESIDENTE MEDICI";"Ausência de reação do condutor";"Queda de ocupante de veículo";"Com Vítimas Feridas";"Plena Noite";"Decrescente";"Céu Claro";"Simples";"Reta";"Não";1;0;0;1;0;0;1;1;-11,163062;-61,901794;"SPRF-RO";"DEL02-RO";"UOP01-DEL02-RO"
756840;2026-03-08;"domingo";"03:00:00";"MG";50;75,8;"UBERLANDIA";"Condutor deixou de manter distância do veículo da frente";"Colisão traseira";"Com Vítimas Fatais";"Plena Noite";"Crescente";"Céu Claro";"Dupla";"Reta";"Sim";2;1;0;0;0;1;0;2;-18,927356;-48,221258;"SPRF-MG";"DEL15-MG";"UOP01-DEL15-MG"
756841;2026-03-08;"domingo";"04:50:00";"SC";101;128,1;"CAMBORIU";"Ausência de reação do condutor";"Colisão traseira";"Com Vítimas Feridas";"Plena Noite";"Decrescente";"Nublado";"Dupla";"Reta";"Sim";2;0;0;1;1;0;1;2;-26,974415;-48,682545;"SPRF-SC";"DEL04-SC";"UOP04-DEL04-SC"
756842;2026-03-08;"domingo";"05:30:00";"ES";101;288;"CARIACICA";"Ausência de reação do condutor";"Saída de leito carroçável";"Com Vítimas Feridas";"Amanhecer";"Decrescente";"Céu Claro";"Simples";"Retorno Regulamentado";"Não";1;0;1;0;0;0;1;1;-20,26861;-40,38847;"SPRF-ES";"DEL01-ES";"UOP01-DEL01-ES"
756843;2026-03-08;"domingo";"06:00:00";"ES";101;302;"VIANA";"Transitar na contramão";"Colisão frontal";"Com Vítimas Feridas";"Pleno dia";"Crescente";"Céu Claro";"Dupla";"Declive;Viaduto;Retorno Regulamentado";"Não";2;0;0;1;1;0;1;2;-20,36952893;-40,44418065;"SPRF-ES";"DEL01-ES";"UOP01-DEL01-ES"
756844;2026-03-08;"domingo";"06:10:00";"RS";392;644,8;"GUARANI DAS MISSOES";"Ausência de reação do condutor";"Colisão frontal";"Com Vítimas Fatais";"Amanhecer";"Crescente";"Céu Claro";"Simples";"Reta";"Não";2;2;0;0;0;0;0;2;-28,146928;-54,577514;"SPRF-RS";"DEL10-RS";"UOP01-DEL10-RS"
756846;2026-03-08;"domingo";"03:10:00";"RJ";40;31;"PETROPOLIS";"Ausência de reação do condutor";"Saída de leito carroçável";"Sem Vítimas";"Plena Noite";"Decrescente";"Céu Claro";"Dupla";"Curva";"Não";3;0;0;0;3;0;0;1;-22,28267691;-43,11971417;"SPRF-RJ";"DEL05-RJ";"UOP02-DEL05-RJ"