"id";"data_inversa";"dia_semana";"horario";"uf";"br";"km";"municipio";"causa_acidente";"tipo_acidente";"classificacao_acidente";"fase_dia";"sentido_via";"condicao_metereologica";"tipo_pista";"tracado_via";"uso_solo";"pessoas";"mortos";"feridos_leves";"feridos_graves";"ilesos";"ignorados";"feridos";"veiculos";"latitude";"longitude";"regional";"delegacia";"uop"
756848;2026-03-08;"domingo";"05:50:00";"MS";163;12;"MUNDO NOVO";"Reação tardia ou ineficiente do condutor";"Colisão lateral sentido oposto";"Sem Vítimas";"Pleno dia";"Crescente";"Sol";"Simples";"Reta";"Não";2;0;0;0;1;1;0;2;-23,967748;-54,327821;"SPRF-MS";"DEL09-MS";"UOP02-DEL09-MS"
756850;2026-03-08;"domingo";"06:10:00";"DF";70;13,1;"BRASILIA";"Velocidade Incompatível";"Colisão traseira";"Com Vítimas Feridas";"Pleno dia";"Crescente";"Céu Claro";"Dupla";"Reta";"Sim";4;0;2;0;1;1;2;2;-15,796057;-48,171162;"SPRF-DF";"DEL03-DF";"UOP02-DEL03-DF"
756851;2026-03-08;"domingo";"05:15:00";"PR";376;388,1;"IMBAU";"Demais falhas mecânicas ou elétricas";"Incêndio";"Sem Vítimas";"Amanhecer";"Decrescente";"Céu Claro";"Dupla";"Reta;Aclive";"Não";5;0;0;0;5;0;0;1;-24,49669;-50,723265;"SPRF-PR";"DEL03-PR";"UOP02-DEL03-PR"
756852;2026-03-08;"domingo";"07:00:00";"SC";101;28;"JOINVILLE";"Desrespeitar a preferência no cruzamento";"Colisão transversal";"Com Vítimas Feridas";"Pleno dia";"Decrescente";"Nublado";"Simples";"Rotatória";"Não";2;0;1;0;1;0;1;2;-26,203138;-48,913551;"SPRF-SC";"DEL03-SC";"UOP01-DEL03-SC"
756853;2026-03-08;"domingo";"05:10:00";"SP";381;79;"SAO PAULO";"Ausência de reação do condutor";"Saída de leito carroçável";"Sem Vítimas";"Plena Noite";"Crescente";"Nublado";"Dupla";"Curva";"Sim";1;0;0;0;0;1;0;1;-23,40692887;-46,58036895;"SPRF-SP";"DEL03-SP";"UOP01-DEL03-SP"
756854;2026-03-08;"domingo";"06:05:00";"PR";277;120;"CAMPO LARGO";"Reação tardia ou ineficiente do condutor";"Saída de leito carroçável";"Com Vítimas Feridas";"Amanhecer";"Decrescente";"Céu Claro";"Dupla";"Reta";"Não";2;0;1;0;1;0;1;1;-25,446671;-49,487325;"SPRF-PR";"DEL03-PR";"UOP03-DEL03-PR"
756855;2026-03-08;"domingo";"05:30:00";"PR";373;196;"IPIRANGA";"Reação tardia ou ineficiente do condutor";"Saída de leito carroçável";"Com Vítimas Feridas";"Amanhecer";"Decrescente";"Céu Claro";"Simples";"Curva";"Não";2;0;2;0;0;0;2;1;-25,0738808;-50,39598736;"SPRF-PR";"DEL03-PR";"UOP01-DEL03-PR"
756858;2026-03-08;"domingo";"05:20:00";"GO";60;383,3;"RIO VERDE";"Reação tardia ou ineficiente do condutor";"Colisão com objeto";"Com Vítimas Feridas";"Amanhecer";"Crescente";"Céu Claro";"Dupla";"Reta";"Sim";2;0;1;1;0;0;2;1;-17,799293;-50,917347;"SPRF-GO";"DEL04-GO";"UOP02-DEL04-GO"
756859;2026-03-08;"domingo";"07:20:00";"SP";116;98,5;"PINDAMONHANGABA";"Ingestão de álcool pelo condutor";"Saída de leito carroçável";"Com Vítimas Feridas";"Pleno dia";"Decrescente";"Sol";"Dupla";"Reta";"Não";3;0;3;0;0;0;3;1;-22,97003533;-45,44348896;"SPRF-SP";"DEL08-SP";"UOP01-DEL08-SP"
756860;2026-03-08;"domingo";"05:30:00";"SP";116;49,4;"CANAS";"Condutor Dormindo";"Saída de leito carroçável";"Com Vítimas Feridas";"Pleno dia";"Crescente";"Nublado";"Dupla";"Reta";"Não";1;0;0;1;0;0;1;1;-22,72390807;-45,06754022;"SPRF-SP";"DEL08-SP";"UOP02-DEL08-SP"
756862;2026-03-08;"domingo";"06:30:00";"RS";293;339;"SANTANA DO LIVRAMENTO";"Animais na Pista";"Saída de leito carroçável";"Sem Vítimas";"Pleno dia";"Decrescente";"Céu Claro";"Simples";"Reta";"Sim";1;0;0;0;1;0;0;1;-30,858464;-55,543957;"SPRF-RS";"DEL11-RS";"UOP01-DEL11-RS"
756863;2026-03-08;"domingo";"07:40:00";"AL";101;109;"PILAR";"Transitar na contramão";"Colisão frontal";"Com Vítimas Fatais";"Pleno dia";"Crescente";"Céu Claro";"Dupla";"Reta;Aclive";"Não";2;1;0;0;1;0;0;2;-9,599703;-36,013883;"SPRF-AL";"DEL02-AL";"UOP01-DEL02-AL"
756865;2026-03-08;"domingo";"06:20:00";"MT";163;823;"SINOP";"Ausência de reação do condutor";"Saída de leito carroçável";"Sem Vítimas";"Amanhecer";"Crescente";"Sol";"Simples";"Retorno Regulamentado";"Sim";1;0;0;0;0;1;0;1;-11,95915233;-55,51669514;"SPRF-MT";"DEL06-MT";"UOP02-DEL06-MT"
756866;2026-03-08;"domingo";"08:00:00";"RJ";40;123;"DUQUE DE CAXIAS";"Demais falhas mecânicas ou elétricas";"Saída de leito carroçável";"Com Vítimas Feridas";"Pleno dia";"Crescente";"Céu Claro";"Múltipla";"Reta;Interseção de Vias";"Sim";1;0;1;0;0;0;1;1;-22,80126509;-43,2906579;"SPRF-RJ";"DEL01-RJ";"UOP02-DEL01-RJ"
756868;2026-03-08;"domingo";"07:45:00";"ES";262;57;"MARECHAL FLORIANO";"Velocidade Incompatível";"Tombamento";"Com Vítimas Feridas";"Pleno dia";"Crescente";"Sol";"Simples";"Curva";"Não";1;0;0;1;0;0;1;1;-20,420452;-40,767082;"SPRF-ES";"DEL01-ES";"UOP01-DEL01-ES"
756869;2026-03-08;"domingo";"05:51:00";"MT";163;707;"SORRISO";"Condutor Dormindo";"Saída de leito carroçável";"Sem Vítimas";"Amanhecer";"Decrescente";"Garoa/Chuvisco";"Simples";"Reta";"Não";1;0;0;0;0;1;0;1;-12,918279;-55,854954;"SPRF-MT";"DEL06-MT";"UOP01-DEL06-MT"
756870;2026-03-08;"domingo";"05:55:00";"SC";163;74,4;"SAO MIGUEL DO OESTE";"Transitar na contramão";"Colisão frontal";"Com Vítimas Feridas";"Amanhecer";"Crescente";"Nevoeiro/Neblina";"Simples";"Curva;Aclive";"Sim";5;0;2;0;3;0;2;2;-26,69504024;-53,51587415;"SPRF-SC";"DEL07-SC";"UOP03-DEL07-SC"
756872;2026-03-08;"domingo";"07:00:00";"RO";319;143;"PORTO VELHO";"Entrada inopinada do pedestre";"Atropelamento de Pedestre";"Com Vítimas Feridas";"Pleno dia";"Decrescente";"Céu Claro";"Dupla";"Reta";"Sim";2;0;1;0;1;0;1;2;-8,75793342;-63,88597012;"SPRF-RO";"DEL01-RO";"UOP01-DEL01-RO"
756876;2026-03-08;"domingo";"07:45:00";"SC";282;490;"FAXINAL DOS GUEDES";"Reação tardia ou ineficiente do condutor";"Saída de leito carroçável";"Com Vítimas Feridas";"Pleno dia";"Decrescente";"Céu Claro";"Simples";"Reta";"Não";2;0;1;0;0;1;1;2;-26,87283522;-52,27908039;"SPRF-SC";"DEL07-SC";"UOP01-DEL07-SC"
756877;2026-03-08;"domingo";"08:10:00";"SP";116;324;"JUQUITIBA";"Reação tardia ou ineficiente do condutor";"Saída de leito carroçável";"Sem Vítimas";"Pleno dia";"Crescente";"Céu Claro";"Dupla";"Curva";"Não";1;0;0;0;1;0;0;1;-23,93983104;-47,04162802;"SPRF-SP";"DEL04-SP";"UOP03-DEL04-SP"
756878;2026-03-08;"domingo";"08:40:00";"PE";408;83;"SAO LOURENCO DA MATA";"Falta de elemento de contenção que evite a saída do leito carroçável";"Saída de leito carroçável";"Com Vítimas Feridas";"Pleno dia";"Crescente";"Céu Claro";"Dupla";"Reta";"Não";1;0;1;0;0;0;1;1;-8,00124;-35,058695;"SPRF-PE";"DEL01-PE";"UOP01-DEL01-PE"
756879;2026-03-08;"domingo";"08:30:00";"MG";262;400;"PARA DE MINAS";"Velocidade Incompatível";"Tombamento";"Com Vítimas Feridas";"Pleno dia";"Crescente";"Nublado";"Simples";"Reta;Retorno Regulamentado;Declive";"Não";1;0;1;0;0;0;1;1;-19,88761537;-44,64115637;"SPRF-MG";"DEL01-MG";"UOP03-DEL01-MG"
756880;2026-03-08;"domingo";"07:10:00";"RO";364;211,9;"PIMENTA BUENO";"Transitar na contramão";"Colisão frontal";"Com Vítimas Feridas";"Pleno dia";"Crescente";"Céu Claro";"Simples";"Reta";"Não";2;0;1;0;1;0;1;2;-11,578893;-61,268228;"SPRF-RO";"DEL02-RO";"UOP02-DEL02-RO"
756881;2026-03-08;"domingo";"07:50:00";"ES";101;437;"MIMOSO DO SUL";"Ausência de reação do condutor";"Tombamento";"Com Vítimas Feridas";"Pleno dia";"Crescente";"Céu Claro";"Simples";"Reta";"Não";2;0;0;2;0;0;2;1;-21,067;-41,222;"SPRF-ES";"DEL03-ES";"UOP02-DEL03-ES"
756882;2026-03-08;"domingo";"00:18:00";"AC";364;155;"BUJARI";"Ausência de reação do condutor";"Atropelamento de Pedestre";"Com Vítimas Feridas";"Plena Noite";"Decrescente";"Céu Claro";"Simples";"Reta";"Não";3;0;1;0;0;2;1;3;-9,831103;-67,951058;"SPRF-AC";"DEL01-AC";"UOP01-DEL01-AC"
756883;2026-03-08;"domingo";"08:20:00";"MG";262;383;"FLORESTAL";"Velocidade Incompatível";"Colisão transversal";"Com Vítimas Fatais";"Pleno dia";"Crescente";"Céu Claro";"Dupla";"Curva";"Não";4;1;0;0;3;0;0;2;-19,91870937;-44,49075258;"SPRF-MG";"DEL01-MG";"UOP03-DEL01-MG"
756884;2026-03-08;"domingo";"14:30:00";"MG";381;480;"CONTAGEM";"Ausência de reação do condutor";"Colisão traseira";"Com Vítimas Feridas";"Pleno dia";"Crescente";"Céu Claro";"Dupla";"Reta";"Não";4;0;3;0;1;0;3;2;-19,95836128;-44,0573802;"SPRF-MG";"DEL01-MG";"UOP03-DEL01-MG"
756885;2026-03-08;"domingo";"09:00:00";"MG";365;649;"UBERLANDIA";"Ausência de reação do condutor";"Colisão com objeto";"Com Vítimas Feridas";"Pleno dia";"Decrescente";"Sol";"Dupla";"Reta";"Não";1;0;1;0;0;0;1;1;-18,871253;-48,548618;"SPRF-MG";"DEL15-MG";"UOP01-DEL15-MG"
756886;2026-03-08;"domingo";"10:00:00";"GO";60;46;"ALEXANIA";"Reação tardia ou ineficiente do condutor";"Saída de leito carroçável";"Com Vítimas Feridas";"Pleno dia";"Decrescente";"Céu Claro";"Dupla";"Aclive;Curva";"Não";1;0;0;1;0;0;1;1;-16,144069;-48,599922;"SPRF-GO";"DEL02-GO";"UOP01-DEL02-GO"
756887;2026-03-04;"quarta-feira";"19:55:00";"RS";116;249;"SAO LEOPOLDO";"Manobra de mudança de faixa";"Colisão lateral mesmo sentido";"Com Vítimas Feridas";"Plena Noite";"Crescente";"Nublado";"Dupla";"Reta";"Sim";2;0;1;0;1;0;1;2;-29,78025776;-51,1581044;"SPRF-RS";"DEL01-RS";"UOP02-DEL01-RS"
756889;2026-03-08;"domingo";"09:35:00";"PR";277;661,3;"MATELANDIA";"Velocidade Incompatível";"Tombamento";"Com Vítimas Feridas";"Pleno dia";"Decrescente";"Sol";"Dupla";"Aclive";"Não";2;0;2;0;0;0;2;1;-25,25190594;-53,9875567;"SPRF-PR";"DEL05-PR";"UOP02-DEL05-PR"
756891;2026-03-08;"domingo";"09:00:00";"SC";101;164;"TIJUCAS";"Reação tardia ou ineficiente do condutor";"Colisão lateral mesmo sentido";"Sem Vítimas";"Pleno dia";"Crescente";"Céu Claro";"Dupla";"Reta";"Não";2;0;0;0;1;1;0;2;-27,24759;-48,63119;"SPRF-SC";"DEL04-SC";"UOP03-DEL04-SC"
756893;2026-03-08;"domingo";"09:45:00";"SC";101;129;"CAMBORIU";"Trafegar com motocicleta (ou similar) entre as faixas";"Colisão lateral mesmo sentido";"Com Vítimas Feridas";"Pleno dia";"Decrescente";"Céu Claro";"Dupla";"Reta";"Sim";3;0;0;1;2;0;1;2;-26,9820524;-48,6756134;"SPRF-SC";"DEL04-SC";"UOP03-DEL04-SC"
756894;2026-03-08;"domingo";"09:05:00";"RS";116;323;"BARRA DO RIBEIRO";"Reação tardia ou ineficiente do condutor";"Tombamento";"Com Vítimas Feridas";"Pleno dia";"Decrescente";"Céu Claro";"Dupla";"Reta";"Não";1;0;0;1;0;0;1;1;-30,312536;-51,417146;"SPRF-RS";"DEL02-RS";"UOP01-DEL02-RS"
756895;2026-03-08;"domingo";"10:00:00";"MG";50;26,9;"ARAGUARI";"Reação tardia ou ineficiente do condutor";"Saída de leito carroçável";"Com Vítimas Feridas";"Pleno dia";"Decrescente";"Céu Claro";"Dupla";"Declive;Reta";"Não";1;0;1;0;0;0;1;1;-18,61773435;-48,08491454;"SPRF-MG";"DEL15-MG";"UOP02-DEL15-MG"
756896;2026-03-08;"domingo";"09:00:00";"MS";163;12;"MUNDO NOVO";"Ausência de reação do condutor";"Colisão traseira";"Sem Vítimas";"Pleno dia";"Crescente";"Céu Claro";"Simples";"Reta";"Não";3;0;0;0;2;1;0;2;-23,961;-54,321;"SPRF-MS";"DEL09-MS";"UOP02-DEL09-MS"
756897;2026-03-08;"domingo";"09:00:00";"PB";230;139,8;"MASSARANDUBA";"Ausência de reação do condutor";"Saída de leito carroçável";"Com Vítimas Feridas";"Pleno dia";"Crescente";"Sol";"Dupla";"Reta";"Não";1;0;1;0;0;0;1;1;-7,266272;-35,800862;"SPRF-PB";"DEL02-PB";"UOP01-DEL02-PB"
756898;2026-03-08;"domingo";"11:20:00";"RS";116;217;"MORRO REUTER";"Conversão proibida";"Colisão transversal";"Sem Vítimas";"Pleno dia";"Crescente";"Nublado";"Simples";"Reta";"Sim";3;0;0;0;3;0;0;2;-29,54201986;-51,08060572;"SPRF-RS";"DEL05-RS";"UOP02-DEL05-RS"
756899;2026-03-08;"domingo";"11:10:00";"SC";470;114;"IBIRAMA";"Conversão proibida";"Colisão frontal";"Com Vítimas Feridas";"Pleno dia";"Crescente";"Céu Claro";"Simples";"Reta";"Sim";3;0;1;1;1;0;2;2;-27,0813088;-49,4843257;"SPRF-SC";"DEL04-SC";"UOP02-DEL04-SC"
756901;2026-03-08;"domingo";"11:15:00";"ES";101;238;"FUNDAO";"Conversão proibida";"Colisão frontal";"Com Vítimas Feridas";"Pleno dia";"Crescente";"Sol";"Simples";"Curva";"Não";2;0;1;0;1;0;1;2;-20,00196;-40,41321;"SPRF-ES";"DEL02-ES";"UOP01-DEL02-ES"
756903;2026-03-08;"domingo";"11:30:00";"ES";101;291,9;"CARIACICA";"Restrição de visibilidade em curvas horizontais";"Colisão lateral sentido oposto";"Com Vítimas Feridas";"Pleno dia";"Crescente";"Céu Claro";"Dupla";"Retorno Regulamentado;Curva";"Não";3;0;3;0;0;0;3;2;-20,30613527;-40,39534343;"SPRF-ES";"DEL01-ES";"UOP01-DEL01-ES"
756904;2026-03-08;"domingo";"10:20:00";"MG";381;243;"SANTANA DO PARAISO";"Acessar a via sem observar a presença dos outros veículos";"Colisão lateral mesmo sentido";"Com Vítimas Feridas";"Pleno dia";"Decrescente";"Céu Claro";"Simples";"Interseção de Vias";"Não";2;0;1;0;1;0;1;2;-19,45385074;-42,52111886;"SPRF-MG";"DEL06-MG";"UOP01-DEL06-MG"
756906;2026-03-08;"domingo";"10:15:00";"RJ";116;138;"MAGE";"Ausência de reação do condutor";"Colisão com objeto";"Sem Vítimas";"Pleno dia";"Decrescente";"Céu Claro";"Dupla";"Reta";"Sim";1;0;0;0;0;1;0;1;-22,65935249;-43,09125326;"SPRF-RJ";"DEL04-RJ";"UOP02-DEL04-RJ"
756907;2026-03-08;"domingo";"12:36:00";"SP";116;223;"GUARULHOS";"Ausência de reação do condutor";"Tombamento";"Com Vítimas Feridas";"Pleno dia";"Crescente";"Sol";"Múltipla";"Reta";"Sim";1;0;1;0;0;0;1;1;-23,4817114;-46,53371879;"SPRF-SP";"DEL01-SP";"UOP01-DEL01-SP"
756908;2026-03-08;"domingo";"13:00:00";"RS";290;90;"PORTO ALEGRE";"Reação tardia ou ineficiente do condutor";"Capotamento";"Com Vítimas Feridas";"Pleno dia";"Decrescente";"Céu Claro";"Múltipla";"Reta";"Não";2;0;2;0;0;0;2;1;-29,9713171;-51,1727545;"SPRF-RS";"DEL01-RS";"UOP01-DEL01-RS"
756909;2026-03-08;"domingo";"12:30:00";"SC";101;92;"BARRA VELHA";"Condutor Dormindo";"Colisão com objeto";"Com Vítimas Feridas";"Pleno dia";"Decrescente";"Céu Claro";"Dupla";"Reta";"Sim";1;0;1;0;0;0;1;1;-26,67980698;-48,69239045;"SPRF-SC";"DEL03-SC";"UOP02-DEL03-SC"
756910;2026-03-08;"domingo";"08:40:00";"MG";153;30;"CANAPOLIS";"Condutor Dormindo";"Saída de leito carroçável";"Com Vítimas Feridas";"Pleno dia";"Crescente";"Céu Claro";"Dupla";"Reta";"Não";1;0;1;0;0;0;1;1;-18,68332552;-49,153862;"SPRF-MG";"DEL15-MG";"UOP03-DEL15-MG"
756914;2026-03-08;"domingo";"10:15:00";"PR";376;182;"MARINGA";"Acessar a via sem observar a presença dos outros veículos";"Colisão transversal";"Com Vítimas Feridas";"Pleno dia";"Decrescente";"Céu Claro";"Dupla";"Interseção de Vias;Rotatória";"Sim";2;0;1;0;1;0;1;2;-23,431291;-51,88751;"SPRF-PR";"DEL09-PR";"UOP01-DEL09-PR"
756918;2026-03-08;"domingo";"11:45:00";"MT";163;882;"CLAUDIA";"Ausência de reação do condutor";"Saída de leito carroçável";"Com Vítimas Feridas";"Pleno dia";"Decrescente";"Céu Claro";"Simples";"Reta";"Não";2;0;1;0;1;0;1;1;-11,465885;-55,359586;"SPRF-MT";"DEL06-MT";"UOP02-DEL06-MT"
756919;2026-03-08;"domingo";"13:20:00";"PR";476;175;"CONTENDA";"Reação tardia ou ineficiente do condutor";"Tombamento";"Com Vítimas Feridas";"Pleno dia";"Decrescente";"Chuva";"Simples";"Reta";"Não";1;0;1;0;0;0;1;1;-25,69421926;-49,55244541;"SPRF-PR";"DEL01-PR";"UOP06-DEL01-PR"
756920;2026-02-20;"sexta-feira";"13:00:00";"SP";381;87;"SAO PAULO";"Trafegar com motocicleta (ou similar) entre as faixas";"Colisão transversal";"Com Vítimas Feridas";"Pleno dia";"Crescente";"Céu Claro";"Múltipla";"Reta;Em Obras";"Sim";3;0;3;0;0;0;3;2;-23,47293024;-46,56301975;"SPRF-SP";"DEL03-SP";"UOP01-DEL03-SP"
756921;2026-03-08;"domingo";"12:30:00";"BA";116;4,5;"VITORIA DA CONQUISTA";"Animais na Pista";"Queda de ocupante de veículo";"Com Vítimas Feridas";"Pleno dia";"Decrescente";"Céu Claro";"Simples";"Reta";"Não";2;0;2;0;0;0;2;1;-14,825645;-40,873875;"SPRF-BA";"DEL08-BA";"UOP01-DEL08-BA"
756922;2026-03-08;"domingo";"12:30:00";"PR";277;168,5;"PALMEIRA";"Ausência de reação do condutor";"Saída de leito carroçável";"Com Vítimas Feridas";"Pleno dia";"Crescente";"Céu Claro";"Simples";"Aclive;Curva;Em Obras";"Não";1;0;0;1;0;0;1;1;-25,46374;-49,93009;"SPRF-PR";"DEL03-PR";"UOP03-DEL03-PR"
756924;2026-03-08;"domingo";"14:15:00";"PR";487;31;"ICARAIMA";"Conversão proibida";"Colisão frontal";"Com Vítimas Feridas";"Pleno dia";"Decrescente";"Céu Claro";"Simples";"Reta";"Não";4;0;1;0;3;0;1;2;-23,413037;-53,573778;"SPRF-PR";"DEL06-PR";"UOP03-DEL06-PR"
756926;2026-03-08;"domingo";"14:00:00";"PR";369;35,7;"ANDIRA";"Ausência de reação do condutor";"Colisão traseira";"Com Vítimas Feridas";"Pleno dia";"Decrescente";"Céu Claro";"Dupla";"Declive;Reta";"Sim";2;0;0;1;1;0;1;2;-23,03736115;-50,22408946;"SPRF-PR";"DEL07-PR";"UOP05-DEL07-PR"
756927;2026-03-08;"domingo";"11:00:00";"RN";226;355,9;"ALMINO AFONSO";"Manobra de mudança de faixa";"Colisão transversal";"Com Vítimas Feridas";"Pleno dia";"Crescente";"Sol";"Simples";"Curva";"Não";3;0;0;2;1;0;2;2;-6,151297;-37,778221;"SPRF-RN";"DEL04-RN";"UOP01-DEL04-RN"
756928;2026-03-08;"domingo";"13:50:00";"RS";290;489,7;"ROSARIO DO SUL";"Afundamento ou ondulação no pavimento";"Saída de leito carroçável";"Com Vítimas Feridas";"Pleno dia";"Decrescente";"Céu Claro";"Simples";"Reta";"Não";1;0;1;0;0;0;1;1;-30,23682366;-55,02004623;"SPRF-RS";"DEL11-RS";"UOP02-DEL11-RS"
756929;2026-03-08;"domingo";"13:50:00";"PR";476;218;"LAPA";"Reação tardia ou ineficiente do condutor";"Saída de leito carroçável";"Com Vítimas Fatais";"Pleno dia";"Decrescente";"Chuva";"Simples";"Curva";"Não";1;1;0;0;0;0;0;1;-25,81068;-49,90852;"SPRF-PR";"DEL01-PR";"UOP06-DEL01-PR"
756930;2026-03-08;"domingo";"14:15:00";"RS";470;228,3;"GARIBALDI";"Reação tardia ou ineficiente do condutor";"Colisão transversal";"Com Vítimas Feridas";"Pleno dia";"Crescente";"Nublado";"Simples";"Curva;Interseção de Vias";"Não";4;0;2;0;2;0;2;2;-29,26413913;-51,50201647;"SPRF-RS";"DEL06-RS";"UOP01-DEL06-RS"
756933;2026-03-08;"domingo";"14:55:00";"MG";40;458;"CAETANOPOLIS";"Manobra de mudança de faixa";"Tombamento";"Com Vítimas Feridas";"Pleno dia";"Crescente";"Céu Claro";"Simples";"Reta;Aclive";"Não";1;0;1;0;0;0;1;1;-19,37902;-44,33822;"SPRF-MG";"DEL02-MG";"UOP01-DEL02-MG"
756935;2026-03-08;"domingo";"04:50:00";"PI";135;561;"CORRENTE";"Velocidade Incompatível";"Saída de leito carroçável";"Com Vítimas Feridas";"Amanhecer";"Decrescente";"Céu Claro";"Simples";"Reta";"Não";2;0;2;0;0;0;2;1;-10,179028;-45,18115;"SPRF-PI";"DEL03-PI";"UOP02-DEL03-PI"
756936;2026-03-08;"domingo";"14:45:00";"SP";116;157,4;"SAO JOSE DOS CAMPOS";"Manobra de mudança de faixa";"Colisão lateral mesmo sentido";"Com Vítimas Feridas";"Pleno dia";"Decrescente";"Chuva";"Dupla";"Reta";"Sim";2;0;1;0;0;1;1;2;-23,2574267;-45,94665337;"SPRF-SP";"DEL02-SP";"UOP01-DEL02-SP"
756937;2026-03-08;"domingo";"14:40:00";"SC";280;24;"ARAQUARI";"Acessar a via sem observar a presença dos outros veículos";"Colisão transversal";"Com Vítimas Feridas";"Pleno dia";"Crescente";"Céu Claro";"Simples";"Reta";"Sim";2;0;1;0;1;0;1;2;-26,37537667;-48,71724129;"SPRF-SC";"DEL03-SC";"UOP03-DEL03-SC"
756938;2026-03-08;"domingo";"15:20:00";"PB";230;107,6;"INGA";"Condutor deixou de manter distância do veículo da frente";"Colisão traseira";"Com Vítimas Feridas";"Pleno dia";"Crescente";"Céu Claro";"Dupla";"Reta";"Não";3;0;2;0;1;0;2;2;-7,202432;-35,551562;"SPRF-PB";"DEL01-PB";"UOP02-DEL01-PB"
756939;2026-03-08;"domingo";"14:08:00";"PE";232;203;"PESQUEIRA";"Reação tardia ou ineficiente do condutor";"Colisão lateral mesmo sentido";"Sem Vítimas";"Pleno dia";"Crescente";"Céu Claro";"Simples";"Reta";"Não";2;0;0;0;2;0;0;2;-8,371927;-36,63585;"SPRF-PE";"DEL03-PE";"UOP02-DEL03-PE"
756940;2026-03-08;"domingo";"15:40:00";"RN";304;297,2;"MACAIBA";"Avarias e/ou desgaste excessivo no pneu";"Tombamento";"Com Vítimas Feridas";"Pleno dia";"Crescente";"Sol";"Dupla";"Reta";"Não";2;0;1;1;0;0;2;1;-5,865627;-35,340188;"SPRF-RN";"DEL01-RN";"UOP02-DEL01-RN"
756941;2026-03-08;"domingo";"15:00:00";"SC";470;70,3;"INDAIAL";"Velocidade Incompatível";"Colisão lateral mesmo sentido";"Com Vítimas Feridas";"Pleno dia";"Decrescente";"Céu Claro";"Simples";"Reta;Em Obras;Declive;Viaduto";"Não";2;0;1;0;1;0;1;2;-26,89095674;-49,25630093;"SPRF-SC";"DEL04-SC";"UOP01-DEL04-SC"
756942;2026-03-08;"domingo";"13:10:00";"MS";163;261,7;"DOURADOS";"Avarias e/ou desgaste excessivo no pneu";"Colisão com objeto";"Sem Vítimas";"Pleno dia";"Decrescente";"Céu Claro";"Dupla";"Reta";"Não";1;0;0;0;0;1;0;1;-22,236;-54,758747;"SPRF-MS";"DEL04-MS";"UOP01-DEL04-MS"
756943;2026-03-08;"domingo";"14:30:00";"ES";262;106;"VENDA NOVA DO IMIGRANTE";"Ausência de reação do condutor";"Colisão traseira";"Com Vítimas Feridas";"Pleno dia";"Decrescente";"Céu Claro";"Simples";"Reta";"Sim";5;0;1;0;4;0;1;2;-20,328;-41,149;"SPRF-ES";"DEL01-ES";"UOP02-DEL01-ES"
756948;2026-03-08;"domingo";"04:50:00";"RS";116;241;"NOVO HAMBURGO";"Ingestão de álcool pelo condutor";"Saída de leito carroçável";"Sem Vítimas";"Plena Noite";"Crescente";"Nublado";"Dupla";"Curva;Em Obras;Viaduto";"Sim";1;0;0;0;1;0;0;1;-29,71226875;-51,14832966;"SPRF-RS";"DEL01-RS";"UOP02-DEL01-RS"
756949;2026-03-08;"domingo";"15:00:00";"BA";415;22;"ILHEUS";"Reação tardia ou ineficiente do condutor";"Tombamento";"Com Vítimas Feridas";"Pleno dia";"Decrescente";"Céu Claro";"Dupla";"Curva";"Não";3;0;3;0;0;0;3;2;-14,79959434;-39,15868342;"SPRF-BA";"DEL05-BA";"UOP01-DEL05-BA"
756950;2026-03-08;"domingo";"16:18:00";"SC";280;38;"ARAQUARI";"Ausência de reação do condutor";"Colisão com objeto";"Com Vítimas Feridas";"Pleno dia";"Crescente";"Chuva";"Simples";"Em Obras;Curva";"Não";1;0;1;0;0;0;1;1;-26,44747894;-48,82031187;"SPRF-SC";"DEL03-SC";"UOP03-DEL03-SC"
756951;2026-03-08;"domingo";"16:30:00";"MG";381;487;"BETIM";"Reação tardia ou ineficiente do condutor";"Colisão com objeto";"Com Vítimas Feridas";"Pleno dia";"Decrescente";"Céu Claro";"Dupla";"Reta;Aclive";"Não";5;0;3;0;2;0;3;1;-19,95583917;-44,11794142;"SPRF-MG";"DEL01-MG";"UOP03-DEL01-MG"
756952;2026-03-08;"domingo";"15:50:00";"SP";101;47;"UBATUBA";"Condutor deixou de manter distância do veículo da frente";"Engavetamento";"Com Vítimas Feridas";"Pleno dia";"Crescente";"Nublado";"Simples";"Reta";"Sim";5;0;2;0;3;0;2;3;-23,43005216;-45,08258765;"SPRF-SP";"DEL06-SP";"UOP01-DEL06-SP"
756953;2026-03-08;"domingo";"17:00:00";"TO";153;690;"CARIRI DO TOCANTINS";"Transitar na contramão";"Colisão frontal";"Com Vítimas Fatais";"Pleno dia";"Crescente";"Nublado";"Simples";"Reta";"Não";2;1;0;1;0;0;1;2;-11,87469654;-49,15839896;"SPRF-TO";"DEL01-TO";"UOP02-DEL01-TO"
756954;2026-03-08;"domingo";"09:30:00";"SC";282;548;"CHAPECO";"Reação tardia ou ineficiente do condutor";"Colisão traseira";"Com Vítimas Feridas";"Pleno dia";"Crescente";"Nublado";"Simples";"Reta";"Não";1;0;0;1;0;0;1;1;-26,96755918;-52,75492533;"SPRF-SC";"DEL07-SC";"UOP01-DEL07-SC"
756955;2026-03-08;"domingo";"16:10:00";"PR";272;564;"GUAIRA";"Acessar a via sem observar a presença dos outros veículos";"Colisão transversal";"Com Vítimas Feridas";"Pleno dia";"Crescente";"Céu Claro";"Simples";"Rotatória";"Não";3;0;0;1;2;0;1;2;-24,09297966;-54,19685332;"SPRF-PR";"DEL06-PR";"UOP01-DEL06-PR"