"id";"data_inversa";"dia_semana";"horario";"uf";"br";"km";"municipio";"causa_acidente";"tipo_acidente";"classificacao_acidente";"fase_dia";"sentido_via";"condicao_metereologica";"tipo_pista";"tracado_via";"uso_solo";"pessoas";"mortos";"feridos_leves";"feridos_graves";"ilesos";"ignorados";"feridos";"veiculos";"latitude";"longitude";"regional";"delegacia";"uop"
757273;2026-03-09;"segunda-feira";"18:05:00";"PE";428;150,3;"PETROLINA";"Ultrapassagem Indevida";"Colisão frontal";"Com Vítimas Feridas";"Anoitecer";"Crescente";"Céu Claro";"Simples";"Reta";"Não";3;0;1;1;1;0;2;2;-9,080605;-40,317593;"SPRF-PE";"DEL06-PE";"UOP01-DEL06-PE"
757275;2026-03-09;"segunda-feira";"17:40:00";"MT";364;237;"JUSCIMEIRA";"Ingestão de álcool pelo condutor";"Saída de leito carroçável";"Com Vítimas Feridas";"Anoitecer";"Crescente";"Céu Claro";"Dupla";"Reta;Em Obras;Declive";"Não";2;0;1;1;0;0;2;1;-16,20090491;-54,78218291;"SPRF-MT";"DEL02-MT";"UOP01-DEL02-MT"
757277;2026-03-09;"segunda-feira";"18:10:00";"PR";163;133,3;"CAPITAO LEONIDAS MARQUES";"Velocidade Incompatível";"Colisão lateral mesmo sentido";"Com Vítimas Feridas";"Plena Noite";"Crescente";"Céu Claro";"Dupla";"Declive";"Não";2;0;1;0;1;0;1;2;-25,528543;-53,596711;"SPRF-PR";"DEL05-PR";"UOP05-DEL05-PR"
757278;2026-03-09;"segunda-feira";"20:00:00";"BA";367;67,8;"SANTA CRUZ CABRALIA";"Transitar na contramão";"Colisão frontal";"Com Vítimas Fatais";"Plena Noite";"Crescente";"Céu Claro";"Simples";"Curva";"Não";3;3;0;0;0;0;0;2;-16,386865;-39,450448;"SPRF-BA";"DEL09-BA";"UOP03-DEL09-BA"
757281;2026-03-09;"segunda-feira";"21:00:00";"PI";343;23,2;"PARNAIBA";"Pedestre andava na pista";"Atropelamento de Pedestre";"Com Vítimas Feridas";"Plena Noite";"Decrescente";"Nublado";"Simples";"Reta";"Não";2;0;0;1;1;0;1;2;-3,0116746;-41,76793724;"SPRF-PI";"DEL05-PI";"UOP01-DEL05-PI"
757284;2026-03-09;"segunda-feira";"21:35:00";"RJ";40;104;"DUQUE DE CAXIAS";"Conversão proibida";"Colisão transversal";"Com Vítimas Feridas";"Plena Noite";"Crescente";"Chuva";"Dupla";"Curva";"Sim";4;0;1;0;3;0;1;2;-22,62983749;-43,28562561;"SPRF-RJ";"DEL01-RJ";"UOP02-DEL01-RJ"
757285;2026-03-09;"segunda-feira";"20:00:00";"SC";101;365,6;"SANGAO";"Ausência de reação do condutor";"Saída de leito carroçável";"Com Vítimas Feridas";"Plena Noite";"Decrescente";"Céu Claro";"Dupla";"Reta";"Não";1;0;1;0;0;0;1;1;-28,68774355;-49,15688887;"SPRF-SC";"DEL02-SC";"UOP01-DEL02-SC"
757286;2026-03-09;"segunda-feira";"19:40:00";"RS";101;82;"OSORIO";"Manobra de mudança de faixa";"Colisão traseira";"Com Vítimas Feridas";"Plena Noite";"Crescente";"Garoa/Chuvisco";"Dupla";"Curva";"Não";3;0;2;0;1;0;2;2;-29,84841841;-50,24532115;"SPRF-RS";"DEL03-RS";"UOP01-DEL03-RS"
757287;2026-03-09;"segunda-feira";"20:40:00";"MA";316;595,7;"TIMON";"Pedestre andava na pista";"Atropelamento de Pedestre";"Com Vítimas Feridas";"Plena Noite";"Decrescente";"Chuva";"Simples";"Reta";"Sim";2;0;0;1;1;0;1;2;-5,015944;-42,993204;"SPRF-MA";"DEL03-MA";"UOP02-DEL03-MA"
757288;2026-01-25;"domingo";"11:45:00";"TO";153;648;"DUERE";"Acessar a via sem observar a presença dos outros veículos";"Saída de leito carroçável";"Com Vítimas Feridas";"Pleno dia";"Crescente";"Céu Claro";"Simples";"Reta";"Não";1;0;1;0;0;0;1;1;-11,5161;-49,0121;"SPRF-TO";"DEL01-TO";"UOP02-DEL01-TO"
757291;2026-03-09;"segunda-feira";"20:50:00";"MG";262;404,6;"IGARATINGA";"Ausência de reação do condutor";"Saída de leito carroçável";"Com Vítimas Feridas";"Plena Noite";"Decrescente";"Nublado";"Dupla";"Curva";"Não";1;0;0;1;0;0;1;1;-19,9095;-44,67499;"SPRF-MG";"DEL01-MG";"UOP03-DEL01-MG"
757292;2026-03-09;"segunda-feira";"22:50:00";"MG";381;518;"IGARAPE";"Ausência de reação do condutor";"Colisão com objeto";"Com Vítimas Feridas";"Plena Noite";"Decrescente";"Céu Claro";"Dupla";"Reta";"Não";1;0;1;0;0;0;1;1;-20,11308855;-44,3092947;"SPRF-MG";"DEL01-MG";"UOP03-DEL01-MG"
757293;2026-03-09;"segunda-feira";"21:30:00";"MT";364;199,3;"RONDONOPOLIS";"Reação tardia ou ineficiente do condutor";"Colisão traseira";"Com Vítimas Feridas";"Plena Noite";"Decrescente";"Nublado";"Simples";"Aclive;Reta";"Sim";2;0;1;0;0;1;1;2;-16,508485;-54,619435;"SPRF-MT";"DEL02-MT";"UOP01-DEL02-MT"
757294;2026-03-09;"segunda-feira";"22:50:00";"SE";349;24;"JAPOATA";"Ausência de sinalização";"Colisão com objeto";"Com Vítimas Feridas";"Plena Noite";"Crescente";"Céu Claro";"Simples";"Reta";"Não";1;0;0;1;0;0;1;1;-10,34894819;-36,77248478;"SPRF-SE";"DEL02-SE";"UOP02-DEL02-SE"
757295;2026-03-09;"segunda-feira";"17:40:00";"SC";153;50;"VARGEM BONITA";"Condutor deixou de manter distância do veículo da frente";"Colisão traseira";"Com Vítimas Feridas";"Pleno dia";"Crescente";"Garoa/Chuvisco";"Simples";"Declive;Reta";"Não";2;0;1;0;0;1;1;2;-26,914636;-51,799293;"SPRF-SC";"DEL07-SC";"UOP07-DEL07-SC"
757298;2026-03-10;"terça-feira";"01:20:00";"PR";277;311;"PRUDENTOPOLIS";"Condutor Dormindo";"Saída de leito carroçável";"Sem Vítimas";"Plena Noite";"Decrescente";"Céu Claro";"Simples";"Reta";"Não";1;0;0;0;1;0;0;1;-25,3182;-51,1895;"SPRF-PR";"DEL08-PR";"UOP01-DEL08-PR"
757299;2026-03-10;"terça-feira";"02:10:00";"TO";153;150,1;"ARAGUAINA";"Animais na Pista";"Atropelamento de Animal";"Com Vítimas Feridas";"Plena Noite";"Crescente";"Nublado";"Simples";"Declive;Reta";"Não";1;0;0;1;0;0;1;1;-7,2496533;-48,2558767;"SPRF-TO";"DEL02-TO";"UOP01-DEL02-TO"
757306;2026-03-10;"terça-feira";"05:10:00";"SP";116;124;"CACAPAVA";"Reação tardia ou ineficiente do condutor";"Colisão traseira";"Com Vítimas Feridas";"Amanhecer";"Crescente";"Céu Claro";"Dupla";"Reta";"Não";2;0;1;0;0;1;1;2;-23,089715;-45,67267418;"SPRF-SP";"DEL02-SP";"UOP02-DEL02-SP"
757307;2026-03-10;"terça-feira";"05:30:00";"PR";116;5;"CAMPINA GRANDE DO SUL";"Condutor Dormindo";"Saída de leito carroçável";"Com Vítimas Feridas";"Amanhecer";"Crescente";"Garoa/Chuvisco";"Dupla";"Curva";"Não";3;0;2;0;1;0;2;1;-25,087633;-48,606622;"SPRF-PR";"DEL01-PR";"UOP02-DEL01-PR"
757308;2026-01-24;"sábado";"20:00:00";"RJ";101;580;"PARATY";"Pista Escorregadia";"Saída de leito carroçável";"Com Vítimas Feridas";"Plena Noite";"Crescente";"Chuva";"Simples";"Curva";"Não";1;0;1;0;0;0;1;1;-23,24102078;-44,70175026;"SPRF-RJ";"DEL03-RJ";"UOP04-DEL03-RJ"
757309;2026-03-10;"terça-feira";"06:30:00";"SP";116;87;"PINDAMONHANGABA";"Objeto estático sobre o leito carroçável";"Colisão com objeto";"Com Vítimas Feridas";"Pleno dia";"Decrescente";"Nublado";"Dupla";"Reta";"Não";1;0;1;0;0;0;1;1;-22,92984003;-45,3596735;"SPRF-SP";"DEL08-SP";"UOP01-DEL08-SP"
757314;2026-03-10;"terça-feira";"06:38:00";"PB";230;24,3;"JOAO PESSOA";"Ausência de reação do condutor";"Colisão traseira";"Com Vítimas Feridas";"Pleno dia";"Decrescente";"Céu Claro";"Dupla";"Reta;Declive;Viaduto";"Não";2;0;1;0;1;0;1;2;-7,1683457;-34,8636147;"SPRF-PB";"DEL01-PB";"UOP01-DEL01-PB"
757315;2026-03-10;"terça-feira";"07:00:00";"PR";277;74;"SAO JOSE DOS PINHAIS";"Ausência de reação do condutor";"Colisão lateral mesmo sentido";"Com Vítimas Feridas";"Pleno dia";"Crescente";"Nublado";"Dupla";"Reta";"Não";4;0;2;0;2;0;2;2;-25,494398;-49,166233;"SPRF-PR";"DEL01-PR";"UOP07-DEL01-PR"
757316;2026-03-10;"terça-feira";"06:40:00";"RJ";116;171;"RIO DE JANEIRO";"Condutor Dormindo";"Colisão com objeto";"Com Vítimas Feridas";"Amanhecer";"Crescente";"Garoa/Chuvisco";"Múltipla";"Reta";"Sim";1;0;1;0;0;0;1;1;-22,8061893;-43,3422761;"SPRF-RJ";"DEL06-RJ";"UOP01-DEL06-RJ"
757318;2026-03-10;"terça-feira";"03:10:00";"SP";381;68;"MAIRIPORA";"Ausência de reação do condutor";"Capotamento";"Com Vítimas Feridas";"Plena Noite";"Decrescente";"Chuva";"Dupla";"Curva";"Não";2;0;2;0;0;0;2;1;-23,34276807;-46,56975746;"SPRF-SP";"DEL03-SP";"UOP01-DEL03-SP"
757320;2026-03-10;"terça-feira";"06:50:00";"GO";153;494;"GOIANIA";"Demais falhas mecânicas ou elétricas";"Tombamento";"Com Vítimas Feridas";"Pleno dia";"Crescente";"Céu Claro";"Dupla";"Reta";"Sim";2;0;2;0;0;0;2;1;-16,5764683;-49,1612433;"SPRF-GO";"DEL01-GO";"UOP01-DEL01-GO"
757323;2026-03-10;"terça-feira";"07:05:00";"PR";277;730;"FOZ DO IGUACU";"Acessar a via sem observar a presença dos outros veículos";"Atropelamento de Pedestre";"Com Vítimas Feridas";"Pleno dia";"Decrescente";"Céu Claro";"Dupla";"Curva";"Sim";3;0;1;0;1;1;1;2;-25,506346;-54,59024953;"SPRF-PR";"DEL05-PR";"UOP03-DEL05-PR"
757324;2026-03-10;"terça-feira";"07:10:00";"RJ";101;69;"CAMPOS DOS GOYTACAZES";"Ultrapassagem Indevida";"Colisão frontal";"Com Vítimas Feridas";"Pleno dia";"Crescente";"Céu Claro";"Simples";"Reta";"Não";2;0;1;0;1;0;1;2;-21,77943255;-41,37060496;"SPRF-RJ";"DEL08-RJ";"UOP02-DEL08-RJ"
757325;2026-03-09;"segunda-feira";"15:00:00";"MG";381;243;"SANTANA DO PARAISO";"Ausência de reação do condutor";"Tombamento";"Com Vítimas Feridas";"Pleno dia";"Decrescente";"Céu Claro";"Simples";"Reta";"Não";1;0;1;0;0;0;1;1;-19,45511185;-42,52277405;"SPRF-MG";"DEL06-MG";"UOP01-DEL06-MG"
757326;2026-03-10;"terça-feira";"07:15:00";"MG";381;510;"SAO JOAQUIM DE BICAS";"Ausência de reação do condutor";"Colisão traseira";"Sem Vítimas";"Pleno dia";"Crescente";"Céu Claro";"Dupla";"Reta";"Sim";3;0;0;0;3;0;0;2;-20,05392417;-44,28387554;"SPRF-MG";"DEL01-MG";"UOP03-DEL01-MG"
757328;2026-03-10;"terça-feira";"07:40:00";"PR";376;180,1;"MARINGA";"Reação tardia ou ineficiente do condutor";"Colisão traseira";"Com Vítimas Feridas";"Pleno dia";"Decrescente";"Chuva";"Múltipla";"Reta";"Sim";3;0;1;0;2;0;1;3;-23,42317;-51,90305;"SPRF-PR";"DEL09-PR";"UOP01-DEL09-PR"
757329;2026-03-10;"terça-feira";"07:59:00";"MG";381;484;"BETIM";"Condutor deixou de manter distância do veículo da frente";"Colisão traseira";"Com Vítimas Feridas";"Pleno dia";"Crescente";"Céu Claro";"Dupla";"Reta";"Não";2;0;1;0;1;0;1;2;-19,959301;-44,089271;"SPRF-MG";"DEL01-MG";"UOP03-DEL01-MG"
757330;2026-03-10;"terça-feira";"08:00:00";"DF";70;19;"BRASILIA";"Reação tardia ou ineficiente do condutor";"Colisão traseira";"Com Vítimas Feridas";"Pleno dia";"Decrescente";"Céu Claro";"Dupla";"Reta";"Sim";2;0;0;1;1;0;1;2;-15,78816528;-48,22752357;"SPRF-DF";"DEL03-DF";"UOP02-DEL03-DF"
757332;2026-03-10;"terça-feira";"07:20:00";"GO";60;95;"ANAPOLIS";"Condutor deixou de manter distância do veículo da frente";"Engavetamento";"Com Vítimas Feridas";"Pleno dia";"Crescente";"Céu Claro";"Dupla";"Aclive;Reta";"Sim";11;0;1;0;10;0;1;3;-16,367294;-48,938599;"SPRF-GO";"DEL02-GO";"UOP01-DEL02-GO"
757334;2026-03-10;"terça-feira";"07:45:00";"MG";365;625,7;"UBERLANDIA";"Condutor deixou de manter distância do veículo da frente";"Colisão lateral mesmo sentido";"Com Vítimas Feridas";"Pleno dia";"Decrescente";"Céu Claro";"Dupla";"Declive;Reta";"Sim";2;0;0;1;1;0;1;2;-18,90987401;-48,30776302;"SPRF-MG";"DEL15-MG";"UOP01-DEL15-MG"
757335;2026-03-10;"terça-feira";"08:20:00";"RJ";116;180;"NOVA IGUACU";"Trafegar com motocicleta (ou similar) entre as faixas";"Colisão traseira";"Com Vítimas Feridas";"Pleno dia";"Crescente";"Céu Claro";"Múltipla";"Reta";"Sim";4;0;3;0;1;0;3;2;-22,75465428;-43,43650818;"SPRF-RJ";"DEL06-RJ";"UOP01-DEL06-RJ"
757338;2026-03-10;"terça-feira";"04:40:00";"RJ";116;117;"MAGE";"Reação tardia ou ineficiente do condutor";"Atropelamento de Pedestre";"Com Vítimas Feridas";"Plena Noite";"Crescente";"Nublado";"Dupla";"Reta";"Sim";2;0;1;1;0;0;2;2;-22,60276;-43,02514;"SPRF-RJ";"DEL04-RJ";"UOP02-DEL04-RJ"
757339;2026-03-10;"terça-feira";"08:10:00";"PB";230;23,5;"JOAO PESSOA";"Reação tardia ou ineficiente do condutor";"Colisão lateral mesmo sentido";"Com Vítimas Feridas";"Pleno dia";"Decrescente";"Sol";"Dupla";"Reta";"Sim";2;0;1;0;1;0;1;2;-7,16269281;-34,86097008;"SPRF-PB";"DEL01-PB";"UOP01-DEL01-PB"
757341;2026-03-10;"terça-feira";"08:05:00";"PR";376;181,8;"MARINGA";"Chuva";"Colisão traseira";"Com Vítimas Feridas";"Pleno dia";"Decrescente";"Chuva";"Dupla";"Reta";"Sim";2;0;1;0;1;0;1;2;-23,430433;-51,889771;"SPRF-PR";"DEL09-PR";"UOP01-DEL09-PR"
757342;2026-03-10;"terça-feira";"08:10:00";"PR";277;724;"FOZ DO IGUACU";"Acessar a via sem observar a presença dos outros veículos";"Colisão transversal";"Com Vítimas Feridas";"Pleno dia";"Decrescente";"Céu Claro";"Dupla";"Interseção de Vias;Reta";"Sim";2;0;1;0;1;0;1;2;-25,4988087;-54,530029;"SPRF-PR";"DEL05-PR";"UOP03-DEL05-PR"
757345;2026-03-10;"terça-feira";"07:00:00";"PE";101;97,1;"CABO DE SANTO AGOSTINHO";"Reação tardia ou ineficiente do condutor";"Saída de leito carroçável";"Sem Vítimas";"Pleno dia";"Crescente";"Nublado";"Dupla";"Reta";"Não";1;0;0;0;0;1;0;1;-8,2534;-35,03029;"SPRF-PE";"DEL01-PE";"UOP03-DEL01-PE"
757347;2026-03-10;"terça-feira";"08:20:00";"ES";101;214;"IBIRACU";"Acessar a via sem observar a presença dos outros veículos";"Colisão transversal";"Com Vítimas Feridas";"Pleno dia";"Crescente";"Céu Claro";"Simples";"Reta;Interseção de Vias;Retorno Regulamentado";"Sim";2;0;1;0;1;0;1;2;-19,830019;-40,373455;"SPRF-ES";"DEL02-ES";"UOP01-DEL02-ES"
757351;2026-03-10;"terça-feira";"06:30:00";"RJ";116;139;"MAGE";"Demais falhas mecânicas ou elétricas";"Incêndio";"Sem Vítimas";"Pleno dia";"Crescente";"Céu Claro";"Dupla";"Reta";"Sim";1;0;0;0;1;0;0;1;-22,65063;-43,16856375;"SPRF-RJ";"DEL04-RJ";"UOP02-DEL04-RJ"
757352;2026-03-10;"terça-feira";"08:00:00";"RJ";101;310;"SAO GONCALO";"Manobra de mudança de faixa";"Colisão traseira";"Com Vítimas Feridas";"Pleno dia";"Crescente";"Nublado";"Dupla";"Reta";"Sim";2;0;1;0;1;0;1;2;-22,79553212;-43,03794192;"SPRF-RJ";"DEL02-RJ";"UOP02-DEL02-RJ"
757356;2026-03-10;"terça-feira";"08:45:00";"PR";116;115;"CURITIBA";"Reação tardia ou ineficiente do condutor";"Colisão traseira";"Com Vítimas Feridas";"Pleno dia";"Decrescente";"Chuva";"Dupla";"Reta";"Sim";2;0;0;2;0;0;2;1;-25,546433;-49,303877;"SPRF-PR";"DEL01-PR";"UOP03-DEL01-PR"
757357;2026-03-10;"terça-feira";"09:55:00";"GO";60;195;"GUAPO";"Reação tardia ou ineficiente do condutor";"Colisão com objeto";"Com Vítimas Feridas";"Pleno dia";"Decrescente";"Céu Claro";"Dupla";"Curva";"Não";2;0;2;0;0;0;2;1;-16,853925;-49,592411;"SPRF-GO";"DEL01-GO";"UOP02-DEL01-GO"
757358;2026-03-10;"terça-feira";"09:45:00";"SP";116;150;"SAO JOSE DOS CAMPOS";"Pista Escorregadia";"Queda de ocupante de veículo";"Com Vítimas Feridas";"Pleno dia";"Crescente";"Nublado";"Dupla";"Reta";"Não";1;0;1;0;0;0;1;1;-23,21529597;-45,89580507;"SPRF-SP";"DEL02-SP";"UOP01-DEL02-SP"
757362;2026-03-10;"terça-feira";"09:00:00";"PE";104;65;"CARUARU";"Condutor deixou de manter distância do veículo da frente";"Queda de ocupante de veículo";"Com Vítimas Feridas";"Pleno dia";"Decrescente";"Céu Claro";"Dupla";"Reta";"Sim";2;0;1;0;1;0;1;1;-8,28353;-35,98205;"SPRF-PE";"DEL02-PE";"UOP01-DEL02-PE"
757363;2026-03-10;"terça-feira";"10:00:00";"ES";101;154;"LINHARES";"Condutor deixou de manter distância do veículo da frente";"Colisão traseira";"Com Vítimas Feridas";"Pleno dia";"Crescente";"Céu Claro";"Simples";"Reta";"Não";3;0;1;0;2;0;1;2;-19,4228866;-40,07828296;"SPRF-ES";"DEL04-ES";"UOP01-DEL04-ES"
757364;2026-03-10;"terça-feira";"10:11:00";"MG";381;527,9;"ITAGUARA";"Velocidade Incompatível";"Saída de leito carroçável";"Com Vítimas Feridas";"Pleno dia";"Decrescente";"Nublado";"Dupla";"Curva";"Sim";4;0;3;0;1;0;3;1;-20,33801265;-44,44239557;"SPRF-MG";"DEL04-MG";"UOP03-DEL04-MG"
757366;2026-03-10;"terça-feira";"09:50:00";"GO";452;0;"RIO VERDE";"Desrespeitar a preferência no cruzamento";"Colisão transversal";"Com Vítimas Feridas";"Pleno dia";"Decrescente";"Céu Claro";"Dupla";"Retorno Regulamentado";"Sim";2;0;0;1;1;0;1;2;-17,78712792;-50,90083335;"SPRF-GO";"DEL04-GO";"UOP01-DEL04-GO"
757367;2026-03-09;"segunda-feira";"01:00:00";"RJ";116;195,7;"QUEIMADOS";"Chuva";"Colisão com objeto";"Com Vítimas Feridas";"Pleno dia";"Decrescente";"Chuva";"Dupla";"Reta";"Não";1;0;1;0;0;0;1;1;-22,72932379;-43,57742071;"SPRF-RJ";"DEL06-RJ";"UOP01-DEL06-RJ"
757368;2026-03-10;"terça-feira";"08:05:00";"BA";101;261;"SANTA BARBARA";"Acessar a via sem observar a presença dos outros veículos";"Colisão transversal";"Sem Vítimas";"Pleno dia";"Decrescente";"Céu Claro";"Simples";"Reta";"Não";2;0;0;0;2;0;0;2;-12;-39;"SPRF-BA";"DEL11-BA";"UOP01-DEL11-BA"
757369;2026-03-10;"terça-feira";"06:00:00";"MG";40;94;"LAGOA GRANDE";"Chuva";"Saída de leito carroçável";"Com Vítimas Feridas";"Amanhecer";"Decrescente";"Chuva";"Simples";"Reta";"Não";5;0;2;0;3;0;2;1;-17,527;-46,546;"SPRF-MG";"DEL14-MG";"UOP01-DEL14-MG"
757370;2026-03-10;"terça-feira";"09:20:00";"GO";153;519;"HIDROLANDIA";"Ausência de reação do condutor";"Saída de leito carroçável";"Com Vítimas Feridas";"Pleno dia";"Crescente";"Céu Claro";"Dupla";"Declive";"Não";1;0;0;1;0;0;1;1;-16,870625;-49,25124;"SPRF-GO";"DEL01-GO";"UOP03-DEL01-GO"
757371;2026-03-10;"terça-feira";"10:00:00";"PB";101;90,2;"JOAO PESSOA";"Manobra de mudança de faixa";"Colisão lateral mesmo sentido";"Com Vítimas Feridas";"Pleno dia";"Crescente";"Céu Claro";"Dupla";"Em Obras;Retorno Regulamentado";"Não";4;0;0;1;2;1;1;3;-7,181202;-34,900833;"SPRF-PB";"DEL01-PB";"UOP01-DEL01-PB"
757372;2026-03-08;"domingo";"23:30:00";"RJ";101;530;"ANGRA DOS REIS";"Chuva";"Saída de leito carroçável";"Sem Vítimas";"Plena Noite";"Decrescente";"Chuva";"Simples";"Reta";"Não";1;0;0;0;1;0;0;1;-23,02261123;-44,51580763;"SPRF-RJ";"DEL03-RJ";"UOP03-DEL03-RJ"
757373;2026-02-14;"sábado";"17:00:00";"RJ";40;120;"DUQUE DE CAXIAS";"Condutor deixou de manter distância do veículo da frente";"Colisão traseira";"Sem Vítimas";"Pleno dia";"Decrescente";"Céu Claro";"Dupla";"Reta";"Sim";2;0;0;0;2;0;0;2;-22,77702356;-43,2856575;"SPRF-RJ";"DEL01-RJ";"UOP02-DEL01-RJ"
757375;2026-03-10;"terça-feira";"08:20:00";"PA";230;618;"ALTAMIRA";"Ausência de sinalização";"Colisão com objeto";"Com Vítimas Feridas";"Pleno dia";"Crescente";"Sol";"Simples";"Reta";"Não";2;0;0;1;1;0;1;2;-3,172577;-52,1441102;"SPRF-PA";"DEL04-PA";"UOP01-DEL04-PA"
757376;2026-01-29;"quinta-feira";"16:30:00";"RJ";101;397;"ITAGUAI";"Acessar a via sem observar a presença dos outros veículos";"Colisão transversal";"Com Vítimas Feridas";"Pleno dia";"Decrescente";"Nublado";"Dupla";"Reta";"Sim";2;0;2;0;0;0;2;2;-22,866874;-43,749963;"SPRF-RJ";"DEL03-RJ";"UOP01-DEL03-RJ"
757377;2026-03-10;"terça-feira";"09:50:00";"PI";343;309;"ALTOS";"Acessar a via sem observar a presença dos outros veículos";"Colisão lateral mesmo sentido";"Com Vítimas Feridas";"Pleno dia";"Decrescente";"Céu Claro";"Simples";"Reta";"Sim";2;0;1;1;0;0;2;2;-5,040048;-42,474763;"SPRF-PI";"DEL01-PI";"UOP01-DEL01-PI"
757379;2026-03-10;"terça-feira";"09:35:00";"PA";163;982,1;"SANTAREM";"Conversão proibida";"Colisão frontal";"Com Vítimas Fatais";"Pleno dia";"Crescente";"Nublado";"Simples";"Curva";"Não";2;1;0;0;1;0;0;2;-2,6338924;-54,7463726;"SPRF-PA";"DEL05-PA";"UOP01-DEL05-PA"
757381;2026-03-10;"terça-feira";"07:40:00";"PR";376;488;"PONTA GROSSA";"Reação tardia ou ineficiente do condutor";"Saída de leito carroçável";"Sem Vítimas";"Pleno dia";"Decrescente";"Nublado";"Dupla";"Reta;Declive";"Sim";1;0;0;0;1;0;0;1;-25,127339;-50;"SPRF-PR";"DEL03-PR";"UOP04-DEL03-PR"
757382;2026-03-10;"terça-feira";"11:05:00";"ES";262;1,1;"CARIACICA";"Manobra de mudança de faixa";"Colisão lateral mesmo sentido";"Com Vítimas Feridas";"Pleno dia";"Crescente";"Céu Claro";"Dupla";"Interseção de Vias;Ponte;Reta";"Não";4;0;2;0;2;0;2;4;-20,32966672;-40,35486158;"SPRF-ES";"DEL01-ES";"UOP01-DEL01-ES"
757383;2026-03-10;"terça-feira";"11:20:00";"RS";116;250,3;"SAO LEOPOLDO";"Ausência de reação do condutor";"Colisão lateral mesmo sentido";"Com Vítimas Feridas";"Pleno dia";"Decrescente";"Nublado";"Dupla";"Reta";"Sim";2;0;1;0;1;0;1;2;-29,7912365;-51,16399453;"SPRF-RS";"DEL01-RS";"UOP02-DEL01-RS"
757384;2026-03-10;"terça-feira";"11:20:00";"SP";116;65,5;"GUARATINGUETA";"Reação tardia ou ineficiente do condutor";"Colisão traseira";"Com Vítimas Feridas";"Pleno dia";"Crescente";"Chuva";"Dupla";"Curva";"Sim";2;0;1;0;1;0;1;2;-22,82126;-45,199448;"SPRF-SP";"DEL08-SP";"UOP01-DEL08-SP"
757386;2026-03-10;"terça-feira";"10:20:00";"PR";163;11;"BARRACAO";"Conversão proibida";"Colisão transversal";"Com Vítimas Feridas";"Pleno dia";"Crescente";"Céu Claro";"Simples";"Reta";"Não";4;0;0;1;3;0;1;2;-26,23492;-53,63783;"SPRF-PR";"DEL02-PR";"UOP02-DEL02-PR"
757387;2026-03-10;"terça-feira";"10:42:00";"SC";282;50,6;"AGUAS MORNAS";"Acumulo de água sobre o pavimento";"Saída de leito carroçável";"Sem Vítimas";"Pleno dia";"Crescente";"Chuva";"Simples";"Curva;Aclive";"Não";1;0;0;0;1;0;0;1;-27,7044;-48,9559;"SPRF-SC";"DEL01-SC";"UOP03-DEL01-SC"
757388;2026-03-10;"terça-feira";"10:20:00";"RO";364;427,3;"JARU";"Acessar a via sem observar a presença dos outros veículos";"Colisão transversal";"Sem Vítimas";"Pleno dia";"Crescente";"Garoa/Chuvisco";"Simples";"Reta;Interseção de Vias";"Sim";2;0;0;0;2;0;0;2;-10,426662;-62,488497;"SPRF-RO";"DEL03-RO";"UOP02-DEL03-RO"
757390;2026-03-10;"terça-feira";"11:05:00";"SC";101;312;"LAGUNA";"Desrespeitar a preferência no cruzamento";"Colisão transversal";"Com Vítimas Feridas";"Pleno dia";"Crescente";"Nublado";"Múltipla";"Interseção de Vias;Curva";"Sim";4;0;1;0;3;0;1;2;-28,44069496;-48,82321;"SPRF-SC";"DEL02-SC";"UOP01-DEL02-SC"
757393;2026-03-10;"terça-feira";"10:00:00";"RJ";101;418;"MANGARATIBA";"Ultrapassagem Indevida";"Colisão lateral mesmo sentido";"Com Vítimas Feridas";"Pleno dia";"Decrescente";"Chuva";"Simples";"Reta";"Não";3;0;0;1;1;1;1;2;-22,917894;-43,9132113;"SPRF-RJ";"DEL03-RJ";"UOP02-DEL03-RJ"
757394;2026-03-10;"terça-feira";"11:15:00";"MS";163;39,6;"ELDORADO";"Ausência de reação do condutor";"Tombamento";"Com Vítimas Feridas";"Pleno dia";"Crescente";"Céu Claro";"Simples";"Reta;Interseção de Vias";"Sim";2;0;2;0;0;0;2;2;-23,790964;-54,282139;"SPRF-MS";"DEL09-MS";"UOP02-DEL09-MS"
757395;2026-03-10;"terça-feira";"11:55:00";"RS";116;268;"CANOAS";"Avarias e/ou desgaste excessivo no pneu";"Tombamento";"Com Vítimas Feridas";"Pleno dia";"Decrescente";"Nublado";"Dupla";"Reta";"Não";2;0;1;0;1;0;1;1;-29,95052194;-51,17652311;"SPRF-RS";"DEL01-RS";"UOP01-DEL01-RS"
757396;2026-03-10;"terça-feira";"10:50:00";"SP";488;4,1;"APARECIDA";"Reação tardia ou ineficiente do condutor";"Saída de leito carroçável";"Com Vítimas Feridas";"Pleno dia";"Crescente";"Garoa/Chuvisco";"Dupla";"Declive;Curva";"Sim";2;0;1;1;0;0;2;1;-22,858493;-45,251475;"SPRF-SP";"DEL08-SP";"UOP01-DEL08-SP"
757399;2026-03-10;"terça-feira";"11:57:00";"BA";116;20;"VITORIA DA CONQUISTA";"Ausência de reação do condutor";"Colisão lateral sentido oposto";"Com Vítimas Feridas";"Pleno dia";"Crescente";"Céu Claro";"Simples";"Reta";"Não";2;0;1;0;1;0;1;2;-14,890786;-40,817431;"SPRF-BA";"DEL08-BA";"UOP01-DEL08-BA"