"id";"data_inversa";"dia_semana";"horario";"uf";"br";"km";"municipio";"causa_acidente";"tipo_acidente";"classificacao_acidente";"fase_dia";"sentido_via";"condicao_metereologica";"tipo_pista";"tracado_via";"uso_solo";"pessoas";"mortos";"feridos_leves";"feridos_graves";"ilesos";"ignorados";"feridos";"veiculos";"latitude";"longitude";"regional";"delegacia";"uop"
757402;2026-03-10;"terça-feira";"12:05:00";"TO";242;334,9;"PEIXE";"Retorno proibido";"Colisão traseira";"Com Vítimas Feridas";"Pleno dia";"Decrescente";"Céu Claro";"Simples";"Reta";"Não";3;0;1;0;1;1;1;2;-11,9207;-48,7118;"SPRF-TO";"DEL01-TO";"UOP02-DEL01-TO"
757403;2026-03-10;"terça-feira";"11:00:00";"MG";381;935;"EXTREMA";"Avarias e/ou desgaste excessivo no pneu";"Queda de ocupante de veículo";"Com Vítimas Feridas";"Pleno dia";"Crescente";"Nublado";"Dupla";"Aclive;Reta";"Não";2;0;1;0;1;0;1;1;-22,79999557;-46,26770853;"SPRF-MG";"DEL16-MG";"UOP03-DEL16-MG"
757404;2026-03-10;"terça-feira";"13:00:00";"MG";262;351,2;"BETIM";"Velocidade Incompatível";"Saída de leito carroçável";"Com Vítimas Feridas";"Pleno dia";"Crescente";"Chuva";"Dupla";"Aclive;Reta";"Não";1;0;1;0;0;0;1;1;-19,9823367;-44,23174;"SPRF-MG";"DEL01-MG";"UOP03-DEL01-MG"
757407;2026-03-10;"terça-feira";"13:10:00";"SP";116;484,2;"CAJATI";"Acessar a via sem observar a presença dos outros veículos";"Colisão lateral mesmo sentido";"Com Vítimas Feridas";"Pleno dia";"Decrescente";"Chuva";"Dupla";"Reta;Retorno Regulamentado";"Não";4;0;1;0;3;0;1;2;-24,72204804;-48,06812374;"SPRF-SP";"DEL05-SP";"UOP01-DEL05-SP"
757409;2026-03-10;"terça-feira";"13:30:00";"RJ";40;115;"DUQUE DE CAXIAS";"Reação tardia ou ineficiente do condutor";"Colisão traseira";"Com Vítimas Feridas";"Pleno dia";"Crescente";"Nublado";"Múltipla";"Reta";"Sim";2;0;1;0;1;0;1;2;-22,732726;-43,28889;"SPRF-RJ";"DEL01-RJ";"UOP02-DEL01-RJ"
757410;2026-03-10;"terça-feira";"07:20:00";"SC";280;27;"ARAQUARI";"Acessar a via sem observar a presença dos outros veículos";"Atropelamento de Pedestre";"Com Vítimas Feridas";"Pleno dia";"Crescente";"Nublado";"Simples";"Reta";"Não";3;0;2;0;1;0;2;2;-26,39934124;-48,7419161;"SPRF-SC";"DEL03-SC";"UOP03-DEL03-SC"
757411;2026-03-10;"terça-feira";"13:25:00";"SC";101;119;"ITAJAI";"Trafegar com motocicleta (ou similar) entre as faixas";"Queda de ocupante de veículo";"Com Vítimas Feridas";"Pleno dia";"Crescente";"Garoa/Chuvisco";"Múltipla";"Reta";"Sim";1;0;1;0;0;0;1;1;-26,902095;-48,716717;"SPRF-SC";"DEL04-SC";"UOP04-DEL04-SC"
757412;2026-03-10;"terça-feira";"13:10:00";"PR";277;350;"GUARAPUAVA";"Manobra de mudança de faixa";"Colisão com objeto";"Com Vítimas Feridas";"Pleno dia";"Decrescente";"Nublado";"Dupla";"Reta";"Sim";1;0;1;0;0;0;1;1;-25,3665435;-51,4892806;"SPRF-PR";"DEL08-PR";"UOP01-DEL08-PR"
757413;2026-03-10;"terça-feira";"13:40:00";"GO";20;178;"ALVORADA DO NORTE";"Ultrapassagem Indevida";"Colisão frontal";"Com Vítimas Feridas";"Pleno dia";"Decrescente";"Céu Claro";"Simples";"Reta";"Não";5;0;3;0;1;1;3;3;-14,51559;-46,524473;"SPRF-DF";"DEL02-DF";"UOP03-DEL02-DF"
757415;2026-03-10;"terça-feira";"10:55:00";"MS";267;191;"NOVA ALVORADA DO SUL";"Reação tardia ou ineficiente do condutor";"Saída de leito carroçável";"Sem Vítimas";"Pleno dia";"Decrescente";"Nublado";"Simples";"Aclive";"Não";1;0;0;0;1;0;0;1;-21,598947;-53,867178;"SPRF-MS";"DEL02-MS";"UOP03-DEL02-MS"
757416;2026-03-10;"terça-feira";"08:00:00";"RJ";101;318;"SAO GONCALO";"Ausência de reação do condutor";"Colisão traseira";"Com Vítimas Feridas";"Pleno dia";"Crescente";"Nublado";"Dupla";"Reta";"Sim";2;0;1;0;1;0;1;2;-22,83855853;-43,09419198;"SPRF-RJ";"DEL02-RJ";"UOP02-DEL02-RJ"
757417;2026-03-10;"terça-feira";"14:00:00";"RJ";116;182;"NOVA IGUACU";"Reação tardia ou ineficiente do condutor";"Colisão traseira";"Com Vítimas Feridas";"Pleno dia";"Crescente";"Nublado";"Múltipla";"Reta";"Sim";4;0;0;1;3;0;1;2;-22,7571943;-43,4301423;"SPRF-RJ";"DEL06-RJ";"UOP01-DEL06-RJ"
757418;2026-03-10;"terça-feira";"10:45:00";"SC";280;26;"ARAQUARI";"Transitar no Acostamento";"Colisão lateral mesmo sentido";"Com Vítimas Feridas";"Pleno dia";"Crescente";"Nublado";"Simples";"Reta";"Sim";3;0;2;0;1;0;2;2;-26,39576101;-48,73936113;"SPRF-SC";"DEL03-SC";"UOP03-DEL03-SC"
757419;2026-03-10;"terça-feira";"11:50:00";"PA";230;12;"ALTAMIRA";"Reação tardia ou ineficiente do condutor";"Colisão traseira";"Com Vítimas Feridas";"Pleno dia";"Decrescente";"Céu Claro";"Simples";"Reta;Declive";"Não";2;0;1;0;0;1;1;2;-3,20408381;-52,23870528;"SPRF-PA";"DEL04-PA";"UOP01-DEL04-PA"
757423;2026-03-10;"terça-feira";"13:00:00";"MG";262;383;"FLORESTAL";"Velocidade Incompatível";"Saída de leito carroçável";"Com Vítimas Feridas";"Pleno dia";"Crescente";"Chuva";"Dupla";"Aclive;Curva";"Não";2;0;2;0;0;0;2;1;-19,9146225;-44,4978008;"SPRF-MG";"DEL01-MG";"UOP03-DEL01-MG"
757424;2026-03-10;"terça-feira";"13:35:00";"RO";364;708;"PORTO VELHO";"Condutor deixou de manter distância do veículo da frente";"Colisão traseira";"Com Vítimas Feridas";"Pleno dia";"Crescente";"Céu Claro";"Dupla";"Retorno Regulamentado";"Sim";2;0;0;1;1;0;1;2;-8,7940354;-63,8435255;"SPRF-RO";"DEL01-RO";"UOP01-DEL01-RO"
757426;2026-03-10;"terça-feira";"14:00:00";"SP";116;512;"CAJATI";"Reação tardia ou ineficiente do condutor";"Saída de leito carroçável";"Com Vítimas Feridas";"Pleno dia";"Decrescente";"Chuva";"Simples";"Curva;Declive";"Não";2;0;1;0;1;0;1;1;-24,85109616;-48,21802405;"SPRF-SP";"DEL05-SP";"UOP02-DEL05-SP"
757427;2026-03-10;"terça-feira";"15:00:00";"ES";101;243;"SERRA";"Ausência de reação do condutor";"Tombamento";"Com Vítimas Feridas";"Pleno dia";"Decrescente";"Chuva";"Dupla";"Reta";"Não";1;0;1;0;0;0;1;1;-20,04049;-40,39267;"SPRF-ES";"DEL02-ES";"UOP01-DEL02-ES"
757428;2026-01-29;"quinta-feira";"09:10:00";"RJ";101;387;"RIO DE JANEIRO";"Ausência de reação do condutor";"Saída de leito carroçável";"Com Vítimas Feridas";"Pleno dia";"Decrescente";"Céu Claro";"Dupla";"Reta";"Sim";1;0;0;1;0;0;1;1;-22,8881948;-43,65657806;"SPRF-RJ";"DEL03-RJ";"UOP01-DEL03-RJ"
757429;2026-01-10;"sábado";"08:30:00";"PA";10;156;"PARAGOMINAS";"Acessar a via sem observar a presença dos outros veículos";"Colisão frontal";"Com Vítimas Feridas";"Pleno dia";"Decrescente";"Sol";"Simples";"Reta";"Sim";2;0;0;1;1;0;1;2;-2,98623097;-47,4555409;"SPRF-PA";"DEL02-PA";"UOP01-DEL02-PA"
757430;2026-03-10;"terça-feira";"14:40:00";"SP";381;35;"ATIBAIA";"Chuva";"Tombamento";"Sem Vítimas";"Pleno dia";"Decrescente";"Chuva";"Dupla";"Declive;Reta";"Sim";1;0;0;0;1;0;0;1;-23,07463499;-46,56594068;"SPRF-SP";"DEL03-SP";"UOP02-DEL03-SP"
757431;2026-03-10;"terça-feira";"11:30:00";"ES";393;3,1;"CACHOEIRO DE ITAPEMIRIM";"Reação tardia ou ineficiente do condutor";"Colisão transversal";"Com Vítimas Feridas";"Pleno dia";"Crescente";"Nublado";"Simples";"Reta";"Sim";2;0;0;1;1;0;1;2;-20,827;-41,185;"SPRF-ES";"DEL03-ES";"UOP02-DEL03-ES"
757433;2026-02-18;"quarta-feira";"10:04:00";"AL";101;140,8;"SAO MIGUEL DOS CAMPOS";"Transitar na contramão";"Colisão lateral sentido oposto";"Com Vítimas Feridas";"Pleno dia";"Crescente";"Céu Claro";"Dupla";"Reta";"Não";5;0;0;1;4;0;1;2;-9,81693;-36,12245;"SPRF-AL";"DEL02-AL";"UOP01-DEL02-AL"
757434;2026-03-10;"terça-feira";"15:30:00";"SP";116;144,2;"SAO JOSE DOS CAMPOS";"Reação tardia ou ineficiente do condutor";"Colisão traseira";"Com Vítimas Feridas";"Pleno dia";"Crescente";"Chuva";"Múltipla";"Reta";"Sim";3;0;1;0;2;0;1;3;-23,18265289;-45,84256098;"SPRF-SP";"DEL02-SP";"UOP01-DEL02-SP"
757435;2026-03-10;"terça-feira";"15:00:00";"PR";277;31,8;"MORRETES";"Velocidade Incompatível";"Saída de leito carroçável";"Com Vítimas Feridas";"Pleno dia";"Decrescente";"Garoa/Chuvisco";"Dupla";"Declive;Curva";"Não";1;0;0;1;0;0;1;1;-25,56128217;-48,81059138;"SPRF-PR";"DEL01-PR";"UOP05-DEL01-PR"
757441;2026-03-10;"terça-feira";"16:05:00";"MG";40;508;"RIBEIRAO DAS NEVES";"Desrespeitar a preferência no cruzamento";"Colisão lateral mesmo sentido";"Com Vítimas Feridas";"Pleno dia";"Crescente";"Céu Claro";"Dupla";"Reta";"Sim";2;0;1;0;1;0;1;2;-19,7653304;-44,13024545;"SPRF-MG";"DEL02-MG";"UOP01-DEL02-MG"
757443;2026-03-10;"terça-feira";"16:20:00";"SC";282;50;"AGUAS MORNAS";"Ausência de reação do condutor";"Tombamento";"Com Vítimas Feridas";"Pleno dia";"Crescente";"Chuva";"Simples";"Curva";"Não";1;0;1;0;0;0;1;1;-27,69110224;-48,98656592;"SPRF-SC";"DEL01-SC";"UOP03-DEL01-SC"
757445;2026-03-07;"sábado";"18:20:00";"SC";101;125,6;"ITAJAI";"Manobra de mudança de faixa";"Colisão lateral mesmo sentido";"Com Vítimas Feridas";"Pleno dia";"Crescente";"Céu Claro";"Simples";"Reta";"Não";3;0;1;0;1;1;1;3;-26,95145;-48,6801;"SPRF-SC";"DEL04-SC";"UOP04-DEL04-SC"
757446;2026-03-10;"terça-feira";"16:39:00";"RS";392;33;"RIO GRANDE";"Frear bruscamente";"Colisão lateral mesmo sentido";"Sem Vítimas";"Pleno dia";"Decrescente";"Chuva";"Dupla";"Reta";"Não";2;0;0;0;2;0;0;2;-32,02011749;-52,2880125;"SPRF-RS";"DEL07-RS";"UOP02-DEL07-RS"
757450;2026-03-10;"terça-feira";"17:05:00";"SC";280;167,1;"MAFRA";"Pedestre cruzava a pista fora da faixa";"Atropelamento de Pedestre";"Com Vítimas Feridas";"Pleno dia";"Decrescente";"Céu Claro";"Simples";"Reta";"Sim";2;0;0;1;1;0;1;2;-26,1699948;-49,8182449;"SPRF-SC";"DEL06-SC";"UOP01-DEL06-SC"
757451;2026-03-10;"terça-feira";"17:20:00";"SC";101;196;"BIGUACU";"Ausência de reação do condutor";"Colisão lateral mesmo sentido";"Com Vítimas Feridas";"Pleno dia";"Decrescente";"Nublado";"Dupla";"Reta";"Sim";2;0;1;0;1;0;1;2;-27,50902227;-48,64505466;"SPRF-SC";"DEL01-SC";"UOP01-DEL01-SC"
757452;2026-03-10;"terça-feira";"12:15:00";"MG";262;427,9;"NOVA SERRANA";"Velocidade Incompatível";"Saída de leito carroçável";"Com Vítimas Feridas";"Pleno dia";"Crescente";"Chuva";"Dupla";"Curva";"Não";1;0;1;0;0;0;1;1;-19,89284;-44,88579;"SPRF-MG";"DEL08-MG";"UOP03-DEL08-MG"
757454;2026-03-10;"terça-feira";"15:59:00";"RO";364;619;"ITAPUA DO OESTE";"Demais falhas mecânicas ou elétricas";"Saída de leito carroçável";"Com Vítimas Feridas";"Pleno dia";"Decrescente";"Céu Claro";"Simples";"Reta";"Não";2;0;2;0;0;0;2;1;-9,09109828;-63,28459136;"SPRF-RO";"DEL01-RO";"UOP04-DEL01-RO"
757456;2026-03-10;"terça-feira";"16:30:00";"MG";262;417,9;"IGARATINGA";"Acessar a via sem observar a presença dos outros veículos";"Colisão transversal";"Com Vítimas Feridas";"Anoitecer";"Crescente";"Céu Claro";"Dupla";"Reta;Aclive;Retorno Regulamentado";"Sim";2;0;0;1;1;0;1;2;-19,88828152;-44,79522943;"SPRF-MG";"DEL08-MG";"UOP03-DEL08-MG"
757457;2026-03-10;"terça-feira";"17:10:00";"RN";304;47,6;"MOSSORO";"Acessar a via sem observar a presença dos outros veículos";"Saída de leito carroçável";"Com Vítimas Feridas";"Anoitecer";"Decrescente";"Céu Claro";"Dupla";"Interseção de Vias";"Sim";2;0;1;0;0;1;1;2;-5,22600738;-37,32612491;"SPRF-RN";"DEL04-RN";"UOP01-DEL04-RN"
757458;2026-03-10;"terça-feira";"17:00:00";"PE";101;81;"JABOATAO DOS GUARARAPES";"Pedestre cruzava a pista fora da faixa";"Atropelamento de Pedestre";"Com Vítimas Feridas";"Anoitecer";"Crescente";"Céu Claro";"Dupla";"Reta";"Sim";2;0;0;1;0;1;1;2;-8,16642;-34,93831;"SPRF-PE";"DEL01-PE";"UOP01-DEL01-PE"
757459;2026-03-10;"terça-feira";"14:45:00";"RS";290;81;"GRAVATAI";"Avarias e/ou desgaste excessivo no pneu";"Colisão lateral mesmo sentido";"Com Vítimas Feridas";"Pleno dia";"Crescente";"Nublado";"Dupla";"Reta";"Não";1;0;1;0;0;0;1;1;-29,95541584;-51,0078342;"SPRF-RS";"DEL01-RS";"UOP01-DEL01-RS"
757464;2026-03-10;"terça-feira";"17:00:00";"MG";40;776;"JUIZ DE FORA";"Reação tardia ou ineficiente do condutor";"Colisão lateral mesmo sentido";"Com Vítimas Feridas";"Pleno dia";"Decrescente";"Nublado";"Simples";"Viaduto;Interseção de Vias;Reta";"Não";2;0;1;0;1;0;1;2;-21,645503;-43,435458;"SPRF-MG";"DEL05-MG";"UOP01-DEL05-MG"
757466;2026-03-10;"terça-feira";"18:20:00";"SP";116;217;"GUARULHOS";"Ausência de reação do condutor";"Colisão traseira";"Com Vítimas Feridas";"Anoitecer";"Crescente";"Nublado";"Múltipla";"Reta";"Sim";3;0;2;0;1;0;2;2;-23,45627011;-46,47694683;"SPRF-SP";"DEL01-SP";"UOP01-DEL01-SP"
757468;2026-03-10;"terça-feira";"18:10:00";"PR";277;12,1;"FOZ DO IGUACU";"Transitar na contramão";"Colisão frontal";"Com Vítimas Feridas";"Pleno dia";"Crescente";"Céu Claro";"Dupla";"Reta;Viaduto";"Não";3;0;1;0;0;2;1;3;-25,58618299;-54,57215874;"SPRF-PR";"DEL05-PR";"UOP04-DEL05-PR"
757469;2026-03-10;"terça-feira";"18:30:00";"GO";153;495,9;"GOIANIA";"Chuva";"Tombamento";"Com Vítimas Feridas";"Plena Noite";"Decrescente";"Chuva";"Múltipla";"Declive;Reta";"Sim";2;0;2;0;0;0;2;1;-16,667167;-49,225483;"SPRF-GO";"DEL01-GO";"UOP01-DEL01-GO"
757472;2026-03-10;"terça-feira";"15:35:00";"CE";222;222;"SOBRAL";"Acessar a via sem observar a presença dos outros veículos";"Colisão transversal";"Com Vítimas Feridas";"Pleno dia";"Crescente";"Céu Claro";"Simples";"Aclive;Interseção de Vias";"Sim";2;0;1;0;1;0;1;2;-3,71871516;-40,33241673;"SPRF-CE";"DEL04-CE";"UOP01-DEL04-CE"
757473;2026-03-10;"terça-feira";"17:10:00";"RO";364;427;"JARU";"Acessar a via sem observar a presença dos outros veículos";"Colisão transversal";"Com Vítimas Feridas";"Pleno dia";"Crescente";"Céu Claro";"Simples";"Reta;Interseção de Vias";"Sim";2;0;1;0;1;0;1;2;-10,42668628;-62,48849479;"SPRF-RO";"DEL03-RO";"UOP02-DEL03-RO"
757474;2026-03-10;"terça-feira";"15:30:00";"MG";365;28,3;"MONTES CLAROS";"Velocidade Incompatível";"Saída de leito carroçável";"Com Vítimas Feridas";"Pleno dia";"Crescente";"Chuva";"Simples";"Reta";"Não";4;0;4;0;0;0;4;1;-16,85153387;-44,07131195;"SPRF-MG";"DEL12-MG";"UOP01-DEL12-MG"
757475;2026-03-10;"terça-feira";"18:15:00";"GO";40;12;"LUZIANIA";"Acessar a via sem observar a presença dos outros veículos";"Colisão traseira";"Com Vítimas Feridas";"Plena Noite";"Crescente";"Céu Claro";"Dupla";"Reta;Retorno Regulamentado";"Sim";3;0;2;0;1;0;2;2;-16,15100892;-47,94002205;"SPRF-DF";"DEL01-DF";"UOP01-DEL01-DF"
757476;2026-03-10;"terça-feira";"19:10:00";"ES";101;160;"LINHARES";"Ausência de reação do condutor";"Colisão frontal";"Com Vítimas Fatais";"Plena Noite";"Crescente";"Nublado";"Simples";"Curva";"Não";2;1;0;0;1;0;0;2;-19,480458;-40,116053;"SPRF-ES";"DEL04-ES";"UOP01-DEL04-ES"
757477;2026-03-10;"terça-feira";"18:00:00";"RS";471;159,7;"RIO PARDO";"Ultrapassagem Indevida";"Colisão transversal";"Com Vítimas Feridas";"Pleno dia";"Crescente";"Nublado";"Simples";"Reta;Aclive";"Não";2;0;1;0;1;0;1;2;-29,860999;-52,3915;"SPRF-RS";"DEL02-RS";"UOP03-DEL02-RS"
757478;2026-03-10;"terça-feira";"18:30:00";"SP";116;144,9;"SAO JOSE DOS CAMPOS";"Ausência de reação do condutor";"Colisão traseira";"Com Vítimas Feridas";"Plena Noite";"Decrescente";"Nublado";"Dupla";"Reta";"Não";3;0;2;0;0;1;2;2;-23,18866767;-45,85869869;"SPRF-SP";"DEL02-SP";"UOP01-DEL02-SP"
757479;2026-03-10;"terça-feira";"15:30:00";"RJ";40;113;"DUQUE DE CAXIAS";"Acumulo de óleo sobre o pavimento";"Tombamento";"Com Vítimas Feridas";"Pleno dia";"Decrescente";"Nublado";"Dupla";"Curva";"Não";1;0;1;0;0;0;1;1;-22,71483553;-43,29026018;"SPRF-RJ";"DEL01-RJ";"UOP02-DEL01-RJ"
757480;2026-03-10;"terça-feira";"19:00:00";"PR";116;116;"CURITIBA";"Trafegar com motocicleta (ou similar) entre as faixas";"Colisão lateral mesmo sentido";"Com Vítimas Feridas";"Plena Noite";"Crescente";"Garoa/Chuvisco";"Dupla";"Reta";"Não";3;0;1;0;2;0;1;2;-25,55674276;-49,30628506;"SPRF-PR";"DEL01-PR";"UOP03-DEL01-PR"
757483;2026-03-10;"terça-feira";"18:40:00";"BA";407;5;"JUAZEIRO";"Transitar na contramão";"Colisão lateral sentido oposto";"Com Vítimas Feridas";"Plena Noite";"Decrescente";"Céu Claro";"Dupla";"Reta";"Sim";2;0;1;0;0;1;1;2;-9,4532271;-40,488494;"SPRF-PE";"DEL06-PE";"UOP01-DEL06-PE"
757485;2026-03-10;"terça-feira";"18:10:00";"PR";277;587,6;"CASCAVEL";"Ingestão de álcool pelo condutor";"Colisão lateral mesmo sentido";"Com Vítimas Feridas";"Anoitecer";"Crescente";"Céu Claro";"Múltipla";"Reta;Declive";"Sim";3;0;1;0;2;0;1;3;-24,963814;-53,414294;"SPRF-PR";"DEL04-PR";"UOP01-DEL04-PR"
757487;2026-03-10;"terça-feira";"15:00:00";"MS";163;275,9;"DOURADOS";"Ausência de reação do condutor";"Tombamento";"Com Vítimas Feridas";"Pleno dia";"Decrescente";"Nublado";"Dupla";"Reta";"Não";1;0;0;1;0;0;1;1;-22,1593257;-54,6466767;"SPRF-MS";"DEL04-MS";"UOP01-DEL04-MS"
757488;2026-03-01;"domingo";"05:00:00";"GO";364;114;"APARECIDA DO RIO DOCE";"Ingestão de álcool pelo condutor";"Saída de leito carroçável";"Com Vítimas Feridas";"Plena Noite";"Decrescente";"Céu Claro";"Simples";"Curva";"Sim";1;0;1;0;0;0;1;1;-18,294113;-51,151065;"SPRF-GO";"DEL05-GO";"UOP02-DEL05-GO"
757490;2026-03-10;"terça-feira";"16:40:00";"PI";316;13,5;"TERESINA";"Conversão proibida";"Colisão lateral mesmo sentido";"Com Vítimas Feridas";"Pleno dia";"Crescente";"Nublado";"Dupla";"Reta;Retorno Regulamentado";"Não";2;0;0;1;1;0;1;2;-5,21214392;-42,75472853;"SPRF-PI";"DEL01-PI";"UOP02-DEL01-PI"
757491;2026-03-10;"terça-feira";"18:50:00";"RJ";101;272;"TANGUA";"Animais na Pista";"Atropelamento de Animal";"Com Vítimas Feridas";"Plena Noite";"Crescente";"Garoa/Chuvisco";"Dupla";"Reta";"Não";4;0;1;0;3;0;1;3;-22,730193;-42,705148;"SPRF-RJ";"DEL02-RJ";"UOP03-DEL02-RJ"
757494;2026-03-10;"terça-feira";"19:30:00";"RN";226;47;"BOM JESUS";"Condutor deixou de manter distância do veículo da frente";"Colisão traseira";"Com Vítimas Feridas";"Plena Noite";"Crescente";"Céu Claro";"Simples";"Reta";"Sim";2;0;2;0;0;0;2;2;-5,983148;-35,581837;"SPRF-RN";"DEL01-RN";"UOP02-DEL01-RN"
757495;2026-03-10;"terça-feira";"17:40:00";"ES";101;352,4;"ANCHIETA";"Velocidade Incompatível";"Capotamento";"Com Vítimas Feridas";"Pleno dia";"Crescente";"Chuva";"Dupla";"Reta";"Não";1;0;0;1;0;0;1;1;-20,675;-40,665;"SPRF-ES";"DEL03-ES";"UOP01-DEL03-ES"
757496;2026-03-10;"terça-feira";"17:05:00";"SC";282;124,7;"BOM RETIRO";"Reação tardia ou ineficiente do condutor";"Colisão lateral sentido oposto";"Com Vítimas Feridas";"Pleno dia";"Crescente";"Nublado";"Simples";"Curva";"Sim";7;0;3;3;1;0;6;2;-27,80669176;-49,45812106;"SPRF-SC";"DEL05-SC";"UOP01-DEL05-SC"
757497;2026-03-10;"terça-feira";"19:45:00";"MG";40;42,3;"PARACATU";"Acessar a via sem observar a presença dos outros veículos";"Colisão transversal";"Com Vítimas Feridas";"Plena Noite";"Crescente";"Céu Claro";"Simples";"Reta;Rotatória";"Sim";2;0;1;0;1;0;1;2;-17,22173619;-46,86578661;"SPRF-MG";"DEL14-MG";"UOP01-DEL14-MG"
757500;2026-03-10;"terça-feira";"18:40:00";"GO";70;0,3;"AGUAS LINDAS DE GOIAS";"Reação tardia ou ineficiente do condutor";"Colisão traseira";"Com Vítimas Fatais";"Anoitecer";"Crescente";"Nublado";"Dupla";"Reta;Declive";"Não";9;1;2;1;5;0;3;6;-15,7837512;-48,23250761;"SPRF-DF";"DEL03-DF";"UOP02-DEL03-DF"
757502;2026-03-10;"terça-feira";"19:00:00";"RJ";116;191;"NOVA IGUACU";"Ausência de reação do condutor";"Tombamento";"Com Vítimas Feridas";"Plena Noite";"Crescente";"Nublado";"Dupla";"Reta";"Não";1;0;1;0;0;0;1;1;-22,74337026;-43,51470844;"SPRF-RJ";"DEL06-RJ";"UOP01-DEL06-RJ"
757503;2026-03-10;"terça-feira";"19:43:00";"RO";364;702;"PORTO VELHO";"Reação tardia ou ineficiente do condutor";"Colisão traseira";"Com Vítimas Feridas";"Plena Noite";"Crescente";"Céu Claro";"Dupla";"Reta";"Sim";2;0;0;1;1;0;1;2;-8,800403;-63,79157;"SPRF-RO";"DEL01-RO";"UOP01-DEL01-RO"
757504;2026-03-10;"terça-feira";"20:00:00";"PR";277;668;"MEDIANEIRA";"Velocidade Incompatível";"Saída de leito carroçável";"Sem Vítimas";"Plena Noite";"Decrescente";"Céu Claro";"Dupla";"Declive;Reta";"Sim";1;0;0;0;0;1;0;1;-25,26424298;-54,05113427;"SPRF-PR";"DEL05-PR";"UOP02-DEL05-PR"
757505;2026-03-10;"terça-feira";"20:30:00";"PR";116;124;"FAZENDA RIO GRANDE";"Ausência de reação do condutor";"Colisão traseira";"Sem Vítimas";"Plena Noite";"Crescente";"Nublado";"Dupla";"Reta";"Sim";2;0;0;0;1;1;0;2;-25,629275;-49,31414;"SPRF-PR";"DEL01-PR";"UOP03-DEL01-PR"
757507;2026-03-10;"terça-feira";"20:30:00";"GO";40;145,5;"CRISTALINA";"Ausência de reação do condutor";"Colisão traseira";"Sem Vítimas";"Plena Noite";"Decrescente";"Nublado";"Simples";"Reta";"Não";2;0;0;0;2;0;0;2;-16,987948;-47,246348;"SPRF-DF";"DEL01-DF";"UOP02-DEL01-DF"
757508;2026-03-10;"terça-feira";"18:30:00";"GO";70;8,2;"AGUAS LINDAS DE GOIAS";"Ingestão de substâncias psicoativas pelo condutor";"Colisão traseira";"Sem Vítimas";"Anoitecer";"Crescente";"Céu Claro";"Dupla";"Reta";"Sim";3;0;0;0;3;0;0;3;-15,735516;-48,282624;"SPRF-DF";"DEL03-DF";"UOP02-DEL03-DF"
757509;2026-03-10;"terça-feira";"21:15:00";"CE";20;390;"CAUCAIA";"Ausência de reação do condutor";"Colisão lateral sentido oposto";"Com Vítimas Feridas";"Plena Noite";"Crescente";"Céu Claro";"Simples";"Reta";"Sim";1;0;0;1;0;0;1;1;-3,76640943;-38,66322655;"SPRF-CE";"DEL01-CE";"UOP01-DEL01-CE"
757510;2026-03-10;"terça-feira";"21:00:00";"GO";414;440;"ANAPOLIS";"Ausência de reação do condutor";"Colisão transversal";"Sem Vítimas";"Plena Noite";"Decrescente";"Céu Claro";"Simples";"Reta";"Sim";1;0;0;0;0;1;0;1;-16,280388;-48,942386;"SPRF-GO";"DEL02-GO";"UOP01-DEL02-GO"
757511;2026-03-10;"terça-feira";"21:50:00";"PI";316;314,3;"PICOS";"Ausência de reação do condutor";"Tombamento";"Com Vítimas Feridas";"Plena Noite";"Decrescente";"Céu Claro";"Simples";"Reta";"Sim";2;0;2;0;0;0;2;1;-7,078288;-41,437845;"SPRF-PI";"DEL04-PI";"UOP01-DEL04-PI"
757512;2026-03-10;"terça-feira";"16:30:00";"MA";230;279;"SAO RAIMUNDO DAS MANGABEIRAS";"Acostamento em desnível";"Capotamento";"Com Vítimas Fatais";"Anoitecer";"Decrescente";"Céu Claro";"Simples";"Reta";"Não";1;1;0;0;0;0;0;1;-7,011978;-45,46929431;"SPRF-MA";"DEL05-MA";"UOP01-DEL05-MA"
757513;2026-03-10;"terça-feira";"19:45:00";"RJ";101;383;"RIO DE JANEIRO";"Acessar a via sem observar a presença dos outros veículos";"Colisão lateral mesmo sentido";"Com Vítimas Feridas";"Plena Noite";"Decrescente";"Chuva";"Dupla";"Reta;Retorno Regulamentado";"Sim";2;0;1;0;1;0;1;2;-22,87712415;-43,61469269;"SPRF-RJ";"DEL03-RJ";"UOP01-DEL03-RJ"
757514;2026-03-10;"terça-feira";"20:20:00";"MG";365;702;"MONTE ALEGRE DE MINAS";"Problema com o freio";"Saída de leito carroçável";"Sem Vítimas";"Plena Noite";"Crescente";"Céu Claro";"Dupla";"Reta";"Não";1;0;0;0;1;0;0;1;-18,881182;-49,016957;"SPRF-MG";"DEL15-MG";"UOP03-DEL15-MG"
757516;2026-03-10;"terça-feira";"16:30:00";"PE";428;185;"PETROLINA";"Pedestre cruzava a pista fora da faixa";"Atropelamento de Pedestre";"Com Vítimas Feridas";"Pleno dia";"Crescente";"Céu Claro";"Dupla";"Reta";"Sim";2;0;0;1;0;1;1;2;-9,356632;-40,478695;"SPRF-PE";"DEL06-PE";"UOP01-DEL06-PE"
757517;2026-03-10;"terça-feira";"18:50:00";"RS";472;405;"SAO BORJA";"Ausência de reação do condutor";"Queda de ocupante de veículo";"Com Vítimas Feridas";"Pleno dia";"Decrescente";"Céu Claro";"Simples";"Curva";"Não";1;0;1;0;0;0;1;1;-28,67893287;-55,97468658;"SPRF-RS";"DEL12-RS";"UOP01-DEL12-RS"