"id";"data_inversa";"dia_semana";"horario";"uf";"br";"km";"municipio";"causa_acidente";"tipo_acidente";"classificacao_acidente";"fase_dia";"sentido_via";"condicao_metereologica";"tipo_pista";"tracado_via";"uso_solo";"pessoas";"mortos";"feridos_leves";"feridos_graves";"ilesos";"ignorados";"feridos";"veiculos";"latitude";"longitude";"regional";"delegacia";"uop"
757643;2026-02-19;"quinta-feira";"11:30:00";"PR";369;178,7;"ARAPONGAS";"Manobra de mudança de faixa";"Colisão lateral mesmo sentido";"Com Vítimas Feridas";"Pleno dia";"Decrescente";"Céu Claro";"Dupla";"Reta";"Não";3;0;0;1;2;0;1;2;-23,36241224;-51,40064284;"SPRF-PR";"DEL07-PR";"UOP03-DEL07-PR"
757645;2026-03-11;"quarta-feira";"13:10:00";"MG";262;29,3;"REDUTO";"Acessar a via sem observar a presença dos outros veículos";"Colisão frontal";"Com Vítimas Feridas";"Pleno dia";"Crescente";"Nublado";"Simples";"Aclive;Curva";"Não";4;0;1;0;3;0;1;2;-20,247853;-41,984073;"SPRF-MG";"DEL06-MG";"UOP03-DEL06-MG"
757646;2026-03-11;"quarta-feira";"13:50:00";"RO";364;13;"VILHENA";"Desrespeitar a preferência no cruzamento";"Colisão transversal";"Com Vítimas Feridas";"Pleno dia";"Decrescente";"Chuva";"Dupla";"Rotatória";"Sim";2;0;1;0;1;0;1;2;-12,74082944;-60,13298035;"SPRF-RO";"DEL04-RO";"UOP01-DEL04-RO"
757649;2026-03-11;"quarta-feira";"14:02:00";"SP";116;542;"BARRA DO TURVO";"Reação tardia ou ineficiente do condutor";"Colisão com objeto";"Sem Vítimas";"Pleno dia";"Crescente";"Chuva";"Dupla";"Curva";"Não";1;0;0;0;1;0;0;1;-24,97257329;-48,40144372;"SPRF-SP";"DEL05-SP";"UOP02-DEL05-SP"
757650;2026-03-11;"quarta-feira";"15:30:00";"RN";304;48,2;"MOSSORO";"Ingestão de álcool pelo condutor";"Colisão transversal";"Com Vítimas Feridas";"Pleno dia";"Decrescente";"Céu Claro";"Dupla";"Retorno Regulamentado";"Sim";2;0;1;0;1;0;1;2;-5,2306;-37,320825;"SPRF-RN";"DEL04-RN";"UOP01-DEL04-RN"
757651;2026-03-11;"quarta-feira";"14:38:00";"MA";135;21;"SAO LUIS";"Ausência de reação do condutor";"Colisão traseira";"Sem Vítimas";"Pleno dia";"Crescente";"Céu Claro";"Dupla";"Reta";"Sim";2;0;0;0;2;0;0;2;-2,56635;-44,32307;"SPRF-MA";"DEL01-MA";"UOP01-DEL01-MA"
757653;2026-03-11;"quarta-feira";"13:25:00";"MG";40;41,7;"PARACATU";"Condutor deixou de manter distância do veículo da frente";"Colisão traseira";"Com Vítimas Feridas";"Pleno dia";"Decrescente";"Céu Claro";"Simples";"Curva";"Sim";3;0;1;0;2;0;1;2;-17,21647792;-46,86769724;"SPRF-MG";"DEL14-MG";"UOP01-DEL14-MG"
757655;2026-03-08;"domingo";"00:40:00";"MG";116;497,8;"INHAPIM";"Ausência de reação do condutor";"Saída de leito carroçável";"Com Vítimas Feridas";"Plena Noite";"Decrescente";"Céu Claro";"Simples";"Curva";"Não";1;0;0;1;0;0;1;1;-19,53389416;-42,12602198;"SPRF-MG";"DEL06-MG";"UOP02-DEL06-MG"
757656;2026-03-11;"quarta-feira";"15:00:00";"MS";163;7,9;"MUNDO NOVO";"Ultrapassagem Indevida";"Tombamento";"Com Vítimas Feridas";"Pleno dia";"Decrescente";"Sol";"Simples";"Reta";"Não";1;0;0;1;0;0;1;1;-23,996084;-54,327957;"SPRF-MS";"DEL09-MS";"UOP02-DEL09-MS"
757657;2026-03-11;"quarta-feira";"16:00:00";"ES";101;222;"IBIRACU";"Demais falhas mecânicas ou elétricas";"Incêndio";"Sem Vítimas";"Pleno dia";"Crescente";"Céu Claro";"Simples";"Reta";"Não";2;0;0;0;2;0;0;1;-19,8703735;-40,41041273;"SPRF-ES";"DEL02-ES";"UOP01-DEL02-ES"
757658;2026-02-07;"sábado";"16:30:00";"PR";476;84;"BOCAIUVA DO SUL";"Ausência de reação do condutor";"Colisão com objeto";"Com Vítimas Feridas";"Pleno dia";"Decrescente";"Céu Claro";"Simples";"Curva";"Não";2;0;2;0;0;0;2;1;-25,150163;-49,108983;"SPRF-PR";"DEL01-PR";"UOP01-DEL01-PR"
757659;2026-03-11;"quarta-feira";"12:40:00";"MT";163;816;"SINOP";"Acessar a via sem observar a presença dos outros veículos";"Colisão lateral mesmo sentido";"Com Vítimas Feridas";"Pleno dia";"Decrescente";"Céu Claro";"Dupla";"Reta";"Não";2;0;1;0;1;0;1;2;-12,02720559;-55,51730114;"SPRF-MT";"DEL06-MT";"UOP02-DEL06-MT"
757660;2026-03-11;"quarta-feira";"14:20:00";"PR";277;727;"FOZ DO IGUACU";"Condutor deixou de manter distância do veículo da frente";"Colisão traseira";"Com Vítimas Feridas";"Pleno dia";"Crescente";"Céu Claro";"Simples";"Reta";"Sim";2;0;2;0;0;0;2;2;-25,51066261;-54,55289219;"SPRF-PR";"DEL05-PR";"UOP03-DEL05-PR"
757661;2026-01-10;"sábado";"08:35:00";"RJ";101;528;"ANGRA DOS REIS";"Velocidade Incompatível";"Colisão com objeto";"Com Vítimas Feridas";"Pleno dia";"Crescente";"Sol";"Simples";"Curva;Declive";"Sim";5;0;4;1;0;0;5;2;-23,02602769;-44,50561523;"SPRF-RJ";"DEL03-RJ";"UOP03-DEL03-RJ"
757662;2026-03-11;"quarta-feira";"16:00:00";"MG";381;479;"CONTAGEM";"Condutor deixou de manter distância do veículo da frente";"Colisão traseira";"Com Vítimas Feridas";"Pleno dia";"Crescente";"Garoa/Chuvisco";"Dupla";"Reta";"Sim";3;0;1;0;1;1;1;3;-19,96387;-44,04367447;"SPRF-MG";"DEL01-MG";"UOP03-DEL01-MG"
757663;2026-01-10;"sábado";"11:36:00";"RJ";116;299;"PORTO REAL";"Restrição de visibilidade em curvas verticais";"Engavetamento";"Com Vítimas Feridas";"Pleno dia";"Crescente";"Céu Claro";"Dupla";"Declive";"Não";7;0;1;0;5;1;1;6;-22,44999667;-44,33027;"SPRF-RJ";"DEL07-RJ";"UOP02-DEL07-RJ"
757664;2026-03-11;"quarta-feira";"11:30:00";"SP";116;515;"CAJATI";"Ausência de reação do condutor";"Colisão com objeto";"Sem Vítimas";"Pleno dia";"Decrescente";"Chuva";"Simples";"Curva";"Não";1;0;0;0;1;0;0;1;-24,85653434;-48,21212769;"SPRF-SP";"DEL05-SP";"UOP02-DEL05-SP"
757667;2026-03-11;"quarta-feira";"08:50:00";"BA";116;673;"JEQUIE";"Acessar a via sem observar a presença dos outros veículos";"Colisão transversal";"Com Vítimas Feridas";"Pleno dia";"Decrescente";"Sol";"Simples";"Interseção de Vias;Retorno Regulamentado";"Sim";3;0;2;0;1;0;2;2;-13,861048;-40,11343;"SPRF-BA";"DEL03-BA";"UOP01-DEL03-BA"
757668;2026-03-11;"quarta-feira";"15:40:00";"RS";386;255;"SOLEDADE";"Ausência de reação do condutor";"Saída de leito carroçável";"Com Vítimas Feridas";"Pleno dia";"Crescente";"Nublado";"Simples";"Curva;Em Obras";"Não";1;0;1;0;0;0;1;1;-28,86169743;-52,44477019;"SPRF-RS";"DEL04-RS";"UOP03-DEL04-RS"
757669;2026-03-11;"quarta-feira";"17:15:00";"SC";282;2,5;"FLORIANOPOLIS";"Trafegar com motocicleta (ou similar) entre as faixas";"Colisão lateral mesmo sentido";"Com Vítimas Feridas";"Pleno dia";"Crescente";"Céu Claro";"Múltipla";"Reta";"Sim";2;0;1;0;1;0;1;2;-27,60061;-48,59924;"SPRF-SC";"DEL01-SC";"UOP01-DEL01-SC"
757670;2026-03-11;"quarta-feira";"17:30:00";"MG";381;936,3;"EXTREMA";"Velocidade Incompatível";"Colisão com objeto";"Sem Vítimas";"Pleno dia";"Crescente";"Chuva";"Dupla";"Declive;Curva";"Não";1;0;0;0;1;0;0;1;-22,8082546;-46,2772201;"SPRF-MG";"DEL16-MG";"UOP03-DEL16-MG"
757671;2026-03-11;"quarta-feira";"17:20:00";"SP";116;147;"SAO JOSE DOS CAMPOS";"Manobra de mudança de faixa";"Colisão lateral mesmo sentido";"Com Vítimas Feridas";"Pleno dia";"Crescente";"Garoa/Chuvisco";"Dupla";"Reta";"Sim";2;0;1;0;1;0;1;2;-23,19525942;-45,87162409;"SPRF-SP";"DEL02-SP";"UOP01-DEL02-SP"
757672;2026-03-11;"quarta-feira";"15:00:00";"PE";232;66,4;"GRAVATA";"Condutor Dormindo";"Saída de leito carroçável";"Com Vítimas Feridas";"Pleno dia";"Crescente";"Sol";"Simples";"Reta";"Não";1;0;1;0;0;0;1;1;-8,166446;-35,461362;"SPRF-PE";"DEL02-PE";"UOP02-DEL02PE"
757674;2026-03-11;"quarta-feira";"16:10:00";"SP";116;562;"BARRA DO TURVO";"Ausência de reação do condutor";"Colisão com objeto";"Com Vítimas Feridas";"Pleno dia";"Decrescente";"Chuva";"Simples";"Declive;Curva";"Não";2;0;1;1;0;0;2;1;-25,00783949;-48,50738525;"SPRF-SP";"DEL05-SP";"UOP02-DEL05-SP"
757677;2026-03-11;"quarta-feira";"15:40:00";"PR";476;155,3;"ARAUCARIA";"Pedestre cruzava a pista fora da faixa";"Atropelamento de Pedestre";"Com Vítimas Feridas";"Pleno dia";"Crescente";"Nublado";"Dupla";"Reta";"Sim";2;0;1;0;1;0;1;2;-25,59038243;-49,41008127;"SPRF-PR";"DEL01-PR";"UOP06-DEL01-PR"
757678;2026-03-11;"quarta-feira";"17:50:00";"PR";369;193;"ARAPONGAS";"Avarias e/ou desgaste excessivo no pneu";"Colisão com objeto";"Com Vítimas Feridas";"Pleno dia";"Decrescente";"Céu Claro";"Dupla";"Reta";"Não";3;0;1;0;2;0;1;1;-23,467482;-51,423546;"SPRF-PR";"DEL07-PR";"UOP03-DEL07-PR"
757679;2026-03-11;"quarta-feira";"18:12:00";"RJ";101;442;"MANGARATIBA";"Curva acentuada";"Colisão frontal";"Com Vítimas Feridas";"Anoitecer";"Crescente";"Chuva";"Simples";"Curva";"Não";5;0;3;0;2;0;3;2;-22,98007055;-44,08307998;"SPRF-RJ";"DEL03-RJ";"UOP02-DEL03-RJ"
757681;2026-03-11;"quarta-feira";"17:45:00";"SP";116;133;"CACAPAVA";"Reação tardia ou ineficiente do condutor";"Colisão traseira";"Com Vítimas Feridas";"Pleno dia";"Decrescente";"Céu Claro";"Dupla";"Reta";"Sim";2;0;1;0;0;1;1;2;-23,13625669;-45,75435352;"SPRF-SP";"DEL02-SP";"UOP02-DEL02-SP"
757682;2026-03-11;"quarta-feira";"18:20:00";"SP";116;133;"CACAPAVA";"Reação tardia ou ineficiente do condutor";"Queda de ocupante de veículo";"Com Vítimas Feridas";"Anoitecer";"Crescente";"Céu Claro";"Dupla";"Reta";"Sim";1;0;1;0;0;0;1;1;-23,13509028;-45,75242303;"SPRF-SP";"DEL02-SP";"UOP02-DEL02-SP"
757686;2026-03-11;"quarta-feira";"18:00:00";"MG";381;799,1;"SAO GONCALO DO SAPUCAI";"Reação tardia ou ineficiente do condutor";"Capotamento";"Com Vítimas Fatais";"Plena Noite";"Crescente";"Nublado";"Dupla";"Curva";"Não";4;1;2;0;1;0;2;1;-21,921328;-45,61111;"SPRF-MG";"DEL16-MG";"UOP02-DEL16-MG"
757688;2026-03-11;"quarta-feira";"18:30:00";"RN";101;101;"PARNAMIRIM";"Manobra de mudança de faixa";"Engavetamento";"Com Vítimas Feridas";"Plena Noite";"Crescente";"Céu Claro";"Múltipla";"Reta";"Não";4;0;2;0;2;0;2;3;-5,881893;-35,22592;"SPRF-RN";"DEL01-RN";"UOP01-DEL01-RN"
757689;2026-03-11;"quarta-feira";"18:06:00";"RN";405;3;"MOSSORO";"Retorno proibido";"Colisão transversal";"Com Vítimas Feridas";"Plena Noite";"Crescente";"Céu Claro";"Simples";"Reta";"Sim";4;0;1;1;0;2;2;3;-5,193984;-37,380162;"SPRF-RN";"DEL04-RN";"UOP02-DEL04-RN"
757690;2026-03-11;"quarta-feira";"19:00:00";"SC";470;42,8;"GASPAR";"Ausência de reação do condutor";"Colisão traseira";"Com Vítimas Fatais";"Plena Noite";"Crescente";"Céu Claro";"Dupla";"Reta";"Não";3;1;0;0;2;0;0;2;-26,8746588;-49,0110299;"SPRF-SC";"DEL04-SC";"UOP01-DEL04-SC"
757692;2026-03-11;"quarta-feira";"17:10:00";"RJ";493;19;"GUAPIMIRIM";"Acessar a via sem observar a presença dos outros veículos";"Colisão transversal";"Com Vítimas Feridas";"Anoitecer";"Crescente";"Chuva";"Simples";"Reta";"Sim";2;0;0;1;1;0;1;2;-22,66876702;-43,02202575;"SPRF-RJ";"DEL04-RJ";"UOP02-DEL04-RJ"
757694;2026-03-11;"quarta-feira";"18:26:00";"PR";376;85,8;"GUAIRACA";"Chuva";"Saída de leito carroçável";"Sem Vítimas";"Pleno dia";"Decrescente";"Chuva";"Simples";"Declive;Reta";"Não";1;0;0;0;1;0;0;1;-22,96231;-52,6449;"SPRF-PR";"DEL09-PR";"UOP02-DEL09-PR"
757696;2026-03-11;"quarta-feira";"18:40:00";"PR";163;239;"TOLEDO";"Objeto estático sobre o leito carroçável";"Queda de ocupante de veículo";"Com Vítimas Feridas";"Anoitecer";"Decrescente";"Nublado";"Dupla";"Aclive;Reta";"Não";1;0;1;0;0;0;1;1;-24,7355387;-53,6987916;"SPRF-PR";"DEL04-PR";"UOP01-DEL04-PR"
757697;2026-03-11;"quarta-feira";"20:00:00";"RJ";116;183;"NOVA IGUACU";"Ausência de reação do condutor";"Colisão lateral mesmo sentido";"Com Vítimas Feridas";"Plena Noite";"Crescente";"Garoa/Chuvisco";"Dupla";"Reta";"Sim";3;0;1;0;2;0;1;2;-22,75565355;-43,43260288;"SPRF-RJ";"DEL06-RJ";"UOP01-DEL06-RJ"
757698;2026-03-11;"quarta-feira";"20:00:00";"MG";262;365,1;"JUATUBA";"Animais na Pista";"Atropelamento de Animal";"Com Vítimas Feridas";"Plena Noite";"Decrescente";"Chuva";"Dupla";"Declive;Reta";"Não";2;0;0;2;0;0;2;1;-19,956637;-44,350172;"SPRF-MG";"DEL01-MG";"UOP03-DEL01-MG"
757699;2026-03-11;"quarta-feira";"14:20:00";"RS";290;409,9;"SANTA MARGARIDA DO SUL";"Acessar a via sem observar a presença dos outros veículos";"Colisão transversal";"Com Vítimas Feridas";"Pleno dia";"Crescente";"Céu Claro";"Simples";"Reta";"Não";3;0;1;2;0;0;3;2;-30,36379849;-54,247708;"SPRF-RS";"DEL09-RS";"UOP02-DEL09-RS"
757700;2026-03-07;"sábado";"03:30:00";"MS";262;549;"MIRANDA";"Condutor Dormindo";"Saída de leito carroçável";"Com Vítimas Feridas";"Plena Noite";"Crescente";"Céu Claro";"Simples";"Reta";"Não";1;0;1;0;0;0;1;1;-20,281263;-56,306801;"SPRF-MS";"DEL03-MS";"UOP02-DEL03-MS"
757705;2026-03-11;"quarta-feira";"19:00:00";"PR";277;694;"SAO MIGUEL DO IGUACU";"Desrespeitar a preferência no cruzamento";"Colisão transversal";"Com Vítimas Feridas";"Plena Noite";"Decrescente";"Céu Claro";"Dupla";"Retorno Regulamentado;Reta";"Sim";4;0;2;2;0;0;4;2;-25,39343427;-54,30624453;"SPRF-PR";"DEL05-PR";"UOP01-DEL05-PR"
757707;2026-03-11;"quarta-feira";"20:10:00";"RS";285;338,7;"CARAZINHO";"Ausência de reação do condutor";"Colisão traseira";"Com Vítimas Feridas";"Plena Noite";"Decrescente";"Garoa/Chuvisco";"Simples";"Reta";"Sim";8;0;6;0;2;0;6;3;-28,31353268;-52,78659996;"SPRF-RS";"DEL08-RS";"UOP03-DEL08-RS"
757708;2026-03-11;"quarta-feira";"20:25:00";"RJ";101;59;"CAMPOS DOS GOYTACAZES";"Reação tardia ou ineficiente do condutor";"Colisão traseira";"Com Vítimas Feridas";"Plena Noite";"Decrescente";"Céu Claro";"Simples";"Reta";"Sim";2;0;1;0;1;0;1;2;-21,717093;-41,310712;"SPRF-RJ";"DEL08-RJ";"UOP01-DEL08-RJ"
757709;2026-03-11;"quarta-feira";"18:30:00";"RJ";116;221;"PARACAMBI";"Velocidade Incompatível";"Colisão traseira";"Com Vítimas Feridas";"Plena Noite";"Crescente";"Chuva";"Dupla";"Reta";"Não";4;0;3;0;1;0;3;2;-22,69029972;-43,79025936;"SPRF-RJ";"DEL06-RJ";"UOP02-DEL06-RJ"
757711;2026-03-11;"quarta-feira";"19:00:00";"RJ";393;198;"PARAIBA DO SUL";"Demais falhas mecânicas ou elétricas";"Incêndio";"Sem Vítimas";"Plena Noite";"Decrescente";"Chuva";"Simples";"Reta";"Não";1;0;0;0;1;0;0;1;-22,21029199;-43,40045929;"SPRF-RJ";"DEL05-RJ";"UOP03-DEL05-RJ"
757712;2026-03-11;"quarta-feira";"16:25:00";"RJ";393;235,6;"VASSOURAS";"Conversão proibida";"Colisão transversal";"Com Vítimas Feridas";"Pleno dia";"Crescente";"Garoa/Chuvisco";"Simples";"Reta";"Sim";2;0;1;1;0;0;2;2;-22,41245678;-43,67423773;"SPRF-RJ";"DEL05-RJ";"UOP03-DEL05-RJ"
757713;2026-03-11;"quarta-feira";"20:15:00";"SP";101;38;"UBATUBA";"Condutor deixou de manter distância do veículo da frente";"Colisão traseira";"Com Vítimas Feridas";"Plena Noite";"Crescente";"Chuva";"Simples";"Curva";"Sim";2;0;1;0;1;0;1;2;-23,40756978;-45,01875401;"SPRF-SP";"DEL06-SP";"UOP01-DEL06-SP"
757714;2026-03-11;"quarta-feira";"20:30:00";"PE";101;67;"RECIFE";"Manobra de mudança de faixa";"Colisão lateral mesmo sentido";"Com Vítimas Feridas";"Plena Noite";"Crescente";"Céu Claro";"Múltipla";"Reta";"Sim";5;0;3;0;2;0;3;3;-8,042;-34,94332;"SPRF-PE";"DEL01-PE";"UOP01-DEL01-PE"
757716;2026-03-11;"quarta-feira";"20:10:00";"PR";163;94,9;"CAPANEMA";"Reação tardia ou ineficiente do condutor";"Saída de leito carroçável";"Com Vítimas Feridas";"Plena Noite";"Decrescente";"Céu Claro";"Simples";"Curva";"Não";3;0;0;3;0;0;3;1;-25,622783;-53,80237;"SPRF-PR";"DEL02-PR";"UOP02-DEL02-PR"
757717;2026-03-11;"quarta-feira";"20:15:00";"PR";476;110,5;"COLOMBO";"Acessar a via sem observar a presença dos outros veículos";"Colisão transversal";"Com Vítimas Feridas";"Plena Noite";"Crescente";"Garoa/Chuvisco";"Dupla";"Reta";"Não";2;0;0;1;0;1;1;2;-25,3135;-49,1493;"SPRF-PR";"DEL01-PR";"UOP01-DEL01-PR"
757719;2026-03-11;"quarta-feira";"17:00:00";"AC";364;660;"TARAUACA";"Pista esburacada";"Saída de leito carroçável";"Com Vítimas Feridas";"Anoitecer";"Crescente";"Céu Claro";"Simples";"Declive";"Não";3;0;3;0;0;0;3;1;-7,849803;-71,811975;"SPRF-AC";"DEL01-AC";"UOP03-DEL01-AC"
757720;2026-03-11;"quarta-feira";"17:20:00";"AC";364;139;"RIO BRANCO";"Manobra de mudança de faixa";"Colisão traseira";"Com Vítimas Feridas";"Anoitecer";"Crescente";"Chuva";"Dupla";"Reta";"Não";3;0;2;0;1;0;2;2;-9,95479061;-67,85986159;"SPRF-AC";"DEL01-AC";"UOP01-DEL01-AC"
757721;2026-03-11;"quarta-feira";"21:10:00";"SP";381;85;"SAO PAULO";"Entrada inopinada do pedestre";"Atropelamento de Pedestre";"Com Vítimas Feridas";"Plena Noite";"Decrescente";"Nublado";"Múltipla";"Reta";"Sim";2;0;0;1;1;0;1;2;-23,457263;-46,5745229;"SPRF-SP";"DEL03-SP";"UOP01-DEL03-SP"
757722;2026-03-11;"quarta-feira";"20:48:00";"MA";135;8;"SAO LUIS";"Pista esburacada";"Tombamento";"Com Vítimas Feridas";"Plena Noite";"Crescente";"Céu Claro";"Dupla";"Reta";"Não";1;0;1;0;0;0;1;1;-2,60549;-44,32461;"SPRF-MA";"DEL01-MA";"UOP01-DEL01-MA"
757724;2026-03-11;"quarta-feira";"21:50:00";"PR";277;77;"SAO JOSE DOS PINHAIS";"Pedestre andava na pista";"Atropelamento de Pedestre";"Com Vítimas Fatais";"Plena Noite";"Decrescente";"Nublado";"Dupla";"Reta";"Não";4;1;0;0;1;2;0;2;-25,4877741;-49,181399;"SPRF-PR";"DEL01-PR";"UOP07-DEL01-PR"
757725;2026-03-11;"quarta-feira";"21:55:00";"RJ";116;173;"SAO JOAO DE MERITI";"Manobra de mudança de faixa";"Colisão traseira";"Com Vítimas Feridas";"Plena Noite";"Crescente";"Chuva";"Múltipla";"Reta";"Sim";2;0;1;0;1;0;1;2;-22,79846151;-43,35639445;"SPRF-RJ";"DEL06-RJ";"UOP01-DEL06-RJ"
757726;2026-03-11;"quarta-feira";"20:00:00";"MG";356;273,3;"PATROCINIO DO MURIAE";"Ultrapassagem Indevida";"Colisão frontal";"Com Vítimas Feridas";"Plena Noite";"Crescente";"Chuva";"Simples";"Declive;Reta";"Não";3;0;3;0;0;0;3;2;-21,13831706;-42,30557084;"SPRF-MG";"DEL07-MG";"UOP02-DEL07-MG"
757727;2026-03-11;"quarta-feira";"20:50:00";"MG";153;213;"FRUTAL";"Pista esburacada";"Saída de leito carroçável";"Com Vítimas Feridas";"Plena Noite";"Crescente";"Garoa/Chuvisco";"Simples";"Curva";"Não";1;0;1;0;0;0;1;1;-20,04999414;-49,05148443;"SPRF-MG";"DEL13-MG";"UOP02-DEL13-MG"
757730;2026-03-11;"quarta-feira";"22:15:00";"BA";101;161;"CONCEICAO DO JACUIPE";"Acessar a via sem observar a presença dos outros veículos";"Colisão transversal";"Com Vítimas Feridas";"Plena Noite";"Decrescente";"Céu Claro";"Dupla";"Interseção de Vias;Reta";"Sim";3;0;3;0;0;0;3;2;-12,35502691;-38,78918099;"SPRF-BA";"DEL11-BA";"UOP02-DEL11-BA"
757732;2026-03-11;"quarta-feira";"21:55:00";"TO";10;457,3;"PALMAS";"Condutor deixou de manter distância do veículo da frente";"Colisão traseira";"Com Vítimas Feridas";"Plena Noite";"Crescente";"Céu Claro";"Múltipla";"Reta;Aclive";"Sim";3;0;0;1;2;0;1;2;-10,28585;-48,297382;"SPRF-TO";"DEL01-TO";"UOP03-DEL01-TO"
757733;2026-03-11;"quarta-feira";"23:20:00";"SC";101;154,4;"PORTO BELO";"Ausência de reação do condutor";"Colisão traseira";"Com Vítimas Feridas";"Plena Noite";"Decrescente";"Garoa/Chuvisco";"Dupla";"Reta";"Não";3;0;2;0;1;0;2;2;-27,1576;-48,61079;"SPRF-SC";"DEL04-SC";"UOP03-DEL04-SC"
757735;2026-03-11;"quarta-feira";"12:30:00";"MG";262;35;"MANHUACU";"Reação tardia ou ineficiente do condutor";"Atropelamento de Pedestre";"Com Vítimas Feridas";"Pleno dia";"Decrescente";"Céu Claro";"Simples";"Reta";"Sim";2;0;1;0;1;0;1;2;-20,25842379;-42,03110486;"SPRF-MG";"DEL06-MG";"UOP03-DEL06-MG"
757738;2026-03-11;"quarta-feira";"20:10:00";"SC";470;321,2;"CAMPOS NOVOS";"Velocidade Incompatível";"Saída de leito carroçável";"Com Vítimas Fatais";"Plena Noite";"Crescente";"Céu Claro";"Simples";"Curva";"Não";2;2;0;0;0;0;0;1;-27,423923;-51,240495;"SPRF-SC";"DEL07-SC";"UOP06-DEL07-SC"
757739;2026-03-12;"quinta-feira";"00:15:00";"RS";116;251;"SAO LEOPOLDO";"Acumulo de areia ou detritos sobre o pavimento";"Queda de ocupante de veículo";"Com Vítimas Feridas";"Plena Noite";"Decrescente";"Céu Claro";"Múltipla";"Reta";"Sim";1;0;1;0;0;0;1;1;-29,79243416;-51,16416108;"SPRF-RS";"DEL01-RS";"UOP02-DEL01-RS"
757740;2026-03-11;"quarta-feira";"23:08:00";"SC";470;37,9;"GASPAR";"Acessar a via sem observar a presença dos outros veículos";"Colisão transversal";"Com Vítimas Fatais";"Plena Noite";"Crescente";"Nublado";"Dupla";"Reta";"Sim";2;1;0;0;1;0;0;2;-26,903547;-48,980485;"SPRF-SC";"DEL04-SC";"UOP01-DEL04-SC"
757741;2026-03-12;"quinta-feira";"00:20:00";"PR";277;121,9;"CAMPO LARGO";"Ingestão de álcool pelo condutor";"Saída de leito carroçável";"Sem Vítimas";"Plena Noite";"Crescente";"Céu Claro";"Dupla";"Curva";"Sim";1;0;0;0;1;0;0;1;-25,44411219;-49,50153915;"SPRF-PR";"DEL03-PR";"UOP03-DEL03-PR"
757747;2026-03-12;"quinta-feira";"00:05:00";"GO";80;148;"SANTA RITA DO NOVO DESTINO";"Animais na Pista";"Atropelamento de Animal";"Sem Vítimas";"Plena Noite";"Decrescente";"Nublado";"Simples";"Declive;Reta";"Não";1;0;0;0;1;0;0;1;-14,87011648;-49,00663018;"SPRF-GO";"DEL07-GO";"UOP02-DEL07-GO"
757750;2026-03-11;"quarta-feira";"22:00:00";"GO";364;310,2;"MINEIROS";"Reação tardia ou ineficiente do condutor";"Saída de leito carroçável";"Com Vítimas Feridas";"Plena Noite";"Crescente";"Céu Claro";"Dupla";"Interseção de Vias";"Não";2;0;2;0;0;0;2;1;-17,486882;-52,555008;"SPRF-GO";"DEL05-GO";"UOP01-DEL05-GO"
757751;2026-03-12;"quinta-feira";"02:40:00";"SC";101;96,5;"BALNEARIO PICARRAS";"Ingestão de álcool pelo condutor";"Colisão traseira";"Com Vítimas Feridas";"Plena Noite";"Decrescente";"Nublado";"Múltipla";"Curva";"Não";2;0;1;0;1;0;1;2;-26,72851136;-48,70194046;"SPRF-SC";"DEL03-SC";"UOP02-DEL03-SC"
757757;2026-03-12;"quinta-feira";"05:30:00";"SP";153;0,1;"ICEM";"Desrespeitar a preferência no cruzamento";"Colisão transversal";"Com Vítimas Feridas";"Amanhecer";"Crescente";"Nublado";"Simples";"Reta";"Não";2;0;1;0;1;0;1;2;-20,307978;-49,207943;"SPRF-SP";"DEL09-SP";"UOP01-DEL09-SP"
757761;2026-03-12;"quinta-feira";"05:50:00";"GO";70;315;"JUSSARA";"Ausência de reação do condutor";"Colisão lateral mesmo sentido";"Com Vítimas Feridas";"Amanhecer";"Decrescente";"Céu Claro";"Simples";"Interseção de Vias;Reta";"Sim";2;0;2;0;0;0;2;2;-15,8740982;-50,8418823;"SPRF-GO";"DEL04-GO";"UOP02-DEL04-GO"
757763;2026-03-12;"quinta-feira";"06:20:00";"GO";60;76;"ANAPOLIS";"Condutor Dormindo";"Saída de leito carroçável";"Com Vítimas Feridas";"Pleno dia";"Crescente";"Céu Claro";"Dupla";"Reta";"Não";3;0;2;0;1;0;2;1;-16,28126;-48,79232;"SPRF-GO";"DEL02-GO";"UOP01-DEL02-GO"
757764;2026-03-12;"quinta-feira";"06:45:00";"MG";381;636;"SANTO ANTONIO DO AMPARO";"Reação tardia ou ineficiente do condutor";"Colisão lateral mesmo sentido";"Com Vítimas Feridas";"Pleno dia";"Crescente";"Céu Claro";"Dupla";"Curva;Declive;Viaduto";"Não";3;0;2;0;0;1;2;2;-20,8667318;-44,84157801;"SPRF-MG";"DEL04-MG";"UOP01-DEL04-MG"
757766;2026-01-15;"quinta-feira";"07:40:00";"RJ";116;187;"NOVA IGUACU";"Ausência de reação do condutor";"Colisão lateral mesmo sentido";"Com Vítimas Feridas";"Amanhecer";"Decrescente";"Céu Claro";"Dupla";"Reta";"Não";2;0;1;0;1;0;1;2;-22,73948531;-43,46884187;"SPRF-RJ";"DEL06-RJ";"UOP01-DEL06-RJ"
757768;2026-03-12;"quinta-feira";"06:30:00";"PR";116;208,3;"RIO NEGRO";"Ausência de reação do condutor";"Tombamento";"Com Vítimas Feridas";"Amanhecer";"Crescente";"Garoa/Chuvisco";"Simples";"Reta";"Sim";1;0;1;0;0;0;1;1;-26,08194305;-49,77279631;"SPRF-SC";"DEL06-SC";"UOP01-DEL06-SC"