"id";"data_inversa";"dia_semana";"horario";"uf";"br";"km";"municipio";"causa_acidente";"tipo_acidente";"classificacao_acidente";"fase_dia";"sentido_via";"condicao_metereologica";"tipo_pista";"tracado_via";"uso_solo";"pessoas";"mortos";"feridos_leves";"feridos_graves";"ilesos";"ignorados";"feridos";"veiculos";"latitude";"longitude";"regional";"delegacia";"uop"
757770;2026-01-11;"domingo";"23:06:00";"GO";153;514,5;"APARECIDA DE GOIANIA";"Velocidade Incompatível";"Colisão transversal";"Com Vítimas Feridas";"Plena Noite";"Crescente";"Nublado";"Dupla";"Interseção de Vias";"Sim";2;0;0;1;1;0;1;2;-16,82493755;-49,24210668;"SPRF-GO";"DEL01-GO";"UOP03-DEL01-GO"
757773;2026-03-12;"quinta-feira";"06:15:00";"PR";277;120,2;"CAMPO LARGO";"Acessar a via sem observar a presença dos outros veículos";"Colisão frontal";"Sem Vítimas";"Amanhecer";"Crescente";"Chuva";"Dupla";"Interseção de Vias;Curva";"Sim";2;0;0;0;2;0;0;2;-25,44662573;-49,48354518;"SPRF-PR";"DEL03-PR";"UOP03-DEL03-PR"
757775;2026-03-12;"quinta-feira";"06:00:00";"SC";101;255;"PAULO LOPES";"Acessar a via sem observar a presença dos outros veículos";"Colisão frontal";"Com Vítimas Fatais";"Plena Noite";"Crescente";"Nublado";"Dupla";"Reta";"Não";2;1;0;0;1;0;0;2;-27,98451474;-48,67930269;"SPRF-SC";"DEL02-SC";"UOP03-DEL02-SC"
757776;2026-03-12;"quinta-feira";"08:00:00";"PB";230;19,2;"JOAO PESSOA";"Condutor deixou de manter distância do veículo da frente";"Colisão traseira";"Com Vítimas Feridas";"Pleno dia";"Crescente";"Céu Claro";"Dupla";"Curva";"Sim";3;0;0;1;2;0;1;3;-7,12887655;-34,84902368;"SPRF-PB";"DEL01-PB";"UOP01-DEL01-PB"
757777;2026-03-11;"quarta-feira";"10:00:00";"MT";364;614;"DIAMANTINO";"Demais falhas mecânicas ou elétricas";"Incêndio";"Sem Vítimas";"Pleno dia";"Decrescente";"Céu Claro";"Simples";"Reta;Aclive";"Não";1;0;0;0;0;1;0;1;-14,453567;-56,27786;"SPRF-MT";"DEL01-MT";"UOP01-DEL01-MT"
757782;2026-03-12;"quinta-feira";"08:00:00";"MG";40;516;"RIBEIRAO DAS NEVES";"Reação tardia ou ineficiente do condutor";"Colisão traseira";"Com Vítimas Feridas";"Pleno dia";"Crescente";"Céu Claro";"Dupla";"Reta";"Sim";2;0;1;0;1;0;1;2;-19,8164384;-44,0891049;"SPRF-MG";"DEL01-MG";"UOP02-DEL01-MG"
757783;2026-03-11;"quarta-feira";"13:26:00";"MG";381;646;"SANTO ANTONIO DO AMPARO";"Reação tardia ou ineficiente do condutor";"Saída de leito carroçável";"Com Vítimas Feridas";"Pleno dia";"Crescente";"Chuva";"Dupla";"Curva";"Não";1;0;1;0;0;0;1;1;-20,94861698;-44,88583231;"SPRF-MG";"DEL04-MG";"UOP02-DEL04-MG"
757784;2026-03-12;"quinta-feira";"06:40:00";"RJ";101;413;"ITAGUAI";"Acumulo de água sobre o pavimento";"Saída de leito carroçável";"Com Vítimas Feridas";"Pleno dia";"Decrescente";"Chuva";"Dupla";"Curva";"Sim";1;0;1;0;0;0;1;1;-22,902683;-43,86968;"SPRF-RJ";"DEL03-RJ";"UOP01-DEL03-RJ"
757785;2026-03-02;"segunda-feira";"21:00:00";"PB";104;131,4;"QUEIMADAS";"Acumulo de areia ou detritos sobre o pavimento";"Tombamento";"Com Vítimas Feridas";"Plena Noite";"Decrescente";"Céu Claro";"Simples";"Interseção de Vias;Reta";"Sim";2;0;2;0;0;0;2;1;-7,287489;-35,8898322;"SPRF-PB";"DEL02-PB";"UOP03-DEL02-PB"
757787;2026-03-12;"quinta-feira";"08:20:00";"PR";153;360,4;"RIO AZUL";"Transitar na contramão";"Colisão frontal";"Com Vítimas Feridas";"Pleno dia";"Crescente";"Garoa/Chuvisco";"Simples";"Aclive;Reta";"Não";2;0;0;1;1;0;1;2;-25,68133072;-50,7586813;"SPRF-PR";"DEL08-PR";"UOP02-DEL08-PR"
757789;2026-03-12;"quinta-feira";"06:25:00";"PA";316;28;"BENEVIDES";"Reação tardia ou ineficiente do condutor";"Tombamento";"Com Vítimas Feridas";"Pleno dia";"Crescente";"Céu Claro";"Dupla";"Reta";"Não";1;0;1;0;0;0;1;1;-1,312537;-48,222176;"SPRF-PA";"DEL01-PA";"UOP01-DEL01-PA"
757794;2026-03-12;"quinta-feira";"08:55:00";"PE";101;144,1;"RIBEIRAO";"Reação tardia ou ineficiente do condutor";"Saída de leito carroçável";"Sem Vítimas";"Pleno dia";"Crescente";"Nublado";"Dupla";"Reta";"Não";1;0;0;0;1;0;0;1;-8,45336;-35,357542;"SPRF-PE";"DEL01-PE";"UOP03-DEL01-PE"
757797;2026-01-03;"sábado";"22:10:00";"GO";40;96;"CRISTALINA";"Transitar na contramão";"Colisão frontal";"Com Vítimas Feridas";"Plena Noite";"Decrescente";"Nevoeiro/Neblina";"Simples";"Viaduto";"Sim";2;0;1;0;1;0;1;2;-16,754588;-47,60416;"SPRF-DF";"DEL01-DF";"UOP02-DEL01-DF"
757798;2026-03-12;"quinta-feira";"10:15:00";"RS";116;267;"CANOAS";"Reação tardia ou ineficiente do condutor";"Colisão traseira";"Sem Vítimas";"Pleno dia";"Crescente";"Céu Claro";"Múltipla";"Reta";"Sim";3;0;0;0;3;0;0;3;-29,94283086;-51,17696643;"SPRF-RS";"DEL01-RS";"UOP01-DEL01-RS"
757800;2026-03-12;"quinta-feira";"07:20:00";"RO";364;341;"JI-PARANA";"Ausência de reação do condutor";"Colisão traseira";"Com Vítimas Feridas";"Pleno dia";"Crescente";"Nublado";"Dupla";"Reta";"Sim";2;0;1;0;1;0;1;2;-10,88493409;-61,93566369;"SPRF-RO";"DEL02-RO";"UOP01-DEL02-RO"
757801;2026-03-12;"quinta-feira";"07:00:00";"BA";101;752,1;"ITABELA";"Velocidade Incompatível";"Saída de leito carroçável";"Com Vítimas Feridas";"Pleno dia";"Decrescente";"Céu Claro";"Simples";"Declive;Curva";"Não";1;0;1;0;0;0;1;1;-16,620588;-39,530867;"SPRF-BA";"DEL09-BA";"UOP01-DEL09-BA"
757803;2026-03-12;"quinta-feira";"08:30:00";"RS";290;424,9;"SAO GABRIEL";"Ausência de reação do condutor";"Colisão traseira";"Sem Vítimas";"Pleno dia";"Decrescente";"Céu Claro";"Simples";"Reta";"Não";2;0;0;0;2;0;0;2;-30,3237854;-54,3854093;"SPRF-RS";"DEL11-RS";"UOP02-DEL11-RS"
757804;2026-03-12;"quinta-feira";"10:00:00";"DF";70;2;"BRASILIA";"Acessar a via sem observar a presença dos outros veículos";"Colisão lateral mesmo sentido";"Com Vítimas Feridas";"Pleno dia";"Decrescente";"Nublado";"Dupla";"Reta";"Sim";2;0;1;0;0;1;1;2;-15,798528;-48,074067;"SPRF-DF";"DEL03-DF";"UOP02-DEL03-DF"
757805;2026-03-12;"quinta-feira";"09:20:00";"GO";60;31;"ALEXANIA";"Pedestre cruzava a pista fora da faixa";"Atropelamento de Pedestre";"Com Vítimas Feridas";"Pleno dia";"Crescente";"Nublado";"Dupla";"Reta";"Sim";2;0;0;1;1;0;1;2;-16,091417;-48,494835;"SPRF-DF";"DEL03-DF";"UOP01-DEL03-DF"
757806;2026-03-12;"quinta-feira";"10:20:00";"BA";116;828;"VITORIA DA CONQUISTA";"Acessar a via sem observar a presença dos outros veículos";"Colisão lateral mesmo sentido";"Com Vítimas Feridas";"Pleno dia";"Decrescente";"Céu Claro";"Simples";"Curva;Retorno Regulamentado";"Não";2;0;1;0;1;0;1;2;-14,9020644;-40,8689263;"SPRF-BA";"DEL08-BA";"UOP01-DEL08-BA"
757807;2026-03-12;"quinta-feira";"05:30:00";"BA";242;229;"ITABERABA";"Acessar a via sem observar a presença dos outros veículos";"Colisão transversal";"Com Vítimas Fatais";"Amanhecer";"Decrescente";"Sol";"Simples";"Curva";"Sim";2;1;0;1;0;0;1;2;-12,51000439;-40,30259728;"SPRF-BA";"DEL06-BA";"UOP02-DEL06-BA"
757810;2026-03-12;"quinta-feira";"11:06:00";"SP";153;75,3;"BADY BASSITT";"Demais falhas na via";"Tombamento";"Com Vítimas Feridas";"Pleno dia";"Crescente";"Chuva";"Dupla";"Declive;Reta";"Sim";1;0;1;0;0;0;1;1;-20,895667;-49,436174;"SPRF-SP";"DEL09-SP";"UOP01-DEL09-SP"
757811;2026-03-12;"quinta-feira";"11:30:00";"SC";282;3,9;"FLORIANOPOLIS";"Reação tardia ou ineficiente do condutor";"Colisão lateral mesmo sentido";"Com Vítimas Feridas";"Pleno dia";"Crescente";"Céu Claro";"Múltipla";"Reta";"Não";2;0;1;0;1;0;1;2;-27,59309867;-48,60295697;"SPRF-SC";"DEL01-SC";"UOP01-DEL01-SC"
757814;2026-03-12;"quinta-feira";"10:50:00";"PR";116;196;"RIO NEGRO";"Reação tardia ou ineficiente do condutor";"Saída de leito carroçável";"Com Vítimas Feridas";"Pleno dia";"Decrescente";"Chuva";"Simples";"Curva";"Não";1;0;1;0;0;0;1;1;-26,02774859;-49,68086243;"SPRF-SC";"DEL06-SC";"UOP01-DEL06-SC"
757815;2026-03-12;"quinta-feira";"11:00:00";"SC";101;206;"SAO JOSE";"Manobra de mudança de faixa";"Colisão lateral mesmo sentido";"Com Vítimas Feridas";"Pleno dia";"Crescente";"Céu Claro";"Múltipla";"Reta";"Não";2;0;1;0;1;0;1;2;-27,589629;-48,617433;"SPRF-SC";"DEL01-SC";"UOP01-DEL01-SC"
757816;2026-03-12;"quinta-feira";"11:20:00";"DF";20;45;"BRASILIA";"Avarias e/ou desgaste excessivo no pneu";"Saída de leito carroçável";"Sem Vítimas";"Pleno dia";"Crescente";"Chuva";"Dupla";"Declive;Reta";"Não";2;0;0;0;2;0;0;1;-15,58016;-47,45969;"SPRF-DF";"DEL02-DF";"UOP01-DEL02-DF"
757821;2026-03-12;"quinta-feira";"09:37:00";"MA";230;405,8;"BALSAS";"Desrespeitar a preferência no cruzamento";"Colisão transversal";"Com Vítimas Feridas";"Pleno dia";"Decrescente";"Céu Claro";"Simples";"Rotatória;Interseção de Vias;Retorno Regulamentado";"Sim";2;0;0;1;1;0;1;2;-7,51973925;-46,05793582;"SPRF-MA";"DEL05-MA";"UOP01-DEL05-MA"
757825;2026-03-12;"quinta-feira";"09:30:00";"MG";116;410,9;"GOVERNADOR VALADARES";"Acessar a via sem observar a presença dos outros veículos";"Colisão transversal";"Com Vítimas Feridas";"Pleno dia";"Decrescente";"Nublado";"Dupla";"Reta";"Sim";3;0;1;0;2;0;1;2;-18,86665615;-41,97296619;"SPRF-MG";"DEL06-MG";"UOP01-DEL06-MG"
757826;2026-03-12;"quinta-feira";"12:20:00";"SE";235;52;"ITABAIANA";"Desrespeitar a preferência no cruzamento";"Colisão transversal";"Com Vítimas Feridas";"Pleno dia";"Crescente";"Céu Claro";"Simples";"Interseção de Vias;Reta";"Sim";2;0;1;0;1;0;1;2;-10,69093956;-37,43859228;"SPRF-SE";"DEL01-SE";"UOP02-DEL01-SE"
757827;2026-03-12;"quinta-feira";"11:15:00";"RJ";101;117;"CAMPOS DOS GOYTACAZES";"Ausência de reação do condutor";"Queda de ocupante de veículo";"Com Vítimas Feridas";"Pleno dia";"Crescente";"Céu Claro";"Simples";"Reta";"Não";2;0;2;0;0;0;2;1;-22,0128531;-41,673816;"SPRF-RJ";"DEL08-RJ";"UOP02-DEL08-RJ"
757828;2026-03-12;"quinta-feira";"10:43:00";"SC";163;68,7;"SAO MIGUEL DO OESTE";"Manobra de mudança de faixa";"Colisão lateral mesmo sentido";"Sem Vítimas";"Pleno dia";"Decrescente";"Céu Claro";"Dupla";"Interseção de Vias;Reta";"Sim";2;0;0;0;2;0;0;2;-26,74361228;-53,50114195;"SPRF-SC";"DEL07-SC";"UOP03-DEL07-SC"
757829;2026-03-12;"quinta-feira";"12:50:00";"ES";101;152,5;"LINHARES";"Condutor deixou de manter distância do veículo da frente";"Colisão traseira";"Sem Vítimas";"Pleno dia";"Decrescente";"Céu Claro";"Simples";"Reta";"Não";2;0;0;0;2;0;0;2;-19,41985427;-40,07245119;"SPRF-ES";"DEL04-ES";"UOP01-DEL04-ES"
757830;2026-03-12;"quinta-feira";"12:30:00";"RJ";101;473;"ANGRA DOS REIS";"Condutor deixou de manter distância do veículo da frente";"Colisão traseira";"Com Vítimas Feridas";"Pleno dia";"Crescente";"Chuva";"Simples";"Reta";"Sim";2;0;1;0;1;0;1;2;-22,994841;-44,249139;"SPRF-RJ";"DEL03-RJ";"UOP03-DEL03-RJ"
757832;2026-03-12;"quinta-feira";"12:00:00";"CE";304;63,5;"ARACATI";"Reação tardia ou ineficiente do condutor";"Colisão com objeto";"Com Vítimas Feridas";"Pleno dia";"Decrescente";"Nublado";"Simples";"Reta";"Sim";3;0;2;0;0;1;2;2;-4,61322906;-37,6564428;"SPRF-CE";"DEL03-CE";"UOP02-DEL03-CE"
757834;2026-03-10;"terça-feira";"13:30:00";"RS";101;2;"PORTO ALEGRE";"Velocidade Incompatível";"Colisão lateral mesmo sentido";"Sem Vítimas";"Pleno dia";"Crescente";"Céu Claro";"Dupla";"Interseção de Vias;Curva";"Sim";3;0;0;0;3;0;0;1;-29,99353106;-51,18690837;"SPRF-RS";"DEL03-RS";"UOP02-DEL03-RS"
757835;2026-03-12;"quinta-feira";"12:30:00";"BA";415;51;"ITABUNA";"Ausência de reação do condutor";"Tombamento";"Com Vítimas Feridas";"Pleno dia";"Decrescente";"Céu Claro";"Simples";"Reta";"Sim";2;0;1;0;1;0;1;1;-14,84376698;-39,33579594;"SPRF-BA";"DEL05-BA";"UOP01-DEL05-BA"
757836;2026-03-12;"quinta-feira";"13:30:00";"RS";116;156,3;"CAXIAS DO SUL";"Acessar a via sem observar a presença dos outros veículos";"Colisão lateral mesmo sentido";"Com Vítimas Feridas";"Pleno dia";"Crescente";"Céu Claro";"Simples";"Curva";"Não";2;0;1;0;1;0;1;2;-29,211087;-51,177882;"SPRF-RS";"DEL05-RS";"UOP01-DEL05-RS"
757838;2026-03-05;"quinta-feira";"07:50:00";"MG";381;490;"BETIM";"Pista esburacada";"Queda de ocupante de veículo";"Com Vítimas Feridas";"Pleno dia";"Decrescente";"Ignorado";"Múltipla";"Reta";"Não";2;0;1;0;0;1;1;2;-19,9566768;-44,14018246;"SPRF-MG";"DEL01-MG";"UOP03-DEL01-MG"
757839;2026-01-27;"terça-feira";"13:40:00";"RJ";101;316;"SAO GONCALO";"Reação tardia ou ineficiente do condutor";"Colisão traseira";"Com Vítimas Feridas";"Pleno dia";"Decrescente";"Nublado";"Dupla";"Reta";"Sim";4;0;2;0;2;0;2;2;-22,83372728;-43,0942297;"SPRF-RJ";"DEL02-RJ";"UOP02-DEL02-RJ"
757841;2026-03-12;"quinta-feira";"13:00:00";"RS";386;45,7;"SEBERI";"Manobra de mudança de faixa";"Colisão lateral mesmo sentido";"Com Vítimas Feridas";"Pleno dia";"Decrescente";"Sol";"Dupla";"Curva";"Não";2;0;1;0;1;0;1;2;-27,45347265;-53,41310173;"SPRF-RS";"DEL08-RS";"UOP02-DEL08-RS"
757842;2026-03-12;"quinta-feira";"11:15:00";"MG";381;778;"CAMPANHA";"Ausência de reação do condutor";"Saída de leito carroçável";"Com Vítimas Feridas";"Pleno dia";"Decrescente";"Chuva";"Dupla";"Curva";"Não";1;0;0;1;0;0;1;1;-21,797058;-45,455152;"SPRF-MG";"DEL16-MG";"UOP02-DEL16-MG"
757844;2026-03-12;"quinta-feira";"13:00:00";"SP";116;451;"REGISTRO";"Reação tardia ou ineficiente do condutor";"Saída de leito carroçável";"Com Vítimas Feridas";"Pleno dia";"Crescente";"Chuva";"Dupla";"Reta";"Não";1;0;1;0;0;0;1;1;-24,5471478;-47,8626595;"SPRF-SP";"DEL05-SP";"UOP01-DEL05-SP"
757846;2026-03-12;"quinta-feira";"11:30:00";"RJ";116;108;"GUAPIMIRIM";"Conversão proibida";"Colisão traseira";"Com Vítimas Feridas";"Pleno dia";"Decrescente";"Nublado";"Dupla";"Reta;Retorno Regulamentado;Interseção de Vias";"Sim";2;0;1;0;1;0;1;2;-22,53372035;-42,99328772;"SPRF-RJ";"DEL04-RJ";"UOP01-DEL04-RJ"
757847;2026-03-12;"quinta-feira";"14:40:00";"ES";262;39,9;"DOMINGOS MARTINS";"Transitar na contramão";"Colisão frontal";"Com Vítimas Feridas";"Pleno dia";"Crescente";"Chuva";"Simples";"Curva";"Não";3;0;1;0;2;0;1;2;-20,3833432;-40,63535856;"SPRF-ES";"DEL01-ES";"UOP01-DEL01-ES"
757848;2026-01-28;"quarta-feira";"19:00:00";"SC";282;179;"BOCAINA DO SUL";"Reação tardia ou ineficiente do condutor";"Saída de leito carroçável";"Com Vítimas Feridas";"Anoitecer";"Crescente";"Chuva";"Simples";"Declive;Curva";"Sim";1;0;1;0;0;0;1;1;-27,741759;-49,942418;"SPRF-SC";"DEL05-SC";"UOP01-DEL05-SC"
757849;2026-02-28;"sábado";"07:30:00";"MG";40;499;"ESMERALDAS";"Reação tardia ou ineficiente do condutor";"Colisão traseira";"Com Vítimas Feridas";"Pleno dia";"Decrescente";"Céu Claro";"Dupla";"Reta";"Não";4;0;1;0;3;0;1;2;-19,6883948;-44,17984486;"SPRF-MG";"DEL02-MG";"UOP01-DEL02-MG"
757850;2026-03-12;"quinta-feira";"15:00:00";"MT";70;1,5;"BARRA DO GARCAS";"Condutor deixou de manter distância do veículo da frente";"Colisão traseira";"Com Vítimas Feridas";"Pleno dia";"Decrescente";"Céu Claro";"Simples";"Reta;Interseção de Vias";"Sim";2;0;1;0;0;1;1;2;-15,88938256;-52,26545546;"SPRF-MT";"DEL07-MT";"UOP01-DEL07-MT"
757852;2026-03-12;"quinta-feira";"14:30:00";"BA";242;898;"LUIS EDUARDO MAGALHAES";"Reação tardia ou ineficiente do condutor";"Colisão traseira";"Com Vítimas Feridas";"Pleno dia";"Decrescente";"Céu Claro";"Simples";"Reta";"Não";5;0;1;0;4;0;1;2;-12,07878;-45,7030133;"SPRF-BA";"DEL10-BA";"UOP01-DEL10-BA"
757853;2026-03-12;"quinta-feira";"15:00:00";"PE";101;50;"ABREU E LIMA";"Pedestre cruzava a pista fora da faixa";"Atropelamento de Pedestre";"Com Vítimas Feridas";"Pleno dia";"Crescente";"Sol";"Simples";"Em Obras;Reta";"Sim";2;0;1;0;1;0;1;2;-7,91410411;-34,89941142;"SPRF-PE";"DEL01-PE";"UOP02-DEL01-PE"
757854;2026-03-12;"quinta-feira";"14:20:00";"ES";101;79,2;"SAO MATEUS";"Reação tardia ou ineficiente do condutor";"Tombamento";"Com Vítimas Feridas";"Pleno dia";"Crescente";"Nublado";"Simples";"Reta;Ponte";"Não";2;0;1;1;0;0;2;1;-18,815765;-39,902441;"SPRF-ES";"DEL04-ES";"UOP02-DEL04-ES"
757855;2026-03-12;"quinta-feira";"15:05:00";"DF";70;10,9;"BRASILIA";"Manobra de mudança de faixa";"Colisão lateral mesmo sentido";"Com Vítimas Feridas";"Pleno dia";"Decrescente";"Nublado";"Dupla";"Reta";"Sim";2;0;1;0;1;0;1;2;-15,790522;-48,151603;"SPRF-DF";"DEL03-DF";"UOP02-DEL03-DF"
757857;2026-03-12;"quinta-feira";"13:45:00";"BA";110;314;"ALAGOINHAS";"Ultrapassagem Indevida";"Colisão transversal";"Com Vítimas Feridas";"Pleno dia";"Crescente";"Céu Claro";"Simples";"Aclive;Reta";"Não";3;0;1;0;1;1;1;3;-11,99218464;-38,3717351;"SPRF-BA";"DEL01-BA";"UOP04-DEL01-BA"
757858;2026-03-12;"quinta-feira";"14:45:00";"PE";101;44,4;"IGARASSU";"Transitar na contramão";"Colisão lateral sentido oposto";"Com Vítimas Feridas";"Pleno dia";"Decrescente";"Sol";"Múltipla";"Reta";"Sim";2;0;0;1;1;0;1;2;-7,85837601;-34,90826368;"SPRF-PE";"DEL01-PE";"UOP02-DEL01-PE"
757860;2026-03-12;"quinta-feira";"15:15:00";"RN";101;138;"ARES";"Ausência de reação do condutor";"Saída de leito carroçável";"Com Vítimas Feridas";"Pleno dia";"Crescente";"Céu Claro";"Dupla";"Curva;Aclive";"Não";1;0;1;0;0;0;1;1;-6,19014;-35,212867;"SPRF-RN";"DEL01-RN";"UOP01-DEL01-RN"
757864;2026-03-12;"quinta-feira";"15:45:00";"PI";316;18,8;"TERESINA";"Velocidade Incompatível";"Saída de leito carroçável";"Com Vítimas Feridas";"Pleno dia";"Crescente";"Céu Claro";"Dupla";"Curva";"Não";2;0;1;0;1;0;1;1;-5,250773;-42,730227;"SPRF-PI";"DEL01-PI";"UOP02-DEL01-PI"
757865;2026-03-12;"quinta-feira";"15:10:00";"MG";354;735;"POUSO ALTO";"Ausência de reação do condutor";"Colisão traseira";"Sem Vítimas";"Pleno dia";"Crescente";"Nublado";"Simples";"Reta";"Sim";2;0;0;0;2;0;0;2;-22,19000778;-44,9760747;"SPRF-MG";"DEL17-MG";"UOP01-DEL17-MG"
757870;2026-03-12;"quinta-feira";"14:07:00";"RO";364;190,6;"PIMENTA BUENO";"Reação tardia ou ineficiente do condutor";"Colisão traseira";"Com Vítimas Feridas";"Pleno dia";"Decrescente";"Céu Claro";"Simples";"Reta";"Sim";3;0;1;0;2;0;1;2;-11,718563;-61,148595;"SPRF-RO";"DEL02-RO";"UOP02-DEL02-RO"
757871;2026-03-09;"segunda-feira";"01:40:00";"ES";101;354,4;"ANCHIETA";"Velocidade Incompatível";"Saída de leito carroçável";"Com Vítimas Feridas";"Plena Noite";"Crescente";"Nublado";"Simples";"Curva;Declive;Retorno Regulamentado;Viaduto";"Não";1;0;1;0;0;0;1;1;-20,685452;-40,675193;"SPRF-ES";"DEL03-ES";"UOP01-DEL03-ES"
757874;2026-03-12;"quinta-feira";"14:00:00";"MT";70;331;"DOM AQUINO";"Condutor Dormindo";"Capotamento";"Com Vítimas Feridas";"Pleno dia";"Crescente";"Céu Claro";"Simples";"Reta";"Não";1;0;0;1;0;0;1;1;-15,51656087;-54,85678196;"SPRF-MT";"DEL05-MT";"UOP01-DEL05-MT"
757875;2026-03-12;"quinta-feira";"17:00:00";"PE";101;63;"RECIFE";"Manobra de mudança de faixa";"Queda de ocupante de veículo";"Com Vítimas Feridas";"Pleno dia";"Decrescente";"Céu Claro";"Múltipla";"Interseção de Vias";"Sim";1;0;1;0;0;0;1;1;-8,01141;-34,93805;"SPRF-PE";"DEL01-PE";"UOP01-DEL01-PE"
757876;2026-03-12;"quinta-feira";"16:35:00";"MG";40;485,8;"SETE LAGOAS";"Velocidade Incompatível";"Saída de leito carroçável";"Com Vítimas Feridas";"Pleno dia";"Crescente";"Chuva";"Dupla";"Reta";"Não";1;0;1;0;0;0;1;1;-19,57123391;-44,23333883;"SPRF-MG";"DEL02-MG";"UOP01-DEL02-MG"
757882;2026-01-15;"quinta-feira";"18:00:00";"SC";101;206;"SAO JOSE";"Manobra de mudança de faixa";"Queda de ocupante de veículo";"Com Vítimas Feridas";"Pleno dia";"Crescente";"Ignorado";"Múltipla";"Reta";"Sim";2;0;1;0;1;0;1;2;-27,58851241;-48,61703094;"SPRF-SC";"DEL01-SC";"UOP01-DEL01-SC"
757883;2026-03-12;"quinta-feira";"16:00:00";"MG";116;412,9;"GOVERNADOR VALADARES";"Ausência de reação do condutor";"Tombamento";"Com Vítimas Feridas";"Pleno dia";"Crescente";"Sol";"Simples";"Declive;Reta";"Sim";2;0;2;0;0;0;2;1;-18,88229014;-41,95710897;"SPRF-MG";"DEL06-MG";"UOP01-DEL06-MG"
757884;2026-03-12;"quinta-feira";"16:50:00";"RS";290;171;"BUTIA";"Ausência de reação do condutor";"Colisão traseira";"Sem Vítimas";"Pleno dia";"Crescente";"Céu Claro";"Simples";"Reta";"Não";6;0;0;0;6;0;0;2;-30,12584598;-51,92112923;"SPRF-RS";"DEL02-RS";"UOP03-DEL02-RS"
757885;2026-03-12;"quinta-feira";"17:30:00";"GO";60;163;"GOIANIA";"Reação tardia ou ineficiente do condutor";"Colisão traseira";"Com Vítimas Feridas";"Pleno dia";"Crescente";"Céu Claro";"Dupla";"Reta";"Sim";3;0;2;0;1;0;2;2;-16,709805;-49,35286;"SPRF-GO";"DEL01-GO";"UOP02-DEL01-GO"
757887;2026-03-12;"quinta-feira";"13:00:00";"PB";361;16;"SANTA TERESINHA";"Ausência de reação do condutor";"Capotamento";"Com Vítimas Feridas";"Pleno dia";"Decrescente";"Céu Claro";"Simples";"Declive;Reta";"Não";1;0;0;1;0;0;1;1;-7,056267;-37,39497;"SPRF-PB";"DEL03-PB";"UOP01-DEL03-PB"
757888;2026-02-16;"segunda-feira";"15:18:00";"RN";226;64;"SERRA CAIADA";"Desrespeitar a preferência no cruzamento";"Colisão transversal";"Com Vítimas Feridas";"Pleno dia";"Crescente";"Céu Claro";"Simples";"Declive";"Não";7;0;3;1;3;0;4;2;-6,07334;-35,686556;"SPRF-RN";"DEL01-RN";"UOP02-DEL01-RN"
757890;2026-03-12;"quinta-feira";"18:10:00";"PR";163;174;"LINDOESTE";"Condutor deixou de manter distância do veículo da frente";"Tombamento";"Com Vítimas Feridas";"Anoitecer";"Crescente";"Céu Claro";"Dupla";"Curva;Aclive";"Não";1;0;0;1;0;0;1;1;-25,20568862;-53,59702706;"SPRF-PR";"DEL05-PR";"UOP05-DEL05-PR"
757891;2026-03-12;"quinta-feira";"12:15:00";"PE";101;60;"RECIFE";"Acessar a via sem observar a presença dos outros veículos";"Colisão transversal";"Com Vítimas Feridas";"Pleno dia";"Crescente";"Céu Claro";"Múltipla";"Retorno Regulamentado";"Sim";2;0;0;1;1;0;1;2;-7,9864081;-34,9328634;"SPRF-PE";"DEL01-PE";"UOP02-DEL01-PE"
757892;2026-03-12;"quinta-feira";"13:15:00";"MT";70;620;"POCONE";"Acumulo de água sobre o pavimento";"Saída de leito carroçável";"Com Vítimas Feridas";"Pleno dia";"Crescente";"Chuva";"Simples";"Curva";"Não";2;0;1;0;1;0;1;1;-15,928676;-56,952431;"SPRF-MT";"DEL03-MT";"UOP02-DEL03-MT"
757893;2026-03-12;"quinta-feira";"18:58:00";"PE";232;182;"BELO JARDIM";"Acessar a via sem observar a presença dos outros veículos";"Colisão traseira";"Com Vítimas Fatais";"Plena Noite";"Crescente";"Céu Claro";"Simples";"Reta;Ponte;Declive";"Não";5;2;0;0;3;0;0;3;-8,349772;-36,450025;"SPRF-PE";"DEL03-PE";"UOP02-DEL03-PE"
757895;2026-03-12;"quinta-feira";"18:15:00";"ES";101;145,5;"LINHARES";"Manobra de mudança de faixa";"Colisão lateral mesmo sentido";"Com Vítimas Feridas";"Anoitecer";"Decrescente";"Céu Claro";"Múltipla";"Declive;Reta";"Sim";2;0;2;0;0;0;2;2;-19,36497645;-40,06478596;"SPRF-ES";"DEL04-ES";"UOP01-DEL04-ES"
757896;2026-03-12;"quinta-feira";"19:00:00";"ES";259;59;"COLATINA";"Ausência de reação do condutor";"Colisão lateral mesmo sentido";"Com Vítimas Feridas";"Plena Noite";"Crescente";"Céu Claro";"Simples";"Reta";"Não";3;0;2;1;0;0;3;2;-19,514467;-40,660786;"SPRF-ES";"DEL02-ES";"UOP01-DEL02-ES"
757898;2026-03-12;"quinta-feira";"19:10:00";"CE";222;225;"SOBRAL";"Pedestre andava na pista";"Atropelamento de Pedestre";"Com Vítimas Feridas";"Plena Noite";"Crescente";"Chuva";"Simples";"Curva";"Sim";2;0;2;0;0;0;2;2;-3,70442777;-40,36612451;"SPRF-CE";"DEL04-CE";"UOP01-DEL04-CE"