"id";"data_inversa";"dia_semana";"horario";"uf";"br";"km";"municipio";"causa_acidente";"tipo_acidente";"classificacao_acidente";"fase_dia";"sentido_via";"condicao_metereologica";"tipo_pista";"tracado_via";"uso_solo";"pessoas";"mortos";"feridos_leves";"feridos_graves";"ilesos";"ignorados";"feridos";"veiculos";"latitude";"longitude";"regional";"delegacia";"uop"
757899;2026-03-12;"quinta-feira";"18:00:00";"MG";365;625,2;"UBERLANDIA";"Acumulo de água sobre o pavimento";"Tombamento";"Com Vítimas Feridas";"Anoitecer";"Crescente";"Chuva";"Dupla";"Ponte;Reta;Declive";"Sim";2;0;2;0;0;0;2;1;-18,9102394;-48,30576746;"SPRF-MG";"DEL15-MG";"UOP01-DEL15-MG"
757900;2026-03-12;"quinta-feira";"18:40:00";"PR";467;107,3;"CASCAVEL";"Velocidade Incompatível";"Saída de leito carroçável";"Com Vítimas Feridas";"Anoitecer";"Crescente";"Céu Claro";"Dupla";"Curva";"Não";1;0;1;0;0;0;1;1;-24,92069044;-53,479864;"SPRF-PR";"DEL04-PR";"UOP01-DEL04-PR"
757901;2026-03-12;"quinta-feira";"17:00:00";"GO";60;38;"ALEXANIA";"Reação tardia ou ineficiente do condutor";"Saída de leito carroçável";"Com Vítimas Feridas";"Anoitecer";"Crescente";"Chuva";"Dupla";"Curva;Declive";"Não";1;0;1;0;0;0;1;1;-16,113685;-48,544897;"SPRF-DF";"DEL03-DF";"UOP01-DEL03-DF"
757902;2026-03-11;"quarta-feira";"00:40:00";"BA";101;884;"TEIXEIRA DE FREITAS";"Velocidade Incompatível";"Saída de leito carroçável";"Com Vítimas Feridas";"Plena Noite";"Decrescente";"Céu Claro";"Simples";"Declive;Curva";"Não";2;0;2;0;0;0;2;1;-17,60136361;-39,74876833;"SPRF-BA";"DEL09-BA";"UOP02-DEL09-BA"
757903;2026-03-12;"quinta-feira";"17:25:00";"MG";116;701,9;"MURIAE";"Transitar no Acostamento";"Colisão transversal";"Com Vítimas Feridas";"Pleno dia";"Crescente";"Céu Claro";"Simples";"Interseção de Vias;Reta";"Sim";2;0;1;0;1;0;1;2;-21,12162911;-42,37991665;"SPRF-MG";"DEL07-MG";"UOP02-DEL07-MG"
757905;2026-03-12;"quinta-feira";"18:25:00";"GO";80;43;"PADRE BERNARDO";"Animais na Pista";"Atropelamento de Animal";"Com Vítimas Fatais";"Anoitecer";"Crescente";"Céu Claro";"Simples";"Reta";"Não";3;2;0;0;1;0;0;2;-15,189271;-48,284311;"SPRF-DF";"DEL03-DF";"UOP02-DEL03-DF"
757906;2026-03-12;"quinta-feira";"17:30:00";"GO";70;340;"SANTA FE DE GOIAS";"Chuva";"Saída de leito carroçável";"Com Vítimas Feridas";"Pleno dia";"Decrescente";"Chuva";"Simples";"Reta";"Não";3;0;2;1;0;0;3;1;-15,88426179;-51,07181132;"SPRF-GO";"DEL04-GO";"UOP02-DEL04-GO"
757907;2026-03-12;"quinta-feira";"15:20:00";"RJ";40;96;"DUQUE DE CAXIAS";"Pista Escorregadia";"Saída de leito carroçável";"Com Vítimas Feridas";"Pleno dia";"Crescente";"Garoa/Chuvisco";"Dupla";"Declive;Curva";"Não";2;0;2;0;0;0;2;1;-22,56627447;-43,27421375;"SPRF-RJ";"DEL01-RJ";"UOP01-DEL01-RJ"
757909;2026-03-12;"quinta-feira";"20:15:00";"SP";116;156;"SAO JOSE DOS CAMPOS";"Avarias e/ou desgaste excessivo no pneu";"Tombamento";"Com Vítimas Feridas";"Plena Noite";"Decrescente";"Garoa/Chuvisco";"Dupla";"Reta";"Sim";2;0;2;0;0;0;2;1;-23,24981556;-45,93467251;"SPRF-SP";"DEL02-SP";"UOP01-DEL02-SP"
757911;2026-03-12;"quinta-feira";"17:20:00";"CE";116;23;"AQUIRAZ";"Ingestão de álcool pelo condutor";"Colisão com objeto";"Com Vítimas Feridas";"Pleno dia";"Decrescente";"Céu Claro";"Dupla";"Curva";"Sim";1;0;0;1;0;0;1;1;-3,95734245;-38,51284528;"SPRF-CE";"DEL01-CE";"UOP02-DEL01-CE"
757914;2026-03-12;"quinta-feira";"17:20:00";"SC";280;166;"MAFRA";"Acessar a via sem observar a presença dos outros veículos";"Colisão transversal";"Com Vítimas Feridas";"Pleno dia";"Decrescente";"Céu Claro";"Simples";"Interseção de Vias;Reta";"Sim";2;0;1;0;1;0;1;2;-26,1694518;-49,8181632;"SPRF-SC";"DEL06-SC";"UOP01-DEL06-SC"
757915;2026-03-12;"quinta-feira";"17:55:00";"ES";101;208;"IBIRACU";"Ingestão de álcool pelo condutor";"Colisão traseira";"Sem Vítimas";"Plena Noite";"Crescente";"Chuva";"Simples";"Reta";"Não";2;0;0;0;2;0;0;2;-19,80514253;-40,36760609;"SPRF-ES";"DEL02-ES";"UOP01-DEL02-ES"
757916;2026-03-12;"quinta-feira";"20:45:00";"SC";282;17,9;"PALHOCA";"Acessar a via sem observar a presença dos outros veículos";"Colisão traseira";"Com Vítimas Feridas";"Plena Noite";"Crescente";"Céu Claro";"Simples";"Reta";"Sim";2;0;1;0;1;0;1;2;-27,67257;-48,69421;"SPRF-SC";"DEL01-SC";"UOP02-DEL01-SC"
757917;2026-03-12;"quinta-feira";"20:45:00";"SC";282;87;"ALFREDO WAGNER";"Pista esburacada";"Saída de leito carroçável";"Sem Vítimas";"Plena Noite";"Crescente";"Céu Claro";"Simples";"Curva";"Não";1;0;0;0;1;0;0;1;-27,69612441;-49,34180355;"SPRF-SC";"DEL01-SC";"UOP03-DEL01-SC"
757918;2026-03-12;"quinta-feira";"19:30:00";"RO";319;140;"PORTO VELHO";"Condutor deixou de manter distância do veículo da frente";"Colisão traseira";"Com Vítimas Feridas";"Plena Noite";"Crescente";"Céu Claro";"Dupla";"Reta";"Sim";3;0;1;0;2;0;1;2;-8,80043104;-63,76176788;"SPRF-RO";"DEL01-RO";"UOP01-DEL01-RO"
757919;2026-03-12;"quinta-feira";"19:15:00";"BA";101;850;"VEREDA";"Ultrapassagem Indevida";"Colisão frontal";"Com Vítimas Fatais";"Plena Noite";"Decrescente";"Céu Claro";"Simples";"Reta";"Não";4;1;0;0;2;1;0;3;-17,28448917;-39,63513947;"SPRF-BA";"DEL09-BA";"UOP02-DEL09-BA"
757920;2026-03-12;"quinta-feira";"19:00:00";"MS";163;18,7;"MUNDO NOVO";"Acessar a via sem observar a presença dos outros veículos";"Colisão transversal";"Com Vítimas Feridas";"Plena Noite";"Crescente";"Céu Claro";"Simples";"Reta";"Sim";2;0;1;0;1;0;1;2;-23,936;-54,281;"SPRF-MS";"DEL09-MS";"UOP02-DEL09-MS"
757921;2026-03-12;"quinta-feira";"21:50:00";"RS";392;352,5;"SANTA MARIA";"Condutor deixou de manter distância do veículo da frente";"Colisão traseira";"Com Vítimas Feridas";"Plena Noite";"Decrescente";"Céu Claro";"Dupla";"Reta;Declive;Em Obras;Interseção de Vias";"Sim";2;0;1;0;0;1;1;2;-29,71630857;-53,80972624;"SPRF-RS";"DEL09-RS";"UOP01-DEL09-RS"
757923;2026-03-12;"quinta-feira";"21:00:00";"MT";364;355;"SANTO ANTONIO DO LEVERGER";"Reação tardia ou ineficiente do condutor";"Saída de leito carroçável";"Com Vítimas Feridas";"Plena Noite";"Crescente";"Nublado";"Dupla";"Declive;Reta";"Não";13;0;3;0;10;0;3;1;-15,77540431;-55,62000275;"SPRF-MT";"DEL05-MT";"UOP02-DEL05-MT"
757924;2026-03-12;"quinta-feira";"20:10:00";"BA";418;100;"NOVA VICOSA";"Ingestão de álcool pelo condutor";"Capotamento";"Com Vítimas Feridas";"Plena Noite";"Decrescente";"Céu Claro";"Simples";"Reta";"Não";1;0;0;1;0;0;1;1;-17,89064922;-39,89096834;"SPRF-BA";"DEL09-BA";"UOP02-DEL09-BA"
757925;2026-03-12;"quinta-feira";"17:40:00";"SC";280;24,3;"ARAQUARI";"Acessar a via sem observar a presença dos outros veículos";"Colisão transversal";"Com Vítimas Feridas";"Pleno dia";"Decrescente";"Céu Claro";"Simples";"Interseção de Vias";"Sim";2;0;1;0;1;0;1;2;-26,379355;-48,721895;"SPRF-SC";"DEL03-SC";"UOP03-DEL03-SC"
757927;2026-03-12;"quinta-feira";"15:37:00";"MT";364;563,5;"NOBRES";"Condutor deixou de manter distância do veículo da frente";"Colisão traseira";"Com Vítimas Feridas";"Pleno dia";"Crescente";"Sol";"Dupla";"Reta";"Não";2;0;1;0;1;0;1;2;-14,707957;-56,322368;"SPRF-MT";"DEL01-MT";"UOP01-DEL01-MT"
757928;2026-03-12;"quinta-feira";"22:05:00";"ES";101;174,5;"LINHARES";"Acessar a via sem observar a presença dos outros veículos";"Colisão transversal";"Com Vítimas Feridas";"Plena Noite";"Decrescente";"Céu Claro";"Simples";"Rotatória";"Sim";2;0;1;0;1;0;1;2;-19,57644754;-40,18603356;"SPRF-ES";"DEL04-ES";"UOP01-DEL04-ES"
757929;2026-03-12;"quinta-feira";"19:30:00";"MT";163;11,7;"ITIQUIRA";"Ingestão de álcool pelo condutor";"Saída de leito carroçável";"Sem Vítimas";"Plena Noite";"Decrescente";"Chuva";"Dupla";"Reta;Aclive";"Não";1;0;0;0;1;0;0;1;-17,415168;-54,753443;"SPRF-MT";"DEL02-MT";"UOP03-DEL02-MT"
757930;2026-03-12;"quinta-feira";"22:50:00";"RN";101;99;"NATAL";"Velocidade Incompatível";"Colisão traseira";"Com Vítimas Feridas";"Plena Noite";"Crescente";"Céu Claro";"Múltipla";"Reta";"Sim";2;0;1;0;1;0;1;2;-5,870952;-35,21921;"SPRF-RN";"DEL01-RN";"UOP01-DEL01-RN"
757931;2026-03-12;"quinta-feira";"20:40:00";"PR";277;698;"SAO MIGUEL DO IGUACU";"Avarias e/ou desgaste excessivo no pneu";"Tombamento";"Com Vítimas Feridas";"Plena Noite";"Crescente";"Céu Claro";"Dupla";"Reta";"Não";2;0;1;0;1;0;1;1;-25,41307705;-54,33956909;"SPRF-PR";"DEL05-PR";"UOP01-DEL05-PR"
757932;2026-03-12;"quinta-feira";"21:40:00";"RJ";101;308;"ITABORAI";"Manobra de mudança de faixa";"Colisão lateral mesmo sentido";"Com Vítimas Feridas";"Plena Noite";"Decrescente";"Chuva";"Dupla";"Curva";"Não";2;0;1;0;1;0;1;2;-22,75504663;-42,8895843;"SPRF-RJ";"DEL02-RJ";"UOP02-DEL02-RJ"
757935;2026-03-12;"quinta-feira";"22:40:00";"RS";290;83,7;"CACHOEIRINHA";"Pedestre cruzava a pista fora da faixa";"Atropelamento de Pedestre";"Com Vítimas Fatais";"Plena Noite";"Crescente";"Céu Claro";"Múltipla";"Reta";"Não";2;1;0;0;1;0;0;2;-29,9630785;-51,09623873;"SPRF-RS";"DEL01-RS";"UOP01-DEL01-RS"
757937;2026-03-12;"quinta-feira";"22:15:00";"MT";70;0,5;"BARRA DO GARCAS";"Acesso irregular";"Colisão traseira";"Com Vítimas Feridas";"Plena Noite";"Decrescente";"Nublado";"Simples";"Reta";"Sim";3;0;2;0;1;0;2;2;-15,89356732;-52,2589159;"SPRF-MT";"DEL07-MT";"UOP01-DEL07-MT"
757938;2026-03-12;"quinta-feira";"22:30:00";"RO";364;686;"CANDEIAS DO JAMARI";"Animais na Pista";"Atropelamento de Animal";"Com Vítimas Feridas";"Plena Noite";"Crescente";"Nublado";"Simples";"Reta";"Não";2;0;0;1;0;1;1;2;-8,79191;-63,64585;"SPRF-RO";"DEL01-RO";"UOP01-DEL01-RO"
757939;2026-03-12;"quinta-feira";"22:00:00";"SC";101;318;"PESCARIA BRAVA";"Animais na Pista";"Atropelamento de Animal";"Com Vítimas Feridas";"Plena Noite";"Decrescente";"Céu Claro";"Dupla";"Declive;Reta";"Não";2;0;2;0;0;0;2;1;-28,42830653;-48,92499145;"SPRF-SC";"DEL02-SC";"UOP01-DEL02-SC"
757945;2026-03-12;"quinta-feira";"20:50:00";"RS";285;170,5;"MUITOS CAPOES";"Ultrapassagem Indevida";"Colisão frontal";"Com Vítimas Feridas";"Plena Noite";"Crescente";"Céu Claro";"Simples";"Declive;Reta";"Não";6;0;5;1;0;0;6;2;-28,330003;-51,322101;"SPRF-RS";"DEL05-RS";"UOP03-DEL05-RS"
757950;2026-03-12;"quinta-feira";"23:30:00";"PR";467;101;"CASCAVEL";"Ingestão de álcool pelo condutor";"Saída de leito carroçável";"Com Vítimas Feridas";"Plena Noite";"Crescente";"Céu Claro";"Dupla";"Curva";"Sim";1;0;0;1;0;0;1;1;-24,916461;-53,484387;"SPRF-PR";"DEL04-PR";"UOP01-DEL04-PR"
757952;2026-03-12;"quinta-feira";"21:30:00";"ES";101;13;"SERRA";"Ausência de reação do condutor";"Colisão com objeto";"Com Vítimas Feridas";"Plena Noite";"Crescente";"Céu Claro";"Dupla";"Reta";"Não";1;0;1;0;0;0;1;1;-20,169804;-40,348326;"SPRF-ES";"DEL02-ES";"UOP01-DEL02-ES"
757953;2026-03-12;"quinta-feira";"23:15:00";"BA";101;507;"ITABUNA";"Animais na Pista";"Atropelamento de Animal";"Com Vítimas Feridas";"Plena Noite";"Decrescente";"Céu Claro";"Simples";"Reta";"Sim";2;0;2;0;0;0;2;1;-14,81500686;-39,29658204;"SPRF-BA";"DEL05-BA";"UOP01-DEL05-BA"
757956;2026-03-13;"sexta-feira";"01:21:00";"RN";101;79,3;"SAO GONCALO DO AMARANTE";"Reação tardia ou ineficiente do condutor";"Colisão com objeto";"Com Vítimas Feridas";"Plena Noite";"Decrescente";"Céu Claro";"Dupla";"Reta";"Não";1;0;1;0;0;0;1;1;-5,752;-35,298;"SPRF-RN";"DEL02-RN";"UOP01-DEL02-RN"
757958;2026-03-13;"sexta-feira";"02:15:00";"PR";369;86;"CORNELIO PROCOPIO";"Condutor Dormindo";"Saída de leito carroçável";"Com Vítimas Feridas";"Plena Noite";"Crescente";"Nublado";"Simples";"Curva;Aclive";"Não";1;0;1;0;0;0;1;1;-23,17002717;-50,61326114;"SPRF-PR";"DEL07-PR";"UOP05-DEL07-PR"
757962;2026-03-13;"sexta-feira";"04:30:00";"RS";116;248;"SAO LEOPOLDO";"Deficiência do Sistema de Iluminação/Sinalização";"Capotamento";"Com Vítimas Feridas";"Pleno dia";"Decrescente";"Céu Claro";"Dupla";"Curva";"Não";2;0;2;0;0;0;2;1;-29,77822847;-51,15576547;"SPRF-RS";"DEL01-RS";"UOP02-DEL01-RS"
757963;2026-03-13;"sexta-feira";"04:45:00";"SC";470;65,4;"INDAIAL";"Ausência de reação do condutor";"Colisão transversal";"Com Vítimas Feridas";"Plena Noite";"Crescente";"Céu Claro";"Simples";"Desvio Temporário;Curva;Em Obras";"Não";2;0;1;0;1;0;1;2;-26,87057832;-49,2159766;"SPRF-SC";"DEL04-SC";"UOP01-DEL04-SC"
757964;2026-03-13;"sexta-feira";"04:00:00";"RJ";116;275;"BARRA MANSA";"Ausência de reação do condutor";"Colisão com objeto";"Com Vítimas Feridas";"Plena Noite";"Crescente";"Chuva";"Dupla";"Aclive;Ponte;Reta";"Não";1;0;1;0;0;0;1;1;-22,54425647;-44,18933837;"SPRF-RJ";"DEL07-RJ";"UOP02-DEL07-RJ"
757965;2026-03-13;"sexta-feira";"05:00:00";"MG";116;762;"LEOPOLDINA";"Condutor deixou de manter distância do veículo da frente";"Colisão traseira";"Sem Vítimas";"Amanhecer";"Crescente";"Garoa/Chuvisco";"Simples";"Reta";"Não";2;0;0;0;2;0;0;2;-21,52623513;-42,63282806;"SPRF-MG";"DEL07-MG";"UOP01-DEL07-MG"
757967;2026-03-13;"sexta-feira";"04:45:00";"RJ";116;176;"SAO JOAO DE MERITI";"Frear bruscamente";"Colisão transversal";"Com Vítimas Feridas";"Plena Noite";"Decrescente";"Nublado";"Dupla";"Reta";"Sim";2;0;1;0;1;0;1;2;-22,78303666;-43,38496685;"SPRF-RJ";"DEL06-RJ";"UOP01-DEL06-RJ"
757968;2026-03-13;"sexta-feira";"05:45:00";"MG";262;664,2;"IBIA";"Avarias e/ou desgaste excessivo no pneu";"Queda de ocupante de veículo";"Com Vítimas Feridas";"Amanhecer";"Decrescente";"Nublado";"Simples";"Reta";"Não";2;0;2;0;0;0;2;1;-19,546745;-46,843506;"SPRF-MG";"DEL08-MG";"UOP01-DEL08-MG"
757970;2026-03-12;"quinta-feira";"23:00:00";"MG";262;389;"FLORESTAL";"Ausência de reação do condutor";"Capotamento";"Com Vítimas Feridas";"Plena Noite";"Decrescente";"Chuva";"Dupla";"Reta";"Não";1;0;1;0;0;0;1;1;-19,90686426;-44,51282501;"SPRF-MG";"DEL01-MG";"UOP03-DEL01-MG"
757971;2026-03-13;"sexta-feira";"06:00:00";"SC";470;147;"RIO DO SUL";"Ausência de reação do condutor";"Colisão frontal";"Com Vítimas Feridas";"Amanhecer";"Decrescente";"Nublado";"Simples";"Reta";"Não";2;0;2;0;0;0;2;2;-27,240235;-49,68498;"SPRF-SC";"DEL04-SC";"UOP02-DEL04-SC"
757972;2026-03-13;"sexta-feira";"06:45:00";"DF";40;1;"BRASILIA";"Condutor deixou de manter distância do veículo da frente";"Colisão traseira";"Com Vítimas Feridas";"Pleno dia";"Decrescente";"Céu Claro";"Dupla";"Reta";"Sim";3;0;2;0;1;0;2;2;-15,98695473;-47,98707604;"SPRF-DF";"DEL01-DF";"UOP01-DEL01-DF"
757973;2026-03-12;"quinta-feira";"19:00:00";"MS";436;12,8;"APARECIDA DO TABOADO";"Acessar a via sem observar a presença dos outros veículos";"Colisão transversal";"Com Vítimas Feridas";"Plena Noite";"Crescente";"Nublado";"Simples";"Reta";"Sim";4;0;2;0;2;0;2;2;-20,095193;-51,0382;"SPRF-MS";"DEL08-MS";"UOP01-DEL08-MS"
757975;2026-03-13;"sexta-feira";"06:55:00";"DF";60;0,5;"BRASILIA";"Reação tardia ou ineficiente do condutor";"Atropelamento de Pedestre";"Com Vítimas Feridas";"Pleno dia";"Decrescente";"Céu Claro";"Múltipla";"Reta";"Sim";3;0;1;0;1;1;1;2;-15,884087;-48,065318;"SPRF-DF";"DEL03-DF";"UOP01-DEL03-DF"
757977;2026-03-13;"sexta-feira";"06:40:00";"BA";324;517;"FEIRA DE SANTANA";"Acessar a via sem observar a presença dos outros veículos";"Colisão transversal";"Com Vítimas Feridas";"Pleno dia";"Crescente";"Céu Claro";"Múltipla";"Reta";"Sim";5;0;2;0;3;0;2;2;-12,25869889;-38,93214583;"SPRF-BA";"DEL02-BA";"UOP01-DEL02-BA"
757980;2026-03-12;"quinta-feira";"21:50:00";"SP";116;128;"CACAPAVA";"Reação tardia ou ineficiente do condutor";"Colisão traseira";"Com Vítimas Fatais";"Plena Noite";"Crescente";"Garoa/Chuvisco";"Dupla";"Reta";"Sim";2;1;0;0;1;0;0;2;-23,11606688;-45,71412986;"SPRF-SP";"DEL02-SP";"UOP02-DEL02-SP"
757983;2026-03-13;"sexta-feira";"07:10:00";"PR";277;44,1;"MORRETES";"Condutor deixou de manter distância do veículo da frente";"Colisão traseira";"Com Vítimas Feridas";"Pleno dia";"Decrescente";"Sol";"Dupla";"Curva;Declive";"Não";2;0;1;0;0;1;1;2;-25,593119;-48,890642;"SPRF-PR";"DEL01-PR";"UOP05-DEL01-PR"
757984;2026-03-13;"sexta-feira";"07:30:00";"PR";369;149;"LONDRINA";"Animais na Pista";"Atropelamento de Animal";"Com Vítimas Fatais";"Pleno dia";"Crescente";"Sol";"Dupla";"Reta;Aclive";"Sim";2;1;0;0;0;1;0;2;-23,29282015;-51,15175216;"SPRF-PR";"DEL07-PR";"UOP01-DEL07-PR"
757986;2026-03-01;"domingo";"10:00:00";"PB";230;157,6;"CAMPINA GRANDE";"Ingestão de álcool pelo condutor";"Queda de ocupante de veículo";"Com Vítimas Feridas";"Pleno dia";"Decrescente";"Nublado";"Simples";"Interseção de Vias;Em Obras";"Sim";1;0;1;0;0;0;1;1;-7,26230609;-35,92142966;"SPRF-PB";"DEL02-PB";"UOP01-DEL02-PB"
757988;2026-03-13;"sexta-feira";"04:20:00";"RJ";40;77;"PETROPOLIS";"Pista Escorregadia";"Colisão com objeto";"Com Vítimas Feridas";"Amanhecer";"Crescente";"Garoa/Chuvisco";"Dupla";"Declive;Curva";"Não";3;0;2;0;1;0;2;1;-22,485195;-43,227362;"SPRF-RJ";"DEL01-RJ";"UOP01-DEL01-RJ"
757989;2026-03-13;"sexta-feira";"07:15:00";"MG";381;923;"CAMANDUCAIA";"Velocidade Incompatível";"Tombamento";"Com Vítimas Feridas";"Pleno dia";"Decrescente";"Chuva";"Dupla";"Curva";"Não";1;0;1;0;0;0;1;1;-22,774921;-46,186142;"SPRF-MG";"DEL16-MG";"UOP03-DEL16-MG"
757991;2026-03-13;"sexta-feira";"06:40:00";"SC";101;1,9;"GARUVA";"Acessar a via sem observar a presença dos outros veículos";"Colisão traseira";"Com Vítimas Feridas";"Pleno dia";"Decrescente";"Céu Claro";"Dupla";"Reta";"Não";2;0;1;0;1;0;1;2;-26,01934156;-48,86150122;"SPRF-SC";"DEL03-SC";"UOP01-DEL03-SC"
757992;2026-03-13;"sexta-feira";"07:40:00";"PR";277;595,8;"CASCAVEL";"Condutor deixou de manter distância do veículo da frente";"Colisão traseira";"Com Vítimas Feridas";"Pleno dia";"Crescente";"Sol";"Simples";"Aclive;Reta";"Sim";2;0;1;0;1;0;1;2;-24,97993129;-53,4879899;"SPRF-PR";"DEL04-PR";"UOP01-DEL04-PR"
757993;2026-03-13;"sexta-feira";"07:00:00";"RJ";465;19;"RIO DE JANEIRO";"Reação tardia ou ineficiente do condutor";"Colisão traseira";"Com Vítimas Feridas";"Pleno dia";"Crescente";"Céu Claro";"Simples";"Reta";"Sim";2;0;1;0;1;0;1;2;-22,85971065;-43,60182858;"SPRF-RJ";"DEL06-RJ";"UOP02-DEL06-RJ"
757995;2026-02-21;"sábado";"13:50:00";"AM";319;698;"HUMAITA";"Acumulo de água sobre o pavimento";"Saída de leito carroçável";"Sem Vítimas";"Pleno dia";"Decrescente";"Chuva";"Simples";"Curva";"Não";1;0;0;0;1;0;0;1;-7,7205;-63,09931;"SPRF-AM";"DEL02-AM";"UOP01-DEL02-AM"
757996;2026-03-13;"sexta-feira";"06:45:00";"PR";277;599,6;"CASCAVEL";"Reação tardia ou ineficiente do condutor";"Colisão frontal";"Com Vítimas Feridas";"Pleno dia";"Crescente";"Sol";"Simples";"Reta";"Sim";2;0;1;0;1;0;1;2;-24,996484;-53,516125;"SPRF-PR";"DEL04-PR";"UOP01-DEL04-PR"
757997;2026-03-13;"sexta-feira";"07:25:00";"SC";280;24,3;"ARAQUARI";"Ausência de reação do condutor";"Colisão lateral mesmo sentido";"Com Vítimas Feridas";"Pleno dia";"Decrescente";"Sol";"Simples";"Reta";"Sim";2;0;1;0;1;0;1;2;-26,388593;-48,732625;"SPRF-SC";"DEL03-SC";"UOP03-DEL03-SC"
757998;2026-03-13;"sexta-feira";"08:20:00";"RJ";101;320;"NITEROI";"Demais falhas mecânicas ou elétricas";"Tombamento";"Com Vítimas Feridas";"Pleno dia";"Crescente";"Céu Claro";"Dupla";"Reta";"Sim";2;0;2;0;0;0;2;1;-22,86138645;-43,10725093;"SPRF-RJ";"DEL02-RJ";"UOP01-DEL02-RJ"
757999;2026-03-13;"sexta-feira";"07:15:00";"MG";381;533,5;"ITATIAIUCU";"Ausência de reação do condutor";"Saída de leito carroçável";"Com Vítimas Feridas";"Pleno dia";"Crescente";"Chuva";"Dupla";"Curva;Declive";"Não";1;0;1;0;0;0;1;1;-20,17401;-44,375755;"SPRF-MG";"DEL04-MG";"UOP03-DEL04-MG"
758000;2026-03-13;"sexta-feira";"08:45:00";"GO";153;502,4;"GOIANIA";"Condutor deixou de manter distância do veículo da frente";"Colisão traseira";"Sem Vítimas";"Pleno dia";"Crescente";"Sol";"Múltipla";"Interseção de Vias;Reta";"Sim";2;0;0;0;2;0;0;2;-16,71853382;-49,23793757;"SPRF-GO";"DEL01-GO";"UOP01-DEL01-GO"
758001;2026-03-13;"sexta-feira";"07:50:00";"RJ";116;173;"SAO JOAO DE MERITI";"Pista Escorregadia";"Queda de ocupante de veículo";"Com Vítimas Feridas";"Pleno dia";"Decrescente";"Garoa/Chuvisco";"Múltipla";"Reta";"Sim";1;0;1;0;0;0;1;1;-22,7922;-43,367667;"SPRF-RJ";"DEL06-RJ";"UOP01-DEL06-RJ"
758002;2026-03-13;"sexta-feira";"09:00:00";"BA";367;53;"PORTO SEGURO";"Demais falhas mecânicas ou elétricas";"Queda de ocupante de veículo";"Com Vítimas Feridas";"Pleno dia";"Decrescente";"Céu Claro";"Simples";"Reta";"Não";2;0;2;0;0;0;2;1;-16,3925529;-39,3911177;"SPRF-BA";"DEL09-BA";"UOP03-DEL09-BA"
758005;2026-03-13;"sexta-feira";"07:20:00";"RN";101;78;"NATAL";"Animais na Pista";"Queda de ocupante de veículo";"Com Vítimas Feridas";"Pleno dia";"Decrescente";"Céu Claro";"Dupla";"Reta";"Sim";1;0;1;0;0;0;1;1;-5,74224225;-35,2900064;"SPRF-RN";"DEL02-RN";"UOP01-DEL02-RN"
758006;2026-03-13;"sexta-feira";"08:56:00";"RN";304;47,4;"MOSSORO";"Acessar a via sem observar a presença dos outros veículos";"Colisão traseira";"Com Vítimas Feridas";"Pleno dia";"Decrescente";"Céu Claro";"Dupla";"Reta";"Sim";2;0;0;1;1;0;1;2;-5,226052;-37,326205;"SPRF-RN";"DEL04-RN";"UOP01-DEL04-RN"
758007;2026-03-13;"sexta-feira";"09:00:00";"RJ";393;104;"CARMO";"Ausência de reação do condutor";"Colisão transversal";"Com Vítimas Feridas";"Pleno dia";"Decrescente";"Nublado";"Simples";"Curva";"Não";2;0;1;0;1;0;1;2;-21,87745894;-42,66824532;"SPRF-RJ";"DEL05-RJ";"UOP01-DEL05-RJ"
758009;2026-03-13;"sexta-feira";"07:40:00";"MA";135;3;"SAO LUIS";"Ausência de reação do condutor";"Colisão traseira";"Sem Vítimas";"Pleno dia";"Crescente";"Céu Claro";"Dupla";"Reta";"Sim";3;0;0;0;3;0;0;3;-2,647318;-44,277436;"SPRF-MA";"DEL01-MA";"UOP01-DEL01-MA"
758010;2026-03-13;"sexta-feira";"08:20:00";"RJ";116;186;"NOVA IGUACU";"Reação tardia ou ineficiente do condutor";"Tombamento";"Com Vítimas Feridas";"Pleno dia";"Decrescente";"Céu Claro";"Dupla";"Reta";"Sim";2;0;1;0;1;0;1;1;-22,73881527;-43,47296819;"SPRF-RJ";"DEL06-RJ";"UOP01-DEL06-RJ"
758013;2026-03-13;"sexta-feira";"09:40:00";"RS";116;312;"GUAIBA";"Ausência de reação do condutor";"Colisão com objeto";"Com Vítimas Feridas";"Pleno dia";"Crescente";"Céu Claro";"Dupla";"Reta";"Não";2;0;1;0;1;0;1;2;-30,20982807;-51,40228271;"SPRF-RS";"DEL02-RS";"UOP01-DEL02-RS"
758014;2026-03-13;"sexta-feira";"10:00:00";"PR";116;112,9;"CURITIBA";"Manobra de mudança de faixa";"Tombamento";"Com Vítimas Feridas";"Pleno dia";"Crescente";"Nublado";"Dupla";"Reta";"Não";2;0;1;0;0;1;1;2;-25,549979;-49,282421;"SPRF-PR";"DEL01-PR";"UOP03-DEL01-PR"
758016;2026-03-13;"sexta-feira";"10:00:00";"ES";101;70;"SAO MATEUS";"Avarias e/ou desgaste excessivo no pneu";"Queda de ocupante de veículo";"Com Vítimas Feridas";"Pleno dia";"Crescente";"Céu Claro";"Simples";"Reta";"Não";1;0;1;0;0;0;1;1;-18,750274;-39,8614776;"SPRF-ES";"DEL04-ES";"UOP02-DEL04-ES"
758019;2026-03-13;"sexta-feira";"10:05:00";"SP";116;157;"JACAREI";"Condutor deixou de manter distância do veículo da frente";"Colisão lateral mesmo sentido";"Com Vítimas Feridas";"Pleno dia";"Crescente";"Garoa/Chuvisco";"Múltipla";"Reta";"Não";2;0;1;0;0;1;1;2;-23,2600058;-45,9492004;"SPRF-SP";"DEL02-SP";"UOP01-DEL02-SP"