"id";"data_inversa";"dia_semana";"horario";"uf";"br";"km";"municipio";"causa_acidente";"tipo_acidente";"classificacao_acidente";"fase_dia";"sentido_via";"condicao_metereologica";"tipo_pista";"tracado_via";"uso_solo";"pessoas";"mortos";"feridos_leves";"feridos_graves";"ilesos";"ignorados";"feridos";"veiculos";"latitude";"longitude";"regional";"delegacia";"uop"
758343;2026-03-14;"sábado";"18:00:00";"RJ";116;172;"SAO JOAO DE MERITI";"Objeto estático sobre o leito carroçável";"Colisão com objeto";"Com Vítimas Feridas";"Plena Noite";"Decrescente";"Céu Claro";"Múltipla";"Reta";"Não";2;0;1;0;1;0;1;1;-22,80329706;-43,34839533;"SPRF-RJ";"DEL06-RJ";"UOP01-DEL06-RJ"
758345;2026-03-14;"sábado";"18:30:00";"PR";476;151;"ARAUCARIA";"Ausência de reação do condutor";"Colisão lateral mesmo sentido";"Com Vítimas Feridas";"Plena Noite";"Crescente";"Céu Claro";"Dupla";"Reta";"Sim";2;0;1;0;1;0;1;2;-25,566595;-49,380899;"SPRF-PR";"DEL01-PR";"UOP06-DEL01-PR"
758346;2026-03-14;"sábado";"14:50:00";"RS";470;168;"VILA FLORES";"Acessar a via sem observar a presença dos outros veículos";"Colisão lateral mesmo sentido";"Com Vítimas Feridas";"Pleno dia";"Decrescente";"Céu Claro";"Simples";"Reta";"Sim";3;0;1;1;1;0;2;2;-28,86365534;-51,55310869;"SPRF-RS";"DEL06-RS";"UOP02-DEL06-RS"
758347;2026-03-14;"sábado";"18:30:00";"MG";50;8;"UBERLANDIA";"Reação tardia ou ineficiente do condutor";"Colisão traseira";"Sem Vítimas";"Plena Noite";"Crescente";"Chuva";"Dupla";"Reta";"Sim";2;0;0;0;2;0;0;2;-18,8729;-48,2129;"SPRF-MG";"DEL15-MG";"UOP01-DEL15-MG"
758350;2026-03-14;"sábado";"18:40:00";"ES";101;166;"LINHARES";"Desrespeitar a preferência no cruzamento";"Colisão transversal";"Com Vítimas Feridas";"Anoitecer";"Decrescente";"Chuva";"Simples";"Reta;Interseção de Vias";"Sim";6;0;3;0;3;0;3;2;-19,5246396;-40,1494027;"SPRF-ES";"DEL04-ES";"UOP01-DEL04-ES"
758351;2026-03-14;"sábado";"19:00:00";"SP";116;147,2;"SAO JOSE DOS CAMPOS";"Ingestão de álcool pelo condutor";"Colisão traseira";"Sem Vítimas";"Plena Noite";"Decrescente";"Céu Claro";"Múltipla";"Reta";"Sim";2;0;0;0;2;0;0;2;-23,19638135;-45,87322885;"SPRF-SP";"DEL02-SP";"UOP01-DEL02-SP"
758352;2026-03-14;"sábado";"17:30:00";"MG";381;275,2;"JAGUARACU";"Chuva";"Saída de leito carroçável";"Com Vítimas Feridas";"Anoitecer";"Crescente";"Chuva";"Simples";"Curva";"Não";2;0;2;0;0;0;2;1;-19,58438719;-42,72925043;"SPRF-MG";"DEL03-MG";"UOP02-DEL03-MG"
758353;2026-03-14;"sábado";"19:15:00";"PR";277;9;"FOZ DO IGUACU";"Ausência de reação do condutor";"Saída de leito carroçável";"Com Vítimas Feridas";"Anoitecer";"Decrescente";"Céu Claro";"Simples";"Reta";"Não";1;0;0;1;0;0;1;1;-25,57293653;-54,55051855;"SPRF-PR";"DEL05-PR";"UOP04-DEL05-PR"
758354;2026-03-14;"sábado";"15:50:00";"RJ";40;114;"DUQUE DE CAXIAS";"Demais falhas mecânicas ou elétricas";"Colisão com objeto";"Com Vítimas Feridas";"Pleno dia";"Crescente";"Céu Claro";"Múltipla";"Reta";"Sim";2;0;1;0;1;0;1;1;-22,71637893;-43,2894624;"SPRF-RJ";"DEL01-RJ";"UOP02-DEL01-RJ"
758355;2026-03-14;"sábado";"19:15:00";"DF";60;14;"BRASILIA";"Ingestão de álcool pelo condutor";"Colisão lateral mesmo sentido";"Sem Vítimas";"Pleno dia";"Decrescente";"Céu Claro";"Dupla";"Reta";"Sim";2;0;0;0;2;0;0;2;-15,937919;-48,170415;"SPRF-DF";"DEL03-DF";"UOP01-DEL03-DF"
758356;2026-03-14;"sábado";"19:30:00";"SC";101;189,5;"BIGUACU";"Velocidade Incompatível";"Capotamento";"Com Vítimas Feridas";"Plena Noite";"Decrescente";"Chuva";"Simples";"Curva";"Sim";1;0;1;0;0;0;1;1;-27,463997;-48,64173;"SPRF-SC";"DEL01-SC";"UOP01-DEL01-SC"
758357;2026-03-14;"sábado";"12:40:00";"MG";40;136,1;"JOAO PINHEIRO";"Frear bruscamente";"Colisão traseira";"Sem Vítimas";"Pleno dia";"Decrescente";"Nublado";"Simples";"Reta;Aclive";"Não";6;0;0;0;5;1;0;3;-17,722196;-46,231034;"SPRF-MG";"DEL14-MG";"UOP01-DEL14-MG"
758359;2026-03-14;"sábado";"19:30:00";"MA";226;5,7;"TIMON";"Reação tardia ou ineficiente do condutor";"Queda de ocupante de veículo";"Com Vítimas Fatais";"Plena Noite";"Decrescente";"Céu Claro";"Simples";"Reta";"Sim";2;1;0;0;1;0;0;2;-5,1385917;-42,86448;"SPRF-MA";"DEL03-MA";"UOP02-DEL03-MA"
758360;2026-03-14;"sábado";"13:00:00";"RJ";465;12;"SEROPEDICA";"Condutor deixou de manter distância do veículo da frente";"Colisão traseira";"Com Vítimas Feridas";"Pleno dia";"Crescente";"Céu Claro";"Simples";"Reta";"Não";2;0;1;0;1;0;1;2;-22,75392258;-43,69599915;"SPRF-RJ";"DEL06-RJ";"UOP02-DEL06-RJ"
758361;2026-03-14;"sábado";"18:50:00";"DF";20;15;"BRASILIA";"Deficiência do Sistema de Iluminação/Sinalização";"Queda de ocupante de veículo";"Com Vítimas Feridas";"Plena Noite";"Crescente";"Nublado";"Dupla";"Reta;Em Obras";"Sim";2;0;1;0;1;0;1;2;-15,62804198;-47,72889733;"SPRF-DF";"DEL02-DF";"UOP01-DEL02-DF"
758362;2026-03-14;"sábado";"16:45:00";"GO";60;460;"JATAI";"Chuva";"Saída de leito carroçável";"Com Vítimas Feridas";"Pleno dia";"Crescente";"Chuva";"Dupla";"Reta";"Não";6;0;2;0;4;0;2;3;-17,872477;-51,620443;"SPRF-GO";"DEL05-GO";"UOP01-DEL05-GO"
758363;2026-03-14;"sábado";"19:30:00";"PA";316;61;"CASTANHAL";"Ausência de reação do condutor";"Colisão traseira";"Com Vítimas Feridas";"Plena Noite";"Decrescente";"Céu Claro";"Dupla";"Reta";"Sim";2;0;0;1;1;0;1;2;-1,298045;-47,940728;"SPRF-PA";"DEL01-PA";"UOP01-DEL01-PA"
758364;2026-03-14;"sábado";"20:01:00";"MG";262;358;"JUATUBA";"Ausência de reação do condutor";"Colisão traseira";"Com Vítimas Feridas";"Plena Noite";"Crescente";"Nublado";"Dupla";"Reta";"Sim";2;0;1;0;1;0;1;2;-19,97119;-44,29602;"SPRF-MG";"DEL01-MG";"UOP03-DEL01-MG"
758365;2026-03-14;"sábado";"19:10:00";"PE";101;50,1;"ABREU E LIMA";"Manobra de mudança de faixa";"Saída de leito carroçável";"Com Vítimas Feridas";"Plena Noite";"Crescente";"Céu Claro";"Múltipla";"Reta";"Sim";2;0;2;0;0;0;2;1;-7,91653;-34,89725;"SPRF-PE";"DEL01-PE";"UOP02-DEL01-PE"
758367;2026-03-14;"sábado";"19:45:00";"PE";428;4,3;"CABROBO";"Reação tardia ou ineficiente do condutor";"Colisão traseira";"Com Vítimas Feridas";"Plena Noite";"Crescente";"Céu Claro";"Simples";"Declive;Reta";"Não";3;0;1;0;2;0;1;2;-8,530782;-39,261092;"SPRF-PE";"DEL05-PE";"UOP03-DEL05-PE"
758368;2026-03-14;"sábado";"19:45:00";"MG";40;521;"CONTAGEM";"Avarias e/ou desgaste excessivo no pneu";"Tombamento";"Com Vítimas Feridas";"Plena Noite";"Crescente";"Nublado";"Dupla";"Curva";"Não";2;0;1;0;1;0;1;1;-19,8602362;-44,0703227;"SPRF-MG";"DEL01-MG";"UOP02-DEL01-MG"
758370;2026-03-14;"sábado";"18:19:00";"MT";163;822,4;"SINOP";"Ultrapassagem Indevida";"Colisão lateral mesmo sentido";"Com Vítimas Feridas";"Plena Noite";"Decrescente";"Nublado";"Simples";"Reta";"Sim";2;0;1;0;0;1;1;2;-11,97349;-55,517073;"SPRF-MT";"DEL06-MT";"UOP02-DEL06-MT"
758372;2026-03-14;"sábado";"18:40:00";"RR";174;512;"BOA VISTA";"Acessar a via sem observar a presença dos outros veículos";"Colisão traseira";"Com Vítimas Feridas";"Plena Noite";"Crescente";"Céu Claro";"Simples";"Interseção de Vias";"Sim";4;0;1;0;2;1;1;3;2,88214716;-60,69904125;"SPRF-RR";"DEL01-RR";"UOP01-DEL01-RR"
758373;2026-03-14;"sábado";"20:00:00";"ES";259;45,2;"COLATINA";"Reação tardia ou ineficiente do condutor";"Colisão frontal";"Com Vítimas Feridas";"Plena Noite";"Decrescente";"Céu Claro";"Simples";"Retorno Regulamentado";"Não";2;0;0;1;0;1;1;2;-19,53166354;-40,58009416;"SPRF-ES";"DEL02-ES";"UOP01-DEL02-ES"
758374;2026-03-14;"sábado";"19:00:00";"BA";367;84;"EUNAPOLIS";"Condutor desrespeitou a iluminação vermelha do semáforo";"Colisão transversal";"Com Vítimas Feridas";"Anoitecer";"Crescente";"Nublado";"Simples";"Reta;Rotatória";"Sim";2;0;1;0;1;0;1;2;-16,37488875;-39,58081126;"SPRF-BA";"DEL09-BA";"UOP03-DEL09-BA"
758375;2026-03-14;"sábado";"16:10:00";"PE";408;57;"CARPINA";"Condutor deixou de manter distância do veículo da frente";"Colisão traseira";"Com Vítimas Feridas";"Pleno dia";"Crescente";"Céu Claro";"Dupla";"Reta";"Sim";3;0;0;1;1;1;1;2;-7,84910241;-35,23579208;"SPRF-PE";"DEL01-PE";"UOP01-DEL01-PE"
758376;2026-03-14;"sábado";"19:50:00";"PE";101;152;"RIBEIRAO";"Transitar na contramão";"Colisão frontal";"Com Vítimas Feridas";"Plena Noite";"Crescente";"Céu Claro";"Simples";"Reta";"Sim";3;0;0;2;1;0;2;2;-8,5053603;-35,3747519;"SPRF-PE";"DEL01-PE";"UOP03-DEL01-PE"
758379;2026-03-14;"sábado";"21:00:00";"RN";226;63,4;"SENADOR ELOI DE SOUZA";"Deficiência do Sistema de Iluminação/Sinalização";"Colisão traseira";"Com Vítimas Feridas";"Plena Noite";"Crescente";"Céu Claro";"Simples";"Reta;Declive";"Não";7;0;2;0;5;0;2;3;-6,0693402;-35,6843967;"SPRF-RN";"DEL01-RN";"UOP02-DEL01-RN"
758380;2026-03-14;"sábado";"19:30:00";"BA";101;407;"IBIRAPITANGA";"Entrada inopinada do pedestre";"Atropelamento de Pedestre";"Com Vítimas Feridas";"Plena Noite";"Crescente";"Céu Claro";"Simples";"Reta";"Não";2;0;0;1;1;0;1;2;-14,039452;-39,408201;"SPRF-BA";"DEL05-BA";"UOP03-DEL05-BA"
758381;2026-03-14;"sábado";"20:30:00";"RS";290;86,5;"PORTO ALEGRE";"Condutor deixou de manter distância do veículo da frente";"Colisão traseira";"Com Vítimas Fatais";"Plena Noite";"Decrescente";"Céu Claro";"Dupla";"Reta";"Sim";4;1;0;1;2;0;1;3;-29,96822009;-51,12076261;"SPRF-RS";"DEL01-RS";"UOP01-DEL01-RS"
758383;2026-03-14;"sábado";"20:50:00";"GO";60;170,3;"ABADIA DE GOIAS";"Reação tardia ou ineficiente do condutor";"Colisão com objeto";"Com Vítimas Feridas";"Plena Noite";"Crescente";"Céu Claro";"Dupla";"Reta";"Não";1;0;1;0;0;0;1;1;-16,742934;-49,416091;"SPRF-GO";"DEL01-GO";"UOP02-DEL01-GO"
758384;2026-03-14;"sábado";"19:00:00";"MG";40;726;"BARBACENA";"Velocidade Incompatível";"Capotamento";"Com Vítimas Feridas";"Plena Noite";"Crescente";"Nublado";"Dupla";"Declive";"Não";1;0;1;0;0;0;1;1;-21,30777549;-43,60759628;"SPRF-MG";"DEL05-MG";"UOP01-DEL05-MG"
758385;2026-03-14;"sábado";"21:12:00";"RJ";101;488,8;"ANGRA DOS REIS";"Pedestre cruzava a pista fora da faixa";"Atropelamento de Pedestre";"Com Vítimas Feridas";"Plena Noite";"Crescente";"Céu Claro";"Simples";"Reta";"Sim";2;0;2;0;0;0;2;2;-22,9565956;-44,3009269;"SPRF-RJ";"DEL03-RJ";"UOP03-DEL03-RJ"
758386;2026-03-14;"sábado";"20:30:00";"MG";381;257;"CORONEL FABRICIANO";"Ausência de reação do condutor";"Colisão traseira";"Sem Vítimas";"Plena Noite";"Decrescente";"Nublado";"Simples";"Retorno Regulamentado;Curva";"Não";5;0;0;0;5;0;0;2;-19,53229398;-42,59997932;"SPRF-MG";"DEL03-MG";"UOP01-DEL03-MG"
758388;2026-03-14;"sábado";"21:00:00";"PR";116;18,8;"CURITIBA";"Ingestão de álcool pelo condutor";"Colisão traseira";"Sem Vítimas";"Plena Noite";"Crescente";"Céu Claro";"Dupla";"Reta";"Sim";2;0;0;0;2;0;0;2;-25,38891123;-49,19833302;"SPRF-PR";"DEL01-PR";"UOP02-DEL01-PR"
758389;2026-03-14;"sábado";"21:45:00";"SP";116;163,5;"JACAREI";"Ausência de reação do condutor";"Capotamento";"Com Vítimas Feridas";"Plena Noite";"Crescente";"Céu Claro";"Dupla";"Reta";"Sim";2;0;1;0;0;1;1;2;-23,287905;-45,994414;"SPRF-SP";"DEL02-SP";"UOP01-DEL02-SP"
758390;2026-03-14;"sábado";"21:15:00";"PE";232;251,3;"ARCOVERDE";"Ingestão de álcool pelo condutor";"Colisão frontal";"Com Vítimas Feridas";"Plena Noite";"Crescente";"Nublado";"Simples";"Reta;Interseção de Vias";"Sim";3;0;0;1;2;0;1;2;-8,430457;-37,062947;"SPRF-PE";"DEL04-PE";"UOP02-DEL04-PE"
758391;2026-03-14;"sábado";"19:00:00";"CE";116;369,5;"ICO";"Mal súbito do condutor";"Tombamento";"Com Vítimas Feridas";"Plena Noite";"Decrescente";"Céu Claro";"Simples";"Reta";"Não";1;0;0;1;0;0;1;1;-6,372928;-38,801302;"SPRF-CE";"DEL05-CE";"UOP01-DEL05-CE"
758392;2026-03-14;"sábado";"21:00:00";"RJ";101;410;"ITAGUAI";"Área urbana sem a presença de local apropriado para a travessia de pedestres";"Atropelamento de Pedestre";"Com Vítimas Fatais";"Plena Noite";"Decrescente";"Céu Claro";"Dupla";"Reta";"Não";2;1;1;0;0;0;1;2;-22,8929291;-43,8436705;"SPRF-RJ";"DEL03-RJ";"UOP01-DEL03-RJ"
758394;2026-03-14;"sábado";"22:20:00";"PE";101;46;"IGARASSU";"Condutor deixou de manter distância do veículo da frente";"Colisão traseira";"Sem Vítimas";"Plena Noite";"Crescente";"Céu Claro";"Dupla";"Reta";"Sim";2;0;0;0;2;0;0;2;-7,873;-34,906;"SPRF-PE";"DEL01-PE";"UOP02-DEL01-PE"
758397;2026-03-14;"sábado";"21:45:00";"RS";116;323;"BARRA DO RIBEIRO";"Ausência de reação do condutor";"Queda de ocupante de veículo";"Com Vítimas Feridas";"Plena Noite";"Decrescente";"Céu Claro";"Dupla";"Reta";"Não";2;0;2;0;0;0;2;1;-30,324167;-51,420074;"SPRF-RS";"DEL02-RS";"UOP01-DEL02-RS"
758400;2026-03-14;"sábado";"23:00:00";"DF";80;22;"BRASILIA";"Condutor deixou de manter distância do veículo da frente";"Colisão traseira";"Com Vítimas Feridas";"Plena Noite";"Decrescente";"Nublado";"Simples";"Interseção de Vias";"Não";2;0;1;0;1;0;1;2;-15,651288;-48,2022;"SPRF-DF";"DEL03-DF";"UOP02-DEL03-DF"
758401;2026-03-14;"sábado";"22:45:00";"SP";153;224,3;"MARILIA";"Condutor Dormindo";"Saída de leito carroçável";"Com Vítimas Feridas";"Plena Noite";"Crescente";"Céu Claro";"Simples";"Declive";"Não";1;0;1;0;0;0;1;1;-22,031709;-49,905448;"SPRF-SP";"DEL07-SP";"UOP02-DEL07-SP"
758402;2026-03-14;"sábado";"19:50:00";"BA";116;585;"NOVA ITARANA";"Pedestre andava na pista";"Atropelamento de Pedestre";"Com Vítimas Fatais";"Plena Noite";"Crescente";"Céu Claro";"Simples";"Reta";"Não";3;1;0;0;2;0;0;2;-13,10449;-39,9905;"SPRF-BA";"DEL03-BA";"UOP02-DEL03-BA"
758404;2026-03-14;"sábado";"22:30:00";"SC";280;74,8;"JARAGUA DO SUL";"Manobra de mudança de faixa";"Colisão frontal";"Com Vítimas Fatais";"Plena Noite";"Decrescente";"Céu Claro";"Simples";"Reta";"Não";3;1;1;0;1;0;1;2;-26,459053;-49,177576;"SPRF-SC";"DEL03-SC";"UOP03-DEL03-SC"
758406;2026-03-15;"domingo";"00:30:00";"GO";50;282;"CATALAO";"Ingestão de álcool pelo condutor";"Colisão frontal";"Com Vítimas Feridas";"Plena Noite";"Crescente";"Céu Claro";"Dupla";"Curva";"Não";4;0;0;1;3;0;1;2;-18,1693787;-47,9442403;"SPRF-GO";"DEL06-GO";"UOP01-DEL06-GO"
758407;2026-03-15;"domingo";"00:00:00";"DF";20;8;"BRASILIA";"Ausência de reação do condutor";"Colisão traseira";"Com Vítimas Feridas";"Plena Noite";"Crescente";"Céu Claro";"Múltipla";"Viaduto";"Sim";2;0;1;0;1;0;1;2;-15,6550617;-47,78496891;"SPRF-DF";"DEL02-DF";"UOP01-DEL02-DF"
758408;2026-03-15;"domingo";"00:30:00";"PR";369;202;"APUCARANA";"Ingestão de álcool pelo condutor";"Colisão traseira";"Com Vítimas Feridas";"Plena Noite";"Crescente";"Céu Claro";"Dupla";"Reta";"Sim";5;0;3;0;2;0;3;2;-23,543433;-51,454685;"SPRF-PR";"DEL07-PR";"UOP03-DEL07-PR"
758409;2026-03-15;"domingo";"00:35:00";"PR";277;589,6;"CASCAVEL";"Condutor Dormindo";"Colisão frontal";"Sem Vítimas";"Plena Noite";"Crescente";"Céu Claro";"Simples";"Reta";"Sim";2;0;0;0;2;0;0;2;-24,97058895;-53,43192427;"SPRF-PR";"DEL04-PR";"UOP01-DEL04-PR"
758412;2026-03-14;"sábado";"23:00:00";"PI";343;341,6;"TERESINA";"Pista Escorregadia";"Colisão com objeto";"Sem Vítimas";"Plena Noite";"Crescente";"Céu Claro";"Dupla";"Reta";"Sim";1;0;0;0;1;0;0;1;-5,0806738;-42,7484696;"SPRF-PI";"DEL01-PI";"UOP01-DEL01-PI"
758418;2026-03-14;"sábado";"23:55:00";"PE";101;55,8;"RECIFE";"Reação tardia ou ineficiente do condutor";"Capotamento";"Com Vítimas Feridas";"Plena Noite";"Decrescente";"Céu Claro";"Dupla";"Curva";"Não";1;0;1;0;0;0;1;1;-7,955;-34,911;"SPRF-PE";"DEL01-PE";"UOP02-DEL01-PE"
758421;2026-03-15;"domingo";"00:25:00";"SP";116;321;"JUQUITIBA";"Pedestre andava na pista";"Atropelamento de Pedestre";"Com Vítimas Fatais";"Plena Noite";"Crescente";"Céu Claro";"Dupla";"Reta";"Não";5;1;0;0;4;0;0;2;-23,9346348;-47,0222781;"SPRF-SP";"DEL04-SP";"UOP03-DEL04-SP"
758422;2026-03-10;"terça-feira";"13:30:00";"SC";470;173;"POUSO REDONDO";"Condutor deixou de manter distância do veículo da frente";"Colisão traseira";"Com Vítimas Feridas";"Pleno dia";"Decrescente";"Chuva";"Simples";"Reta";"Sim";2;0;0;1;1;0;1;2;-27,25953007;-49,92268436;"SPRF-SC";"DEL04-SC";"UOP02-DEL04-SC"
758423;2026-03-14;"sábado";"23:30:00";"ES";101;298;"VIANA";"Ausência de reação do condutor";"Colisão traseira";"Sem Vítimas";"Plena Noite";"Crescente";"Garoa/Chuvisco";"Dupla";"Reta";"Sim";2;0;0;0;1;1;0;2;-20,358;-40,424;"SPRF-ES";"DEL01-ES";"UOP01-DEL01-ES"
758427;2026-03-15;"domingo";"01:20:00";"SP";116;339,2;"JUQUITIBA";"Ausência de reação do condutor";"Colisão com objeto";"Sem Vítimas";"Plena Noite";"Crescente";"Nublado";"Dupla";"Declive;Reta";"Não";2;0;0;0;1;1;0;1;-23,9993471;-47,1514881;"SPRF-SP";"DEL04-SP";"UOP03-DEL04-SP"
758429;2026-03-15;"domingo";"03:00:00";"PE";101;180,1;"PALMARES";"Animais na Pista";"Atropelamento de Animal";"Com Vítimas Fatais";"Plena Noite";"Crescente";"Nublado";"Dupla";"Reta";"Não";2;1;0;0;0;1;0;1;-8,63871;-35,56088;"SPRF-PE";"DEL01-PE";"UOP03-DEL01-PE"
758430;2026-03-15;"domingo";"03:45:00";"SC";101;216;"PALHOCA";"Ausência de reação do condutor";"Capotamento";"Sem Vítimas";"Plena Noite";"Decrescente";"Céu Claro";"Dupla";"Reta";"Sim";1;0;0;0;1;0;0;1;-27,66151874;-48,67628798;"SPRF-SC";"DEL01-SC";"UOP02-DEL01-SC"
758431;2026-03-15;"domingo";"04:21:00";"ES";101;216;"IBIRACU";"Reação tardia ou ineficiente do condutor";"Colisão com objeto";"Sem Vítimas";"Plena Noite";"Crescente";"Chuva";"Dupla";"Reta;Aclive";"Não";1;0;0;0;0;1;0;1;-19,84287;-40,38608;"SPRF-ES";"DEL02-ES";"UOP01-DEL02-ES"
758432;2026-03-15;"domingo";"03:55:00";"DF";20;10;"BRASILIA";"Condutor deixou de manter distância do veículo da frente";"Colisão traseira";"Com Vítimas Feridas";"Plena Noite";"Crescente";"Céu Claro";"Dupla";"Reta";"Sim";4;0;2;0;2;0;2;2;-15,63641622;-47,74754334;"SPRF-DF";"DEL02-DF";"UOP01-DEL02-DF"
758433;2026-03-15;"domingo";"03:10:00";"PR";277;460,5;"LARANJEIRAS DO SUL";"Ingestão de álcool pelo condutor";"Tombamento";"Com Vítimas Feridas";"Plena Noite";"Crescente";"Céu Claro";"Simples";"Curva;Interseção de Vias";"Não";1;0;1;0;0;0;1;1;-25,37656658;-52,43595812;"SPRF-PR";"DEL04-PR";"UOP02-DEL04-PR"
758434;2026-03-15;"domingo";"02:53:00";"RO";319;144;"PORTO VELHO";"Acessar a via sem observar a presença dos outros veículos";"Colisão transversal";"Com Vítimas Feridas";"Plena Noite";"Crescente";"Céu Claro";"Dupla";"Interseção de Vias;Reta";"Sim";3;0;1;0;0;2;1;3;-8,76613;-63,88465;"SPRF-RO";"DEL01-RO";"UOP01-DEL01-RO"
758435;2026-03-15;"domingo";"04:37:00";"GO";153;512;"APARECIDA DE GOIANIA";"Ingestão de álcool pelo condutor";"Saída de leito carroçável";"Com Vítimas Feridas";"Plena Noite";"Decrescente";"Céu Claro";"Dupla";"Retorno Regulamentado";"Não";1;0;1;0;0;0;1;1;-16,800973;-49,238817;"SPRF-GO";"DEL01-GO";"UOP03-DEL01-GO"
758436;2026-03-15;"domingo";"05:15:00";"PR";277;77;"CURITIBA";"Ausência de reação do condutor";"Saída de leito carroçável";"Sem Vítimas";"Amanhecer";"Crescente";"Nevoeiro/Neblina";"Dupla";"Reta";"Sim";1;0;0;0;1;0;0;1;-25,47747748;-49,19877676;"SPRF-PR";"DEL01-PR";"UOP07-DEL01-PR"
758437;2026-03-15;"domingo";"03:00:00";"PI";407;429;"GEMINIANO";"Ingestão de álcool pelo condutor";"Saída de leito carroçável";"Com Vítimas Feridas";"Plena Noite";"Crescente";"Céu Claro";"Simples";"Reta";"Não";2;0;1;1;0;0;2;1;-7,13119396;-41,38753474;"SPRF-PI";"DEL04-PI";"UOP01-DEL04-PI"
758438;2026-03-15;"domingo";"04:43:00";"PE";101;42,3;"IGARASSU";"Ausência de reação do condutor";"Saída de leito carroçável";"Com Vítimas Fatais";"Amanhecer";"Crescente";"Céu Claro";"Dupla";"Reta";"Sim";2;1;0;1;0;0;1;1;-7,8451;-34,9106;"SPRF-PE";"DEL01-PE";"UOP02-DEL01-PE"
758439;2026-03-15;"domingo";"05:00:00";"SC";101;134;"BALNEARIO CAMBORIU";"Ingestão de álcool pelo condutor";"Colisão com objeto";"Com Vítimas Feridas";"Amanhecer";"Decrescente";"Nublado";"Dupla";"Retorno Regulamentado";"Sim";1;0;1;0;0;0;1;1;-26,99925041;-48,64582714;"SPRF-SC";"DEL04-SC";"UOP03-DEL04-SC"
758440;2026-03-15;"domingo";"04:20:00";"GO";153;292;"RIALMA";"Ingestão de álcool pelo condutor";"Saída de leito carroçável";"Sem Vítimas";"Plena Noite";"Decrescente";"Garoa/Chuvisco";"Simples";"Reta";"Não";1;0;0;0;1;0;0;1;-15,20099731;-49,54486638;"SPRF-GO";"DEL02-GO";"UOP02-DEL02-GO"
758441;2026-03-14;"sábado";"23:10:00";"SC";101;155;"PORTO BELO";"Velocidade Incompatível";"Saída de leito carroçável";"Sem Vítimas";"Plena Noite";"Decrescente";"Céu Claro";"Simples";"Reta";"Sim";1;0;0;0;0;1;0;1;-27,16743975;-48,61121893;"SPRF-SC";"DEL04-SC";"UOP03-DEL04-SC"
758442;2026-03-15;"domingo";"05:10:00";"SC";101;151;"ITAPEMA";"Condutor Dormindo";"Colisão com objeto";"Sem Vítimas";"Amanhecer";"Crescente";"Céu Claro";"Simples";"Reta;Interseção de Vias";"Sim";1;0;0;0;1;0;0;1;-27,13116215;-48,60991001;"SPRF-SC";"DEL04-SC";"UOP03-DEL04-SC"
758445;2026-03-15;"domingo";"05:45:00";"MG";365;675,7;"MONTE ALEGRE DE MINAS";"Velocidade Incompatível";"Saída de leito carroçável";"Com Vítimas Fatais";"Amanhecer";"Decrescente";"Céu Claro";"Dupla";"Reta;Declive";"Não";3;1;0;2;0;0;2;1;-18,854042;-48,779015;"SPRF-MG";"DEL15-MG";"UOP01-DEL15-MG"
758447;2026-03-15;"domingo";"05:54:00";"PR";376;310;"MAUA DA SERRA";"Reação tardia ou ineficiente do condutor";"Colisão com objeto";"Com Vítimas Feridas";"Amanhecer";"Decrescente";"Céu Claro";"Dupla";"Aclive;Curva";"Não";1;0;1;0;0;0;1;1;-23,91973308;-51,17740424;"SPRF-PR";"DEL07-PR";"UOP02-DEL07-PR"
758450;2026-03-15;"domingo";"06:30:00";"RJ";101;265;"RIO BONITO";"Reação tardia ou ineficiente do condutor";"Queda de ocupante de veículo";"Com Vítimas Fatais";"Pleno dia";"Decrescente";"Céu Claro";"Simples";"Viaduto";"Sim";2;1;1;0;0;0;1;1;-22,709067;-42,651038;"SPRF-RJ";"DEL02-RJ";"UOP03-DEL02-RJ"
758451;2026-03-15;"domingo";"05:50:00";"RJ";40;107;"DUQUE DE CAXIAS";"Ingestão de álcool pelo condutor";"Queda de ocupante de veículo";"Com Vítimas Feridas";"Pleno dia";"Decrescente";"Céu Claro";"Dupla";"Reta";"Sim";2;0;2;0;0;0;2;1;-22,6556794;-43,2836397;"SPRF-RJ";"DEL01-RJ";"UOP02-DEL01-RJ"
758452;2026-03-15;"domingo";"04:30:00";"MG";116;761,3;"LEOPOLDINA";"Ingestão de álcool pelo condutor";"Saída de leito carroçável";"Com Vítimas Feridas";"Plena Noite";"Decrescente";"Nublado";"Simples";"Reta";"Sim";2;0;0;2;0;0;2;1;-21,521771;-42,617559;"SPRF-MG";"DEL07-MG";"UOP01-DEL07-MG"
758453;2026-03-14;"sábado";"22:30:00";"MG";40;0;"PARACATU";"Reação tardia ou ineficiente do condutor";"Colisão com objeto";"Com Vítimas Feridas";"Plena Noite";"Decrescente";"Nublado";"Simples";"Curva";"Não";2;0;2;0;0;0;2;1;-17,03455896;-47,16102661;"SPRF-MG";"DEL14-MG";"UOP01-DEL14-MG"
758454;2026-03-15;"domingo";"06:50:00";"MG";381;892;"CAMBUI";"Velocidade Incompatível";"Saída de leito carroçável";"Com Vítimas Feridas";"Amanhecer";"Decrescente";"Céu Claro";"Dupla";"Reta;Declive";"Não";2;0;1;1;0;0;2;1;-22,5588428;-46,04020491;"SPRF-MG";"DEL16-MG";"UOP01-DEL16-MG"
758455;2026-03-15;"domingo";"06:05:00";"MS";376;99;"IVINHEMA";"Acessar a via sem observar a presença dos outros veículos";"Colisão traseira";"Com Vítimas Feridas";"Pleno dia";"Decrescente";"Céu Claro";"Simples";"Reta";"Não";6;0;3;0;3;0;3;2;-22,30116737;-53,98681641;"SPRF-MS";"DEL04-MS";"UOP04-DEL04-MS"