"id";"data_inversa";"dia_semana";"horario";"uf";"br";"km";"municipio";"causa_acidente";"tipo_acidente";"classificacao_acidente";"fase_dia";"sentido_via";"condicao_metereologica";"tipo_pista";"tracado_via";"uso_solo";"pessoas";"mortos";"feridos_leves";"feridos_graves";"ilesos";"ignorados";"feridos";"veiculos";"latitude";"longitude";"regional";"delegacia";"uop"
758664;2026-03-16;"segunda-feira";"06:30:00";"MG";50;67;"UBERLANDIA";"Ausência de reação do condutor";"Colisão traseira";"Com Vítimas Feridas";"Pleno dia";"Crescente";"Céu Claro";"Dupla";"Retorno Regulamentado";"Sim";3;0;1;0;2;0;1;2;-18,87388912;-48,25829236;"SPRF-MG";"DEL15-MG";"UOP02-DEL15-MG"
758665;2026-03-16;"segunda-feira";"06:00:00";"GO";60;18;"ALEXANIA";"Ausência de reação do condutor";"Tombamento";"Com Vítimas Feridas";"Pleno dia";"Decrescente";"Céu Claro";"Dupla";"Reta";"Não";2;0;1;0;1;0;1;1;-16,11425;-48,389038;"SPRF-DF";"DEL03-DF";"UOP01-DEL03-DF"
758666;2026-03-16;"segunda-feira";"06:40:00";"RJ";116;186;"NOVA IGUACU";"Ausência de reação do condutor";"Queda de ocupante de veículo";"Com Vítimas Feridas";"Pleno dia";"Decrescente";"Céu Claro";"Dupla";"Reta";"Sim";1;0;1;0;0;0;1;1;-22,73927844;-43,46915603;"SPRF-RJ";"DEL06-RJ";"UOP01-DEL06-RJ"
758667;2026-03-16;"segunda-feira";"06:50:00";"SP";116;215;"GUARULHOS";"Trafegar com motocicleta (ou similar) entre as faixas";"Tombamento";"Com Vítimas Feridas";"Amanhecer";"Crescente";"Céu Claro";"Múltipla";"Declive;Reta";"Sim";1;0;1;0;0;0;1;1;-23,45206027;-46,46716682;"SPRF-SP";"DEL01-SP";"UOP01-DEL01-SP"
758668;2026-03-16;"segunda-feira";"07:08:00";"ES";101;146;"LINHARES";"Ausência de reação do condutor";"Colisão transversal";"Com Vítimas Feridas";"Pleno dia";"Decrescente";"Céu Claro";"Simples";"Reta;Interseção de Vias";"Sim";3;0;3;0;0;0;3;2;-19,37522;-40,065943;"SPRF-ES";"DEL04-ES";"UOP01-DEL04-ES"
758669;2026-03-16;"segunda-feira";"04:40:00";"MS";163;191;"CAARAPO";"Demais falhas mecânicas ou elétricas";"Incêndio";"Sem Vítimas";"Amanhecer";"Crescente";"Céu Claro";"Simples";"Reta;Aclive";"Não";1;0;0;0;1;0;0;1;-22,773476;-54,76943;"SPRF-MS";"DEL04-MS";"UOP02-DEL04-MS"
758670;2026-03-15;"domingo";"22:00:00";"MA";402;6;"ROSARIO";"Ausência de reação do condutor";"Colisão traseira";"Com Vítimas Feridas";"Plena Noite";"Decrescente";"Céu Claro";"Simples";"Em Obras;Reta";"Sim";2;0;0;1;1;0;1;2;-2,94509;-44,26498;"SPRF-MA";"DEL01-MA";"UOP01-DEL01-MA"
758671;2026-03-16;"segunda-feira";"06:35:00";"SP";116;98;"PINDAMONHANGABA";"Reação tardia ou ineficiente do condutor";"Colisão traseira";"Com Vítimas Feridas";"Pleno dia";"Decrescente";"Sol";"Dupla";"Aclive;Reta";"Não";2;0;1;0;1;0;1;2;-22,97769548;-45,45521379;"SPRF-SP";"DEL08-SP";"UOP01-DEL08-SP"
758672;2026-03-16;"segunda-feira";"06:00:00";"SP";116;214;"GUARULHOS";"Ausência de reação do condutor";"Colisão traseira";"Com Vítimas Feridas";"Pleno dia";"Crescente";"Céu Claro";"Dupla";"Reta";"Não";4;0;2;0;2;0;2;3;-23,44690392;-46,45431381;"SPRF-SP";"DEL01-SP";"UOP01-DEL01-SP"
758673;2026-03-16;"segunda-feira";"07:05:00";"ES";101;146,8;"LINHARES";"Trafegar com motocicleta (ou similar) entre as faixas";"Colisão lateral mesmo sentido";"Com Vítimas Feridas";"Pleno dia";"Decrescente";"Céu Claro";"Dupla";"Reta";"Sim";2;0;1;0;0;1;1;2;-19,37719788;-40,06617234;"SPRF-ES";"DEL04-ES";"UOP01-DEL04-ES"
758674;2026-03-16;"segunda-feira";"06:30:00";"MG";116;528,4;"CARATINGA";"Pedestre andava na pista";"Atropelamento de Pedestre";"Com Vítimas Feridas";"Pleno dia";"Decrescente";"Céu Claro";"Simples";"Reta";"Não";2;0;1;1;0;0;2;2;-19,80056228;-42,13825598;"SPRF-MG";"DEL06-MG";"UOP02-DEL06-MG"
758675;2026-03-16;"segunda-feira";"06:55:00";"MG";116;527,4;"CARATINGA";"Acessar a via sem observar a presença dos outros veículos";"Colisão lateral mesmo sentido";"Com Vítimas Feridas";"Pleno dia";"Crescente";"Céu Claro";"Dupla";"Reta";"Sim";2;0;1;0;1;0;1;2;-19,7917838;-42,13728726;"SPRF-MG";"DEL06-MG";"UOP02-DEL06-MG"
758676;2026-03-16;"segunda-feira";"05:30:00";"TO";230;75,7;"CACHOEIRINHA";"Velocidade Incompatível";"Saída de leito carroçável";"Com Vítimas Fatais";"Amanhecer";"Decrescente";"Céu Claro";"Simples";"Curva";"Não";2;1;1;0;0;0;1;1;-6,138315;-47,867967;"SPRF-TO";"DEL02-TO";"UOP03-DEL02-TO"
758677;2026-03-16;"segunda-feira";"04:20:00";"MT";364;287;"JACIARA";"Reação tardia ou ineficiente do condutor";"Saída de leito carroçável";"Com Vítimas Feridas";"Amanhecer";"Decrescente";"Ignorado";"Dupla";"Reta";"Não";1;0;1;0;0;0;1;1;-15,905;-55,077;"SPRF-MT";"DEL05-MT";"UOP02-DEL05-MT"
758678;2026-03-15;"domingo";"19:30:00";"PA";230;488;"ANAPU";"Transitar na contramão";"Colisão frontal";"Com Vítimas Feridas";"Plena Noite";"Decrescente";"Nublado";"Simples";"Reta";"Sim";4;0;0;4;0;0;4;2;-3,473325;-51,197848;"SPRF-PA";"DEL04-PA";"UOP01-DEL04-PA"
758680;2026-03-16;"segunda-feira";"07:11:00";"SP";116;289;"ITAPECERICA DA SERRA";"Reação tardia ou ineficiente do condutor";"Colisão lateral mesmo sentido";"Sem Vítimas";"Pleno dia";"Crescente";"Céu Claro";"Dupla";"Reta";"Sim";3;0;0;0;3;0;0;2;-23,71809679;-46,88175201;"SPRF-SP";"DEL04-SP";"UOP01-DEL04-SP"
758681;2026-03-16;"segunda-feira";"07:00:00";"AL";104;89;"RIO LARGO";"Trafegar com motocicleta (ou similar) entre as faixas";"Colisão lateral mesmo sentido";"Com Vítimas Feridas";"Pleno dia";"Crescente";"Céu Claro";"Dupla";"Reta";"Sim";3;0;1;0;2;0;1;3;-9,424037;-35,838502;"SPRF-AL";"DEL01-AL";"UOP01-DEL01-AL"
758684;2026-03-16;"segunda-feira";"04:50:00";"GO";60;360;"RIO VERDE";"Condutor Dormindo";"Capotamento";"Com Vítimas Feridas";"Plena Noite";"Crescente";"Ignorado";"Dupla";"Reta";"Não";1;0;1;0;0;0;1;1;-17,640393;-50,785642;"SPRF-GO";"DEL04-GO";"UOP02-DEL04-GO"
758687;2026-03-16;"segunda-feira";"07:00:00";"GO";60;356;"RIO VERDE";"Reação tardia ou ineficiente do condutor";"Saída de leito carroçável";"Sem Vítimas";"Amanhecer";"Decrescente";"Céu Claro";"Dupla";"Reta";"Não";1;0;0;0;1;0;0;1;-17,606357;-50,748083;"SPRF-GO";"DEL04-GO";"UOP02-DEL04-GO"
758688;2026-03-16;"segunda-feira";"08:00:00";"RS";290;93;"PORTO ALEGRE";"Reação tardia ou ineficiente do condutor";"Queda de ocupante de veículo";"Com Vítimas Feridas";"Pleno dia";"Crescente";"Céu Claro";"Múltipla";"Reta";"Sim";2;0;2;0;0;0;2;1;-29,9705134;-51,1917415;"SPRF-RS";"DEL01-RS";"UOP01-DEL01-RS"
758689;2026-03-16;"segunda-feira";"04:30:00";"RJ";116;95;"TERESOPOLIS";"Animais na Pista";"Atropelamento de Animal";"Com Vítimas Fatais";"Amanhecer";"Decrescente";"Nevoeiro/Neblina";"Simples";"Reta";"Sim";1;1;0;0;0;0;0;1;-22,28709918;-42,93053024;"SPRF-RJ";"DEL04-RJ";"UOP01-DEL04-RJ"
758690;2026-03-16;"segunda-feira";"07:05:00";"BA";324;623,1;"SALVADOR";"Condutor deixou de manter distância do veículo da frente";"Engavetamento";"Com Vítimas Feridas";"Pleno dia";"Decrescente";"Sol";"Dupla";"Reta";"Sim";4;0;1;0;3;0;1;3;-12,938904;-38,471669;"SPRF-BA";"DEL01-BA";"UOP01-DEL01-BA"
758691;2026-03-16;"segunda-feira";"07:50:00";"PE";428;185,9;"PETROLINA";"Acessar a via sem observar a presença dos outros veículos";"Colisão lateral mesmo sentido";"Com Vítimas Feridas";"Pleno dia";"Crescente";"Céu Claro";"Dupla";"Retorno Regulamentado";"Sim";2;0;1;0;1;0;1;2;-9,35968516;-40,48043489;"SPRF-PE";"DEL06-PE";"UOP01-DEL06-PE"
758692;2026-03-16;"segunda-feira";"06:40:00";"MG";262;432,9;"NOVA SERRANA";"Acessar a via sem observar a presença dos outros veículos";"Colisão traseira";"Com Vítimas Feridas";"Pleno dia";"Crescente";"Céu Claro";"Dupla";"Curva";"Não";3;0;1;1;1;0;2;2;-19,88192;-44,92802;"SPRF-MG";"DEL08-MG";"UOP03-DEL08-MG"
758695;2026-03-16;"segunda-feira";"07:30:00";"ES";101;281;"SERRA";"Trafegar com motocicleta (ou similar) entre as faixas";"Colisão lateral mesmo sentido";"Com Vítimas Feridas";"Pleno dia";"Decrescente";"Céu Claro";"Dupla";"Reta";"Não";3;0;1;0;0;2;1;2;-20,220029;-40,335864;"SPRF-ES";"DEL02-ES";"UOP01-DEL02-ES"
758697;2026-03-16;"segunda-feira";"06:50:00";"MS";163;490;"CAMPO GRANDE";"Desrespeitar a preferência no cruzamento";"Colisão transversal";"Com Vítimas Feridas";"Amanhecer";"Crescente";"Sol";"Simples";"Rotatória;Reta";"Sim";2;0;1;0;1;0;1;2;-20,58335803;-54,58245758;"SPRF-MS";"DEL01-MS";"UOP02-DEL01-MS"
758698;2026-03-16;"segunda-feira";"06:50:00";"PR";0;0;"MERCEDES";"Objeto estático sobre o leito carroçável";"Colisão com objeto";"Com Vítimas Feridas";"Amanhecer";"Não Informado";"Nublado";"Simples";"Reta";"Não";2;0;1;0;1;0;1;1;-24,41521655;-54,1662354;"SPRF-PR";"DEL06-PR";"UOP02-DEL06-PR"
758700;2026-03-08;"domingo";"05:20:00";"AM";319;13;"CAREIRO DA VARZEA";"Ingestão de álcool pelo condutor";"Atropelamento de Pedestre";"Com Vítimas Feridas";"Amanhecer";"Crescente";"Ignorado";"Simples";"Reta";"Sim";2;0;0;1;1;0;1;2;-3,19152937;-59,86883318;"SPRF-AM";"DEL01-AM";"UOP04-DEL01-AM"
758704;2026-03-16;"segunda-feira";"09:30:00";"ES";101;287,5;"CARIACICA";"Acessar a via sem observar a presença dos outros veículos";"Colisão lateral mesmo sentido";"Com Vítimas Feridas";"Pleno dia";"Crescente";"Céu Claro";"Dupla";"Reta;Retorno Regulamentado";"Não";3;0;0;2;1;0;2;2;-20,27063285;-40,39041179;"SPRF-ES";"DEL01-ES";"UOP01-DEL01-ES"
758705;2026-03-16;"segunda-feira";"07:35:00";"AC";364;137;"RIO BRANCO";"Ausência de reação do condutor";"Colisão traseira";"Com Vítimas Feridas";"Pleno dia";"Decrescente";"Céu Claro";"Dupla";"Reta";"Sim";2;0;1;0;1;0;1;2;-9,96563249;-67,85452936;"SPRF-AC";"DEL01-AC";"UOP01-DEL01-AC"
758706;2026-03-16;"segunda-feira";"09:10:00";"RJ";356;147;"CAMPOS DOS GOYTACAZES";"Acessar a via sem observar a presença dos outros veículos";"Colisão transversal";"Com Vítimas Feridas";"Pleno dia";"Crescente";"Céu Claro";"Dupla";"Reta";"Sim";2;0;0;1;1;0;1;2;-21,7589095;-41,3285378;"SPRF-RJ";"DEL08-RJ";"UOP02-DEL08-RJ"
758707;2026-03-16;"segunda-feira";"08:45:00";"MA";135;2;"SAO LUIS";"Manobra de mudança de faixa";"Colisão lateral mesmo sentido";"Com Vítimas Feridas";"Pleno dia";"Decrescente";"Céu Claro";"Dupla";"Reta";"Sim";2;0;2;0;0;0;2;2;-2,593354;-44,244942;"SPRF-MA";"DEL01-MA";"UOP01-DEL01-MA"
758708;2026-03-16;"segunda-feira";"09:40:00";"PB";101;88;"JOAO PESSOA";"Acumulo de óleo sobre o pavimento";"Queda de ocupante de veículo";"Com Vítimas Feridas";"Pleno dia";"Decrescente";"Céu Claro";"Múltipla";"Reta";"Não";2;0;2;0;0;0;2;1;-7,1668;-34,89655;"SPRF-PB";"DEL01-PB";"UOP01-DEL01-PB"
758712;2026-03-16;"segunda-feira";"10:07:00";"RS";386;430,3;"NOVA SANTA RITA";"Retorno proibido";"Colisão transversal";"Com Vítimas Feridas";"Pleno dia";"Crescente";"Sol";"Simples";"Reta";"Não";3;0;1;0;2;0;1;2;-29,830686;-51,317997;"SPRF-RS";"DEL04-RS";"UOP02-DEL04-RS"
758713;2026-01-27;"terça-feira";"14:20:00";"PR";277;302;"PRUDENTOPOLIS";"Reação tardia ou ineficiente do condutor";"Colisão traseira";"Com Vítimas Feridas";"Pleno dia";"Decrescente";"Nublado";"Simples";"Aclive;Em Obras;Curva";"Não";4;0;2;0;2;0;2;2;-25,30127751;-51,1155653;"SPRF-PR";"DEL08-PR";"UOP01-DEL08-PR"
758716;2026-03-16;"segunda-feira";"07:30:00";"PB";230;467,9;"SOUSA";"Ausência de reação do condutor";"Tombamento";"Com Vítimas Feridas";"Pleno dia";"Crescente";"Ignorado";"Simples";"Reta";"Não";2;0;2;0;0;0;2;1;-6,7862;-38,280845;"SPRF-PB";"DEL03-PB";"UOP03-DEL03-PB"
758719;2026-03-16;"segunda-feira";"10:50:00";"GO";60;34;"GOIANIA";"Ausência de reação do condutor";"Colisão traseira";"Sem Vítimas";"Pleno dia";"Decrescente";"Céu Claro";"Simples";"Reta;Viaduto;Declive;Interseção de Vias";"Sim";2;0;0;0;2;0;0;2;-16,712367;-49,356587;"SPRF-GO";"DEL01-GO";"UOP02-DEL01-GO"
758720;2026-03-16;"segunda-feira";"10:40:00";"MG";40;549;"NOVA LIMA";"Reação tardia ou ineficiente do condutor";"Colisão traseira";"Com Vítimas Feridas";"Pleno dia";"Crescente";"Céu Claro";"Dupla";"Aclive;Reta";"Não";2;0;2;0;0;0;2;2;-20,03885594;-43,96783702;"SPRF-MG";"DEL01-MG";"UOP02-DEL01-MG"
758722;2026-03-16;"segunda-feira";"11:29:00";"SC";470;54,4;"BLUMENAU";"Desrespeitar a preferência no cruzamento";"Colisão transversal";"Com Vítimas Feridas";"Pleno dia";"Crescente";"Céu Claro";"Simples";"Interseção de Vias;Rotatória";"Sim";2;0;1;0;1;0;1;2;-26,87323409;-49,11418676;"SPRF-SC";"DEL04-SC";"UOP01-DEL04-SC"
758724;2026-03-16;"segunda-feira";"11:00:00";"CE";222;226,9;"SOBRAL";"Manobra de mudança de faixa";"Colisão lateral sentido oposto";"Com Vítimas Feridas";"Pleno dia";"Crescente";"Céu Claro";"Simples";"Reta";"Sim";4;0;1;2;0;1;3;2;-3,69981864;-40,37200928;"SPRF-CE";"DEL04-CE";"UOP01-DEL04-CE"
758725;2026-03-16;"segunda-feira";"04:00:00";"PA";10;117;"PARAGOMINAS";"Reação tardia ou ineficiente do condutor";"Saída de leito carroçável";"Com Vítimas Fatais";"Amanhecer";"Decrescente";"Nublado";"Simples";"Reta;Declive";"Não";1;1;0;0;0;0;0;1;-3,0292444;-47,4608382;"SPRF-PA";"DEL02-PA";"UOP01-DEL02-PA"
758726;2026-03-16;"segunda-feira";"11:25:00";"TO";242;461;"FORMOSO DO ARAGUAIA";"Reação tardia ou ineficiente do condutor";"Saída de leito carroçável";"Com Vítimas Feridas";"Pleno dia";"Decrescente";"Céu Claro";"Dupla";"Reta";"Sim";1;0;0;1;0;0;1;1;-11,8123;-49,5278;"SPRF-TO";"DEL01-TO";"UOP02-DEL01-TO"
758727;2026-03-12;"quinta-feira";"20:34:00";"PE";0;0;"RECIFE";"Ausência de reação do condutor";"Colisão lateral sentido oposto";"Sem Vítimas";"Plena Noite";"Não Informado";"Céu Claro";"Simples";"Curva";"Não";3;0;0;0;2;1;0;3;-7,951927;-34,968925;"SPRF-PE";"DEL01-PE";"UOP02-DEL01-PE"
758730;2026-03-16;"segunda-feira";"07:40:00";"MA";226;2,8;"TIMON";"Manobra de mudança de faixa";"Colisão transversal";"Com Vítimas Feridas";"Pleno dia";"Crescente";"Céu Claro";"Dupla";"Reta";"Sim";2;0;1;0;1;0;1;2;-5,13709172;-42,84020517;"SPRF-MA";"DEL03-MA";"UOP02-DEL03-MA"
758731;2026-03-16;"segunda-feira";"10:45:00";"SE";235;51;"ITABAIANA";"Acessar a via sem observar a presença dos outros veículos";"Colisão transversal";"Com Vítimas Feridas";"Pleno dia";"Crescente";"Céu Claro";"Simples";"Reta";"Não";2;0;1;0;1;0;1;2;-10,70096063;-37,43041841;"SPRF-SE";"DEL01-SE";"UOP02-DEL01-SE"
758732;2026-03-16;"segunda-feira";"10:30:00";"PB";230;119;"RIACHAO DO BACAMARTE";"Condutor deixou de manter distância do veículo da frente";"Colisão traseira";"Com Vítimas Feridas";"Pleno dia";"Decrescente";"Céu Claro";"Dupla";"Reta";"Não";2;0;1;0;1;0;1;2;-7,244363;-35,643083;"SPRF-PB";"DEL02-PB";"UOP01-DEL02-PB"
758733;2026-03-16;"segunda-feira";"10:45:00";"SC";282;482,3;"FAXINAL DOS GUEDES";"Acessar a via sem observar a presença dos outros veículos";"Colisão transversal";"Com Vítimas Feridas";"Pleno dia";"Decrescente";"Céu Claro";"Simples";"Curva";"Não";4;0;3;0;1;0;3;2;-26,86597702;-52,2060846;"SPRF-SC";"DEL07-SC";"UOP01-DEL07-SC"
758734;2026-03-13;"sexta-feira";"05:30:00";"RJ";40;121;"DUQUE DE CAXIAS";"Reação tardia ou ineficiente do condutor";"Colisão frontal";"Com Vítimas Feridas";"Amanhecer";"Crescente";"Nublado";"Simples";"Viaduto;Curva;Aclive";"Sim";3;0;1;0;2;0;1;3;-22,78485132;-43,28601329;"SPRF-RJ";"DEL01-RJ";"UOP02-DEL01-RJ"
758736;2026-03-16;"segunda-feira";"13:00:00";"RJ";101;474,2;"ANGRA DOS REIS";"Conversão proibida";"Colisão transversal";"Com Vítimas Feridas";"Pleno dia";"Decrescente";"Céu Claro";"Simples";"Reta";"Sim";2;0;1;0;1;0;1;2;-22,9898825;-44,24189975;"SPRF-RJ";"DEL03-RJ";"UOP03-DEL03-RJ"
758737;2026-03-16;"segunda-feira";"10:05:00";"RO";425;86;"NOVA MAMORE";"Transitar na contramão";"Colisão transversal";"Com Vítimas Fatais";"Pleno dia";"Crescente";"Nublado";"Simples";"Reta";"Não";5;1;0;0;4;0;0;2;-10,44226681;-65,34388661;"SPRF-RO";"DEL01-RO";"UOP03-DEL01-RO"
758740;2026-03-16;"segunda-feira";"11:30:00";"PR";476;113;"COLOMBO";"Ausência de reação do condutor";"Saída de leito carroçável";"Com Vítimas Feridas";"Pleno dia";"Crescente";"Sol";"Simples";"Reta";"Não";1;0;1;0;0;0;1;1;-25,33047873;-49,15926632;"SPRF-PR";"DEL01-PR";"UOP01-DEL01-PR"
758741;2026-03-16;"segunda-feira";"13:25:00";"TO";153;335,2;"GUARAI";"Ausência de reação do condutor";"Queda de ocupante de veículo";"Com Vítimas Feridas";"Pleno dia";"Decrescente";"Céu Claro";"Dupla";"Reta";"Sim";1;0;1;0;0;0;1;1;-8,84542;-48,51058;"SPRF-TO";"DEL02-TO";"UOP02-DEL02-TO"
758742;2026-03-16;"segunda-feira";"13:20:00";"PB";104;132,2;"QUEIMADAS";"Ausência de reação do condutor";"Colisão traseira";"Sem Vítimas";"Pleno dia";"Crescente";"Céu Claro";"Simples";"Reta";"Sim";2;0;0;0;2;0;0;2;-7,30338;-35,89288;"SPRF-PB";"DEL02-PB";"UOP03-DEL02-PB"
758745;2026-03-16;"segunda-feira";"07:10:00";"RJ";116;188,9;"NOVA IGUACU";"Manobra de mudança de faixa";"Colisão lateral mesmo sentido";"Com Vítimas Feridas";"Pleno dia";"Decrescente";"Céu Claro";"Dupla";"Reta";"Sim";2;0;1;0;0;1;1;2;-22,73918398;-43,4954509;"SPRF-RJ";"DEL06-RJ";"UOP01-DEL06-RJ"
758746;2026-03-16;"segunda-feira";"13:50:00";"BA";116;467;"SANTO ESTEVAO";"Ingestão de álcool pelo condutor";"Colisão lateral mesmo sentido";"Sem Vítimas";"Pleno dia";"Decrescente";"Céu Claro";"Dupla";"Reta";"Não";2;0;0;0;2;0;0;2;-12,474838;-39,299538;"SPRF-BA";"DEL02-BA";"UOP01-DEL02-BA"
758747;2026-03-16;"segunda-feira";"13:55:00";"PE";101;79,3;"JABOATAO DOS GUARARAPES";"Avarias e/ou desgaste excessivo no pneu";"Tombamento";"Com Vítimas Feridas";"Pleno dia";"Crescente";"Sol";"Dupla";"Curva";"Não";2;0;1;0;0;1;1;1;-8,146012;-34,946558;"SPRF-PE";"DEL01-PE";"UOP01-DEL01-PE"
758748;2026-03-16;"segunda-feira";"14:40:00";"CE";116;24,2;"ITAITINGA";"Reação tardia ou ineficiente do condutor";"Tombamento";"Com Vítimas Feridas";"Pleno dia";"Crescente";"Céu Claro";"Dupla";"Reta";"Não";1;0;1;0;0;0;1;1;-3,9649754;-38,51544254;"SPRF-CE";"DEL01-CE";"UOP02-DEL01-CE"
758750;2026-03-16;"segunda-feira";"11:36:00";"RO";364;482;"ARIQUEMES";"Manobra de mudança de faixa";"Colisão frontal";"Com Vítimas Feridas";"Pleno dia";"Decrescente";"Céu Claro";"Simples";"Aclive;Reta";"Não";3;0;2;1;0;0;3;2;-10,129992;-62,88001;"SPRF-RO";"DEL03-RO";"UOP01-DEL03-RO"
758751;2026-03-16;"segunda-feira";"13:15:00";"MG";116;276;"TEOFILO OTONI";"Acessar a via sem observar a presença dos outros veículos";"Colisão transversal";"Com Vítimas Feridas";"Pleno dia";"Decrescente";"Céu Claro";"Simples";"Rotatória";"Sim";2;0;0;1;0;1;1;2;-17,85138;-41,51443;"SPRF-MG";"DEL11-MG";"UOP01-DEL11-MG"
758752;2026-03-16;"segunda-feira";"15:10:00";"MG";381;361;"SAO GONCALO DO RIO ABAIXO";"Transitar na contramão";"Colisão frontal";"Com Vítimas Fatais";"Pleno dia";"Decrescente";"Céu Claro";"Simples";"Reta";"Não";4;2;0;0;2;0;0;2;-19,84879907;-43,25385726;"SPRF-MG";"DEL03-MG";"UOP01-DEL03-MG"
758754;2026-03-16;"segunda-feira";"05:00:00";"RS";471;679;"CHUI";"Animais na Pista";"Atropelamento de Animal";"Com Vítimas Feridas";"Plena Noite";"Crescente";"Céu Claro";"Simples";"Reta";"Sim";1;0;0;1;0;0;1;1;-33,68226194;-53,4489247;"SPRF-RS";"DEL07-RS";"UOP04-DEL07-RS"
758755;2026-03-16;"segunda-feira";"12:50:00";"PR";369;100;"CORNELIO PROCOPIO";"Reação tardia ou ineficiente do condutor";"Saída de leito carroçável";"Com Vítimas Feridas";"Pleno dia";"Decrescente";"Céu Claro";"Dupla";"Curva";"Não";1;0;1;0;0;0;1;1;-23,24328723;-50,71713623;"SPRF-PR";"DEL07-PR";"UOP05-DEL07-PR"
758757;2026-03-16;"segunda-feira";"14:30:00";"RS";471;609,4;"SANTA VITORIA DO PALMAR";"Demais falhas mecânicas ou elétricas";"Incêndio";"Sem Vítimas";"Pleno dia";"Decrescente";"Céu Claro";"Simples";"Reta";"Não";1;0;0;0;1;0;0;1;-33,152014;-52,977949;"SPRF-RS";"DEL07-RS";"UOP04-DEL07-RS"
758758;2026-03-16;"segunda-feira";"15:00:00";"PR";369;352;"CAMPO MOURAO";"Demais falhas mecânicas ou elétricas";"Incêndio";"Sem Vítimas";"Pleno dia";"Crescente";"Céu Claro";"Simples";"Reta;Aclive";"Não";1;0;0;0;1;0;0;1;-24,13261228;-52,4378179;"SPRF-PR";"DEL09-PR";"UOP03-DEL09-PR"
758759;2026-03-16;"segunda-feira";"15:10:00";"GO";60;34;"GOIANIA";"Ausência de reação do condutor";"Colisão lateral mesmo sentido";"Com Vítimas Feridas";"Pleno dia";"Crescente";"Céu Claro";"Dupla";"Declive;Reta";"Sim";2;0;1;0;1;0;1;2;-16,714418;-49,357002;"SPRF-DF";"DEL03-DF";"UOP01-DEL03-DF"
758760;2026-03-16;"segunda-feira";"14:30:00";"SC";470;88,9;"ASCURRA";"Ausência de reação do condutor";"Colisão frontal";"Com Vítimas Feridas";"Pleno dia";"Decrescente";"Céu Claro";"Simples";"Reta";"Sim";2;0;0;1;1;0;1;2;-26,96148484;-49,37219381;"SPRF-SC";"DEL04-SC";"UOP01-DEL04-SC"
758761;2026-03-16;"segunda-feira";"08:00:00";"SC";282;381;"HERVAL DOESTE";"Velocidade Incompatível";"Saída de leito carroçável";"Com Vítimas Feridas";"Pleno dia";"Decrescente";"Sol";"Simples";"Curva;Aclive";"Não";2;0;0;1;0;1;1;2;-27,213762;-51,49971;"SPRF-SC";"DEL07-SC";"UOP05-DEL07-SC"
758763;2026-03-16;"segunda-feira";"15:05:00";"BA";330;804;"JEQUIE";"Ausência de reação do condutor";"Colisão lateral sentido oposto";"Com Vítimas Feridas";"Pleno dia";"Crescente";"Céu Claro";"Simples";"Curva";"Não";4;0;2;0;2;0;2;2;-13,96128;-39,964422;"SPRF-BA";"DEL03-BA";"UOP01-DEL03-BA"
758764;2026-03-16;"segunda-feira";"14:30:00";"PR";277;135,9;"CAMPO LARGO";"Demais falhas mecânicas ou elétricas";"Incêndio";"Sem Vítimas";"Pleno dia";"Crescente";"Céu Claro";"Simples";"Reta";"Não";2;0;0;0;2;0;0;1;-25,455;-49,628;"SPRF-PR";"DEL03-PR";"UOP03-DEL03-PR"
758765;2026-03-16;"segunda-feira";"15:10:00";"GO";60;387;"RIO VERDE";"Acessar a via sem observar a presença dos outros veículos";"Colisão transversal";"Com Vítimas Feridas";"Pleno dia";"Decrescente";"Nublado";"Dupla";"Reta";"Sim";2;0;0;1;1;0;1;2;-17,822518;-50,949782;"SPRF-GO";"DEL04-GO";"UOP02-DEL04-GO"
758767;2026-03-16;"segunda-feira";"15:41:00";"MG";381;482;"BETIM";"Manobra de mudança de faixa";"Colisão lateral mesmo sentido";"Com Vítimas Feridas";"Pleno dia";"Crescente";"Céu Claro";"Dupla";"Reta";"Sim";2;0;1;0;1;0;1;2;-19,95908736;-44,07351637;"SPRF-MG";"DEL01-MG";"UOP03-DEL01-MG"
758768;2026-03-16;"segunda-feira";"09:10:00";"PR";153;38;"SANTO ANTONIO DA PLATINA";"Velocidade Incompatível";"Saída de leito carroçável";"Sem Vítimas";"Pleno dia";"Crescente";"Céu Claro";"Simples";"Curva";"Não";1;0;0;0;0;1;0;1;-23,23825552;-50,03928494;"SPRF-PR";"DEL07-PR";"UOP04-DEL07-PR"
758769;2026-03-08;"domingo";"16:40:00";"RJ";116;133,8;"MAGE";"Manobra de mudança de faixa";"Colisão lateral mesmo sentido";"Com Vítimas Feridas";"Pleno dia";"Decrescente";"Nublado";"Dupla";"Reta";"Não";3;0;1;0;2;0;1;2;-22,659286;-43,09124;"SPRF-RJ";"DEL04-RJ";"UOP02-DEL04-RJ"
758771;2026-03-16;"segunda-feira";"15:25:00";"GO";50;257,2;"CATALAO";"Velocidade Incompatível";"Capotamento";"Com Vítimas Feridas";"Pleno dia";"Decrescente";"Chuva";"Dupla";"Reta";"Não";1;0;1;0;0;0;1;1;-18,03502487;-47,83480525;"SPRF-GO";"DEL06-GO";"UOP01-DEL06-GO"