"id";"data_inversa";"dia_semana";"horario";"uf";"br";"km";"municipio";"causa_acidente";"tipo_acidente";"classificacao_acidente";"fase_dia";"sentido_via";"condicao_metereologica";"tipo_pista";"tracado_via";"uso_solo";"pessoas";"mortos";"feridos_leves";"feridos_graves";"ilesos";"ignorados";"feridos";"veiculos";"latitude";"longitude";"regional";"delegacia";"uop"
759012;2026-03-17;"terça-feira";"18:45:00";"PR";476;150,7;"ARAUCARIA";"Condutor deixou de manter distância do veículo da frente";"Tombamento";"Com Vítimas Feridas";"Amanhecer";"Crescente";"Céu Claro";"Dupla";"Reta";"Sim";2;0;1;0;1;0;1;2;-25,56106924;-49,37337248;"SPRF-PR";"DEL01-PR";"UOP06-DEL01-PR"
759013;2026-03-17;"terça-feira";"18:40:00";"PE";104;68,1;"CARUARU";"Pedestre cruzava a pista fora da faixa";"Atropelamento de Pedestre";"Com Vítimas Fatais";"Plena Noite";"Decrescente";"Céu Claro";"Dupla";"Reta;Declive";"Sim";3;1;0;0;2;0;0;2;-8,309698;-35,990017;"SPRF-PE";"DEL02-PE";"UOP01-DEL02-PE"
759014;2026-03-17;"terça-feira";"18:20:00";"PI";343;589,3;"FLORIANO";"Ausência de reação do condutor";"Tombamento";"Com Vítimas Feridas";"Plena Noite";"Crescente";"Céu Claro";"Dupla";"Reta";"Sim";1;0;1;0;0;0;1;1;-6,77861;-43,0109;"SPRF-PI";"DEL03-PI";"UOP01-DEL03-PI"
759015;2026-03-17;"terça-feira";"16:15:00";"MG";381;242,1;"SANTANA DO PARAISO";"Acostamento em desnível";"Tombamento";"Com Vítimas Feridas";"Pleno dia";"Crescente";"Céu Claro";"Simples";"Reta";"Não";2;0;1;0;0;1;1;2;-19,4444;-42,513;"SPRF-MG";"DEL06-MG";"UOP01-DEL06-MG"
759021;2026-03-17;"terça-feira";"19:30:00";"RO";364;237,5;"CACOAL";"Acessar a via sem observar a presença dos outros veículos";"Colisão lateral mesmo sentido";"Com Vítimas Feridas";"Plena Noite";"Crescente";"Nublado";"Simples";"Interseção de Vias;Reta";"Sim";2;0;1;0;1;0;1;2;-11,44016252;-61,45190835;"SPRF-RO";"DEL02-RO";"UOP02-DEL02-RO"
759023;2026-03-17;"terça-feira";"16:43:00";"RN";101;106;"PARNAMIRIM";"Ingestão de álcool pelo condutor";"Queda de ocupante de veículo";"Com Vítimas Feridas";"Pleno dia";"Crescente";"Céu Claro";"Múltipla";"Reta";"Não";1;0;1;0;0;0;1;1;-5,91648103;-35,26310921;"SPRF-RN";"DEL01-RN";"UOP01-DEL01-RN"
759024;2026-03-17;"terça-feira";"19:10:00";"RO";364;228,9;"CACOAL";"Animais na Pista";"Atropelamento de Animal";"Com Vítimas Feridas";"Plena Noite";"Crescente";"Nublado";"Simples";"Reta";"Não";1;0;1;0;0;0;1;1;-11,483267;-61,387117;"SPRF-RO";"DEL02-RO";"UOP02-DEL02-RO"
759026;2026-03-17;"terça-feira";"19:10:00";"MG";116;206;"CARAI";"Transitar no Acostamento";"Colisão frontal";"Com Vítimas Feridas";"Plena Noite";"Crescente";"Nublado";"Simples";"Reta";"Sim";2;0;1;0;1;0;1;2;-17,29374;-41,51807;"SPRF-MG";"DEL11-MG";"UOP01-DEL11-MG"
759027;2026-03-17;"terça-feira";"21:05:00";"BA";116;834;"VITORIA DA CONQUISTA";"Reação tardia ou ineficiente do condutor";"Tombamento";"Com Vítimas Feridas";"Plena Noite";"Decrescente";"Céu Claro";"Simples";"Reta";"Não";2;0;2;0;0;0;2;1;-14,9360768;-40,8908519;"SPRF-BA";"DEL08-BA";"UOP01-DEL08-BA"
759029;2026-03-17;"terça-feira";"20:23:00";"RJ";116;196;"QUEIMADOS";"Demais falhas mecânicas ou elétricas";"Incêndio";"Sem Vítimas";"Plena Noite";"Crescente";"Céu Claro";"Dupla";"Reta";"Não";1;0;0;0;1;0;0;1;-22,73074875;-43,59538078;"SPRF-RJ";"DEL06-RJ";"UOP01-DEL06-RJ"
759031;2026-03-17;"terça-feira";"18:40:00";"SC";282;641,4;"DESCANSO";"Condutor deixou de manter distância do veículo da frente";"Colisão traseira";"Com Vítimas Feridas";"Anoitecer";"Crescente";"Nublado";"Múltipla";"Curva";"Não";3;0;1;0;2;0;1;2;-26,78059479;-53,46108198;"SPRF-SC";"DEL07-SC";"UOP03-DEL07-SC"
759035;2026-03-17;"terça-feira";"20:30:00";"RS";285;124,5;"VACARIA";"Acessar a via sem observar a presença dos outros veículos";"Colisão transversal";"Com Vítimas Feridas";"Plena Noite";"Decrescente";"Garoa/Chuvisco";"Simples";"Rotatória";"Não";3;0;1;0;2;0;1;2;-28,48700992;-50,9595987;"SPRF-RS";"DEL05-RS";"UOP03-DEL05-RS"
759036;2026-03-17;"terça-feira";"19:59:00";"MT";163;726;"SORRISO";"Ausência de reação do condutor";"Queda de ocupante de veículo";"Com Vítimas Feridas";"Plena Noite";"Crescente";"Garoa/Chuvisco";"Simples";"Em Obras;Reta";"Não";1;0;1;0;0;0;1;1;-12,753411;-55,833668;"SPRF-MT";"DEL06-MT";"UOP01-DEL06-MT"
759039;2026-03-17;"terça-feira";"22:20:00";"PR";277;40;"MORRETES";"Demais falhas mecânicas ou elétricas";"Incêndio";"Sem Vítimas";"Plena Noite";"Crescente";"Nublado";"Dupla";"Curva";"Não";1;0;0;0;1;0;0;1;-25,5794989;-48,8650547;"SPRF-PR";"DEL01-PR";"UOP05-DEL01-PR"
759040;2026-03-17;"terça-feira";"19:40:00";"PA";230;8,7;"ALTAMIRA";"Demais falhas na via";"Queda de ocupante de veículo";"Com Vítimas Feridas";"Plena Noite";"Crescente";"Nublado";"Dupla";"Interseção de Vias;Reta";"Sim";1;0;1;0;0;0;1;1;-3,19229029;-52,22150733;"SPRF-PA";"DEL04-PA";"UOP01-DEL04-PA"
759043;2026-03-17;"terça-feira";"21:30:00";"ES";262;43,2;"DOMINGOS MARTINS";"Transitar na contramão";"Colisão frontal";"Sem Vítimas";"Plena Noite";"Crescente";"Céu Claro";"Simples";"Curva";"Não";2;0;0;0;1;1;0;2;-20,38413026;-40,66430569;"SPRF-ES";"DEL01-ES";"UOP01-DEL01-ES"
759044;2026-03-17;"terça-feira";"22:07:00";"PA";316;28;"BENEVIDES";"Ausência de reação do condutor";"Colisão traseira";"Com Vítimas Feridas";"Plena Noite";"Crescente";"Garoa/Chuvisco";"Dupla";"Curva";"Sim";2;0;1;0;0;1;1;2;-1,309195;-48,219308;"SPRF-PA";"DEL01-PA";"UOP01-DEL01-PA"
759046;2026-03-17;"terça-feira";"22:41:00";"PB";230;40;"SANTA RITA";"Reação tardia ou ineficiente do condutor";"Queda de ocupante de veículo";"Com Vítimas Feridas";"Plena Noite";"Decrescente";"Céu Claro";"Dupla";"Reta";"Não";1;0;1;0;0;0;1;1;-7,142975;-34,984222;"SPRF-PB";"DEL01-PB";"UOP02-DEL01-PB"
759049;2026-03-17;"terça-feira";"23:03:00";"PB";230;27;"JOAO PESSOA";"Animais na Pista";"Atropelamento de Animal";"Com Vítimas Feridas";"Plena Noite";"Crescente";"Céu Claro";"Dupla";"Curva";"Sim";2;0;0;1;0;1;1;2;-7,164918;-34,89155;"SPRF-PB";"DEL01-PB";"UOP01-DEL01-PB"
759050;2026-03-17;"terça-feira";"22:40:00";"PR";376;183,9;"SARANDI";"Ausência de reação do condutor";"Colisão traseira";"Com Vítimas Feridas";"Plena Noite";"Crescente";"Nublado";"Dupla";"Aclive;Reta";"Sim";3;0;0;2;1;0;2;2;-23,441051;-51,871877;"SPRF-PR";"DEL09-PR";"UOP01-DEL09-PR"
759052;2026-03-17;"terça-feira";"22:40:00";"PR";153;16;"JACAREZINHO";"Ausência de reação do condutor";"Saída de leito carroçável";"Com Vítimas Feridas";"Plena Noite";"Crescente";"Céu Claro";"Simples";"Em Obras;Curva";"Não";1;0;0;1;0;0;1;1;-23,12912563;-49,94626936;"SPRF-PR";"DEL07-PR";"UOP04-DEL07-PR"
759053;2026-03-17;"terça-feira";"23:22:00";"PB";230;25,1;"JOAO PESSOA";"Ingestão de álcool pelo condutor";"Colisão com objeto";"Sem Vítimas";"Plena Noite";"Decrescente";"Céu Claro";"Dupla";"Reta";"Sim";1;0;0;0;1;0;0;1;-7,171082;-34,8704708;"SPRF-PB";"DEL01-PB";"UOP01-DEL01-PB"
759054;2026-03-17;"terça-feira";"12:00:00";"SC";470;122;"IBIRAMA";"Ausência de reação do condutor";"Saída de leito carroçável";"Com Vítimas Feridas";"Pleno dia";"Decrescente";"Céu Claro";"Simples";"Curva";"Não";1;0;1;0;0;0;1;1;-27,106067;-49,521709;"SPRF-SC";"DEL04-SC";"UOP02-DEL04-SC"
759057;2026-03-18;"quarta-feira";"00:40:00";"ES";101;295;"CARIACICA";"Entrada inopinada do pedestre";"Atropelamento de Pedestre";"Com Vítimas Feridas";"Plena Noite";"Crescente";"Nublado";"Múltipla";"Reta";"Sim";2;0;0;1;0;1;1;2;-20,3264382;-40,39638519;"SPRF-ES";"DEL01-ES";"UOP01-DEL01-ES"
759061;2026-03-18;"quarta-feira";"00:10:00";"BA";367;41,2;"PORTO SEGURO";"Animais na Pista";"Tombamento";"Com Vítimas Feridas";"Plena Noite";"Decrescente";"Nublado";"Simples";"Reta";"Não";1;0;0;1;0;0;1;1;-16,385693;-39,220891;"SPRF-BA";"DEL09-BA";"UOP03-DEL09-BA"
759062;2026-03-17;"terça-feira";"16:50:00";"GO";364;48,6;"CACHOEIRA ALTA";"Avarias e/ou desgaste excessivo no pneu";"Saída de leito carroçável";"Com Vítimas Feridas";"Pleno dia";"Crescente";"Nublado";"Simples";"Reta";"Não";1;0;0;1;0;0;1;1;-18,8144;-50,88712;"SPRF-GO";"DEL05-GO";"UOP02-DEL05-GO"
759064;2026-03-18;"quarta-feira";"01:27:00";"SP";116;226;"GUARULHOS";"Pedestre andava na pista";"Atropelamento de Pedestre";"Com Vítimas Feridas";"Plena Noite";"Decrescente";"Céu Claro";"Múltipla";"Reta";"Sim";2;0;0;1;0;1;1;2;-23,49442125;-46,55405045;"SPRF-SP";"DEL01-SP";"UOP01-DEL01-SP"
759065;2026-03-18;"quarta-feira";"01:20:00";"RS";285;472;"CORONEL BARROS";"Ingestão de álcool pelo condutor";"Queda de ocupante de veículo";"Com Vítimas Feridas";"Plena Noite";"Decrescente";"Nublado";"Simples";"Reta";"Não";1;0;1;0;0;0;1;1;-28,38367302;-54,03277572;"SPRF-RS";"DEL10-RS";"UOP01-DEL10-RS"
759066;2026-03-18;"quarta-feira";"01:30:00";"RJ";116;183;"NOVA IGUACU";"Acessar a via sem observar a presença dos outros veículos";"Queda de ocupante de veículo";"Com Vítimas Feridas";"Amanhecer";"Decrescente";"Céu Claro";"Dupla";"Reta";"Não";3;0;2;0;1;0;2;2;-22,74642239;-43,4444046;"SPRF-RJ";"DEL06-RJ";"UOP01-DEL06-RJ"
759068;2026-03-17;"terça-feira";"20:30:00";"MT";174;199;"PORTO ESPERIDIAO";"Ausência de sinalização";"Colisão traseira";"Com Vítimas Feridas";"Pleno dia";"Decrescente";"Ignorado";"Simples";"Reta";"Não";2;0;0;1;1;0;1;2;-15,714168;-58,700358;"SPRF-MT";"DEL03-MT";"UOP01-DEL03-MT"
759069;2026-03-18;"quarta-feira";"01:30:00";"RS";285;200;"LAGOA VERMELHA";"Demais falhas mecânicas ou elétricas";"Incêndio";"Sem Vítimas";"Plena Noite";"Crescente";"Nublado";"Simples";"Declive;Reta";"Não";4;0;0;0;4;0;0;1;-28,205649;-51,535032;"SPRF-RS";"DEL08-RS";"UOP05-DEL08-RS"
759070;2026-03-18;"quarta-feira";"01:30:00";"MS";60;384,3;"CAMPO GRANDE";"Reação tardia ou ineficiente do condutor";"Saída de leito carroçável";"Com Vítimas Feridas";"Plena Noite";"Decrescente";"Céu Claro";"Simples";"Reta";"Não";2;0;0;1;0;1;1;1;-20,66460398;-54,75568414;"SPRF-MS";"DEL01-MS";"UOP04-DEL01-MS"
759071;2026-03-18;"quarta-feira";"04:40:00";"SC";470;59,5;"BLUMENAU";"Conversão proibida";"Colisão transversal";"Com Vítimas Feridas";"Plena Noite";"Decrescente";"Nublado";"Simples";"Reta";"Sim";3;0;2;0;1;0;2;2;-26,88224887;-49,16008472;"SPRF-SC";"DEL04-SC";"UOP01-DEL04-SC"
759072;2026-03-18;"quarta-feira";"05:00:00";"SC";282;15,5;"PALHOCA";"Acessar a via sem observar a presença dos outros veículos";"Colisão transversal";"Com Vítimas Feridas";"Plena Noite";"Crescente";"Céu Claro";"Simples";"Interseção de Vias";"Sim";2;0;1;0;1;0;1;2;-27,65564435;-48,67907731;"SPRF-SC";"DEL01-SC";"UOP02-DEL01-SC"
759073;2026-03-18;"quarta-feira";"05:20:00";"BA";101;845;"PRADO";"Ausência de reação do condutor";"Saída de leito carroçável";"Com Vítimas Feridas";"Amanhecer";"Decrescente";"Céu Claro";"Simples";"Curva;Declive";"Não";2;0;1;1;0;0;2;1;-17,2258;-39,619343;"SPRF-BA";"DEL09-BA";"UOP02-DEL09-BA"
759074;2026-03-18;"quarta-feira";"02:00:00";"PA";230;119;"MARABA";"Condutor desrespeitou a iluminação vermelha do semáforo";"Colisão transversal";"Com Vítimas Feridas";"Plena Noite";"Crescente";"Ignorado";"Dupla";"Reta;Interseção de Vias";"Sim";2;0;0;1;1;0;1;2;-5,350217;-49,102318;"SPRF-PA";"DEL03-PA";"UOP01-DEL03-PA"
759075;2026-03-18;"quarta-feira";"06:06:00";"SP";116;220;"GUARULHOS";"Trafegar com motocicleta (ou similar) entre as faixas";"Queda de ocupante de veículo";"Com Vítimas Feridas";"Pleno dia";"Crescente";"Céu Claro";"Múltipla";"Reta";"Sim";2;0;1;0;1;0;1;2;-23,463889;-46,496791;"SPRF-SP";"DEL01-SP";"UOP01-DEL01-SP"
759076;2026-03-18;"quarta-feira";"05:00:00";"PI";402;52;"BOM PRINCIPIO DO PIAUI";"Animais na Pista";"Atropelamento de Animal";"Com Vítimas Feridas";"Amanhecer";"Decrescente";"Nublado";"Simples";"Declive;Reta";"Não";5;0;1;0;4;0;1;2;-3,02704085;-41,64539337;"SPRF-PI";"DEL05-PI";"UOP01-DEL05-PI"
759078;2026-03-17;"terça-feira";"19:45:00";"RS";470;270;"SAO JOSE DO SUL";"Acessar a via sem observar a presença dos outros veículos";"Colisão transversal";"Com Vítimas Feridas";"Pleno dia";"Crescente";"Chuva";"Simples";"Reta";"Não";3;0;1;0;2;0;1;2;-29,52723368;-51,48636309;"SPRF-RS";"DEL06-RS";"UOP01-DEL06-RS"
759080;2026-03-18;"quarta-feira";"05:44:00";"RO";364;239;"CACOAL";"Ingestão de álcool pelo condutor";"Colisão traseira";"Com Vítimas Feridas";"Pleno dia";"Crescente";"Nublado";"Simples";"Declive;Reta";"Sim";6;0;3;0;3;0;3;2;-11,433207;-61,465805;"SPRF-RO";"DEL02-RO";"UOP02-DEL02-RO"
759081;2026-03-18;"quarta-feira";"00:05:00";"PR";373;199;"IPIRANGA";"Ausência de reação do condutor";"Saída de leito carroçável";"Sem Vítimas";"Pleno dia";"Crescente";"Ignorado";"Simples";"Reta";"Não";1;0;0;0;1;0;0;1;-25,0848547;-50,4089575;"SPRF-PR";"DEL03-PR";"UOP01-DEL03-PR"
759082;2026-03-10;"terça-feira";"22:30:00";"GO";153;505;"APARECIDA DE GOIANIA";"Pista esburacada";"Queda de ocupante de veículo";"Com Vítimas Feridas";"Plena Noite";"Crescente";"Céu Claro";"Dupla";"Reta";"Não";2;0;1;1;0;0;2;1;-16,75682682;-49,24101301;"SPRF-GO";"DEL01-GO";"UOP01-DEL01-GO"
759084;2026-03-18;"quarta-feira";"06:15:00";"PB";230;20;"JOAO PESSOA";"Acessar a via sem observar a presença dos outros veículos";"Colisão lateral mesmo sentido";"Com Vítimas Feridas";"Pleno dia";"Crescente";"Nublado";"Dupla";"Reta";"Não";3;0;2;0;1;0;2;2;-7,137422;-34,853723;"SPRF-PB";"DEL01-PB";"UOP01-DEL01-PB"
759085;2026-03-18;"quarta-feira";"07:00:00";"PE";101;68,2;"RECIFE";"Acessar a via sem observar a presença dos outros veículos";"Colisão transversal";"Com Vítimas Feridas";"Pleno dia";"Decrescente";"Céu Claro";"Dupla";"Rotatória";"Sim";2;0;1;0;1;0;1;2;-8,0524;-34,94534;"SPRF-PE";"DEL01-PE";"UOP01-DEL01-PE"
759088;2026-03-18;"quarta-feira";"05:05:00";"RJ";40;110;"DUQUE DE CAXIAS";"Pedestre cruzava a pista fora da faixa";"Atropelamento de Pedestre";"Com Vítimas Feridas";"Amanhecer";"Crescente";"Nublado";"Dupla";"Aclive;Reta";"Sim";2;0;1;0;1;0;1;2;-22,690623;-43,287304;"SPRF-RJ";"DEL01-RJ";"UOP02-DEL01-RJ"
759090;2026-03-18;"quarta-feira";"07:10:00";"PR";277;686,3;"SAO MIGUEL DO IGUACU";"Chuva";"Saída de leito carroçável";"Com Vítimas Feridas";"Pleno dia";"Crescente";"Chuva";"Dupla";"Curva";"Não";3;0;2;0;1;0;2;1;-25,335784;-54,207279;"SPRF-PR";"DEL05-PR";"UOP01-DEL05-PR"
759092;2026-03-18;"quarta-feira";"05:15:00";"RO";364;382,2;"OURO PRETO DO OESTE";"Condutor Dormindo";"Saída de leito carroçável";"Sem Vítimas";"Plena Noite";"Decrescente";"Céu Claro";"Simples";"Curva";"Não";1;0;0;0;1;0;0;1;-10,725564;-62,238222;"SPRF-RO";"DEL02-RO";"UOP01-DEL02-RO"
759093;2026-03-17;"terça-feira";"21:00:00";"MG";381;186,9;"PERIQUITO";"Velocidade Incompatível";"Saída de leito carroçável";"Com Vítimas Feridas";"Plena Noite";"Decrescente";"Nublado";"Simples";"Reta";"Não";1;0;1;0;0;0;1;1;-19,07769299;-42,17960358;"SPRF-MG";"DEL06-MG";"UOP01-DEL06-MG"
759094;2026-03-18;"quarta-feira";"07:20:00";"BA";324;609;"SIMOES FILHO";"Trafegar com motocicleta (ou similar) entre as faixas";"Colisão lateral mesmo sentido";"Com Vítimas Feridas";"Pleno dia";"Decrescente";"Sol";"Dupla";"Reta";"Não";3;0;1;0;2;0;1;3;-12,83728954;-38,41379855;"SPRF-BA";"DEL01-BA";"UOP01-DEL01-BA"
759097;2026-03-18;"quarta-feira";"08:30:00";"SC";282;4;"BIGUACU";"Demais falhas mecânicas ou elétricas";"Queda de ocupante de veículo";"Com Vítimas Feridas";"Pleno dia";"Crescente";"Nublado";"Múltipla";"Declive;Reta";"Sim";1;0;1;0;0;0;1;1;-27,47004266;-48,64126877;"SPRF-SC";"DEL01-SC";"UOP01-DEL01-SC"
759098;2026-03-18;"quarta-feira";"08:15:00";"SC";101;210;"SAO JOSE";"Ausência de reação do condutor";"Colisão traseira";"Com Vítimas Feridas";"Pleno dia";"Decrescente";"Céu Claro";"Dupla";"Reta";"Sim";2;0;1;0;0;1;1;2;-27,61861;-48,64701;"SPRF-SC";"DEL01-SC";"UOP01-DEL01-SC"
759099;2026-03-10;"terça-feira";"17:50:00";"RS";392;4,6;"RIO GRANDE";"Ultrapassagem Indevida";"Colisão transversal";"Com Vítimas Feridas";"Pleno dia";"Decrescente";"Chuva";"Simples";"Reta";"Não";2;0;1;0;1;0;1;2;-32,073995;-52,099325;"SPRF-RS";"DEL07-RS";"UOP02-DEL07-RS"
759101;2026-03-18;"quarta-feira";"07:50:00";"RJ";116;279;"BARRA MANSA";"Velocidade Incompatível";"Tombamento";"Com Vítimas Feridas";"Pleno dia";"Crescente";"Céu Claro";"Dupla";"Declive;Curva";"Não";2;0;1;0;1;0;1;2;-22,54969662;-44,18295194;"SPRF-RJ";"DEL07-RJ";"UOP02-DEL07-RJ"
759102;2026-03-18;"quarta-feira";"08:30:00";"MG";40;512;"RIBEIRAO DAS NEVES";"Acesso irregular";"Engavetamento";"Com Vítimas Feridas";"Pleno dia";"Decrescente";"Nublado";"Dupla";"Reta";"Não";4;0;2;0;2;0;2;3;-19,7891011;-44,11280467;"SPRF-MG";"DEL01-MG";"UOP02-DEL01-MG"
759104;2026-03-18;"quarta-feira";"08:30:00";"RJ";101;300;"SAO GONCALO";"Reação tardia ou ineficiente do condutor";"Colisão com objeto";"Com Vítimas Feridas";"Pleno dia";"Decrescente";"Céu Claro";"Dupla";"Reta;Declive";"Sim";2;0;2;0;0;0;2;1;-22,77718152;-42,95098738;"SPRF-RJ";"DEL02-RJ";"UOP02-DEL02-RJ"
759106;2026-03-18;"quarta-feira";"09:10:00";"SC";101;204;"SAO JOSE";"Trafegar com motocicleta (ou similar) entre as faixas";"Colisão traseira";"Com Vítimas Feridas";"Pleno dia";"Crescente";"Céu Claro";"Dupla";"Reta";"Sim";3;0;2;0;1;0;2;3;-27,57574;-48,61357;"SPRF-SC";"DEL01-SC";"UOP01-DEL01-SC"
759107;2026-03-18;"quarta-feira";"08:10:00";"PR";116;94;"SAO JOSE DOS PINHAIS";"Estacionar ou parar em local proibido";"Colisão lateral mesmo sentido";"Sem Vítimas";"Pleno dia";"Decrescente";"Nublado";"Dupla";"Reta;Aclive";"Não";2;0;0;0;2;0;0;2;-25,5232774;-49,13691966;"SPRF-PR";"DEL01-PR";"UOP07-DEL01-PR"
759108;2026-03-18;"quarta-feira";"07:30:00";"PI";343;589;"FLORIANO";"Ausência de reação do condutor";"Colisão traseira";"Com Vítimas Feridas";"Pleno dia";"Crescente";"Céu Claro";"Dupla";"Reta";"Sim";2;0;1;0;1;0;1;2;-6,78285777;-43,01431453;"SPRF-PI";"DEL03-PI";"UOP01-DEL03-PI"
759110;2026-03-18;"quarta-feira";"07:20:00";"PR";163;139;"CAPITAO LEONIDAS MARQUES";"Ausência de reação do condutor";"Saída de leito carroçável";"Sem Vítimas";"Pleno dia";"Crescente";"Céu Claro";"Simples";"Curva";"Não";1;0;0;0;0;1;0;1;-25,51022122;-53,59130859;"SPRF-PR";"DEL05-PR";"UOP05-DEL05-PR"
759111;2026-03-18;"quarta-feira";"07:15:00";"PR";369;74;"SANTA MARIANA";"Demais falhas mecânicas ou elétricas";"Tombamento";"Com Vítimas Feridas";"Amanhecer";"Crescente";"Nublado";"Simples";"Curva";"Sim";1;0;1;0;0;0;1;1;-23,15145838;-50,52482486;"SPRF-PR";"DEL07-PR";"UOP05-DEL07-PR"
759113;2026-03-17;"terça-feira";"19:00:00";"RJ";101;471;"ANGRA DOS REIS";"Reação tardia ou ineficiente do condutor";"Tombamento";"Com Vítimas Feridas";"Plena Noite";"Crescente";"Nublado";"Simples";"Reta";"Sim";1;0;1;0;0;0;1;1;-22,9959;-44,2293;"SPRF-RJ";"DEL03-RJ";"UOP03-DEL03-RJ"
759114;2026-03-18;"quarta-feira";"09:00:00";"PE";232;126,7;"CARUARU";"Transitar na contramão";"Colisão frontal";"Com Vítimas Feridas";"Pleno dia";"Decrescente";"Céu Claro";"Dupla";"Curva;Aclive";"Sim";2;0;0;2;0;0;2;2;-8,30566;-35,96705;"SPRF-PE";"DEL02-PE";"UOP03-DEL02-PE"
759117;2026-01-17;"sábado";"12:45:00";"PR";116;115;"CURITIBA";"Trafegar com motocicleta (ou similar) entre as faixas";"Colisão traseira";"Com Vítimas Feridas";"Pleno dia";"Crescente";"Céu Claro";"Dupla";"Reta";"Não";2;0;0;1;1;0;1;2;-25,544358;-49,30227;"SPRF-PR";"DEL01-PR";"UOP03-DEL01-PR"
759118;2026-03-18;"quarta-feira";"08:00:00";"RJ";40;111;"DUQUE DE CAXIAS";"Reação tardia ou ineficiente do condutor";"Colisão lateral mesmo sentido";"Com Vítimas Feridas";"Pleno dia";"Decrescente";"Céu Claro";"Múltipla";"Reta";"Sim";2;0;1;0;1;0;1;2;-22,69906406;-43,28948943;"SPRF-RJ";"DEL01-RJ";"UOP02-DEL01-RJ"
759119;2026-03-18;"quarta-feira";"09:30:00";"MG";381;730;"CARMO DA CACHOEIRA";"Condutor deixou de manter distância do veículo da frente";"Colisão traseira";"Sem Vítimas";"Pleno dia";"Decrescente";"Céu Claro";"Dupla";"Curva";"Não";5;0;0;0;5;0;0;2;-21,508596;-45,215197;"SPRF-MG";"DEL16-MG";"UOP02-DEL16-MG"
759120;2026-03-18;"quarta-feira";"09:00:00";"PB";230;53,3;"CRUZ DO ESPIRITO SANTO";"Ausência de reação do condutor";"Saída de leito carroçável";"Com Vítimas Feridas";"Pleno dia";"Decrescente";"Sol";"Dupla";"Reta";"Não";1;0;1;0;0;0;1;1;-7,200918;-35,083072;"SPRF-PB";"DEL01-PB";"UOP02-DEL01-PB"
759121;2026-03-18;"quarta-feira";"10:40:00";"SC";280;35;"ARAQUARI";"Conversão proibida";"Colisão transversal";"Com Vítimas Feridas";"Pleno dia";"Crescente";"Nublado";"Simples";"Curva";"Sim";2;0;1;0;1;0;1;2;-26,440481;-48,807787;"SPRF-SC";"DEL03-SC";"UOP03-DEL03-SC"
759123;2026-03-18;"quarta-feira";"07:25:00";"PB";361;3;"PATOS";"Ausência de reação do condutor";"Atropelamento de Pedestre";"Com Vítimas Feridas";"Pleno dia";"Crescente";"Céu Claro";"Simples";"Reta";"Não";2;0;0;1;1;0;1;2;-7,031103;-37,289697;"SPRF-PB";"DEL03-PB";"UOP01-DEL03-PB"
759124;2026-03-18;"quarta-feira";"11:00:00";"PB";230;18,9;"JOAO PESSOA";"Ausência de reação do condutor";"Tombamento";"Com Vítimas Feridas";"Pleno dia";"Crescente";"Céu Claro";"Dupla";"Curva";"Sim";1;0;1;0;0;0;1;1;-7,12710172;-34,84517947;"SPRF-PB";"DEL01-PB";"UOP01-DEL01-PB"
759125;2026-02-10;"terça-feira";"14:56:00";"PA";163;407;"ITAITUBA";"Reação tardia ou ineficiente do condutor";"Saída de leito carroçável";"Sem Vítimas";"Pleno dia";"Crescente";"Nublado";"Simples";"Reta";"Não";2;0;0;0;0;2;0;1;-6,246321;-55,618915;"SPRF-PA";"DEL05-PA";"UOP03-DEL05-PA"
759126;2026-03-18;"quarta-feira";"07:00:00";"GO";70;474;"ARAGARCAS";"Reação tardia ou ineficiente do condutor";"Tombamento";"Com Vítimas Feridas";"Amanhecer";"Decrescente";"Chuva";"Dupla";"Reta";"Não";1;0;0;1;0;0;1;1;-15,89662384;-52,24200481;"SPRF-GO";"DEL04-GO";"UOP02-DEL04-GO"
759128;2026-03-18;"quarta-feira";"11:00:00";"GO";40;2;"VALPARAISO DE GOIAS";"Acessar a via sem observar a presença dos outros veículos";"Colisão lateral mesmo sentido";"Sem Vítimas";"Pleno dia";"Crescente";"Chuva";"Dupla";"Reta;Retorno Regulamentado";"Sim";2;0;0;0;2;0;0;2;-16,074585;-47,985445;"SPRF-DF";"DEL01-DF";"UOP01-DEL01-DF"
759129;2026-03-18;"quarta-feira";"11:20:00";"BA";101;718;"EUNAPOLIS";"Ultrapassagem Indevida";"Colisão lateral mesmo sentido";"Com Vítimas Feridas";"Pleno dia";"Crescente";"Céu Claro";"Múltipla";"Reta";"Não";2;0;0;1;1;0;1;2;-16,37415416;-39,5814464;"SPRF-BA";"DEL09-BA";"UOP01-DEL09-BA"
759133;2026-03-18;"quarta-feira";"11:40:00";"SC";101;205;"SAO JOSE";"Reação tardia ou ineficiente do condutor";"Queda de ocupante de veículo";"Com Vítimas Feridas";"Pleno dia";"Crescente";"Nublado";"Dupla";"Viaduto;Curva";"Sim";1;0;1;0;0;0;1;1;-27,58479481;-48,61793367;"SPRF-SC";"DEL01-SC";"UOP01-DEL01-SC"
759138;2026-03-18;"quarta-feira";"11:05:00";"BA";367;26;"PORTO SEGURO";"Acesso irregular";"Colisão transversal";"Com Vítimas Feridas";"Pleno dia";"Decrescente";"Céu Claro";"Simples";"Reta";"Sim";3;0;1;0;1;1;1;3;-16,42617992;-39,09877036;"SPRF-BA";"DEL09-BA";"UOP03-DEL09-BA"