"id";"data_inversa";"dia_semana";"horario";"uf";"br";"km";"municipio";"causa_acidente";"tipo_acidente";"classificacao_acidente";"fase_dia";"sentido_via";"condicao_metereologica";"tipo_pista";"tracado_via";"uso_solo";"pessoas";"mortos";"feridos_leves";"feridos_graves";"ilesos";"ignorados";"feridos";"veiculos";"latitude";"longitude";"regional";"delegacia";"uop"
759139;2026-03-18;"quarta-feira";"11:40:00";"MG";116;776,4;"LEOPOLDINA";"Ausência de reação do condutor";"Saída de leito carroçável";"Com Vítimas Feridas";"Pleno dia";"Decrescente";"Céu Claro";"Simples";"Aclive;Curva";"Não";1;0;1;0;0;0;1;1;-21,60061961;-42,69699097;"SPRF-MG";"DEL07-MG";"UOP01-DEL07-MG"
759142;2026-03-18;"quarta-feira";"12:00:00";"SC";280;4,2;"SAO FRANCISCO DO SUL";"Reação tardia ou ineficiente do condutor";"Colisão traseira";"Com Vítimas Feridas";"Pleno dia";"Decrescente";"Nublado";"Simples";"Reta";"Sim";2;0;0;1;1;0;1;2;-26,2552536;-48,6204365;"SPRF-SC";"DEL03-SC";"UOP03-DEL03-SC"
759143;2026-03-18;"quarta-feira";"12:30:00";"ES";101;242;"SERRA";"Condutor deixou de manter distância do veículo da frente";"Colisão traseira";"Com Vítimas Feridas";"Pleno dia";"Crescente";"Nublado";"Dupla";"Reta";"Não";2;0;1;0;1;0;1;2;-20,03534333;-40,39450667;"SPRF-ES";"DEL02-ES";"UOP01-DEL02-ES"
759144;2026-03-18;"quarta-feira";"12:00:00";"RJ";40;111;"DUQUE DE CAXIAS";"Demais falhas mecânicas ou elétricas";"Colisão traseira";"Sem Vítimas";"Pleno dia";"Decrescente";"Céu Claro";"Dupla";"Reta";"Não";2;0;0;0;2;0;0;2;-22,69329364;-43,28673363;"SPRF-RJ";"DEL01-RJ";"UOP02-DEL01-RJ"
759145;2026-03-18;"quarta-feira";"13:00:00";"RN";110;45,7;"MOSSORO";"Acessar a via sem observar a presença dos outros veículos";"Colisão lateral mesmo sentido";"Com Vítimas Feridas";"Pleno dia";"Crescente";"Nublado";"Simples";"Reta";"Sim";2;0;1;0;1;0;1;2;-5,19662;-37,31666;"SPRF-RN";"DEL04-RN";"UOP01-DEL04-RN"
759146;2026-02-16;"segunda-feira";"14:48:00";"PB";101;36,8;"MAMANGUAPE";"Reação tardia ou ineficiente do condutor";"Colisão com objeto";"Sem Vítimas";"Pleno dia";"Crescente";"Céu Claro";"Dupla";"Reta";"Não";1;0;0;0;0;1;0;1;-6,81012;-35,139866;"SPRF-PB";"DEL01-PB";"UOP03-DEL01-PB"
759147;2026-03-18;"quarta-feira";"11:55:00";"GO";153;634;"MORRINHOS";"Velocidade Incompatível";"Colisão traseira";"Com Vítimas Feridas";"Pleno dia";"Decrescente";"Céu Claro";"Dupla";"Reta";"Não";3;0;0;3;0;0;3;2;-17,819491;-49,211558;"SPRF-GO";"DEL03-GO";"UOP01-DEL03-GO"
759149;2026-03-18;"quarta-feira";"13:00:00";"BA";116;921;"ENCRUZILHADA";"Acostamento em desnível";"Tombamento";"Com Vítimas Feridas";"Pleno dia";"Decrescente";"Céu Claro";"Simples";"Curva";"Não";1;0;1;0;0;0;1;1;-15,610472;-41,287741;"SPRF-BA";"DEL08-BA";"UOP03-DEL08-BA"
759150;2026-03-18;"quarta-feira";"11:10:00";"RO";364;421,1;"JARU";"Transitar no Acostamento";"Colisão transversal";"Com Vítimas Feridas";"Pleno dia";"Crescente";"Nublado";"Simples";"Reta";"Sim";4;0;1;0;3;0;1;2;-10,46531644;-62,45219453;"SPRF-RO";"DEL03-RO";"UOP02-DEL03-RO"
759152;2026-03-18;"quarta-feira";"12:30:00";"BA";116;749;"POCOES";"Velocidade Incompatível";"Queda de ocupante de veículo";"Com Vítimas Fatais";"Pleno dia";"Crescente";"Céu Claro";"Simples";"Declive";"Não";2;1;0;0;1;0;0;2;-14,463154;-40,34432;"SPRF-BA";"DEL08-BA";"UOP02-DEL08-BA"
759153;2026-03-18;"quarta-feira";"13:25:00";"SC";101;335,3;"TUBARAO";"Desrespeitar a preferência no cruzamento";"Colisão transversal";"Com Vítimas Feridas";"Pleno dia";"Decrescente";"Céu Claro";"Dupla";"Rotatória";"Sim";2;0;1;0;1;0;1;2;-28,4767;-49,0297;"SPRF-SC";"DEL02-SC";"UOP01-DEL02-SC"
759154;2026-03-18;"quarta-feira";"14:15:00";"MG";381;369;"SAO GONCALO DO RIO ABAIXO";"Velocidade Incompatível";"Saída de leito carroçável";"Sem Vítimas";"Pleno dia";"Crescente";"Chuva";"Simples";"Curva";"Não";1;0;0;0;1;0;0;1;-19,8367333;-43,33634946;"SPRF-MG";"DEL03-MG";"UOP01-DEL03-MG"
759155;2026-03-18;"quarta-feira";"13:40:00";"RN";101;122,4;"SAO JOSE DE MIPIBU";"Pedestre andava na pista";"Atropelamento de Pedestre";"Com Vítimas Feridas";"Pleno dia";"Crescente";"Sol";"Múltipla";"Reta";"Não";4;0;0;1;1;2;1;2;-6,051957;-35,243802;"SPRF-RN";"DEL01-RN";"UOP01-DEL01-RN"
759156;2026-03-18;"quarta-feira";"12:00:00";"RJ";116;310;"RESENDE";"Avarias e/ou desgaste excessivo no pneu";"Tombamento";"Com Vítimas Feridas";"Pleno dia";"Crescente";"Céu Claro";"Múltipla";"Reta";"Sim";1;0;1;0;0;0;1;1;-22,45906396;-44,43669152;"SPRF-RJ";"DEL07-RJ";"UOP02-DEL07-RJ"
759157;2026-03-18;"quarta-feira";"13:55:00";"BA";324;514;"FEIRA DE SANTANA";"Condutor deixou de manter distância do veículo da frente";"Colisão lateral mesmo sentido";"Com Vítimas Feridas";"Pleno dia";"Crescente";"Sol";"Simples";"Rotatória";"Sim";3;0;1;1;1;0;2;2;-12,23304489;-38,94882774;"SPRF-BA";"DEL02-BA";"UOP01-DEL02-BA"
759159;2026-03-18;"quarta-feira";"11:00:00";"MG";40;205;"JOAO PINHEIRO";"Ultrapassagem Indevida";"Saída de leito carroçável";"Sem Vítimas";"Pleno dia";"Crescente";"Nublado";"Simples";"Aclive";"Não";2;0;0;0;1;1;0;2;-17,992703;-45,771889;"SPRF-MG";"DEL14-MG";"UOP02-DEL14-MG"
759162;2026-03-10;"terça-feira";"17:37:00";"RJ";40;109;"DUQUE DE CAXIAS";"Manobra de mudança de faixa";"Colisão lateral mesmo sentido";"Com Vítimas Feridas";"Pleno dia";"Decrescente";"Céu Claro";"Dupla";"Reta";"Sim";2;0;0;1;1;0;1;2;-22,6842164;-43,2851838;"SPRF-RJ";"DEL01-RJ";"UOP02-DEL01-RJ"
759165;2026-03-18;"quarta-feira";"12:48:00";"AC";307;189;"CRUZEIRO DO SUL";"Ausência de reação do condutor";"Colisão traseira";"Com Vítimas Feridas";"Pleno dia";"Crescente";"Sol";"Dupla";"Reta";"Sim";3;0;1;0;2;0;1;2;-7,6442658;-72,6627253;"SPRF-AC";"DEL01-AC";"UOP03-DEL01-AC"
759166;2026-03-18;"quarta-feira";"12:00:00";"PR";153;42,6;"SANTO ANTONIO DA PLATINA";"Acessar a via sem observar a presença dos outros veículos";"Colisão transversal";"Com Vítimas Feridas";"Pleno dia";"Decrescente";"Céu Claro";"Simples";"Reta;Interseção de Vias";"Sim";3;0;2;0;1;0;2;2;-23,30159027;-50,07027475;"SPRF-PR";"DEL07-PR";"UOP04-DEL07-PR"
759170;2026-03-18;"quarta-feira";"13:30:00";"SC";163;3,4;"DIONISIO CERQUEIRA";"Condutor deixou de manter distância do veículo da frente";"Colisão traseira";"Com Vítimas Feridas";"Pleno dia";"Crescente";"Nublado";"Simples";"Declive;Curva";"Sim";2;0;2;0;0;0;2;2;-26,26840342;-53,63630533;"SPRF-SC";"DEL07-SC";"UOP03-DEL07-SC"
759171;2026-02-27;"sexta-feira";"06:10:00";"RS";392;338;"SANTA MARIA";"Demais falhas mecânicas ou elétricas";"Colisão lateral sentido oposto";"Com Vítimas Feridas";"Amanhecer";"Decrescente";"Céu Claro";"Simples";"Reta";"Não";3;0;1;0;2;0;1;2;-29,83463009;-53,7600886;"SPRF-RS";"DEL09-RS";"UOP01-DEL09-RS"
759172;2026-02-14;"sábado";"22:38:00";"MA";316;582;"TIMON";"Reação tardia ou ineficiente do condutor";"Colisão transversal";"Com Vítimas Fatais";"Plena Noite";"Decrescente";"Chuva";"Simples";"Reta";"Não";4;1;2;0;1;0;2;3;-4,975742;-43;"SPRF-MA";"DEL03-MA";"UOP02-DEL03-MA"
759174;2026-03-18;"quarta-feira";"16:10:00";"DF";40;5,4;"BRASILIA";"Ingestão de álcool pelo condutor";"Atropelamento de Pedestre";"Com Vítimas Feridas";"Pleno dia";"Crescente";"Céu Claro";"Dupla";"Reta";"Não";3;0;1;0;1;1;1;2;-16,02384809;-47,97991912;"SPRF-DF";"DEL01-DF";"UOP01-DEL01-DF"
759175;2026-03-18;"quarta-feira";"16:00:00";"RJ";116;172;"SAO JOAO DE MERITI";"Demais falhas na via";"Colisão com objeto";"Com Vítimas Feridas";"Pleno dia";"Crescente";"Sol";"Múltipla";"Reta";"Não";1;0;1;0;0;0;1;1;-22,8026104;-43,3502186;"SPRF-RJ";"DEL06-RJ";"UOP01-DEL06-RJ"
759178;2026-03-18;"quarta-feira";"16:10:00";"RJ";40;102;"DUQUE DE CAXIAS";"Acessar a via sem observar a presença dos outros veículos";"Colisão traseira";"Com Vítimas Feridas";"Pleno dia";"Crescente";"Céu Claro";"Simples";"Reta";"Não";3;0;1;0;2;0;1;2;-22,60466122;-43,28467369;"SPRF-RJ";"DEL01-RJ";"UOP02-DEL01-RJ"
759179;2026-03-18;"quarta-feira";"11:30:00";"GO";70;433;"ARAGARCAS";"Chuva";"Saída de leito carroçável";"Com Vítimas Feridas";"Pleno dia";"Decrescente";"Chuva";"Simples";"Declive;Curva";"Não";1;0;1;0;0;0;1;1;-15,885892;-51,87707;"SPRF-GO";"DEL04-GO";"UOP02-DEL04-GO"
759181;2026-02-14;"sábado";"10:41:00";"PA";163;310;"NOVO PROGRESSO";"Ultrapassagem Indevida";"Colisão lateral mesmo sentido";"Com Vítimas Feridas";"Pleno dia";"Decrescente";"Ignorado";"Simples";"Reta";"Sim";2;0;1;0;1;0;1;2;-7,14463;-55,3786;"SPRF-PA";"DEL05-PA";"UOP03-DEL05-PA"
759182;2026-03-18;"quarta-feira";"16:40:00";"SC";101;206;"SAO JOSE";"Reação tardia ou ineficiente do condutor";"Colisão lateral mesmo sentido";"Com Vítimas Feridas";"Pleno dia";"Crescente";"Céu Claro";"Múltipla";"Reta";"Sim";3;0;2;0;0;1;2;2;-27,59215041;-48,6182785;"SPRF-SC";"DEL01-SC";"UOP01-DEL01-SC"
759188;2026-03-18;"quarta-feira";"16:57:00";"SP";153;216,5;"MARILIA";"Manobra de mudança de faixa";"Colisão frontal";"Com Vítimas Fatais";"Pleno dia";"Crescente";"Nublado";"Simples";"Declive";"Não";3;2;0;1;0;0;1;2;-21,962529;-49,921575;"SPRF-SP";"DEL07-SP";"UOP02-DEL07-SP"
759191;2026-03-18;"quarta-feira";"16:00:00";"SC";116;53,9;"PAPANDUVA";"Acessar a via sem observar a presença dos outros veículos";"Colisão transversal";"Sem Vítimas";"Pleno dia";"Decrescente";"Céu Claro";"Simples";"Rotatória";"Não";2;0;0;0;2;0;0;2;-26,3951;-50,1629;"SPRF-SC";"DEL06-SC";"UOP02-DEL06-SC"
759192;2026-03-18;"quarta-feira";"17:15:00";"RJ";101;491;"ANGRA DOS REIS";"Acessar a via sem observar a presença dos outros veículos";"Colisão transversal";"Com Vítimas Feridas";"Pleno dia";"Decrescente";"Céu Claro";"Simples";"Curva";"Não";2;0;1;0;1;0;1;2;-22,95456;-44,31866;"SPRF-RJ";"DEL03-RJ";"UOP03-DEL03-RJ"
759193;2026-03-18;"quarta-feira";"17:20:00";"RS";285;271,5;"MATO CASTELHANO";"Condutor deixou de manter distância do veículo da frente";"Colisão traseira";"Com Vítimas Feridas";"Pleno dia";"Decrescente";"Céu Claro";"Simples";"Interseção de Vias;Reta";"Sim";6;0;3;0;3;0;3;3;-28,27945376;-52,18462793;"SPRF-RS";"DEL08-RS";"UOP03-DEL08-RS"
759194;2026-03-18;"quarta-feira";"16:30:00";"SP";101;50;"UBATUBA";"Trafegar com motocicleta (ou similar) entre as faixas";"Tombamento";"Com Vítimas Feridas";"Pleno dia";"Decrescente";"Céu Claro";"Simples";"Interseção de Vias";"Sim";2;0;1;0;1;0;1;2;-23,44887;-45,078823;"SPRF-SP";"DEL06-SP";"UOP01-DEL06-SP"
759197;2026-03-18;"quarta-feira";"11:20:00";"PR";376;527;"PALMEIRA";"Reação tardia ou ineficiente do condutor";"Saída de leito carroçável";"Com Vítimas Feridas";"Pleno dia";"Decrescente";"Céu Claro";"Dupla";"Reta";"Não";2;0;2;0;0;0;2;1;-25,32245;-49,86847758;"SPRF-PR";"DEL03-PR";"UOP04-DEL03-PR"
759198;2026-03-18;"quarta-feira";"18:00:00";"ES";101;145;"LINHARES";"Reação tardia ou ineficiente do condutor";"Colisão traseira";"Com Vítimas Feridas";"Plena Noite";"Crescente";"Céu Claro";"Simples";"Reta";"Sim";4;0;1;0;3;0;1;2;-19,36671;-40,065585;"SPRF-ES";"DEL04-ES";"UOP01-DEL04-ES"
759202;2026-03-18;"quarta-feira";"17:44:00";"RS";392;351;"SANTA MARIA";"Desrespeitar a preferência no cruzamento";"Colisão transversal";"Com Vítimas Feridas";"Pleno dia";"Crescente";"Céu Claro";"Dupla";"Rotatória;Interseção de Vias";"Sim";2;0;1;0;1;0;1;2;-29,72834147;-53,80329816;"SPRF-RS";"DEL09-RS";"UOP01-DEL09-RS"
759203;2026-03-11;"quarta-feira";"18:30:00";"RN";101;83;"SAO GONCALO DO AMARANTE";"Ausência de reação do condutor";"Colisão traseira";"Com Vítimas Feridas";"Plena Noite";"Crescente";"Céu Claro";"Dupla";"Rotatória";"Sim";3;0;2;0;1;0;2;2;-5,749879;-35,326247;"SPRF-RN";"DEL02-RN";"UOP01-DEL02-RN"
759205;2026-03-18;"quarta-feira";"18:40:00";"RN";101;102;"PARNAMIRIM";"Ausência de reação do condutor";"Colisão transversal";"Com Vítimas Feridas";"Plena Noite";"Decrescente";"Ignorado";"Múltipla";"Reta";"Sim";4;0;2;0;2;0;2;4;-5,8878361;-35,2387167;"SPRF-RN";"DEL01-RN";"UOP01-DEL01-RN"
759206;2026-03-18;"quarta-feira";"18:30:00";"CE";116;15;"FORTALEZA";"Ausência de reação do condutor";"Colisão traseira";"Com Vítimas Feridas";"Plena Noite";"Decrescente";"Céu Claro";"Dupla";"Reta";"Sim";2;0;0;1;1;0;1;2;-3,88371561;-38,50116165;"SPRF-CE";"DEL01-CE";"UOP02-DEL01-CE"
759208;2026-03-14;"sábado";"19:30:00";"RS";386;412;"TRIUNFO";"Acessar a via sem observar a presença dos outros veículos";"Colisão transversal";"Com Vítimas Feridas";"Plena Noite";"Crescente";"Céu Claro";"Simples";"Reta;Interseção de Vias";"Sim";2;0;1;0;0;1;1;2;-29,80941772;-51,49815413;"SPRF-RS";"DEL04-RS";"UOP02-DEL04-RS"
759210;2026-03-18;"quarta-feira";"17:10:00";"PE";423;91,1;"GARANHUNS";"Conversão proibida";"Colisão transversal";"Com Vítimas Feridas";"Anoitecer";"Crescente";"Céu Claro";"Simples";"Reta";"Não";3;0;0;2;1;0;2;2;-8,85337;-36,46267;"SPRF-PE";"DEL03-PE";"UOP01-DEL03-PE"
759211;2026-03-18;"quarta-feira";"17:20:00";"RO";364;429;"JARU";"Ausência de reação do condutor";"Colisão traseira";"Com Vítimas Feridas";"Pleno dia";"Decrescente";"Céu Claro";"Simples";"Declive";"Não";3;0;0;1;2;0;1;2;-10,416607;-62,502308;"SPRF-RO";"DEL03-RO";"UOP02-DEL03-RO"
759213;2026-03-18;"quarta-feira";"18:35:00";"PR";277;0,4;"PARANAGUA";"Desrespeitar a preferência no cruzamento";"Colisão transversal";"Com Vítimas Feridas";"Anoitecer";"Crescente";"Nublado";"Simples";"Interseção de Vias;Reta";"Sim";2;0;1;0;1;0;1;2;-25,518614;-48,542016;"SPRF-PR";"DEL01-PR";"UOP05-DEL01-PR"
759216;2026-03-18;"quarta-feira";"19:15:00";"MG";381;487;"BETIM";"Trafegar com motocicleta (ou similar) entre as faixas";"Colisão traseira";"Com Vítimas Feridas";"Plena Noite";"Crescente";"Céu Claro";"Múltipla";"Declive;Curva";"Sim";3;0;0;1;2;0;1;3;-19,95705;-44,12114;"SPRF-MG";"DEL01-MG";"UOP03-DEL01-MG"
759217;2026-03-18;"quarta-feira";"18:00:00";"MA";230;1;"BARAO DE GRAJAU";"Ausência de reação do condutor";"Colisão traseira";"Com Vítimas Feridas";"Anoitecer";"Decrescente";"Ignorado";"Simples";"Reta";"Sim";2;0;1;0;0;1;1;2;-6,75546;-43,022;"SPRF-PI";"DEL03-PI";"UOP01-DEL03-PI"
759218;2026-03-18;"quarta-feira";"18:00:00";"RN";101;83,4;"SAO GONCALO DO AMARANTE";"Condutor deixou de manter distância do veículo da frente";"Colisão traseira";"Com Vítimas Feridas";"Anoitecer";"Decrescente";"Nublado";"Dupla";"Reta";"Sim";3;0;1;0;2;0;1;2;-5,772446;-35,262754;"SPRF-RN";"DEL02-RN";"UOP01-DEL02-RN"
759219;2026-03-18;"quarta-feira";"08:05:00";"BA";235;350;"JUAZEIRO";"Manobra de mudança de faixa";"Colisão lateral mesmo sentido";"Com Vítimas Feridas";"Pleno dia";"Crescente";"Céu Claro";"Simples";"Curva;Em Obras";"Sim";2;0;1;0;1;0;1;2;-9,43253;-40,502573;"SPRF-PE";"DEL06-PE";"UOP01-DEL06-PE"
759220;2026-03-18;"quarta-feira";"18:56:00";"TO";235;163;"PEDRO AFONSO";"Acessar a via sem observar a presença dos outros veículos";"Colisão transversal";"Com Vítimas Feridas";"Plena Noite";"Decrescente";"Céu Claro";"Simples";"Reta;Interseção de Vias";"Não";2;0;2;0;0;0;2;2;-8,994927;-48,17347;"SPRF-TO";"DEL02-TO";"UOP02-DEL02-TO"
759221;2026-03-18;"quarta-feira";"18:40:00";"PE";232;7;"RECIFE";"Manobra de mudança de faixa";"Colisão lateral mesmo sentido";"Com Vítimas Feridas";"Plena Noite";"Crescente";"Céu Claro";"Múltipla";"Retorno Regulamentado;Reta";"Sim";3;0;2;0;1;0;2;2;-8,07465615;-34,9662952;"SPRF-PE";"DEL01-PE";"UOP01-DEL01-PE"
759222;2026-03-18;"quarta-feira";"17:30:00";"BA";101;262;"SANTO ANTONIO DE JESUS";"Acessar a via sem observar a presença dos outros veículos";"Colisão transversal";"Com Vítimas Feridas";"Pleno dia";"Crescente";"Céu Claro";"Simples";"Reta;Interseção de Vias";"Sim";2;0;1;0;1;0;1;2;-12,97553109;-39,27589482;"SPRF-BA";"DEL11-BA";"UOP01-DEL11-BA"
759224;2026-03-18;"quarta-feira";"17:33:00";"GO";50;256;"CATALAO";"Reação tardia ou ineficiente do condutor";"Saída de leito carroçável";"Com Vítimas Feridas";"Pleno dia";"Crescente";"Céu Claro";"Dupla";"Reta";"Não";2;0;1;0;1;0;1;1;-18,026392;-47,824096;"SPRF-GO";"DEL06-GO";"UOP01-DEL06-GO"
759225;2026-03-18;"quarta-feira";"18:51:00";"MG";40;454,2;"CAETANOPOLIS";"Acessar a via sem observar a presença dos outros veículos";"Atropelamento de Pedestre";"Com Vítimas Fatais";"Plena Noite";"Decrescente";"Céu Claro";"Dupla";"Reta";"Sim";6;1;0;0;5;0;0;3;-19,38576371;-44,33603022;"SPRF-MG";"DEL02-MG";"UOP01-DEL02-MG"
759226;2026-03-18;"quarta-feira";"19:10:00";"SP";116;149;"SAO JOSE DOS CAMPOS";"Ausência de reação do condutor";"Colisão lateral mesmo sentido";"Com Vítimas Feridas";"Plena Noite";"Decrescente";"Céu Claro";"Dupla";"Em Obras;Reta";"Sim";2;0;0;1;1;0;1;2;-23,20798159;-45,88714566;"SPRF-SP";"DEL02-SP";"UOP01-DEL02-SP"
759227;2026-03-18;"quarta-feira";"19:30:00";"SC";470;57,6;"BLUMENAU";"Acessar a via sem observar a presença dos outros veículos";"Colisão lateral mesmo sentido";"Com Vítimas Feridas";"Plena Noite";"Crescente";"Céu Claro";"Múltipla";"Rotatória";"Sim";2;0;0;1;1;0;1;2;-26,8826;-49,14199;"SPRF-SC";"DEL04-SC";"UOP01-DEL04-SC"
759229;2026-03-18;"quarta-feira";"18:10:00";"MT";163;1067;"GUARANTA DO NORTE";"Acessar a via sem observar a presença dos outros veículos";"Atropelamento de Pedestre";"Com Vítimas Feridas";"Plena Noite";"Crescente";"Céu Claro";"Simples";"Reta";"Não";2;0;0;1;1;0;1;2;-9,93070909;-54,90433216;"SPRF-MT";"DEL06-MT";"UOP03-DEL06-MT"
759230;2026-03-08;"domingo";"12:00:00";"GO";40;12;"LUZIANIA";"Acessar a via sem observar a presença dos outros veículos";"Colisão traseira";"Com Vítimas Feridas";"Pleno dia";"Decrescente";"Chuva";"Dupla";"Reta";"Sim";5;0;2;0;3;0;2;2;-16,15390879;-47,93948114;"SPRF-DF";"DEL01-DF";"UOP01-DEL01-DF"
759231;2026-03-18;"quarta-feira";"16:30:00";"MG";381;238;"SANTANA DO PARAISO";"Acumulo de areia ou detritos sobre o pavimento";"Queda de ocupante de veículo";"Com Vítimas Feridas";"Anoitecer";"Decrescente";"Ignorado";"Simples";"Reta";"Não";2;0;1;1;0;0;2;1;-19,421072;-42,494511;"SPRF-MG";"DEL06-MG";"UOP01-DEL06-MG"
759232;2026-03-18;"quarta-feira";"19:13:00";"BA";367;29;"PORTO SEGURO";"Acessar a via sem observar a presença dos outros veículos";"Colisão transversal";"Com Vítimas Feridas";"Plena Noite";"Decrescente";"Ignorado";"Simples";"Interseção de Vias;Curva";"Não";3;0;1;1;1;0;2;2;-16,4155579;-39,1196447;"SPRF-BA";"DEL09-BA";"UOP03-DEL09-BA"
759236;2026-03-18;"quarta-feira";"17:30:00";"PB";104;143,7;"QUEIMADAS";"Reação tardia ou ineficiente do condutor";"Colisão frontal";"Com Vítimas Fatais";"Anoitecer";"Crescente";"Céu Claro";"Simples";"Reta";"Não";3;1;1;0;1;0;1;2;-7,40477903;-35,89667929;"SPRF-PB";"DEL02-PB";"UOP03-DEL02-PB"
759238;2026-03-18;"quarta-feira";"19:00:00";"RN";226;366;"ANTONIO MARTINS";"Retorno proibido";"Colisão transversal";"Com Vítimas Feridas";"Plena Noite";"Decrescente";"Nublado";"Simples";"Declive";"Não";4;0;1;0;3;0;1;2;-6,19301387;-37,85862923;"SPRF-RN";"DEL04-RN";"UOP01-DEL04-RN"
759240;2026-03-18;"quarta-feira";"18:40:00";"MG";356;287,9;"PATROCINIO DO MURIAE";"Conversão proibida";"Colisão transversal";"Com Vítimas Feridas";"Plena Noite";"Crescente";"Nublado";"Simples";"Reta";"Não";3;0;3;0;0;0;3;2;-21,1359454;-42,1838522;"SPRF-MG";"DEL07-MG";"UOP02-DEL07-MG"
759242;2026-03-18;"quarta-feira";"19:40:00";"RS";101;6,1;"TORRES";"Conversão proibida";"Colisão transversal";"Com Vítimas Feridas";"Plena Noite";"Crescente";"Garoa/Chuvisco";"Simples";"Reta";"Sim";2;0;0;1;1;0;1;2;-29,347942;-49,793157;"SPRF-RS";"DEL03-RS";"UOP02-DEL03-RS"
759246;2026-03-18;"quarta-feira";"20:35:00";"PR";376;625;"SAO JOSE DOS PINHAIS";"Reação tardia ou ineficiente do condutor";"Saída de leito carroçável";"Com Vítimas Feridas";"Plena Noite";"Crescente";"Nublado";"Dupla";"Reta";"Não";1;0;1;0;0;0;1;1;-25,660373;-49,154881;"SPRF-PR";"DEL01-PR";"UOP04-DEL01-PR"
759247;2026-03-18;"quarta-feira";"21:50:00";"PR";116;103,7;"SAO JOSE DOS PINHAIS";"Demais falhas mecânicas ou elétricas";"Incêndio";"Sem Vítimas";"Plena Noite";"Crescente";"Nublado";"Dupla";"Reta";"Sim";2;0;0;0;2;0;0;1;-25,571537;-49,19781;"SPRF-PR";"DEL01-PR";"UOP07-DEL01-PR"
759249;2026-03-18;"quarta-feira";"22:30:00";"PE";232;59;"POMBOS";"Transitar na contramão";"Colisão frontal";"Com Vítimas Fatais";"Plena Noite";"Decrescente";"Céu Claro";"Dupla";"Declive";"Sim";3;2;0;1;0;0;1;2;-8,1467468;-35,39576976;"SPRF-PE";"DEL02-PE";"UOP02-DEL02PE"
759250;2026-03-18;"quarta-feira";"22:22:00";"PE";101;157;"GAMELEIRA";"Acessar a via sem observar a presença dos outros veículos";"Colisão lateral mesmo sentido";"Com Vítimas Feridas";"Plena Noite";"Crescente";"Céu Claro";"Dupla";"Retorno Regulamentado";"Não";2;0;0;1;1;0;1;2;-8,55325;-35,40026;"SPRF-PE";"DEL01-PE";"UOP03-DEL01-PE"
759251;2026-03-18;"quarta-feira";"21:35:00";"MG";381;892,5;"CAMBUI";"Demais falhas mecânicas ou elétricas";"Incêndio";"Sem Vítimas";"Plena Noite";"Crescente";"Garoa/Chuvisco";"Dupla";"Reta";"Não";1;0;0;0;1;0;0;1;-22,57297924;-46,042943;"SPRF-MG";"DEL16-MG";"UOP01-DEL16-MG"
759253;2026-03-18;"quarta-feira";"17:09:00";"RN";101;145;"GOIANINHA";"Velocidade Incompatível";"Tombamento";"Com Vítimas Feridas";"Pleno dia";"Decrescente";"Céu Claro";"Dupla";"Reta";"Sim";2;0;2;0;0;0;2;1;-6,24835853;-35,21632826;"SPRF-RN";"DEL01-RN";"UOP01-DEL01-RN"
759255;2026-03-18;"quarta-feira";"22:45:00";"AP";156;462;"TARTARUGALZINHO";"Curva acentuada";"Saída de leito carroçável";"Com Vítimas Feridas";"Plena Noite";"Decrescente";"Nublado";"Simples";"Curva";"Não";4;0;2;1;1;0;3;1;1,422778;-50,909561;"SPRF-AP";"DEL01-AP";"UOP02-DEL01-AP"
759256;2026-03-18;"quarta-feira";"21:45:00";"SC";101;51;"JOINVILLE";"Reação tardia ou ineficiente do condutor";"Saída de leito carroçável";"Com Vítimas Feridas";"Plena Noite";"Decrescente";"Nublado";"Simples";"Viaduto;Curva;Retorno Regulamentado";"Sim";3;0;2;0;1;0;2;2;-26,39889482;-48,83871317;"SPRF-SC";"DEL03-SC";"UOP01-DEL03-SC"
759259;2026-03-18;"quarta-feira";"23:15:00";"SP";153;98;"JOSE BONIFACIO";"Animais na Pista";"Atropelamento de Animal";"Sem Vítimas";"Plena Noite";"Decrescente";"Céu Claro";"Dupla";"Declive;Reta";"Não";1;0;0;0;1;0;0;1;-20,99686195;-49,62747574;"SPRF-SP";"DEL09-SP";"UOP01-DEL09-SP"
759260;2026-03-18;"quarta-feira";"23:45:00";"MG";381;479,1;"CONTAGEM";"Manobra de mudança de faixa";"Colisão lateral mesmo sentido";"Com Vítimas Feridas";"Plena Noite";"Decrescente";"Céu Claro";"Múltipla";"Aclive;Curva";"Sim";3;0;1;0;1;1;1;3;-19,9644166;-44,043781;"SPRF-MG";"DEL01-MG";"UOP03-DEL01-MG"
759262;2026-03-18;"quarta-feira";"23:20:00";"SP";116;84,7;"PINDAMONHANGABA";"Ausência de reação do condutor";"Colisão traseira";"Com Vítimas Feridas";"Plena Noite";"Decrescente";"Céu Claro";"Dupla";"Reta";"Não";2;0;1;0;1;0;1;2;-22,92096654;-45,3421855;"SPRF-SP";"DEL08-SP";"UOP01-DEL08-SP"