"id";"data_inversa";"dia_semana";"horario";"uf";"br";"km";"municipio";"causa_acidente";"tipo_acidente";"classificacao_acidente";"fase_dia";"sentido_via";"condicao_metereologica";"tipo_pista";"tracado_via";"uso_solo";"pessoas";"mortos";"feridos_leves";"feridos_graves";"ilesos";"ignorados";"feridos";"veiculos";"latitude";"longitude";"regional";"delegacia";"uop"
759263;2026-03-18;"quarta-feira";"22:50:00";"DF";20;9;"BRASILIA";"Ingestão de álcool pelo condutor";"Colisão com objeto";"Sem Vítimas";"Anoitecer";"Decrescente";"Céu Claro";"Dupla";"Reta";"Sim";2;0;0;0;2;0;0;2;-15,658386;-47,791534;"SPRF-DF";"DEL02-DF";"UOP01-DEL02-DF"
759264;2026-03-19;"quinta-feira";"00:20:00";"RS";116;153,8;"CAXIAS DO SUL";"Reação tardia ou ineficiente do condutor";"Queda de ocupante de veículo";"Com Vítimas Feridas";"Plena Noite";"Crescente";"Céu Claro";"Simples";"Reta";"Sim";1;0;1;0;0;0;1;1;-29,189775;-51,181668;"SPRF-RS";"DEL05-RS";"UOP01-DEL05-RS"
759265;2026-03-18;"quarta-feira";"23:35:00";"MG";381;6;"BETIM";"Animais na Pista";"Atropelamento de Animal";"Com Vítimas Feridas";"Plena Noite";"Crescente";"Céu Claro";"Dupla";"Reta";"Não";4;0;2;0;2;0;2;2;-19,98872;-44,1958333;"SPRF-MG";"DEL01-MG";"UOP03-DEL01-MG"
759267;2026-03-19;"quinta-feira";"00:30:00";"RJ";356;114;"CARDOSO MOREIRA";"Animais na Pista";"Atropelamento de Animal";"Com Vítimas Feridas";"Plena Noite";"Decrescente";"Nublado";"Simples";"Reta";"Não";1;0;1;0;0;0;1;1;-21,5905142;-41,43492579;"SPRF-RJ";"DEL08-RJ";"UOP03-DEL08-RJ"
759268;2026-03-19;"quinta-feira";"02:00:00";"MG";262;398,9;"PARA DE MINAS";"Pedestre andava na pista";"Atropelamento de Pedestre";"Com Vítimas Feridas";"Plena Noite";"Decrescente";"Céu Claro";"Dupla";"Curva";"Não";2;0;0;1;0;1;1;2;-19,888157;-44,630052;"SPRF-MG";"DEL01-MG";"UOP03-DEL01-MG"
759269;2026-03-19;"quinta-feira";"02:35:00";"SP";116;116;"TAUBATE";"Ausência de reação do condutor";"Colisão com objeto";"Com Vítimas Feridas";"Plena Noite";"Crescente";"Céu Claro";"Dupla";"Reta";"Não";1;0;0;1;0;0;1;1;-23,053358;-45,608608;"SPRF-SP";"DEL02-SP";"UOP02-DEL02-SP"
759277;2026-03-18;"quarta-feira";"06:40:00";"GO";452;120,1;"BOM JESUS DE GOIAS";"Ausência de reação do condutor";"Queda de ocupante de veículo";"Com Vítimas Feridas";"Amanhecer";"Crescente";"Ignorado";"Dupla";"Reta";"Não";1;0;0;1;0;0;1;1;-18,19411869;-49,86950453;"SPRF-GO";"DEL03-GO";"UOP02-DEL03-GO"
759279;2026-03-19;"quinta-feira";"03:20:00";"MA";10;261,2;"IMPERATRIZ";"Animais na Pista";"Atropelamento de Animal";"Com Vítimas Feridas";"Amanhecer";"Crescente";"Garoa/Chuvisco";"Simples";"Reta";"Não";3;0;1;0;2;0;1;1;-5,45142;-47,47233;"SPRF-MA";"DEL04-MA";"UOP01-DEL04-MA"
759280;2026-03-19;"quinta-feira";"05:00:00";"SC";282;419;"VARGEM BONITA";"Reação tardia ou ineficiente do condutor";"Saída de leito carroçável";"Com Vítimas Feridas";"Amanhecer";"Crescente";"Nevoeiro/Neblina";"Simples";"Curva";"Não";2;0;2;0;0;0;2;1;-27,01605;-51,73567;"SPRF-SC";"DEL07-SC";"UOP05-DEL07-SC"
759281;2026-03-19;"quinta-feira";"06:30:00";"MG";40;518;"RIBEIRAO DAS NEVES";"Velocidade Incompatível";"Colisão traseira";"Com Vítimas Feridas";"Pleno dia";"Crescente";"Nublado";"Dupla";"Reta";"Não";5;0;2;0;3;0;2;5;-19,8305596;-44,0822143;"SPRF-MG";"DEL01-MG";"UOP02-DEL01-MG"
759282;2026-03-19;"quinta-feira";"06:40:00";"PR";277;730;"FOZ DO IGUACU";"Reação tardia ou ineficiente do condutor";"Colisão traseira";"Com Vítimas Feridas";"Pleno dia";"Crescente";"Céu Claro";"Dupla";"Reta";"Sim";3;0;1;0;2;0;1;3;-25,5070848;-54,5851093;"SPRF-PR";"DEL05-PR";"UOP03-DEL05-PR"
759283;2026-03-19;"quinta-feira";"07:05:00";"MG";381;490;"BETIM";"Demais falhas mecânicas ou elétricas";"Tombamento";"Com Vítimas Feridas";"Pleno dia";"Decrescente";"Céu Claro";"Múltipla";"Reta";"Sim";1;0;0;1;0;0;1;1;-19,95616;-44,14535;"SPRF-MG";"DEL01-MG";"UOP03-DEL01-MG"
759284;2026-03-19;"quinta-feira";"06:34:00";"SP";116;207;"GUARULHOS";"Transitar no Acostamento";"Colisão com objeto";"Com Vítimas Feridas";"Pleno dia";"Decrescente";"Chuva";"Múltipla";"Reta";"Sim";2;0;1;0;0;1;1;2;-23,41889632;-46,38070321;"SPRF-SP";"DEL01-SP";"UOP01-DEL01-SP"
759286;2026-03-19;"quinta-feira";"07:00:00";"MG";381;486,4;"BETIM";"Trafegar com motocicleta (ou similar) entre as faixas";"Tombamento";"Com Vítimas Feridas";"Pleno dia";"Decrescente";"Nublado";"Múltipla";"Aclive;Reta";"Sim";1;0;1;0;0;0;1;1;-19,9557704;-44,1112358;"SPRF-MG";"DEL01-MG";"UOP03-DEL01-MG"
759287;2026-03-19;"quinta-feira";"06:45:00";"MG";262;827;"UBERABA";"Acumulo de água sobre o pavimento";"Tombamento";"Com Vítimas Feridas";"Pleno dia";"Decrescente";"Garoa/Chuvisco";"Dupla";"Reta;Viaduto";"Não";1;0;1;0;0;0;1;1;-19,761739;-48,137261;"SPRF-MG";"DEL13-MG";"UOP01-DEL13-MG"
759288;2026-03-19;"quinta-feira";"05:10:00";"ES";259;57;"COLATINA";"Ausência de reação do condutor";"Atropelamento de Pedestre";"Sem Vítimas";"Pleno dia";"Crescente";"Céu Claro";"Simples";"Reta";"Não";2;0;0;0;0;2;0;2;-19,52169649;-40,66636205;"SPRF-ES";"DEL02-ES";"UOP01-DEL02-ES"
759289;2026-03-19;"quinta-feira";"06:50:00";"SC";101;203,6;"SAO JOSE";"Trafegar com motocicleta (ou similar) entre as faixas";"Colisão lateral mesmo sentido";"Com Vítimas Feridas";"Pleno dia";"Crescente";"Sol";"Múltipla";"Reta";"Sim";2;0;1;0;1;0;1;2;-27,57127;-48,61394;"SPRF-SC";"DEL01-SC";"UOP01-DEL01-SC"
759292;2026-03-19;"quinta-feira";"07:45:00";"PR";116;122,1;"CURITIBA";"Manobra de mudança de faixa";"Tombamento";"Com Vítimas Feridas";"Pleno dia";"Decrescente";"Céu Claro";"Dupla";"Reta;Aclive";"Não";3;0;2;0;0;1;2;2;-25,604298;-49,318208;"SPRF-PR";"DEL01-PR";"UOP03-DEL01-PR"
759294;2026-03-19;"quinta-feira";"06:25:00";"PR";376;217;"JANDAIA DO SUL";"Acessar a via sem observar a presença dos outros veículos";"Colisão transversal";"Com Vítimas Feridas";"Pleno dia";"Decrescente";"Céu Claro";"Simples";"Reta;Rotatória";"Não";3;0;1;0;2;0;1;2;-23,59538;-51,64176;"SPRF-PR";"DEL09-PR";"UOP01-DEL09-PR"
759295;2026-03-19;"quinta-feira";"07:50:00";"SC";280;28,8;"ARAQUARI";"Trafegar com motocicleta (ou similar) entre as faixas";"Colisão transversal";"Com Vítimas Feridas";"Pleno dia";"Decrescente";"Nublado";"Simples";"Reta";"Não";2;0;1;0;1;0;1;2;-26,40972483;-48,75178814;"SPRF-SC";"DEL03-SC";"UOP03-DEL03-SC"
759296;2026-03-19;"quinta-feira";"07:20:00";"PA";316;56;"CASTANHAL";"Ingestão de álcool pelo condutor";"Saída de leito carroçável";"Sem Vítimas";"Pleno dia";"Crescente";"Nublado";"Dupla";"Declive;Reta";"Sim";2;0;0;0;2;0;0;1;-1,30205;-47,98797;"SPRF-PA";"DEL01-PA";"UOP01-DEL01-PA"
759297;2026-03-19;"quinta-feira";"08:10:00";"ES";101;299,2;"VIANA";"Ausência de reação do condutor";"Colisão lateral mesmo sentido";"Com Vítimas Feridas";"Pleno dia";"Crescente";"Sol";"Dupla";"Reta";"Não";2;0;1;0;1;0;1;2;-20,3579458;-40,4258523;"SPRF-ES";"DEL01-ES";"UOP01-DEL01-ES"
759299;2026-03-19;"quinta-feira";"07:21:00";"RO";364;711;"PORTO VELHO";"Acessar a via sem observar a presença dos outros veículos";"Colisão lateral mesmo sentido";"Com Vítimas Feridas";"Pleno dia";"Crescente";"Céu Claro";"Dupla";"Reta;Retorno Regulamentado";"Sim";3;0;1;0;1;1;1;3;-8,783165;-63,86226;"SPRF-RO";"DEL01-RO";"UOP01-DEL01-RO"
759301;2026-03-19;"quinta-feira";"08:30:00";"PE";232;5;"RECIFE";"Manobra de mudança de faixa";"Colisão frontal";"Com Vítimas Feridas";"Pleno dia";"Decrescente";"Sol";"Múltipla";"Reta";"Sim";3;0;1;0;2;0;1;2;-8,06865682;-34,94664995;"SPRF-PE";"DEL01-PE";"UOP01-DEL01-PE"
759303;2026-03-19;"quinta-feira";"08:30:00";"DF";20;1;"BRASILIA";"Manobra de mudança de faixa";"Colisão traseira";"Com Vítimas Feridas";"Pleno dia";"Decrescente";"Céu Claro";"Dupla";"Reta";"Sim";3;0;1;0;2;0;1;2;-15,684988;-47,848212;"SPRF-DF";"DEL02-DF";"UOP01-DEL02-DF"
759306;2026-03-19;"quinta-feira";"08:05:00";"RS";285;293,1;"PASSO FUNDO";"Ausência de reação do condutor";"Colisão traseira";"Com Vítimas Feridas";"Pleno dia";"Crescente";"Céu Claro";"Múltipla";"Interseção de Vias";"Sim";12;0;2;0;10;0;2;2;-28,2367577;-52,37434594;"SPRF-RS";"DEL08-RS";"UOP03-DEL08-RS"
759307;2026-03-19;"quinta-feira";"08:12:00";"PE";232;5,5;"RECIFE";"Reação tardia ou ineficiente do condutor";"Colisão traseira";"Com Vítimas Feridas";"Pleno dia";"Decrescente";"Céu Claro";"Múltipla";"Reta";"Sim";3;0;1;0;2;0;1;2;-8,06933;-34,94832;"SPRF-PE";"DEL01-PE";"UOP01-DEL01-PE"
759308;2026-03-19;"quinta-feira";"07:15:00";"PR";376;244;"APUCARANA";"Manobra de mudança de faixa";"Colisão lateral mesmo sentido";"Com Vítimas Feridas";"Pleno dia";"Crescente";"Céu Claro";"Dupla";"Interseção de Vias";"Não";2;0;1;0;1;0;1;2;-23,581437;-51,417836;"SPRF-PR";"DEL07-PR";"UOP03-DEL07-PR"
759310;2026-03-19;"quinta-feira";"08:00:00";"GO";60;259,4;"INDIARA";"Velocidade Incompatível";"Saída de leito carroçável";"Com Vítimas Fatais";"Pleno dia";"Crescente";"Céu Claro";"Dupla";"Declive;Reta";"Não";2;1;0;0;0;1;0;2;-17,16554804;-50,04766524;"SPRF-GO";"DEL01-GO";"UOP02-DEL01-GO"
759311;2026-03-19;"quinta-feira";"07:50:00";"RO";364;517;"ARIQUEMES";"Reação tardia ou ineficiente do condutor";"Colisão frontal";"Com Vítimas Feridas";"Pleno dia";"Decrescente";"Garoa/Chuvisco";"Dupla";"Reta";"Sim";2;0;1;0;1;0;1;2;-9,905065;-63,056218;"SPRF-RO";"DEL03-RO";"UOP01-DEL03-RO"
759313;2026-03-19;"quinta-feira";"09:15:00";"PE";232;130;"CARUARU";"Demais falhas mecânicas ou elétricas";"Incêndio";"Sem Vítimas";"Pleno dia";"Decrescente";"Céu Claro";"Dupla";"Reta;Viaduto";"Não";1;0;0;0;1;0;0;1;-8,300835;-35,9866467;"SPRF-PE";"DEL02-PE";"UOP03-DEL02-PE"
759314;2026-03-19;"quinta-feira";"09:00:00";"RS";472;581;"URUGUAIANA";"Acessar a via sem observar a presença dos outros veículos";"Colisão lateral sentido oposto";"Com Vítimas Feridas";"Pleno dia";"Decrescente";"Sol";"Simples";"Reta";"Sim";2;0;1;0;1;0;1;2;-29,793734;-57,090912;"SPRF-RS";"DEL13-RS";"UOP01-DEL13-RS"
759318;2026-03-19;"quinta-feira";"09:00:00";"PR";277;75;"SAO JOSE DOS PINHAIS";"Acessar a via sem observar a presença dos outros veículos";"Queda de ocupante de veículo";"Com Vítimas Feridas";"Pleno dia";"Crescente";"Céu Claro";"Dupla";"Reta";"Sim";1;0;1;0;0;0;1;1;-25,49406911;-49,16682243;"SPRF-PR";"DEL01-PR";"UOP07-DEL01-PR"
759319;2026-03-19;"quinta-feira";"07:20:00";"RO";364;710;"PORTO VELHO";"Condutor deixou de manter distância do veículo da frente";"Colisão traseira";"Sem Vítimas";"Pleno dia";"Decrescente";"Céu Claro";"Dupla";"Reta";"Sim";3;0;0;0;3;0;0;2;-8,78650941;-63,85672331;"SPRF-RO";"DEL01-RO";"UOP01-DEL01-RO"
759320;2026-03-19;"quinta-feira";"09:45:00";"SC";101;203;"BIGUACU";"Reação tardia ou ineficiente do condutor";"Tombamento";"Com Vítimas Feridas";"Pleno dia";"Crescente";"Nublado";"Múltipla";"Reta";"Sim";1;0;1;0;0;0;1;1;-27,491978;-48,656692;"SPRF-SC";"DEL01-SC";"UOP01-DEL01-SC"
759322;2026-03-19;"quinta-feira";"09:20:00";"SC";101;161;"TIJUCAS";"Avarias e/ou desgaste excessivo no pneu";"Queda de ocupante de veículo";"Com Vítimas Feridas";"Pleno dia";"Decrescente";"Nublado";"Dupla";"Reta";"Não";2;0;2;0;0;0;2;1;-27,21592816;-48,62374289;"SPRF-SC";"DEL04-SC";"UOP03-DEL04-SC"
759324;2026-02-07;"sábado";"13:00:00";"RJ";493;19;"MAGE";"Acumulo de óleo sobre o pavimento";"Tombamento";"Com Vítimas Feridas";"Pleno dia";"Crescente";"Nublado";"Simples";"Retorno Regulamentado";"Sim";2;0;2;0;0;0;2;1;-22,66371436;-43,03371046;"SPRF-RJ";"DEL04-RJ";"UOP02-DEL04-RJ"
759325;2026-03-19;"quinta-feira";"08:50:00";"MG";116;601;"SAO JOAO DO MANHUACU";"Reação tardia ou ineficiente do condutor";"Saída de leito carroçável";"Com Vítimas Feridas";"Pleno dia";"Crescente";"Nublado";"Simples";"Reta";"Não";1;0;1;0;0;0;1;1;-20,347172;-42,146797;"SPRF-MG";"DEL06-MG";"UOP03-DEL06-MG"
759326;2026-03-19;"quinta-feira";"08:30:00";"PR";376;176,3;"MARINGA";"Ausência de reação do condutor";"Colisão traseira";"Com Vítimas Feridas";"Pleno dia";"Decrescente";"Céu Claro";"Múltipla";"Reta;Interseção de Vias";"Não";4;0;2;0;1;1;2;2;-23,41114041;-51,93634499;"SPRF-PR";"DEL09-PR";"UOP01-DEL09-PR"
759327;2026-03-19;"quinta-feira";"08:25:00";"BA";116;3;"VITORIA DA CONQUISTA";"Acessar a via sem observar a presença dos outros veículos";"Colisão transversal";"Com Vítimas Feridas";"Pleno dia";"Decrescente";"Sol";"Simples";"Rotatória";"Não";3;0;0;2;1;0;2;2;-14,82511744;-40,8619637;"SPRF-BA";"DEL08-BA";"UOP01-DEL08-BA"
759328;2026-03-19;"quinta-feira";"08:10:00";"MG";40;604,6;"CONGONHAS";"Acumulo de água sobre o pavimento";"Saída de leito carroçável";"Com Vítimas Feridas";"Pleno dia";"Decrescente";"Chuva";"Simples";"Curva;Aclive";"Não";5;0;4;0;1;0;4;1;-20,45055;-43,84066;"SPRF-MG";"DEL05-MG";"UOP02-DEL05-MG"
759330;2026-01-22;"quinta-feira";"10:30:00";"RJ";40;83;"PETROPOLIS";"Pista Escorregadia";"Colisão com objeto";"Com Vítimas Feridas";"Pleno dia";"Crescente";"Garoa/Chuvisco";"Dupla";"Curva";"Não";3;0;1;0;2;0;1;2;-22,53097854;-43,2361065;"SPRF-RJ";"DEL01-RJ";"UOP01-DEL01-RJ"
759331;2026-03-19;"quinta-feira";"09:55:00";"MG";381;529;"BRUMADINHO";"Velocidade Incompatível";"Saída de leito carroçável";"Com Vítimas Feridas";"Pleno dia";"Decrescente";"Chuva";"Dupla";"Curva";"Não";2;0;2;0;0;0;2;1;-20,16216495;-44,34257389;"SPRF-MG";"DEL04-MG";"UOP03-DEL04-MG"
759332;2026-02-27;"sexta-feira";"11:30:00";"PB";230;78;"SOBRADO";"Acumulo de água sobre o pavimento";"Tombamento";"Com Vítimas Feridas";"Pleno dia";"Decrescente";"Chuva";"Dupla";"Reta";"Sim";2;0;2;0;0;0;2;1;-7,184078;-35,299845;"SPRF-PB";"DEL01-PB";"UOP02-DEL01-PB"
759333;2026-03-19;"quinta-feira";"10:05:00";"RN";101;107;"PARNAMIRIM";"Condutor deixou de manter distância do veículo da frente";"Colisão traseira";"Com Vítimas Feridas";"Pleno dia";"Crescente";"Céu Claro";"Dupla";"Reta";"Não";4;0;2;0;2;0;2;3;-5,923668;-35,264667;"SPRF-RN";"DEL01-RN";"UOP01-DEL01-RN"
759334;2026-03-19;"quinta-feira";"10:30:00";"SC";101;119,7;"ITAJAI";"Acesso irregular";"Colisão lateral mesmo sentido";"Com Vítimas Feridas";"Pleno dia";"Decrescente";"Céu Claro";"Múltipla";"Reta";"Sim";2;0;1;0;1;0;1;2;-26,90512616;-48,71463847;"SPRF-SC";"DEL04-SC";"UOP04-DEL04-SC"
759336;2026-03-19;"quinta-feira";"12:00:00";"SC";282;0;"FLORIANOPOLIS";"Manobra de mudança de faixa";"Colisão traseira";"Com Vítimas Feridas";"Pleno dia";"Crescente";"Céu Claro";"Múltipla";"Aclive;Reta";"Não";2;0;1;0;1;0;1;2;-27,59837749;-48,57345041;"SPRF-SC";"DEL01-SC";"UOP01-DEL01-SC"
759339;2026-03-19;"quinta-feira";"09:20:00";"MG";116;414;"GOVERNADOR VALADARES";"Acessar a via sem observar a presença dos outros veículos";"Colisão transversal";"Com Vítimas Feridas";"Pleno dia";"Crescente";"Nublado";"Múltipla";"Interseção de Vias";"Sim";2;0;1;0;1;0;1;2;-18,884652;-41,947477;"SPRF-MG";"DEL06-MG";"UOP01-DEL06-MG"
759344;2026-03-19;"quinta-feira";"11:35:00";"SC";116;7,1;"MAFRA";"Acessar a via sem observar a presença dos outros veículos";"Colisão transversal";"Com Vítimas Feridas";"Pleno dia";"Decrescente";"Céu Claro";"Simples";"Reta;Interseção de Vias";"Sim";2;0;2;0;0;0;2;2;-26,1531992;-49,8328198;"SPRF-SC";"DEL06-SC";"UOP01-DEL06-SC"
759346;2026-03-19;"quinta-feira";"12:00:00";"RJ";101;508;"ANGRA DOS REIS";"Ausência de reação do condutor";"Colisão traseira";"Com Vítimas Feridas";"Pleno dia";"Decrescente";"Nublado";"Simples";"Reta";"Não";2;0;0;1;1;0;1;2;-22,9794224;-44,44458246;"SPRF-RJ";"DEL03-RJ";"UOP03-DEL03-RJ"
759347;2026-03-19;"quinta-feira";"12:40:00";"PR";277;660,5;"MATELANDIA";"Demais falhas mecânicas ou elétricas";"Incêndio";"Sem Vítimas";"Pleno dia";"Decrescente";"Céu Claro";"Dupla";"Curva;Aclive";"Sim";1;0;0;0;1;0;0;1;-25,2473158;-53,9836861;"SPRF-PR";"DEL05-PR";"UOP02-DEL05-PR"
759348;2026-03-19;"quinta-feira";"11:40:00";"MT";364;450;"VARZEA GRANDE";"Acessar a via sem observar a presença dos outros veículos";"Colisão transversal";"Sem Vítimas";"Pleno dia";"Crescente";"Céu Claro";"Simples";"Reta";"Não";4;0;0;0;4;0;0;2;-15,6038151;-56,2039007;"SPRF-MT";"DEL01-MT";"UOP02-DEL01-MT"
759349;2026-02-12;"quinta-feira";"08:40:00";"PB";230;23,8;"JOAO PESSOA";"Trafegar com motocicleta (ou similar) entre as faixas";"Colisão lateral mesmo sentido";"Com Vítimas Feridas";"Pleno dia";"Decrescente";"Chuva";"Dupla";"Viaduto";"Sim";3;0;1;0;0;2;1;3;-7,16529659;-34,86269731;"SPRF-PB";"DEL01-PB";"UOP01-DEL01-PB"
759351;2026-03-19;"quinta-feira";"12:10:00";"MG";116;421;"ALPERCATA";"Acessar a via sem observar a presença dos outros veículos";"Colisão transversal";"Com Vítimas Feridas";"Pleno dia";"Crescente";"Céu Claro";"Simples";"Reta";"Não";2;0;1;1;0;0;2;2;-18,945268;-41,950097;"SPRF-MG";"DEL06-MG";"UOP01-DEL06-MG"
759355;2026-03-19;"quinta-feira";"13:40:00";"BA";324;513;"FEIRA DE SANTANA";"Acesso irregular";"Colisão transversal";"Com Vítimas Feridas";"Pleno dia";"Crescente";"Céu Claro";"Simples";"Reta";"Sim";3;0;1;0;2;0;1;2;-12,2345;-38,9453;"SPRF-BA";"DEL02-BA";"UOP01-DEL02-BA"
759356;2026-03-19;"quinta-feira";"13:30:00";"SC";282;58;"RANCHO QUEIMADO";"Acumulo de óleo sobre o pavimento";"Colisão frontal";"Com Vítimas Feridas";"Pleno dia";"Crescente";"Chuva";"Simples";"Declive;Curva";"Sim";5;0;3;0;2;0;3;3;-27,68406147;-49,00448055;"SPRF-SC";"DEL01-SC";"UOP03-DEL01-SC"
759358;2026-02-25;"quarta-feira";"10:45:00";"PB";230;20,5;"JOAO PESSOA";"Suicídio (presumido)";"Saída de leito carroçável";"Com Vítimas Feridas";"Pleno dia";"Decrescente";"Céu Claro";"Dupla";"Reta";"Não";1;0;1;0;0;0;1;1;-7,1387117;-34,8526283;"SPRF-PB";"DEL01-PB";"UOP01-DEL01-PB"
759363;2026-03-19;"quinta-feira";"11:37:00";"MT";163;840;"ITIQUIRA";"Condutor Dormindo";"Saída de leito carroçável";"Com Vítimas Feridas";"Pleno dia";"Crescente";"Céu Claro";"Múltipla";"Reta";"Não";1;0;1;0;0;0;1;1;-17,51138681;-54,73972321;"SPRF-MT";"DEL06-MT";"UOP02-DEL06-MT"
759365;2026-03-19;"quinta-feira";"13:50:00";"SC";101;47,9;"JOINVILLE";"Condutor deixou de manter distância do veículo da frente";"Colisão lateral mesmo sentido";"Com Vítimas Feridas";"Pleno dia";"Decrescente";"Nublado";"Dupla";"Aclive;Curva";"Não";2;0;0;1;0;1;1;2;-26,374932;-48,855123;"SPRF-SC";"DEL03-SC";"UOP01-DEL03-SC"
759367;2026-03-08;"domingo";"05:30:00";"MG";251;411,2;"GRAO MOGOL";"Condutor Dormindo";"Saída de leito carroçável";"Com Vítimas Fatais";"Amanhecer";"Crescente";"Céu Claro";"Simples";"Reta";"Não";50;2;7;2;39;0;9;1;-16,275346;-42,989739;"SPRF-MG";"DEL12-MG";"UOP01-DEL12-MG"
759368;2026-03-19;"quinta-feira";"11:30:00";"BA";101;513;"ITABUNA";"Acessar a via sem observar a presença dos outros veículos";"Colisão traseira";"Com Vítimas Feridas";"Pleno dia";"Crescente";"Sol";"Simples";"Reta";"Não";3;0;0;2;1;0;2;2;-14,86033387;-39,27927542;"SPRF-BA";"DEL05-BA";"UOP01-DEL05-BA"
759369;2026-03-06;"sexta-feira";"21:00:00";"RN";304;155;"ANGICOS";"Animais na Pista";"Saída de leito carroçável";"Com Vítimas Feridas";"Plena Noite";"Decrescente";"Ignorado";"Simples";"Reta";"Não";1;0;1;0;0;0;1;1;-5,6943949;-36,57176971;"SPRF-RN";"DEL04-RN";"UOP01-DEL04-RN"
759370;2026-03-17;"terça-feira";"20:00:00";"AC";364;676,8;"TARAUACA";"Pista esburacada";"Queda de ocupante de veículo";"Com Vítimas Feridas";"Plena Noite";"Decrescente";"Ignorado";"Simples";"Reta";"Não";3;0;1;0;0;2;1;2;-7,814995;-71,968122;"SPRF-AC";"DEL01-AC";"UOP03-DEL01-AC"
759371;2026-03-19;"quinta-feira";"12:20:00";"MG";381;484;"BETIM";"Reação tardia ou ineficiente do condutor";"Tombamento";"Com Vítimas Feridas";"Pleno dia";"Decrescente";"Céu Claro";"Múltipla";"Reta";"Não";1;0;1;0;0;0;1;1;-19,9588039;-44,0910771;"SPRF-MG";"DEL01-MG";"UOP03-DEL01-MG"
759372;2026-03-19;"quinta-feira";"14:40:00";"MG";262;386,3;"PARA DE MINAS";"Chuva";"Saída de leito carroçável";"Com Vítimas Feridas";"Pleno dia";"Crescente";"Chuva";"Dupla";"Reta;Aclive";"Não";2;0;2;0;0;0;2;1;-19,89528511;-44,56980372;"SPRF-MG";"DEL01-MG";"UOP03-DEL01-MG"
759373;2026-03-19;"quinta-feira";"12:40:00";"RJ";101;319;"SAO GONCALO";"Condutor deixou de manter distância do veículo da frente";"Queda de ocupante de veículo";"Com Vítimas Feridas";"Pleno dia";"Crescente";"Céu Claro";"Dupla";"Reta";"Sim";2;0;1;0;1;0;1;2;-22,81701058;-43,0777359;"SPRF-RJ";"DEL02-RJ";"UOP02-DEL02-RJ"
759374;2026-03-19;"quinta-feira";"13:50:00";"MG";40;206;"JOAO PINHEIRO";"Acumulo de água sobre o pavimento";"Saída de leito carroçável";"Com Vítimas Feridas";"Pleno dia";"Decrescente";"Chuva";"Simples";"Curva;Aclive";"Não";3;0;3;0;0;0;3;1;-17,9931;-45,7597;"SPRF-MG";"DEL14-MG";"UOP02-DEL14-MG"
759375;2026-03-19;"quinta-feira";"10:10:00";"PR";373;252,1;"GUAMIRANGA";"Acessar a via sem observar a presença dos outros veículos";"Colisão transversal";"Sem Vítimas";"Pleno dia";"Decrescente";"Sol";"Simples";"Interseção de Vias";"Não";2;0;0;0;2;0;0;2;-25,18975015;-50,84330178;"SPRF-PR";"DEL03-PR";"UOP01-DEL03-PR"
759376;2026-03-19;"quinta-feira";"13:30:00";"MG";381;628;"OLIVEIRA";"Ausência de reação do condutor";"Saída de leito carroçável";"Com Vítimas Feridas";"Pleno dia";"Decrescente";"Chuva";"Dupla";"Curva";"Não";1;0;1;0;0;0;1;1;-20,81859143;-44,79836655;"SPRF-MG";"DEL04-MG";"UOP01-DEL04-MG"
759377;2026-03-19;"quinta-feira";"15:15:00";"RS";285;454,8;"IJUI";"Acessar a via sem observar a presença dos outros veículos";"Colisão transversal";"Com Vítimas Feridas";"Pleno dia";"Crescente";"Céu Claro";"Simples";"Reta;Aclive";"Sim";3;0;2;0;1;0;2;2;-28,38169729;-53,88144851;"SPRF-RS";"DEL10-RS";"UOP01-DEL10-RS"
759379;2026-03-19;"quinta-feira";"15:20:00";"MG";50;52,7;"ARAGUARI";"Avarias e/ou desgaste excessivo no pneu";"Saída de leito carroçável";"Com Vítimas Feridas";"Pleno dia";"Decrescente";"Nublado";"Dupla";"Aclive;Reta";"Não";2;0;1;0;1;0;1;1;-18,7579537;-48,2405052;"SPRF-MG";"DEL15-MG";"UOP02-DEL15-MG"
759380;2026-03-19;"quinta-feira";"08:30:00";"SP";116;116;"TAUBATE";"Manobra de mudança de faixa";"Colisão lateral mesmo sentido";"Com Vítimas Feridas";"Pleno dia";"Decrescente";"Garoa/Chuvisco";"Dupla";"Reta";"Sim";2;0;1;0;1;0;1;2;-23,05572553;-45,61248779;"SPRF-SP";"DEL02-SP";"UOP02-DEL02-SP"
759381;2026-03-19;"quinta-feira";"09:30:00";"MG";381;150,5;"GOVERNADOR VALADARES";"Condutor Dormindo";"Saída de leito carroçável";"Com Vítimas Feridas";"Pleno dia";"Decrescente";"Céu Claro";"Simples";"Reta";"Não";1;0;1;0;0;0;1;1;-18,8748;-41,992813;"SPRF-MG";"DEL06-MG";"UOP01-DEL06-MG"
759384;2026-03-19;"quinta-feira";"08:50:00";"RO";421;69,1;"MONTE NEGRO";"Acessar a via sem observar a presença dos outros veículos";"Colisão transversal";"Com Vítimas Feridas";"Pleno dia";"Decrescente";"Céu Claro";"Simples";"Interseção de Vias;Reta";"Não";2;0;0;1;1;0;1;2;-10,360782;-63,427993;"SPRF-RO";"DEL03-RO";"UOP01-DEL03-RO"
759385;2026-03-19;"quinta-feira";"12:30:00";"BA";110;340;"ALAGOINHAS";"Acessar a via sem observar a presença dos outros veículos";"Colisão lateral mesmo sentido";"Com Vítimas Feridas";"Pleno dia";"Decrescente";"Céu Claro";"Simples";"Interseção de Vias";"Não";3;0;2;0;1;0;2;2;-12,16290258;-38,41528986;"SPRF-BA";"DEL01-BA";"UOP04-DEL01-BA"