"id";"data_inversa";"dia_semana";"horario";"uf";"br";"km";"municipio";"causa_acidente";"tipo_acidente";"classificacao_acidente";"fase_dia";"sentido_via";"condicao_metereologica";"tipo_pista";"tracado_via";"uso_solo";"pessoas";"mortos";"feridos_leves";"feridos_graves";"ilesos";"ignorados";"feridos";"veiculos";"latitude";"longitude";"regional";"delegacia";"uop"
759721;2026-03-21;"sábado";"00:03:00";"PR";277;672;"MEDIANEIRA";"Velocidade Incompatível";"Colisão traseira";"Com Vítimas Feridas";"Plena Noite";"Decrescente";"Céu Claro";"Dupla";"Declive";"Sim";2;0;1;0;1;0;1;2;-25,2888043;-54,1010052;"SPRF-PR";"DEL05-PR";"UOP02-DEL05-PR"
759724;2026-03-21;"sábado";"01:00:00";"MA";10;313;"ACAILANDIA";"Chuva";"Saída de leito carroçável";"Sem Vítimas";"Plena Noite";"Crescente";"Chuva";"Simples";"Curva;Declive";"Não";1;0;0;0;0;1;0;1;-5,0006;-47,5364;"SPRF-MA";"DEL04-MA";"UOP03-DEL04-MA"
759725;2026-03-20;"sexta-feira";"22:35:00";"PR";153;468,5;"PORTO VITORIA";"Transitar na contramão";"Colisão frontal";"Com Vítimas Fatais";"Plena Noite";"Crescente";"Céu Claro";"Simples";"Curva";"Não";5;2;0;3;0;0;3;2;-26,2848219;-51,1949755;"SPRF-PR";"DEL02-PR";"UOP03-DEL02-PR"
759726;2026-03-21;"sábado";"02:30:00";"SC";470;175;"POUSO REDONDO";"Reação tardia ou ineficiente do condutor";"Saída de leito carroçável";"Com Vítimas Feridas";"Plena Noite";"Decrescente";"Céu Claro";"Simples";"Curva";"Não";1;0;0;1;0;0;1;1;-27,25490403;-49,94762521;"SPRF-SC";"DEL04-SC";"UOP02-DEL04-SC"
759727;2026-03-21;"sábado";"03:00:00";"MA";10;257;"IMPERATRIZ";"Pista Escorregadia";"Queda de ocupante de veículo";"Com Vítimas Feridas";"Plena Noite";"Decrescente";"Garoa/Chuvisco";"Simples";"Reta";"Sim";1;0;1;0;0;0;1;1;-5,483241;-47,472105;"SPRF-MA";"DEL04-MA";"UOP01-DEL04-MA"
759731;2026-03-21;"sábado";"02:15:00";"SC";280;230;"CANOINHAS";"Velocidade Incompatível";"Saída de leito carroçável";"Com Vítimas Feridas";"Plena Noite";"Crescente";"Nublado";"Simples";"Rotatória;Curva";"Sim";1;0;0;1;0;0;1;1;-26,187357;-50,360652;"SPRF-SC";"DEL06-SC";"UOP04-DEL06-SC"
759732;2026-03-21;"sábado";"04:10:00";"PB";101;34,9;"MAMANGUAPE";"Condutor Dormindo";"Colisão com objeto";"Sem Vítimas";"Plena Noite";"Decrescente";"Céu Claro";"Dupla";"Reta";"Não";3;0;0;0;3;0;0;2;-6,793563;-35,136827;"SPRF-PB";"DEL01-PB";"UOP03-DEL01-PB"
759734;2026-03-21;"sábado";"03:55:00";"RO";364;227;"CACOAL";"Ausência de reação do condutor";"Colisão com objeto";"Com Vítimas Fatais";"Plena Noite";"Decrescente";"Céu Claro";"Simples";"Reta";"Não";1;1;0;0;0;0;0;1;-11,495772;-61,375032;"SPRF-RO";"DEL02-RO";"UOP02-DEL02-RO"
759735;2026-03-21;"sábado";"03:45:00";"RJ";393;247;"BARRA DO PIRAI";"Pista esburacada";"Queda de ocupante de veículo";"Com Vítimas Feridas";"Plena Noite";"Decrescente";"Nevoeiro/Neblina";"Simples";"Reta";"Não";2;0;2;0;0;0;2;1;-22,43519691;-43,77712425;"SPRF-RJ";"DEL05-RJ";"UOP04-DEL05-RJ"
759736;2026-03-21;"sábado";"05:00:00";"TO";10;447,4;"PALMAS";"Ingestão de álcool pelo condutor";"Tombamento";"Com Vítimas Feridas";"Plena Noite";"Crescente";"Chuva";"Simples";"Reta";"Não";1;0;0;1;0;0;1;1;-10,36984;-48,30375;"SPRF-TO";"DEL01-TO";"UOP03-DEL01-TO"
759738;2026-03-21;"sábado";"05:40:00";"SC";101;138,8;"BALNEARIO CAMBORIU";"Ausência de reação do condutor";"Colisão com objeto";"Sem Vítimas";"Amanhecer";"Crescente";"Nublado";"Dupla";"Aclive;Curva";"Não";1;0;0;0;1;0;0;1;-27,02640664;-48,60729218;"SPRF-SC";"DEL04-SC";"UOP03-DEL04-SC"
759740;2026-03-21;"sábado";"05:40:00";"PB";230;23;"JOAO PESSOA";"Reação tardia ou ineficiente do condutor";"Tombamento";"Com Vítimas Feridas";"Pleno dia";"Decrescente";"Céu Claro";"Dupla";"Reta";"Não";2;0;2;0;0;0;2;1;-7,16503845;-34,86245725;"SPRF-PB";"DEL01-PB";"UOP01-DEL01-PB"
759743;2026-03-20;"sexta-feira";"19:10:00";"RS";470;153;"NOVA PRATA";"Ausência de reação do condutor";"Saída de leito carroçável";"Com Vítimas Feridas";"Anoitecer";"Decrescente";"Céu Claro";"Simples";"Reta";"Sim";1;0;1;0;0;0;1;1;-28,759557;-51,626755;"SPRF-RS";"DEL06-RS";"UOP02-DEL06-RS"
759746;2026-03-21;"sábado";"03:20:00";"SC";101;432,5;"SOMBRIO";"Ausência de reação do condutor";"Colisão traseira";"Com Vítimas Feridas";"Plena Noite";"Crescente";"Céu Claro";"Múltipla";"Reta";"Sim";3;0;2;0;1;0;2;2;-29,0631556;-49,62427553;"SPRF-SC";"DEL02-SC";"UOP02-DEL02-SC"
759747;2026-03-21;"sábado";"06:00:00";"MS";158;13,9;"CASSILANDIA";"Frear bruscamente";"Colisão traseira";"Com Vítimas Feridas";"Amanhecer";"Decrescente";"Céu Claro";"Simples";"Declive;Reta";"Não";4;0;1;0;2;1;1;3;-19,160489;-51,643299;"SPRF-MS";"DEL08-MS";"UOP01-DEL08-MS"
759751;2026-03-21;"sábado";"06:46:00";"PE";104;43,5;"CARUARU";"Velocidade Incompatível";"Saída de leito carroçável";"Com Vítimas Feridas";"Pleno dia";"Decrescente";"Céu Claro";"Dupla";"Declive;Curva";"Não";2;0;1;0;1;0;1;1;-8,11002;-36,01868;"SPRF-PE";"DEL02-PE";"UOP01-DEL02-PE"
759752;2026-03-21;"sábado";"06:45:00";"MG";262;810;"UBERABA";"Falta de acostamento";"Colisão traseira";"Com Vítimas Feridas";"Amanhecer";"Crescente";"Céu Claro";"Dupla";"Interseção de Vias";"Sim";2;0;0;1;1;0;1;2;-19,770823;-47,972793;"SPRF-MG";"DEL13-MG";"UOP01-DEL13-MG"
759754;2026-03-21;"sábado";"02:00:00";"RJ";40;119;"DUQUE DE CAXIAS";"Ausência de reação do condutor";"Colisão com objeto";"Com Vítimas Feridas";"Plena Noite";"Decrescente";"Céu Claro";"Dupla";"Reta";"Sim";1;0;1;0;0;0;1;1;-22,76514879;-43,28640866;"SPRF-RJ";"DEL01-RJ";"UOP02-DEL01-RJ"
759755;2026-03-21;"sábado";"07:20:00";"PR";373;172;"PONTA GROSSA";"Condutor usando celular";"Saída de leito carroçável";"Com Vítimas Feridas";"Pleno dia";"Crescente";"Céu Claro";"Dupla";"Reta";"Sim";1;0;1;0;0;0;1;1;-25,08095;-50,19272;"SPRF-PR";"DEL03-PR";"UOP01-DEL03-PR"
759756;2026-02-21;"sábado";"17:00:00";"BA";324;622;"SALVADOR";"Manobra de mudança de faixa";"Incêndio";"Sem Vítimas";"Plena Noite";"Decrescente";"Nublado";"Dupla";"Reta";"Sim";1;0;0;0;1;0;0;1;-12,9306983;-38,4722602;"SPRF-BA";"DEL01-BA";"UOP01-DEL01-BA"
759757;2026-03-20;"sexta-feira";"20:00:00";"RJ";40;121;"DUQUE DE CAXIAS";"Pedestre andava na pista";"Atropelamento de Pedestre";"Com Vítimas Feridas";"Plena Noite";"Decrescente";"Céu Claro";"Dupla";"Reta";"Sim";2;0;1;0;0;1;1;2;-22,79304664;-43,28677654;"SPRF-RJ";"DEL01-RJ";"UOP02-DEL01-RJ"
759760;2026-03-13;"sexta-feira";"18:50:00";"RS";0;0;"SANTA CRUZ DO SUL";"Demais falhas mecânicas ou elétricas";"Colisão traseira";"Sem Vítimas";"Anoitecer";"Não Informado";"Céu Claro";"Simples";"Reta";"Sim";2;0;0;0;2;0;0;2;-29,74201756;-52,42559759;"SPRF-RS";"DEL02-RS";"UOP03-DEL02-RS"
759761;2026-03-21;"sábado";"07:15:00";"PE";232;9,9;"JABOATAO DOS GUARARAPES";"Reação tardia ou ineficiente do condutor";"Colisão traseira";"Com Vítimas Feridas";"Pleno dia";"Crescente";"Céu Claro";"Dupla";"Reta";"Sim";3;0;1;0;1;1;1;3;-8,07893;-34,98623;"SPRF-PE";"DEL01-PE";"UOP01-DEL01-PE"
759762;2026-03-21;"sábado";"07:40:00";"GO";60;340;"SANTO ANTONIO DA BARRA";"Condutor Dormindo";"Saída de leito carroçável";"Sem Vítimas";"Pleno dia";"Crescente";"Céu Claro";"Dupla";"Reta";"Sim";2;0;0;0;2;0;0;1;-17,559553;-50,626485;"SPRF-GO";"DEL04-GO";"UOP02-DEL04-GO"
759765;2026-03-21;"sábado";"08:40:00";"BA";116;330;"ARACI";"Velocidade Incompatível";"Saída de leito carroçável";"Com Vítimas Feridas";"Pleno dia";"Decrescente";"Céu Claro";"Simples";"Declive;Curva";"Não";3;0;0;1;2;0;1;1;-11,41644242;-38,97021946;"SPRF-BA";"DEL02-BA";"UOP01-DEL02-BA"
759767;2026-03-21;"sábado";"08:20:00";"PE";407;124,9;"PETROLINA";"Ausência de reação do condutor";"Colisão traseira";"Com Vítimas Feridas";"Pleno dia";"Crescente";"Céu Claro";"Dupla";"Reta";"Sim";2;0;1;0;1;0;1;2;-9,37984503;-40,53373432;"SPRF-PE";"DEL06-PE";"UOP01-DEL06-PE"
759768;2026-03-21;"sábado";"07:30:00";"PR";376;45;"NOVA LONDRINA";"Ausência de reação do condutor";"Saída de leito carroçável";"Com Vítimas Feridas";"Pleno dia";"Decrescente";"Céu Claro";"Simples";"Reta";"Não";1;0;1;0;0;0;1;1;-22,87392;-52,95331;"SPRF-PR";"DEL09-PR";"UOP02-DEL09-PR"
759770;2026-03-21;"sábado";"09:40:00";"RS";290;92;"PORTO ALEGRE";"Acessar a via sem observar a presença dos outros veículos";"Colisão lateral mesmo sentido";"Com Vítimas Feridas";"Pleno dia";"Decrescente";"Céu Claro";"Múltipla";"Reta;Retorno Regulamentado";"Não";2;0;1;0;1;0;1;2;-29,96946842;-51,16959279;"SPRF-RS";"DEL01-RS";"UOP01-DEL01-RS"
759773;2026-03-21;"sábado";"07:45:00";"RJ";101;422;"MANGARATIBA";"Reação tardia ou ineficiente do condutor";"Saída de leito carroçável";"Com Vítimas Feridas";"Pleno dia";"Decrescente";"Céu Claro";"Simples";"Curva";"Não";1;0;0;1;0;0;1;1;-22,9188784;-43,94565599;"SPRF-RJ";"DEL03-RJ";"UOP02-DEL03-RJ"
759775;2026-03-21;"sábado";"09:25:00";"RS";116;249,4;"SAO LEOPOLDO";"Reação tardia ou ineficiente do condutor";"Saída de leito carroçável";"Com Vítimas Feridas";"Pleno dia";"Decrescente";"Céu Claro";"Múltipla";"Curva";"Sim";1;0;0;1;0;0;1;1;-29,78574799;-51,1630685;"SPRF-RS";"DEL01-RS";"UOP02-DEL01-RS"
759776;2026-03-21;"sábado";"09:30:00";"SC";101;377;"ICARA";"Demais falhas mecânicas ou elétricas";"Tombamento";"Com Vítimas Feridas";"Pleno dia";"Decrescente";"Céu Claro";"Dupla";"Curva";"Não";2;0;2;0;0;0;2;1;-28,74987337;-49,26191211;"SPRF-SC";"DEL02-SC";"UOP01-DEL02-SC"
759777;2026-03-21;"sábado";"10:30:00";"SP";381;40;"ATIBAIA";"Ingestão de álcool pelo condutor";"Colisão lateral mesmo sentido";"Sem Vítimas";"Pleno dia";"Decrescente";"Céu Claro";"Dupla";"Reta";"Não";2;0;0;0;2;0;0;2;-23,1316183;-46,5763917;"SPRF-SP";"DEL03-SP";"UOP01-DEL03-SP"
759778;2026-03-21;"sábado";"09:25:00";"PR";0;0;"MARINGA";"Desrespeitar a preferência no cruzamento";"Colisão transversal";"Sem Vítimas";"Pleno dia";"Não Informado";"Sol";"Simples";"Interseção de Vias";"Sim";5;0;0;0;3;2;0;3;-23,3671075;-52,0699749;"SPRF-PR";"DEL09-PR";"UOP02-DEL09-PR"
759779;2026-03-21;"sábado";"10:45:00";"SC";101;204,8;"SAO JOSE";"Condutor deixou de manter distância do veículo da frente";"Colisão traseira";"Com Vítimas Feridas";"Pleno dia";"Decrescente";"Céu Claro";"Dupla";"Reta";"Sim";2;0;1;0;1;0;1;2;-27,58205;-48,6149;"SPRF-SC";"DEL01-SC";"UOP01-DEL01-SC"
759780;2026-03-21;"sábado";"08:45:00";"MG";50;148;"UBERABA";"Reação tardia ou ineficiente do condutor";"Capotamento";"Com Vítimas Feridas";"Pleno dia";"Crescente";"Céu Claro";"Dupla";"Reta";"Não";1;0;1;0;0;0;1;1;-19,7031511;-47,985492;"SPRF-MG";"DEL13-MG";"UOP01-DEL13-MG"
759783;2026-03-21;"sábado";"10:40:00";"SC";101;136;"BALNEARIO CAMBORIU";"Ausência de reação do condutor";"Colisão lateral mesmo sentido";"Com Vítimas Feridas";"Pleno dia";"Crescente";"Céu Claro";"Dupla";"Reta";"Não";2;0;0;1;1;0;1;2;-27,01144681;-48,61423843;"SPRF-SC";"DEL04-SC";"UOP03-DEL04-SC"
759784;2026-03-21;"sábado";"11:00:00";"RS";285;189,9;"LAGOA VERMELHA";"Conversão proibida";"Colisão transversal";"Com Vítimas Feridas";"Pleno dia";"Crescente";"Céu Claro";"Simples";"Curva";"Não";2;0;1;0;1;0;1;2;-28,265344;-51,472755;"SPRF-RS";"DEL08-RS";"UOP05-DEL08-RS"
759786;2026-03-21;"sábado";"11:00:00";"PR";277;0,9;"FOZ DO IGUACU";"Manobra de mudança de faixa";"Colisão lateral mesmo sentido";"Com Vítimas Feridas";"Pleno dia";"Decrescente";"Sol";"Dupla";"Rotatória;Reta";"Sim";3;0;2;0;1;0;2;2;-25,5000388;-54,51630441;"SPRF-PR";"DEL01-PR";"UOP05-DEL01-PR"
759787;2026-03-21;"sábado";"09:20:00";"AC";317;109;"SENADOR GUIOMARD";"Ausência de reação do condutor";"Saída de leito carroçável";"Com Vítimas Feridas";"Pleno dia";"Decrescente";"Céu Claro";"Simples";"Curva";"Não";1;0;1;0;0;0;1;1;-10,3081333;-67,6938983;"SPRF-AC";"DEL01-AC";"UOP02-DEL01-AC"
759788;2026-03-13;"sexta-feira";"12:40:00";"MS";262;540,8;"MIRANDA";"Ausência de reação do condutor";"Queda de ocupante de veículo";"Com Vítimas Feridas";"Pleno dia";"Crescente";"Céu Claro";"Simples";"Reta";"Não";1;0;0;1;0;0;1;1;-20,3137;-56,2383;"SPRF-MS";"DEL03-MS";"UOP02-DEL03-MS"
759792;2026-03-21;"sábado";"11:15:00";"PE";232;69;"GRAVATA";"Demais falhas mecânicas ou elétricas";"Incêndio";"Sem Vítimas";"Pleno dia";"Crescente";"Céu Claro";"Dupla";"Reta";"Não";1;0;0;0;1;0;0;1;-8,172373;-35,479655;"SPRF-PE";"DEL02-PE";"UOP02-DEL02PE"
759793;2026-03-21;"sábado";"10:50:00";"MG";381;494;"BETIM";"Avarias e/ou desgaste excessivo no pneu";"Tombamento";"Com Vítimas Feridas";"Pleno dia";"Crescente";"Céu Claro";"Múltipla";"Reta";"Sim";2;0;2;0;0;0;2;1;-19,96532667;-44,17534797;"SPRF-MG";"DEL01-MG";"UOP03-DEL01-MG"
759794;2026-03-21;"sábado";"12:42:00";"PE";101;68,2;"RECIFE";"Reação tardia ou ineficiente do condutor";"Engavetamento";"Com Vítimas Feridas";"Pleno dia";"Decrescente";"Céu Claro";"Dupla";"Viaduto";"Sim";5;0;1;1;3;0;2;4;-8,05286;-34,94623;"SPRF-PE";"DEL01-PE";"UOP01-DEL01-PE"
759795;2026-03-21;"sábado";"10:40:00";"SC";280;24,3;"ARAQUARI";"Acessar a via sem observar a presença dos outros veículos";"Colisão transversal";"Com Vítimas Feridas";"Pleno dia";"Decrescente";"Céu Claro";"Simples";"Reta;Interseção de Vias";"Sim";2;0;0;1;1;0;1;2;-26,37939441;-48,72198343;"SPRF-SC";"DEL03-SC";"UOP03-DEL03-SC"
759796;2026-03-21;"sábado";"12:30:00";"RS";472;127,5;"TRES DE MAIO";"Acesso irregular";"Colisão transversal";"Com Vítimas Feridas";"Pleno dia";"Decrescente";"Céu Claro";"Simples";"Reta;Interseção de Vias";"Não";3;0;1;2;0;0;3;2;-27,73284445;-54,2001915;"SPRF-RS";"DEL10-RS";"UOP01-DEL10-RS"
759797;2026-03-21;"sábado";"12:10:00";"MG";40;618,6;"CONGONHAS";"Reação tardia ou ineficiente do condutor";"Colisão transversal";"Com Vítimas Feridas";"Pleno dia";"Crescente";"Céu Claro";"Simples";"Reta";"Sim";2;0;0;1;1;0;1;2;-20,561844;-43,812317;"SPRF-MG";"DEL05-MG";"UOP02-DEL05-MG"
759799;2026-03-21;"sábado";"12:50:00";"SC";101;219;"PALHOCA";"Condutor deixou de manter distância do veículo da frente";"Colisão traseira";"Com Vítimas Feridas";"Pleno dia";"Decrescente";"Céu Claro";"Dupla";"Reta";"Sim";1;0;1;0;0;0;1;1;-27,68542301;-48,66643874;"SPRF-SC";"DEL01-SC";"UOP02-DEL01-SC"
759800;2026-03-13;"sexta-feira";"19:40:00";"PR";376;605,7;"CURITIBA";"Velocidade Incompatível";"Tombamento";"Com Vítimas Feridas";"Plena Noite";"Crescente";"Ignorado";"Múltipla";"Interseção de Vias";"Sim";1;0;1;0;0;0;1;1;-25,54357;-49,307678;"SPRF-PR";"DEL01-PR";"UOP03-DEL01-PR"
759801;2026-03-21;"sábado";"13:25:00";"SP";116;231;"SAO PAULO";"Ausência de reação do condutor";"Colisão traseira";"Com Vítimas Feridas";"Pleno dia";"Crescente";"Céu Claro";"Múltipla";"Viaduto";"Sim";3;0;1;0;2;0;1;2;-23,522446;-46,585891;"SPRF-SP";"DEL01-SP";"UOP01-DEL01-SP"
759802;2026-03-21;"sábado";"13:40:00";"SP";116;212;"GUARULHOS";"Trafegar com motocicleta (ou similar) entre as faixas";"Colisão lateral mesmo sentido";"Com Vítimas Feridas";"Pleno dia";"Decrescente";"Nublado";"Múltipla";"Reta";"Não";2;0;1;0;1;0;1;2;-23,438084;-46,433004;"SPRF-SP";"DEL01-SP";"UOP01-DEL01-SP"
759803;2026-03-21;"sábado";"13:40:00";"PR";376;645,3;"TIJUCAS DO SUL";"Manobra de mudança de faixa";"Saída de leito carroçável";"Com Vítimas Feridas";"Pleno dia";"Crescente";"Nublado";"Dupla";"Curva";"Não";2;0;0;1;0;1;1;2;-25,82955;-49,117287;"SPRF-PR";"DEL01-PR";"UOP04-DEL01-PR"
759805;2026-03-21;"sábado";"11:15:00";"PE";407;78,5;"PETROLINA";"Reação tardia ou ineficiente do condutor";"Saída de leito carroçável";"Com Vítimas Feridas";"Pleno dia";"Crescente";"Céu Claro";"Simples";"Reta";"Não";5;0;3;1;1;0;4;1;-9,00525293;-40,70012793;"SPRF-PE";"DEL06-PE";"UOP02-DEL06-PE"
759806;2026-03-21;"sábado";"09:35:00";"MT";364;204,1;"RONDONOPOLIS";"Reação tardia ou ineficiente do condutor";"Colisão traseira";"Com Vítimas Feridas";"Pleno dia";"Decrescente";"Nublado";"Simples";"Interseção de Vias";"Sim";3;0;1;0;2;0;1;2;-16,46373073;-54,65907203;"SPRF-MT";"DEL02-MT";"UOP01-DEL02-MT"
759807;2026-03-21;"sábado";"12:50:00";"BA";415;50;"ITABUNA";"Conversão proibida";"Tombamento";"Com Vítimas Feridas";"Pleno dia";"Crescente";"Céu Claro";"Simples";"Reta";"Sim";3;0;2;0;0;1;2;2;-14,82297362;-39,31038201;"SPRF-BA";"DEL05-BA";"UOP01-DEL05-BA"
759808;2026-03-21;"sábado";"14:00:00";"RJ";116;189;"NOVA IGUACU";"Manobra de mudança de faixa";"Colisão lateral mesmo sentido";"Com Vítimas Feridas";"Pleno dia";"Decrescente";"Céu Claro";"Múltipla";"Reta";"Sim";2;0;1;0;1;0;1;2;-22,74380282;-43,51436198;"SPRF-RJ";"DEL06-RJ";"UOP01-DEL06-RJ"
759812;2026-03-21;"sábado";"09:00:00";"PE";232;408;"SERRA TALHADA";"Acessar a via sem observar a presença dos outros veículos";"Colisão transversal";"Com Vítimas Feridas";"Pleno dia";"Decrescente";"Céu Claro";"Simples";"Declive;Interseção de Vias;Retorno Regulamentado";"Sim";3;0;2;0;1;0;2;2;-7,983357;-38,282433;"SPRF-PE";"DEL04-PE";"UOP01-DEL04-PE"
759813;2026-03-21;"sábado";"14:30:00";"RS";116;243,9;"SAO LEOPOLDO";"Trafegar com motocicleta (ou similar) entre as faixas";"Colisão lateral mesmo sentido";"Com Vítimas Feridas";"Pleno dia";"Crescente";"Céu Claro";"Múltipla";"Em Obras;Reta";"Sim";5;0;2;0;3;0;2;2;-29,73610204;-51,15014283;"SPRF-RS";"DEL01-RS";"UOP02-DEL01-RS"
759814;2026-03-21;"sábado";"13:50:00";"CE";20;323;"CARIDADE";"Reação tardia ou ineficiente do condutor";"Saída de leito carroçável";"Com Vítimas Feridas";"Pleno dia";"Decrescente";"Céu Claro";"Simples";"Curva";"Não";2;0;1;0;1;0;1;1;-4,249912;-39,209763;"SPRF-CE";"DEL02-CE";"UOP01-DEL02-CE"
759816;2026-03-21;"sábado";"14:20:00";"SP";101;45;"UBATUBA";"Acessar a via sem observar a presença dos outros veículos";"Colisão transversal";"Com Vítimas Feridas";"Pleno dia";"Crescente";"Céu Claro";"Simples";"Reta";"Sim";2;0;1;0;0;1;1;2;-23,42086797;-45,07079456;"SPRF-SP";"DEL06-SP";"UOP01-DEL06-SP"
759821;2026-03-21;"sábado";"14:20:00";"SP";116;139,9;"SAO JOSE DOS CAMPOS";"Ausência de reação do condutor";"Colisão traseira";"Com Vítimas Feridas";"Pleno dia";"Crescente";"Sol";"Dupla";"Reta";"Não";2;0;1;0;0;1;1;2;-23,16219348;-45,80538217;"SPRF-SP";"DEL02-SP";"UOP01-DEL02-SP"
759822;2026-03-21;"sábado";"16:00:00";"PE";407;124,7;"PETROLINA";"Ausência de reação do condutor";"Colisão traseira";"Sem Vítimas";"Pleno dia";"Crescente";"Céu Claro";"Múltipla";"Reta";"Sim";2;0;0;0;2;0;0;2;-9,37819379;-40,5353543;"SPRF-PE";"DEL06-PE";"UOP01-DEL06-PE"
759824;2026-03-21;"sábado";"15:30:00";"SC";101;126;"ITAJAI";"Condutor deixou de manter distância do veículo da frente";"Colisão traseira";"Com Vítimas Feridas";"Pleno dia";"Crescente";"Céu Claro";"Dupla";"Curva";"Não";2;0;0;1;1;0;1;2;-26,959514;-48,68038841;"SPRF-SC";"DEL04-SC";"UOP04-DEL04-SC"
759825;2026-03-21;"sábado";"15:30:00";"MG";116;416,1;"GOVERNADOR VALADARES";"Velocidade Incompatível";"Saída de leito carroçável";"Com Vítimas Feridas";"Pleno dia";"Crescente";"Nublado";"Simples";"Reta";"Sim";2;0;1;0;0;1;1;2;-18,90053959;-41,94549434;"SPRF-MG";"DEL06-MG";"UOP01-DEL06-MG"
759826;2026-03-21;"sábado";"12:00:00";"RJ";493;98;"SEROPEDICA";"Reação tardia ou ineficiente do condutor";"Saída de leito carroçável";"Com Vítimas Feridas";"Pleno dia";"Crescente";"Céu Claro";"Dupla";"Reta";"Não";3;0;3;0;0;0;3;1;-22,72656046;-43,7134873;"SPRF-RJ";"DEL01-RJ";"UOP03-DEL01-RJ"
759827;2026-03-21;"sábado";"11:16:00";"PI";0;0;"ALTOS";"Desrespeitar a preferência no cruzamento";"Colisão transversal";"Com Vítimas Feridas";"Pleno dia";"Não Informado";"Céu Claro";"Simples";"Reta;Interseção de Vias";"Sim";2;0;1;0;1;0;1;2;-5,037431;-42,478045;"SPRF-PI";"DEL01-PI";"UOP01-DEL01-PI"
759828;2026-03-18;"quarta-feira";"07:40:00";"MS";376;138;"IVINHEMA";"Reação tardia ou ineficiente do condutor";"Tombamento";"Com Vítimas Feridas";"Pleno dia";"Decrescente";"Chuva";"Simples";"Reta";"Não";1;0;0;1;0;0;1;1;-22,3807182;-53,66853047;"SPRF-MS";"DEL04-MS";"UOP04-DEL04-MS"
759829;2026-03-21;"sábado";"12:00:00";"MT";174;154;"GLORIA DOESTE";"Retorno proibido";"Colisão transversal";"Com Vítimas Feridas";"Pleno dia";"Crescente";"Nublado";"Simples";"Reta";"Não";3;0;1;0;2;0;1;2;-15,811;-58,338;"SPRF-MT";"DEL03-MT";"UOP01-DEL03-MT"
759830;2026-03-21;"sábado";"11:15:00";"MG";365;471,6;"PATROCINIO";"Ultrapassagem Indevida";"Colisão lateral sentido oposto";"Com Vítimas Feridas";"Pleno dia";"Decrescente";"Céu Claro";"Simples";"Aclive;Reta";"Não";2;0;1;0;1;0;1;2;-18,92214;-46,98819;"SPRF-MG";"DEL10-MG";"UOP01-DEL10-MG"
759831;2026-03-21;"sábado";"15:40:00";"SC";280;28;"ARAQUARI";"Acessar a via sem observar a presença dos outros veículos";"Colisão transversal";"Com Vítimas Feridas";"Pleno dia";"Crescente";"Céu Claro";"Simples";"Reta";"Sim";2;0;1;0;1;0;1;2;-26,402;-48,743;"SPRF-SC";"DEL03-SC";"UOP03-DEL03-SC"
759832;2026-03-21;"sábado";"16:57:00";"MG";262;407;"IGARATINGA";"Reação tardia ou ineficiente do condutor";"Tombamento";"Com Vítimas Feridas";"Pleno dia";"Decrescente";"Céu Claro";"Dupla";"Reta";"Não";1;0;0;1;0;0;1;1;-19,8996;-44,6969;"SPRF-MG";"DEL01-MG";"UOP03-DEL01-MG"
759833;2026-03-21;"sábado";"13:25:00";"RJ";40;120;"DUQUE DE CAXIAS";"Reação tardia ou ineficiente do condutor";"Tombamento";"Com Vítimas Feridas";"Pleno dia";"Decrescente";"Céu Claro";"Múltipla";"Reta";"Sim";2;0;2;0;0;0;2;2;-22,77776085;-43,28581095;"SPRF-RJ";"DEL01-RJ";"UOP02-DEL01-RJ"
759834;2026-03-21;"sábado";"16:24:00";"PE";101;61,4;"RECIFE";"Pedestre cruzava a pista fora da faixa";"Atropelamento de Pedestre";"Com Vítimas Feridas";"Pleno dia";"Decrescente";"Céu Claro";"Dupla";"Reta";"Sim";2;0;1;1;0;0;2;2;-7,997255;-34,938694;"SPRF-PE";"DEL01-PE";"UOP02-DEL01-PE"
759836;2026-03-21;"sábado";"17:30:00";"RJ";116;176;"SAO JOAO DE MERITI";"Condutor deixou de manter distância do veículo da frente";"Colisão traseira";"Com Vítimas Feridas";"Pleno dia";"Decrescente";"Céu Claro";"Múltipla";"Reta";"Sim";2;0;1;0;1;0;1;2;-22,78004391;-43,39372728;"SPRF-RJ";"DEL06-RJ";"UOP01-DEL06-RJ"
759837;2026-03-20;"sexta-feira";"21:30:00";"BA";101;582;"CAMACAN";"Transitar na contramão";"Colisão frontal";"Com Vítimas Feridas";"Plena Noite";"Crescente";"Céu Claro";"Simples";"Reta";"Sim";5;0;0;2;3;0;2;2;-15,37231136;-39,49190998;"SPRF-BA";"DEL05-BA";"UOP02-DEL05-BA"
759838;2026-03-21;"sábado";"16:50:00";"RS";116;301;"GUAIBA";"Conversão proibida";"Colisão transversal";"Com Vítimas Feridas";"Pleno dia";"Crescente";"Nublado";"Simples";"Reta";"Não";2;0;1;0;1;0;1;2;-30,130976;-51,353347;"SPRF-RS";"DEL02-RS";"UOP01-DEL02-RS"
759841;2026-03-21;"sábado";"17:30:00";"RJ";116;173;"SAO JOAO DE MERITI";"Reação tardia ou ineficiente do condutor";"Colisão traseira";"Com Vítimas Feridas";"Pleno dia";"Decrescente";"Céu Claro";"Múltipla";"Reta";"Sim";4;0;1;0;2;1;1;3;-22,7944453;-43,3648062;"SPRF-RJ";"DEL06-RJ";"UOP01-DEL06-RJ"