"id";"data_inversa";"dia_semana";"horario";"uf";"br";"km";"municipio";"causa_acidente";"tipo_acidente";"classificacao_acidente";"fase_dia";"sentido_via";"condicao_metereologica";"tipo_pista";"tracado_via";"uso_solo";"pessoas";"mortos";"feridos_leves";"feridos_graves";"ilesos";"ignorados";"feridos";"veiculos";"latitude";"longitude";"regional";"delegacia";"uop"
759843;2026-03-21;"sábado";"16:30:00";"RJ";101;462;"ANGRA DOS REIS";"Transitar na contramão";"Colisão lateral sentido oposto";"Sem Vítimas";"Anoitecer";"Crescente";"Céu Claro";"Simples";"Curva";"Não";2;0;0;0;2;0;0;2;-23,026422;-44,213332;"SPRF-RJ";"DEL03-RJ";"UOP03-DEL03-RJ"
759844;2026-03-21;"sábado";"17:50:00";"MG";153;98;"PRATA";"Reação tardia ou ineficiente do condutor";"Saída de leito carroçável";"Com Vítimas Feridas";"Anoitecer";"Crescente";"Céu Claro";"Simples";"Reta;Declive";"Não";1;0;1;0;0;0;1;1;-19,21184;-48,93766;"SPRF-MG";"DEL15-MG";"UOP03-DEL15-MG"
759845;2026-03-21;"sábado";"18:00:00";"BA";110;168;"RIBEIRA DO POMBAL";"Acesso irregular";"Colisão lateral mesmo sentido";"Com Vítimas Feridas";"Plena Noite";"Crescente";"Céu Claro";"Simples";"Reta";"Não";2;0;1;1;0;0;2;2;-10,797348;-38,523311;"SPRF-BA";"DEL07-BA";"UOP02-DEL07-BA"
759846;2026-03-21;"sábado";"17:45:00";"SC";101;112;"ITAJAI";"Ausência de reação do condutor";"Tombamento";"Com Vítimas Feridas";"Anoitecer";"Decrescente";"Nublado";"Múltipla";"Curva";"Sim";1;0;1;0;0;0;1;1;-26,85146573;-48,72606978;"SPRF-SC";"DEL04-SC";"UOP04-DEL04-SC"
759847;2026-03-21;"sábado";"18:25:00";"PB";230;18,9;"JOAO PESSOA";"Condutor deixou de manter distância do veículo da frente";"Colisão lateral mesmo sentido";"Com Vítimas Feridas";"Plena Noite";"Crescente";"Céu Claro";"Dupla";"Reta";"Sim";3;0;2;0;1;0;2;2;-7,12871;-34,84856;"SPRF-PB";"DEL01-PB";"UOP01-DEL01-PB"
759849;2026-03-21;"sábado";"16:20:00";"RS";290;290,1;"CACHOEIRA DO SUL";"Chuva";"Saída de leito carroçável";"Sem Vítimas";"Pleno dia";"Crescente";"Chuva";"Simples";"Aclive;Reta";"Não";1;0;0;0;1;0;0;1;-30,28007172;-53,12176578;"SPRF-RS";"DEL02-RS";"UOP03-DEL02-RS"
759850;2026-03-21;"sábado";"18:30:00";"PI";343;350;"TERESINA";"Ausência de reação do condutor";"Colisão traseira";"Com Vítimas Feridas";"Plena Noite";"Decrescente";"Céu Claro";"Dupla";"Rotatória";"Sim";3;0;1;0;0;2;1;2;-5,12336039;-42,79506896;"SPRF-PI";"DEL01-PI";"UOP02-DEL01-PI"
759851;2026-03-21;"sábado";"17:30:00";"PR";277;81;"CURITIBA";"Manobra de mudança de faixa";"Colisão lateral mesmo sentido";"Com Vítimas Feridas";"Pleno dia";"Crescente";"Céu Claro";"Dupla";"Reta";"Sim";2;0;1;0;1;0;1;2;-25,46383573;-49,21733061;"SPRF-PR";"DEL01-PR";"UOP03-DEL01-PR"
759853;2026-03-21;"sábado";"08:00:00";"PR";476;278;"SAO MATEUS DO SUL";"Ingestão de álcool pelo condutor";"Colisão com objeto";"Sem Vítimas";"Pleno dia";"Crescente";"Céu Claro";"Simples";"Reta";"Sim";1;0;0;0;1;0;0;1;-25,87121131;-50,40668392;"SPRF-PR";"DEL02-PR";"UOP03-DEL02-PR"
759854;2026-03-21;"sábado";"16:20:00";"RS";116;189;"PICADA CAFE";"Velocidade Incompatível";"Queda de ocupante de veículo";"Com Vítimas Feridas";"Pleno dia";"Crescente";"Céu Claro";"Simples";"Curva";"Não";1;0;1;0;0;0;1;1;-29,41391497;-51,12701163;"SPRF-RS";"DEL05-RS";"UOP02-DEL05-RS"
759856;2026-03-21;"sábado";"19:15:00";"GO";40;9;"VALPARAISO DE GOIAS";"Ingestão de álcool pelo condutor";"Colisão lateral mesmo sentido";"Sem Vítimas";"Plena Noite";"Crescente";"Nublado";"Dupla";"Reta";"Sim";2;0;0;0;2;0;0;2;-16,11999758;-47,96528846;"SPRF-DF";"DEL01-DF";"UOP01-DEL01-DF"
759858;2026-03-21;"sábado";"09:00:00";"MG";116;276,8;"TEOFILO OTONI";"Reação tardia ou ineficiente do condutor";"Colisão traseira";"Sem Vítimas";"Pleno dia";"Crescente";"Nublado";"Simples";"Reta;Interseção de Vias";"Sim";4;0;0;0;4;0;0;2;-17,858662;-41,515239;"SPRF-MG";"DEL11-MG";"UOP01-DEL11-MG"
759861;2026-03-21;"sábado";"19:00:00";"PI";343;325;"TERESINA";"Transitar no Acostamento";"Colisão transversal";"Com Vítimas Feridas";"Plena Noite";"Crescente";"Nublado";"Simples";"Reta";"Não";2;0;1;0;1;0;1;2;-5,065607;-42,609583;"SPRF-PI";"DEL01-PI";"UOP01-DEL01-PI"
759862;2026-03-21;"sábado";"19:15:00";"ES";101;238;"FUNDAO";"Acessar a via sem observar a presença dos outros veículos";"Colisão transversal";"Com Vítimas Feridas";"Plena Noite";"Crescente";"Nublado";"Simples";"Reta";"Não";2;0;0;1;1;0;1;2;-20,006807;-40,411203;"SPRF-ES";"DEL02-ES";"UOP01-DEL02-ES"
759863;2026-03-21;"sábado";"19:10:00";"DF";20;12;"BRASILIA";"Acumulo de água sobre o pavimento";"Colisão traseira";"Sem Vítimas";"Plena Noite";"Crescente";"Chuva";"Dupla";"Reta";"Sim";4;0;0;0;3;1;0;2;-15,641403;-47,755013;"SPRF-DF";"DEL02-DF";"UOP01-DEL02-DF"
759865;2026-03-21;"sábado";"19:30:00";"RS";392;101,2;"PELOTAS";"Transitar na contramão";"Colisão frontal";"Com Vítimas Feridas";"Plena Noite";"Crescente";"Chuva";"Simples";"Reta";"Não";2;0;1;1;0;0;2;2;-31,600587;-52,5223575;"SPRF-RS";"DEL07-RS";"UOP01-DEL07-RS"
759866;2026-03-21;"sábado";"17:10:00";"SC";282;260;"SAO JOSE DO CERRITO";"Acessar a via sem observar a presença dos outros veículos";"Colisão transversal";"Com Vítimas Feridas";"Pleno dia";"Crescente";"Céu Claro";"Simples";"Retorno Regulamentado;Reta";"Não";4;0;1;1;0;2;2;3;-27,63924076;-50,59779016;"SPRF-SC";"DEL05-SC";"UOP02-DEL05-SC"
759867;2026-03-21;"sábado";"19:00:00";"MA";135;3,4;"SAO LUIS";"Acessar a via sem observar a presença dos outros veículos";"Colisão transversal";"Com Vítimas Feridas";"Plena Noite";"Crescente";"Céu Claro";"Dupla";"Reta";"Sim";4;0;3;0;1;0;3;2;-2,61006;-44,24964;"SPRF-MA";"DEL01-MA";"UOP01-DEL01-MA"
759868;2026-03-21;"sábado";"18:27:00";"SC";282;223;"LAGES";"Transitar no Acostamento";"Queda de ocupante de veículo";"Com Vítimas Feridas";"Anoitecer";"Decrescente";"Céu Claro";"Simples";"Reta";"Não";1;0;1;0;0;0;1;1;-27,7999074;-50,3636443;"SPRF-SC";"DEL05-SC";"UOP01-DEL05-SC"
759869;2026-03-21;"sábado";"19:30:00";"RS";285;415;"PANAMBI";"Demais falhas mecânicas ou elétricas";"Incêndio";"Sem Vítimas";"Plena Noite";"Crescente";"Nublado";"Simples";"Reta";"Não";1;0;0;0;1;0;0;1;-28,35195245;-53,49010214;"SPRF-RS";"DEL10-RS";"UOP02-DEL10-RS"
759871;2026-03-21;"sábado";"20:10:00";"SC";101;149;"ITAPEMA";"Trafegar com motocicleta (ou similar) entre as faixas";"Colisão traseira";"Com Vítimas Feridas";"Pleno dia";"Crescente";"Céu Claro";"Dupla";"Reta";"Sim";2;0;1;0;1;0;1;2;-27,11738744;-48,60957591;"SPRF-SC";"DEL04-SC";"UOP03-DEL04-SC"
759872;2026-03-21;"sábado";"20:20:00";"MG";459;15;"CALDAS";"Acessar a via sem observar a presença dos outros veículos";"Colisão transversal";"Com Vítimas Feridas";"Plena Noite";"Crescente";"Céu Claro";"Simples";"Reta";"Sim";2;0;0;1;1;0;1;2;-21,82891;-46,44937;"SPRF-MG";"DEL09-MG";"UOP01-DEL09-MG"
759873;2026-03-21;"sábado";"19:43:00";"SC";280;299,8;"PORTO UNIAO";"Reação tardia ou ineficiente do condutor";"Colisão traseira";"Com Vítimas Feridas";"Plena Noite";"Decrescente";"Chuva";"Simples";"Reta";"Não";1;0;0;1;0;0;1;1;-26,285717;-51,018873;"SPRF-SC";"DEL06-SC";"UOP04-DEL06-SC"
759875;2026-03-21;"sábado";"20:20:00";"MT";70;2;"BARRA DO GARCAS";"Desrespeitar a preferência no cruzamento";"Colisão frontal";"Com Vítimas Feridas";"Plena Noite";"Crescente";"Céu Claro";"Simples";"Reta";"Sim";4;0;1;1;2;0;2;2;-15,8725318;-52,38528523;"SPRF-MT";"DEL07-MT";"UOP01-DEL07-MT"
759876;2026-03-21;"sábado";"20:35:00";"RS";285;501,2;"ENTRE-IJUIS";"Ingestão de álcool pelo condutor";"Saída de leito carroçável";"Com Vítimas Feridas";"Plena Noite";"Crescente";"Nublado";"Simples";"Reta";"Não";3;0;1;1;1;0;2;1;-28,37943185;-54,2916441;"SPRF-RS";"DEL10-RS";"UOP01-DEL10-RS"
759877;2026-03-21;"sábado";"20:20:00";"SC";101;149;"ITAPEMA";"Animais na Pista";"Atropelamento de Animal";"Com Vítimas Feridas";"Plena Noite";"Decrescente";"Nublado";"Dupla";"Reta";"Não";3;0;1;0;1;1;1;2;-27,10575559;-48,61490462;"SPRF-SC";"DEL04-SC";"UOP03-DEL04-SC"
759878;2026-03-21;"sábado";"19:50:00";"RJ";101;310;"SAO GONCALO";"Pedestre cruzava a pista fora da faixa";"Atropelamento de Pedestre";"Com Vítimas Feridas";"Plena Noite";"Decrescente";"Céu Claro";"Dupla";"Reta";"Sim";2;0;0;1;0;1;1;2;-22,79881387;-43,0489597;"SPRF-RJ";"DEL02-RJ";"UOP02-DEL02-RJ"
759879;2026-03-21;"sábado";"20:00:00";"MG";40;632;"CONSELHEIRO LAFAIETE";"Ausência de reação do condutor";"Colisão com objeto";"Com Vítimas Feridas";"Plena Noite";"Decrescente";"Nublado";"Simples";"Declive";"Não";1;0;1;0;0;0;1;1;-20,68036361;-43,79426189;"SPRF-MG";"DEL05-MG";"UOP02-DEL05-MG"
759880;2026-03-21;"sábado";"20:00:00";"GO";153;116;"ESTRELA DO NORTE";"Ingestão de álcool pelo condutor";"Queda de ocupante de veículo";"Com Vítimas Feridas";"Plena Noite";"Crescente";"Chuva";"Simples";"Reta";"Não";1;0;1;0;0;0;1;1;-13,79897;-49,036568;"SPRF-GO";"DEL07-GO";"UOP01-DEL07-GO"
759881;2026-03-21;"sábado";"20:30:00";"MG";381;383;"BARAO DE COCAIS";"Conversão proibida";"Colisão transversal";"Com Vítimas Feridas";"Plena Noite";"Crescente";"Chuva";"Simples";"Reta";"Não";2;0;1;0;1;0;1;2;-19,803319;-43,40916809;"SPRF-MG";"DEL01-MG";"UOP01-DEL01-MG"
759882;2026-03-21;"sábado";"18:20:00";"SC";163;117;"DIONISIO CERQUEIRA";"Ingestão de álcool pelo condutor";"Saída de leito carroçável";"Com Vítimas Feridas";"Anoitecer";"Crescente";"Céu Claro";"Simples";"Curva";"Não";2;0;2;0;0;0;2;1;-26,35749698;-53,5383339;"SPRF-SC";"DEL07-SC";"UOP03-DEL07-SC"
759883;2026-03-21;"sábado";"20:10:00";"MT";163;835;"SINOP";"Condutor deixou de manter distância do veículo da frente";"Queda de ocupante de veículo";"Com Vítimas Feridas";"Plena Noite";"Decrescente";"Nublado";"Simples";"Viaduto;Declive;Retorno Regulamentado";"Sim";2;0;1;0;0;1;1;2;-11,85909816;-55,49473286;"SPRF-MT";"DEL06-MT";"UOP02-DEL06-MT"
759885;2026-03-21;"sábado";"21:42:00";"SP";116;219;"GUARULHOS";"Ingestão de álcool pelo condutor";"Colisão com objeto";"Sem Vítimas";"Plena Noite";"Decrescente";"Céu Claro";"Múltipla";"Reta";"Sim";1;0;0;0;0;1;0;1;-23,4640589;-46,4972164;"SPRF-SP";"DEL01-SP";"UOP01-DEL01-SP"
759886;2026-03-21;"sábado";"19:30:00";"RO";364;489;"ARIQUEMES";"Ingestão de álcool pelo condutor";"Colisão traseira";"Sem Vítimas";"Plena Noite";"Decrescente";"Céu Claro";"Simples";"Reta";"Não";2;0;0;0;2;0;0;2;-10,108257;-62,937277;"SPRF-RO";"DEL03-RO";"UOP01-DEL03-RO"
759887;2026-03-21;"sábado";"20:30:00";"PR";277;568,5;"CASCAVEL";"Ausência de reação do condutor";"Colisão transversal";"Com Vítimas Feridas";"Plena Noite";"Crescente";"Céu Claro";"Simples";"Reta;Aclive";"Não";4;0;2;1;1;0;3;2;-25,03979607;-53,26098248;"SPRF-PR";"DEL04-PR";"UOP04-DEL04-PR"
759888;2026-03-21;"sábado";"22:00:00";"MG";116;278;"TEOFILO OTONI";"Chuva";"Colisão com objeto";"Com Vítimas Feridas";"Plena Noite";"Crescente";"Chuva";"Simples";"Reta";"Sim";1;0;1;0;0;0;1;1;-17,87207098;-41,51980507;"SPRF-MG";"DEL11-MG";"UOP01-DEL11-MG"
759889;2026-03-21;"sábado";"21:56:00";"PI";343;11;"PARNAIBA";"Ingestão de álcool pelo condutor";"Colisão com objeto";"Sem Vítimas";"Plena Noite";"Crescente";"Céu Claro";"Simples";"Curva";"Sim";1;0;0;0;0;1;0;1;-2,903626;-41,753123;"SPRF-PI";"DEL05-PI";"UOP01-DEL05-PI"
759890;2026-03-21;"sábado";"22:15:00";"MG";146;437,6;"CABO VERDE";"Ingestão de álcool pelo condutor";"Saída de leito carroçável";"Com Vítimas Feridas";"Plena Noite";"Crescente";"Céu Claro";"Simples";"Reta";"Não";1;0;1;0;0;0;1;1;-21,457795;-46,408485;"SPRF-MG";"DEL09-MG";"UOP01-DEL09-MG"
759892;2026-03-21;"sábado";"20:10:00";"RJ";101;572;"PARATY";"Conversão proibida";"Colisão transversal";"Com Vítimas Feridas";"Plena Noite";"Crescente";"Nublado";"Simples";"Interseção de Vias;Reta";"Não";2;0;0;1;1;0;1;2;-23,195006;-44,727748;"SPRF-RJ";"DEL03-RJ";"UOP04-DEL03-RJ"
759893;2026-03-21;"sábado";"22:00:00";"SP";116;384;"MIRACATU";"Entrada inopinada do pedestre";"Atropelamento de Pedestre";"Com Vítimas Feridas";"Plena Noite";"Decrescente";"Nublado";"Dupla";"Reta";"Sim";2;0;0;1;1;0;1;2;-24,2511159;-47,37307427;"SPRF-SP";"DEL04-SP";"UOP02-DEL04-SP"
759894;2026-03-21;"sábado";"21:00:00";"SC";282;522,5;"XAXIM";"Reação tardia ou ineficiente do condutor";"Saída de leito carroçável";"Com Vítimas Feridas";"Plena Noite";"Decrescente";"Chuva";"Simples";"Declive;Reta";"Sim";1;0;1;0;0;0;1;1;-26,95859163;-52,54466621;"SPRF-SC";"DEL07-SC";"UOP01-DEL07-SC"
759896;2026-03-21;"sábado";"22:00:00";"RJ";101;307;"SAO GONCALO";"Ausência de reação do condutor";"Colisão traseira";"Com Vítimas Feridas";"Plena Noite";"Decrescente";"Céu Claro";"Dupla";"Reta";"Sim";5;0;4;0;1;0;4;2;-22,79169167;-43,01628113;"SPRF-RJ";"DEL02-RJ";"UOP02-DEL02-RJ"
759897;2026-03-21;"sábado";"22:15:00";"RS";290;36,7;"SANTO ANTONIO DA PATRULHA";"Acumulo de água sobre o pavimento";"Saída de leito carroçável";"Com Vítimas Feridas";"Plena Noite";"Crescente";"Chuva";"Múltipla";"Reta";"Não";1;0;1;0;0;0;1;1;-29,885102;-50,622125;"SPRF-RS";"DEL03-RS";"UOP01-DEL03-RS"
759900;2026-03-21;"sábado";"11:16:00";"RS";285;74;"BOM JESUS";"Ausência de reação do condutor";"Saída de leito carroçável";"Sem Vítimas";"Pleno dia";"Crescente";"Ignorado";"Simples";"Curva";"Não";1;0;0;0;0;1;0;1;-28,6356848;-50,54650784;"SPRF-RS";"DEL05-RS";"UOP03-DEL05-RS"
759903;2026-03-21;"sábado";"21:30:00";"SC";282;541;"CHAPECO";"Ingestão de álcool pelo condutor";"Tombamento";"Com Vítimas Feridas";"Plena Noite";"Decrescente";"Chuva";"Simples";"Curva";"Não";1;0;1;0;0;0;1;1;-26,997999;-52,69633055;"SPRF-SC";"DEL07-SC";"UOP01-DEL07-SC"
759904;2026-03-21;"sábado";"15:30:00";"MT";174;175;"CACERES";"Manobra de mudança de faixa";"Saída de leito carroçável";"Com Vítimas Feridas";"Pleno dia";"Decrescente";"Céu Claro";"Simples";"Reta";"Não";4;0;1;0;3;0;1;1;-15,855533;-58;"SPRF-MT";"DEL03-MT";"UOP01-DEL03-MT"
759905;2026-03-21;"sábado";"23:10:00";"DF";40;1,3;"BRASILIA";"Reação tardia ou ineficiente do condutor";"Tombamento";"Com Vítimas Feridas";"Plena Noite";"Decrescente";"Chuva";"Dupla";"Reta";"Sim";2;0;1;0;1;0;1;2;-15,985286;-47,987432;"SPRF-DF";"DEL01-DF";"UOP01-DEL01-DF"
759906;2026-03-21;"sábado";"22:05:00";"MG";116;714;"MURIAE";"Demais falhas mecânicas ou elétricas";"Incêndio";"Sem Vítimas";"Plena Noite";"Decrescente";"Céu Claro";"Simples";"Reta";"Não";2;0;0;0;1;1;0;2;-21,19392758;-42,37475842;"SPRF-MG";"DEL07-MG";"UOP02-DEL07-MG"
759907;2026-03-21;"sábado";"22:22:00";"PR";476;66,2;"CERRO AZUL";"Velocidade Incompatível";"Saída de leito carroçável";"Com Vítimas Feridas";"Plena Noite";"Crescente";"Nublado";"Simples";"Declive;Curva";"Não";1;0;1;0;0;0;1;1;-25,04554;-49,0878733;"SPRF-PR";"DEL01-PR";"UOP01-DEL01-PR"
759910;2026-03-21;"sábado";"23:40:00";"MG";116;701,9;"MURIAE";"Acessar a via sem observar a presença dos outros veículos";"Colisão transversal";"Com Vítimas Feridas";"Plena Noite";"Decrescente";"Nublado";"Simples";"Interseção de Vias";"Sim";3;0;2;0;0;1;2;2;-21,12172919;-42,37982009;"SPRF-MG";"DEL07-MG";"UOP02-DEL07-MG"
759911;2026-03-22;"domingo";"00:10:00";"RN";101;82,9;"SAO GONCALO DO AMARANTE";"Ingestão de álcool pelo condutor";"Colisão com objeto";"Com Vítimas Feridas";"Plena Noite";"Crescente";"Céu Claro";"Dupla";"Reta;Interseção de Vias;Viaduto";"Sim";1;0;1;0;0;0;1;1;-5,771055;-35,267145;"SPRF-RN";"DEL02-RN";"UOP01-DEL02-RN"
759915;2026-03-22;"domingo";"01:00:00";"SP";116;144;"SAO JOSE DOS CAMPOS";"Suicídio (presumido)";"Sinistro pessoal de trânsito";"Com Vítimas Fatais";"Plena Noite";"Crescente";"Nublado";"Dupla";"Reta";"Não";2;1;0;0;0;1;0;2;-23,18838149;-45,85806775;"SPRF-SP";"DEL02-SP";"UOP01-DEL02-SP"
759916;2026-03-22;"domingo";"01:20:00";"RS";285;463;"IJUI";"Transitar na contramão";"Colisão frontal";"Com Vítimas Feridas";"Plena Noite";"Decrescente";"Nublado";"Simples";"Reta;Declive;Interseção de Vias";"Não";3;0;1;0;1;1;1;2;-28,40763313;-53,94218445;"SPRF-RS";"DEL10-RS";"UOP01-DEL10-RS"
759918;2026-03-22;"domingo";"02:10:00";"PR";277;3,2;"PARANAGUA";"Ausência de reação do condutor";"Colisão com objeto";"Sem Vítimas";"Plena Noite";"Decrescente";"Céu Claro";"Dupla";"Curva;Rotatória";"Não";1;0;0;0;1;0;0;1;-25,540806;-48,536502;"SPRF-PR";"DEL01-PR";"UOP05-DEL01-PR"
759920;2026-03-22;"domingo";"01:35:00";"CE";116;42;"HORIZONTE";"Condutor deixou de manter distância do veículo da frente";"Colisão traseira";"Com Vítimas Feridas";"Plena Noite";"Crescente";"Céu Claro";"Dupla";"Curva";"Sim";3;0;0;2;0;1;2;2;-4,111986;-38,491591;"SPRF-CE";"DEL01-CE";"UOP02-DEL01-CE"
759921;2026-03-22;"domingo";"02:10:00";"PB";101;102;"ALHANDRA";"Ausência de reação do condutor";"Saída de leito carroçável";"Com Vítimas Feridas";"Plena Noite";"Decrescente";"Céu Claro";"Dupla";"Reta";"Não";1;0;1;0;0;0;1;1;-7,285942;-34,93873;"SPRF-PB";"DEL01-PB";"UOP01-DEL01-PB"
759922;2026-03-22;"domingo";"01:30:00";"SC";470;175;"POUSO REDONDO";"Velocidade Incompatível";"Capotamento";"Com Vítimas Feridas";"Plena Noite";"Decrescente";"Chuva";"Simples";"Declive";"Não";3;0;3;0;0;0;3;1;-27,25372781;-49,94930713;"SPRF-SC";"DEL04-SC";"UOP02-DEL04-SC"
759923;2026-03-22;"domingo";"01:50:00";"AL";104;60;"MURICI";"Reação tardia ou ineficiente do condutor";"Queda de ocupante de veículo";"Com Vítimas Feridas";"Plena Noite";"Decrescente";"Céu Claro";"Simples";"Reta";"Sim";1;0;0;1;0;0;1;1;-9,313692;-35,932767;"SPRF-AL";"DEL01-AL";"UOP02-DEL01-AL"
759924;2026-03-22;"domingo";"01:50:00";"PR";376;150;"PRESIDENTE CASTELO BRANCO";"Ausência de reação do condutor";"Saída de leito carroçável";"Com Vítimas Feridas";"Plena Noite";"Crescente";"Céu Claro";"Dupla";"Reta";"Não";1;0;1;0;0;0;1;1;-23,297032;-52,117367;"SPRF-PR";"DEL09-PR";"UOP02-DEL09-PR"
759926;2026-03-22;"domingo";"03:00:00";"RS";116;149,7;"CAXIAS DO SUL";"Condutor desrespeitou a iluminação vermelha do semáforo";"Colisão traseira";"Sem Vítimas";"Plena Noite";"Decrescente";"Chuva";"Dupla";"Reta";"Sim";2;0;0;0;2;0;0;2;-29,16829536;-51,15851503;"SPRF-RS";"DEL05-RS";"UOP01-DEL05-RS"
759928;2026-03-22;"domingo";"03:15:00";"SC";470;51;"BLUMENAU";"Ausência de reação do condutor";"Colisão com objeto";"Sem Vítimas";"Plena Noite";"Decrescente";"Nublado";"Dupla";"Reta";"Sim";1;0;0;0;0;1;0;1;-26,8621907;-49,0901212;"SPRF-SC";"DEL04-SC";"UOP01-DEL04-SC"
759929;2026-03-22;"domingo";"02:37:00";"RS";392;36,4;"RIO GRANDE";"Animais na Pista";"Atropelamento de Animal";"Com Vítimas Feridas";"Plena Noite";"Decrescente";"Céu Claro";"Dupla";"Reta";"Não";4;0;0;4;0;0;4;1;-31,99555658;-52,290802;"SPRF-RS";"DEL07-RS";"UOP02-DEL07-RS"
759930;2026-03-22;"domingo";"03:40:00";"SC";470;141,2;"RIO DO SUL";"Chuva";"Saída de leito carroçável";"Sem Vítimas";"Plena Noite";"Decrescente";"Chuva";"Simples";"Curva";"Sim";1;0;0;0;0;1;0;1;-27,20831341;-49,6503466;"SPRF-SC";"DEL04-SC";"UOP02-DEL04-SC"
759931;2026-03-21;"sábado";"21:30:00";"RO";364;939;"PORTO VELHO";"Ausência de reação do condutor";"Colisão frontal";"Com Vítimas Feridas";"Plena Noite";"Decrescente";"Ignorado";"Simples";"Curva;Ponte";"Não";4;0;2;1;0;1;3;2;-9,68731805;-65,98291683;"SPRF-RO";"DEL01-RO";"UOP03-DEL01-RO"
759932;2026-03-22;"domingo";"00:10:00";"MG";365;467,8;"PATROCINIO";"Ausência de reação do condutor";"Saída de leito carroçável";"Sem Vítimas";"Plena Noite";"Decrescente";"Céu Claro";"Simples";"Reta";"Não";1;0;0;0;0;1;0;1;-18,903292;-46,95916;"SPRF-MG";"DEL10-MG";"UOP01-DEL10-MG"
759933;2026-03-21;"sábado";"19:10:00";"MA";135;50;"BACABEIRA";"Transitar na contramão";"Colisão frontal";"Com Vítimas Fatais";"Plena Noite";"Decrescente";"Céu Claro";"Dupla";"Reta";"Sim";2;1;0;1;0;0;1;2;-2,967073;-44,319262;"SPRF-MA";"DEL01-MA";"UOP01-DEL01-MA"
759934;2026-03-22;"domingo";"03:00:00";"ES";262;116,1;"CONCEICAO DO CASTELO";"Condutor Dormindo";"Colisão com objeto";"Com Vítimas Feridas";"Plena Noite";"Crescente";"Céu Claro";"Simples";"Reta";"Não";3;0;3;0;0;0;3;1;-20,31597013;-41,23035703;"SPRF-ES";"DEL01-ES";"UOP02-DEL01-ES"
759935;2026-03-22;"domingo";"03:20:00";"RJ";101;180;"CASIMIRO DE ABREU";"Transitar na contramão";"Colisão frontal";"Sem Vítimas";"Plena Noite";"Decrescente";"Nublado";"Simples";"Reta";"Não";4;0;0;0;3;1;0;2;-22,42875829;-42,02629924;"SPRF-RJ";"DEL08-RJ";"UOP04-DEL08-RJ"
759936;2026-03-22;"domingo";"04:00:00";"PR";376;652,5;"TIJUCAS DO SUL";"Reação tardia ou ineficiente do condutor";"Colisão com objeto";"Sem Vítimas";"Plena Noite";"Crescente";"Nublado";"Dupla";"Reta";"Não";1;0;0;0;1;0;0;1;-25,841814;-49,046833;"SPRF-PR";"DEL01-PR";"UOP04-DEL01-PR"
759938;2026-03-22;"domingo";"03:45:00";"MG";40;767,3;"JUIZ DE FORA";"Demais falhas mecânicas ou elétricas";"Colisão com objeto";"Sem Vítimas";"Plena Noite";"Decrescente";"Nublado";"Simples";"Curva";"Não";1;0;0;0;1;0;0;1;-21,58010017;-43,46775018;"SPRF-MG";"DEL05-MG";"UOP01-DEL05-MG"
759939;2026-03-22;"domingo";"03:14:00";"MT";163;17,6;"ITIQUIRA";"Animais na Pista";"Saída de leito carroçável";"Com Vítimas Feridas";"Plena Noite";"Crescente";"Nublado";"Dupla";"Reta";"Não";4;0;1;0;3;0;1;1;-17,371401;-54,756344;"SPRF-MT";"DEL02-MT";"UOP03-DEL02-MT"
759940;2026-03-21;"sábado";"21:00:00";"RJ";393;118,9;"SAPUCAIA";"Ausência de reação do condutor";"Colisão frontal";"Com Vítimas Fatais";"Plena Noite";"Crescente";"Céu Claro";"Simples";"Reta";"Não";2;1;0;0;1;0;0;2;-21,93940221;-42,8102628;"SPRF-RJ";"DEL05-RJ";"UOP01-DEL05-RJ"
759941;2026-03-22;"domingo";"05:45:00";"SC";101;130;"CAMBORIU";"Ingestão de álcool pelo condutor";"Colisão traseira";"Com Vítimas Feridas";"Anoitecer";"Decrescente";"Céu Claro";"Dupla";"Reta";"Sim";4;0;2;0;2;0;2;2;-26,9838255;-48,67008654;"SPRF-SC";"DEL04-SC";"UOP03-DEL04-SC"
759942;2026-03-22;"domingo";"05:30:00";"PE";232;6,6;"RECIFE";"Condutor Dormindo";"Saída de leito carroçável";"Com Vítimas Feridas";"Amanhecer";"Crescente";"Céu Claro";"Dupla";"Reta";"Sim";1;0;0;1;0;0;1;1;-8,07216;-34,95817;"SPRF-PE";"DEL01-PE";"UOP01-DEL01-PE"
759943;2026-03-22;"domingo";"05:35:00";"RJ";116;173;"SAO JOAO DE MERITI";"Condutor Dormindo";"Colisão com objeto";"Com Vítimas Fatais";"Amanhecer";"Crescente";"Céu Claro";"Múltipla";"Reta";"Não";1;1;0;0;0;0;0;1;-22,79563276;-43,36157648;"SPRF-RJ";"DEL06-RJ";"UOP01-DEL06-RJ"
759944;2026-03-21;"sábado";"23:15:00";"SC";101;216;"PALHOCA";"Velocidade Incompatível";"Colisão com objeto";"Sem Vítimas";"Plena Noite";"Crescente";"Céu Claro";"Dupla";"Viaduto";"Sim";1;0;0;0;0;1;0;1;-27,66351263;-48,67584793;"SPRF-SC";"DEL01-SC";"UOP02-DEL01-SC"
759945;2026-03-22;"domingo";"04:40:00";"SC";101;94;"BARRA VELHA";"Ausência de reação do condutor";"Colisão com objeto";"Com Vítimas Feridas";"Plena Noite";"Crescente";"Chuva";"Múltipla";"Curva";"Não";1;0;1;0;0;0;1;1;-26,70298613;-48,70033264;"SPRF-SC";"DEL03-SC";"UOP02-DEL03-SC"