"id";"data_inversa";"dia_semana";"horario";"uf";"br";"km";"municipio";"causa_acidente";"tipo_acidente";"classificacao_acidente";"fase_dia";"sentido_via";"condicao_metereologica";"tipo_pista";"tracado_via";"uso_solo";"pessoas";"mortos";"feridos_leves";"feridos_graves";"ilesos";"ignorados";"feridos";"veiculos";"latitude";"longitude";"regional";"delegacia";"uop"
760055;2026-03-22;"domingo";"17:16:00";"GO";60;96,9;"ANAPOLIS";"Condutor deixou de manter distância do veículo da frente";"Colisão traseira";"Com Vítimas Feridas";"Pleno dia";"Crescente";"Céu Claro";"Dupla";"Interseção de Vias;Reta";"Sim";4;0;1;0;3;0;1;2;-16,37607252;-48,94727826;"SPRF-GO";"DEL02-GO";"UOP01-DEL02-GO"
760056;2026-03-22;"domingo";"15:25:00";"MG";40;699,4;"ALFREDO VASCONCELOS";"Ausência de reação do condutor";"Colisão lateral mesmo sentido";"Com Vítimas Feridas";"Pleno dia";"Crescente";"Nublado";"Simples";"Curva";"Não";2;0;1;0;1;0;1;2;-21,16745;-43,756715;"SPRF-MG";"DEL05-MG";"UOP02-DEL05-MG"
760057;2026-03-22;"domingo";"16:44:00";"MG";40;484,5;"SETE LAGOAS";"Ausência de reação do condutor";"Capotamento";"Com Vítimas Feridas";"Pleno dia";"Decrescente";"Céu Claro";"Dupla";"Reta;Declive";"Não";1;0;1;0;0;0;1;1;-19,57684336;-44,22931619;"SPRF-MG";"DEL02-MG";"UOP01-DEL02-MG"
760058;2026-03-22;"domingo";"15:30:00";"MS";163;256;"DOURADOS";"Ausência de reação do condutor";"Colisão com objeto";"Com Vítimas Feridas";"Pleno dia";"Decrescente";"Céu Claro";"Dupla";"Reta";"Sim";1;0;1;0;0;0;1;1;-22,25887926;-54,79261134;"SPRF-MS";"DEL04-MS";"UOP01-DEL04-MS"
760060;2026-03-22;"domingo";"17:10:00";"PR";277;26;"MORRETES";"Condutor deixou de manter distância do veículo da frente";"Colisão traseira";"Com Vítimas Feridas";"Anoitecer";"Crescente";"Chuva";"Simples";"Reta";"Não";3;0;1;0;2;0;1;2;-25,53593616;-48,76213074;"SPRF-PR";"DEL01-PR";"UOP05-DEL01-PR"
760061;2026-03-22;"domingo";"17:15:00";"PR";277;587;"CASCAVEL";"Demais falhas mecânicas ou elétricas";"Saída de leito carroçável";"Com Vítimas Feridas";"Amanhecer";"Decrescente";"Nublado";"Múltipla";"Reta;Declive;Interseção de Vias";"Sim";3;0;3;0;0;0;3;1;-24,9644;-53,4083;"SPRF-PR";"DEL04-PR";"UOP01-DEL04-PR"
760062;2026-03-22;"domingo";"16:55:00";"PR";163;174,6;"LINDOESTE";"Velocidade Incompatível";"Saída de leito carroçável";"Com Vítimas Feridas";"Pleno dia";"Crescente";"Chuva";"Dupla";"Aclive;Curva";"Não";4;0;3;0;1;0;3;1;-25,201481;-53,600006;"SPRF-PR";"DEL05-PR";"UOP05-DEL05-PR"
760063;2026-03-22;"domingo";"16:37:00";"SP";116;191,5;"SANTA ISABEL";"Manobra de mudança de faixa";"Colisão traseira";"Com Vítimas Feridas";"Pleno dia";"Crescente";"Sol";"Dupla";"Curva";"Não";3;0;1;0;2;0;1;2;-23,374442;-46,245455;"SPRF-SP";"DEL01-SP";"UOP01-DEL01-SP"
760064;2026-03-22;"domingo";"16:50:00";"PB";101;28;"MAMANGUAPE";"Ingestão de álcool pelo condutor";"Saída de leito carroçável";"Com Vítimas Feridas";"Anoitecer";"Decrescente";"Céu Claro";"Dupla";"Reta";"Não";1;0;0;1;0;0;1;1;-6,72969213;-35,12389183;"SPRF-PB";"DEL01-PB";"UOP03-DEL01-PB"
760066;2026-03-22;"domingo";"16:10:00";"PR";163;172;"LINDOESTE";"Chuva";"Saída de leito carroçável";"Com Vítimas Feridas";"Pleno dia";"Decrescente";"Chuva";"Dupla";"Reta";"Não";3;0;1;0;2;0;1;1;-25,222421;-53,594394;"SPRF-PR";"DEL05-PR";"UOP05-DEL05-PR"
760067;2026-03-22;"domingo";"17:20:00";"PI";316;312;"PICOS";"Reação tardia ou ineficiente do condutor";"Tombamento";"Com Vítimas Feridas";"Pleno dia";"Crescente";"Céu Claro";"Dupla";"Curva";"Sim";1;0;1;0;0;0;1;1;-7,080888;-41,457858;"SPRF-PI";"DEL04-PI";"UOP01-DEL04-PI"
760070;2026-03-22;"domingo";"18:00:00";"PR";369;129;"JATAIZINHO";"Retorno proibido";"Tombamento";"Com Vítimas Feridas";"Anoitecer";"Crescente";"Garoa/Chuvisco";"Simples";"Reta";"Sim";2;0;1;0;1;0;1;2;-23,259766;-50,980186;"SPRF-PR";"DEL07-PR";"UOP01-DEL07-PR"
760071;2026-03-22;"domingo";"17:10:00";"BA";135;184;"BARREIRAS";"Condutor deixou de manter distância do veículo da frente";"Colisão traseira";"Com Vítimas Feridas";"Pleno dia";"Decrescente";"Céu Claro";"Simples";"Reta";"Não";3;0;0;1;2;0;1;2;-12,178597;-45,010414;"SPRF-BA";"DEL10-BA";"UOP01-DEL10-BA"
760072;2026-03-22;"domingo";"15:30:00";"BA";135;186;"BARREIRAS";"Manobra de mudança de faixa";"Colisão lateral mesmo sentido";"Com Vítimas Feridas";"Pleno dia";"Decrescente";"Céu Claro";"Simples";"Reta";"Não";2;0;1;0;1;0;1;2;-12,2150073;-45,0183057;"SPRF-BA";"DEL10-BA";"UOP01-DEL10-BA"
760073;2026-02-18;"quarta-feira";"14:00:00";"RJ";116;136;"MAGE";"Ausência de reação do condutor";"Colisão traseira";"Com Vítimas Feridas";"Pleno dia";"Crescente";"Céu Claro";"Dupla";"Reta";"Não";2;0;1;1;0;0;2;2;-22,650557;-43,169039;"SPRF-RJ";"DEL04-RJ";"UOP02-DEL04-RJ"
760075;2026-03-22;"domingo";"17:30:00";"PB";230;151,9;"CAMPINA GRANDE";"Condutor deixou de manter distância do veículo da frente";"Colisão traseira";"Com Vítimas Feridas";"Anoitecer";"Crescente";"Chuva";"Simples";"Declive;Reta";"Não";4;0;1;0;3;0;1;3;-7,26795;-35,88328;"SPRF-PB";"DEL02-PB";"UOP01-DEL02-PB"
760076;2026-03-22;"domingo";"18:15:00";"SP";116;113,3;"TAUBATE";"Trafegar com motocicleta (ou similar) entre as faixas";"Colisão traseira";"Com Vítimas Feridas";"Anoitecer";"Crescente";"Céu Claro";"Dupla";"Reta";"Não";4;0;0;1;3;0;1;2;-23,04545;-45,58736;"SPRF-SP";"DEL02-SP";"UOP02-DEL02-SP"
760077;2026-03-22;"domingo";"18:15:00";"SC";101;79,9;"ARAQUARI";"Acessar a via sem observar a presença dos outros veículos";"Colisão lateral mesmo sentido";"Com Vítimas Feridas";"Anoitecer";"Crescente";"Chuva";"Dupla";"Retorno Regulamentado;Reta";"Não";2;0;1;0;1;0;1;2;-26,59569813;-48,72249691;"SPRF-SC";"DEL03-SC";"UOP02-DEL03-SC"
760078;2026-03-22;"domingo";"14:17:00";"RO";364;334;"JI-PARANA";"Ausência de reação do condutor";"Queda de ocupante de veículo";"Com Vítimas Feridas";"Pleno dia";"Crescente";"Céu Claro";"Simples";"Reta";"Não";2;0;2;0;0;0;2;1;-10,95022;-61,924075;"SPRF-RO";"DEL02-RO";"UOP01-DEL02-RO"
760079;2026-03-22;"domingo";"17:30:00";"SC";470;22,2;"ILHOTA";"Avarias e/ou desgaste excessivo no pneu";"Saída de leito carroçável";"Com Vítimas Feridas";"Pleno dia";"Crescente";"Nublado";"Dupla";"Reta";"Não";5;0;4;1;0;0;5;1;-26,88025;-48,8401;"SPRF-SC";"DEL04-SC";"UOP04-DEL04-SC"
760080;2026-03-22;"domingo";"14:32:00";"SC";101;328,4;"CAPIVARI DE BAIXO";"Velocidade Incompatível";"Saída de leito carroçável";"Com Vítimas Feridas";"Pleno dia";"Decrescente";"Céu Claro";"Dupla";"Curva";"Não";1;0;0;1;0;0;1;1;-28,44877441;-48,96933524;"SPRF-SC";"DEL02-SC";"UOP01-DEL02-SC"
760081;2026-03-22;"domingo";"18:45:00";"MG";40;764,3;"JUIZ DE FORA";"Demais falhas mecânicas ou elétricas";"Incêndio";"Sem Vítimas";"Plena Noite";"Decrescente";"Nublado";"Simples";"Reta";"Não";1;0;0;0;1;0;0;1;-21,56637055;-43,48404667;"SPRF-MG";"DEL05-MG";"UOP01-DEL05-MG"
760082;2026-03-22;"domingo";"18:20:00";"SE";235;2,8;"ARACAJU";"Reação tardia ou ineficiente do condutor";"Colisão traseira";"Com Vítimas Feridas";"Plena Noite";"Crescente";"Céu Claro";"Dupla";"Reta;Declive";"Sim";2;0;1;0;1;0;1;2;-10,90651723;-37,10014192;"SPRF-SE";"DEL01-SE";"UOP01-DEL01-SE"
760083;2026-03-22;"domingo";"17:10:00";"MG";40;40,9;"PARACATU";"Acessar a via sem observar a presença dos outros veículos";"Colisão transversal";"Com Vítimas Feridas";"Pleno dia";"Decrescente";"Céu Claro";"Simples";"Interseção de Vias";"Sim";6;0;1;0;5;0;1;2;-17,212481;-46,873203;"SPRF-MG";"DEL14-MG";"UOP01-DEL14-MG"
760085;2026-03-22;"domingo";"19:00:00";"RN";304;32;"MOSSORO";"Sinalização mal posicionada";"Colisão com objeto";"Com Vítimas Feridas";"Plena Noite";"Decrescente";"Céu Claro";"Dupla";"Aclive;Curva;Interseção de Vias";"Sim";2;0;2;0;0;0;2;1;-5,13658258;-37,3453026;"SPRF-RN";"DEL04-RN";"UOP02-DEL04-RN"
760086;2026-03-22;"domingo";"18:20:00";"BA";101;253;"CONCEICAO DO ALMEIDA";"Ausência de reação do condutor";"Colisão traseira";"Com Vítimas Feridas";"Plena Noite";"Decrescente";"Céu Claro";"Simples";"Reta";"Não";2;0;2;0;0;0;2;2;-12,8919336;-39,230244;"SPRF-BA";"DEL11-BA";"UOP01-DEL11-BA"
760087;2026-03-22;"domingo";"19:00:00";"RJ";493;19;"MAGE";"Ausência de reação do condutor";"Colisão transversal";"Com Vítimas Feridas";"Plena Noite";"Crescente";"Céu Claro";"Simples";"Reta";"Sim";2;0;1;0;1;0;1;2;-22,665379;-43,029697;"SPRF-RJ";"DEL04-RJ";"UOP02-DEL04-RJ"
760088;2026-03-22;"domingo";"18:50:00";"ES";101;293,7;"CARIACICA";"Transtornos Mentais (exceto suicidio)";"Queda de ocupante de veículo";"Com Vítimas Feridas";"Plena Noite";"Decrescente";"Céu Claro";"Múltipla";"Reta";"Não";2;0;1;0;1;0;1;1;-20,32190348;-40,39546178;"SPRF-ES";"DEL01-ES";"UOP01-DEL01-ES"
760089;2026-03-22;"domingo";"19:05:00";"SC";280;215;"TRES BARRAS";"Ultrapassagem Indevida";"Saída de leito carroçável";"Sem Vítimas";"Plena Noite";"Decrescente";"Céu Claro";"Simples";"Reta";"Não";1;0;0;0;1;0;0;1;-26,1825818;-50,2137912;"SPRF-SC";"DEL06-SC";"UOP04-DEL06-SC"
760091;2026-03-22;"domingo";"18:50:00";"RJ";356;117;"CARDOSO MOREIRA";"Acessar a via sem observar a presença dos outros veículos";"Colisão transversal";"Com Vítimas Fatais";"Plena Noite";"Decrescente";"Nublado";"Simples";"Ponte;Reta";"Não";3;1;0;0;2;0;0;2;-21,61042508;-41,41871452;"SPRF-RJ";"DEL08-RJ";"UOP03-DEL08-RJ"
760092;2026-03-22;"domingo";"18:20:00";"PR";376;388,3;"IMBAU";"Ingestão de álcool pelo condutor";"Saída de leito carroçável";"Sem Vítimas";"Anoitecer";"Crescente";"Nublado";"Dupla";"Reta;Aclive;Interseção de Vias";"Não";1;0;0;0;0;1;0;1;-24,49758032;-50,72242705;"SPRF-PR";"DEL03-PR";"UOP02-DEL03-PR"
760094;2026-03-22;"domingo";"13:35:00";"BA";101;503;"ITABUNA";"Desrespeitar a preferência no cruzamento";"Colisão transversal";"Com Vítimas Feridas";"Pleno dia";"Decrescente";"Céu Claro";"Simples";"Interseção de Vias";"Sim";3;0;1;1;1;0;2;2;-14,773698;-39,288673;"SPRF-BA";"DEL05-BA";"UOP01-DEL05-BA"
760095;2026-03-22;"domingo";"19:35:00";"SC";101;137;"BALNEARIO CAMBORIU";"Reação tardia ou ineficiente do condutor";"Colisão lateral mesmo sentido";"Com Vítimas Feridas";"Plena Noite";"Crescente";"Nublado";"Múltipla";"Reta;Interseção de Vias";"Sim";3;0;1;0;2;0;1;2;-27,01428744;-48,61290336;"SPRF-SC";"DEL04-SC";"UOP03-DEL04-SC"
760096;2026-03-22;"domingo";"19:30:00";"SC";101;205;"SAO JOSE";"Reação tardia ou ineficiente do condutor";"Saída de leito carroçável";"Sem Vítimas";"Plena Noite";"Crescente";"Nublado";"Múltipla";"Reta";"Sim";1;0;0;0;1;0;0;1;-27,58636;-48,6164;"SPRF-SC";"DEL01-SC";"UOP01-DEL01-SC"
760097;2026-03-22;"domingo";"19:00:00";"SP";153;49;"SAO JOSE DO RIO PRETO";"Desrespeitar a preferência no cruzamento";"Colisão transversal";"Com Vítimas Feridas";"Plena Noite";"Decrescente";"Céu Claro";"Simples";"Interseção de Vias;Reta";"Não";3;0;2;0;1;0;2;2;-20,70276;-49,339422;"SPRF-SP";"DEL09-SP";"UOP01-DEL09-SP"
760101;2026-03-22;"domingo";"17:00:00";"BA";101;545;"SAO JOSE DA VITORIA";"Acessar a via sem observar a presença dos outros veículos";"Colisão lateral mesmo sentido";"Com Vítimas Feridas";"Pleno dia";"Decrescente";"Céu Claro";"Simples";"Reta";"Não";3;0;1;1;1;0;2;2;-15,07842587;-39,33749962;"SPRF-BA";"DEL05-BA";"UOP02-DEL05-BA"
760102;2026-03-22;"domingo";"17:50:00";"AC";364;117;"RIO BRANCO";"Conversão proibida";"Colisão transversal";"Com Vítimas Feridas";"Plena Noite";"Crescente";"Céu Claro";"Simples";"Reta";"Não";4;0;2;0;2;0;2;2;-10,01287;-67,731368;"SPRF-AC";"DEL01-AC";"UOP01-DEL01-AC"
760105;2026-03-22;"domingo";"19:10:00";"RS";287;259;"SANTA MARIA";"Transitar na contramão";"Colisão lateral sentido oposto";"Com Vítimas Feridas";"Plena Noite";"Crescente";"Nublado";"Simples";"Declive;Reta";"Não";3;0;1;0;2;0;1;2;-29,676904;-53,954727;"SPRF-RS";"DEL09-RS";"UOP01-DEL09-RS"
760106;2026-03-22;"domingo";"20:05:00";"SC";470;39,4;"GASPAR";"Transitar na contramão";"Colisão frontal";"Com Vítimas Feridas";"Plena Noite";"Decrescente";"Nublado";"Dupla";"Curva";"Não";3;0;2;0;0;1;2;3;-26,89283;-48,98804;"SPRF-SC";"DEL04-SC";"UOP01-DEL04-SC"
760107;2026-03-22;"domingo";"19:45:00";"RS";285;300;"PASSO FUNDO";"Ingestão de álcool pelo condutor";"Colisão traseira";"Com Vítimas Feridas";"Plena Noite";"Crescente";"Chuva";"Simples";"Reta";"Não";4;0;1;0;3;0;1;2;-28,23033007;-52,44031755;"SPRF-RS";"DEL08-RS";"UOP03-DEL08-RS"
760109;2026-03-22;"domingo";"18:19:00";"AC";364;138;"RIO BRANCO";"Ausência de reação do condutor";"Colisão transversal";"Com Vítimas Feridas";"Plena Noite";"Crescente";"Céu Claro";"Múltipla";"Reta";"Sim";3;0;1;0;2;0;1;2;-9,95848766;-67,85763502;"SPRF-AC";"DEL01-AC";"UOP01-DEL01-AC"
760110;2026-03-22;"domingo";"17:20:00";"MA";135;65;"BACABEIRA";"Manobra de mudança de faixa";"Colisão traseira";"Sem Vítimas";"Pleno dia";"Decrescente";"Céu Claro";"Dupla";"Reta";"Sim";2;0;0;0;1;1;0;2;-3,096035;-44,322035;"SPRF-MA";"DEL01-MA";"UOP02-DEL01-MA"
760111;2026-03-22;"domingo";"20:30:00";"RJ";101;80;"CAMPOS DOS GOYTACAZES";"Acessar a via sem observar a presença dos outros veículos";"Colisão lateral sentido oposto";"Com Vítimas Feridas";"Plena Noite";"Decrescente";"Céu Claro";"Simples";"Reta";"Sim";2;0;1;0;1;0;1;2;-21,835073;-41,436478;"SPRF-RJ";"DEL08-RJ";"UOP02-DEL08-RJ"
760112;2026-03-20;"sexta-feira";"20:30:00";"AM";174;991;"PRESIDENTE FIGUEIREDO";"Reação tardia ou ineficiente do condutor";"Atropelamento de Pedestre";"Com Vítimas Feridas";"Plena Noite";"Crescente";"Céu Claro";"Dupla";"Curva";"Sim";3;0;3;0;0;0;3;2;-2,04926;-60,02533;"SPRF-AM";"DEL01-AM";"UOP02-DEL01-AM"
760113;2026-03-22;"domingo";"19:17:00";"GO";364;46;"CACHOEIRA ALTA";"Ingestão de álcool pelo condutor";"Saída de leito carroçável";"Com Vítimas Feridas";"Plena Noite";"Crescente";"Céu Claro";"Simples";"Declive";"Não";2;0;2;0;0;0;2;1;-18,827493;-50,873448;"SPRF-GO";"DEL05-GO";"UOP02-DEL05-GO"
760114;2026-03-22;"domingo";"20:45:00";"MG";116;478,7;"DOM CAVATI";"Ingestão de álcool pelo condutor";"Colisão traseira";"Com Vítimas Feridas";"Plena Noite";"Decrescente";"Nublado";"Simples";"Reta";"Não";2;0;1;0;1;0;1;2;-19,3853443;-42,1124574;"SPRF-MG";"DEL06-MG";"UOP02-DEL06-MG"
760115;2026-03-22;"domingo";"20:50:00";"CE";116;34,4;"AQUIRAZ";"Manobra de mudança de faixa";"Saída de leito carroçável";"Com Vítimas Feridas";"Plena Noite";"Decrescente";"Céu Claro";"Múltipla";"Reta";"Não";4;0;1;0;1;2;1;3;-4,04856;-38,5067;"SPRF-CE";"DEL01-CE";"UOP02-DEL01-CE"
760116;2026-03-22;"domingo";"19:40:00";"RS";470;211;"BENTO GONCALVES";"Ausência de reação do condutor";"Saída de leito carroçável";"Com Vítimas Feridas";"Plena Noite";"Decrescente";"Garoa/Chuvisco";"Simples";"Curva";"Não";1;0;1;0;0;0;1;1;-29,13220166;-51,54508051;"SPRF-RS";"DEL06-RS";"UOP01-DEL06-RS"
760117;2026-03-22;"domingo";"19:30:00";"MG";262;407;"IGARATINGA";"Acessar a via sem observar a presença dos outros veículos";"Colisão transversal";"Com Vítimas Feridas";"Plena Noite";"Decrescente";"Nublado";"Dupla";"Rotatória";"Sim";4;0;1;2;1;0;3;2;-19,899489;-44,696776;"SPRF-MG";"DEL01-MG";"UOP03-DEL01-MG"
760118;2026-03-22;"domingo";"21:00:00";"RN";101;101;"PARNAMIRIM";"Condutor deixou de manter distância do veículo da frente";"Colisão lateral mesmo sentido";"Com Vítimas Feridas";"Plena Noite";"Crescente";"Céu Claro";"Simples";"Reta;Interseção de Vias";"Sim";2;0;1;1;0;0;2;2;-5,88716;-35,23497;"SPRF-RN";"DEL01-RN";"UOP01-DEL01-RN"
760120;2026-03-22;"domingo";"19:15:00";"SC";101;102,4;"BALNEARIO PICARRAS";"Entrada inopinada do pedestre";"Atropelamento de Pedestre";"Com Vítimas Feridas";"Plena Noite";"Crescente";"Nublado";"Dupla";"Declive;Reta";"Sim";6;0;0;1;5;0;1;3;-26,77919115;-48,68483869;"SPRF-SC";"DEL03-SC";"UOP02-DEL03-SC"
760121;2026-03-22;"domingo";"21:25:00";"PB";101;82,4;"BAYEUX";"Trafegar com motocicleta (ou similar) entre as faixas";"Colisão lateral mesmo sentido";"Com Vítimas Feridas";"Plena Noite";"Decrescente";"Céu Claro";"Dupla";"Reta;Viaduto;Declive";"Sim";3;0;1;0;1;1;1;2;-7,1307;-34,933777;"SPRF-PB";"DEL01-PB";"UOP01-DEL01-PB"
760122;2026-03-22;"domingo";"20:30:00";"SP";153;82,5;"BADY BASSITT";"Entrada inopinada do pedestre";"Atropelamento de Pedestre";"Com Vítimas Fatais";"Plena Noite";"Crescente";"Céu Claro";"Dupla";"Declive";"Não";3;1;0;0;2;0;0;2;-20,919717;-49,500753;"SPRF-SP";"DEL09-SP";"UOP01-DEL09-SP"
760123;2026-03-22;"domingo";"21:20:00";"PR";163;207,9;"CASCAVEL";"Velocidade Incompatível";"Saída de leito carroçável";"Sem Vítimas";"Plena Noite";"Decrescente";"Céu Claro";"Dupla";"Reta";"Não";1;0;0;0;0;1;0;1;-24,936137;-53,538479;"SPRF-PR";"DEL05-PR";"UOP05-DEL05-PR"
760124;2026-03-22;"domingo";"17:45:00";"MT";163;597;"NOVA MUTUM";"Reação tardia ou ineficiente do condutor";"Queda de ocupante de veículo";"Com Vítimas Feridas";"Anoitecer";"Decrescente";"Céu Claro";"Dupla";"Reta";"Não";1;0;1;0;0;0;1;1;-13,827145;-56,079863;"SPRF-MT";"DEL01-MT";"UOP01-DEL01-MT"
760125;2026-03-22;"domingo";"20:49:00";"PI";316;2,2;"TERESINA";"Manobra de mudança de faixa";"Colisão lateral mesmo sentido";"Sem Vítimas";"Plena Noite";"Decrescente";"Céu Claro";"Múltipla";"Reta";"Sim";2;0;0;0;2;0;0;2;-5,12471712;-42,79423356;"SPRF-PI";"DEL01-PI";"UOP02-DEL01-PI"
760126;2026-03-22;"domingo";"20:33:00";"RO";319;61;"PORTO VELHO";"Transitar na contramão";"Colisão transversal";"Sem Vítimas";"Plena Noite";"Crescente";"Céu Claro";"Dupla";"Rotatória";"Não";2;0;0;0;2;0;0;2;-8,74007629;-63,89047623;"SPRF-RO";"DEL01-RO";"UOP01-DEL01-RO"
760127;2026-03-22;"domingo";"20:00:00";"RJ";101;88;"CAMPOS DOS GOYTACAZES";"Reação tardia ou ineficiente do condutor";"Saída de leito carroçável";"Com Vítimas Feridas";"Plena Noite";"Decrescente";"Garoa/Chuvisco";"Dupla";"Reta";"Não";2;0;1;0;1;0;1;1;-21,831863;-41,500645;"SPRF-RJ";"DEL08-RJ";"UOP02-DEL08-RJ"
760128;2026-03-22;"domingo";"19:10:00";"PR";277;489,4;"NOVA LARANJEIRAS";"Ingestão de álcool pelo condutor";"Saída de leito carroçável";"Com Vítimas Feridas";"Anoitecer";"Decrescente";"Nublado";"Simples";"Curva";"Não";1;0;1;0;0;0;1;1;-25,2436;-52,6284;"SPRF-PR";"DEL04-PR";"UOP02-DEL04-PR"
760129;2026-03-22;"domingo";"21:54:00";"ES";101;233,3;"FUNDAO";"Transitar na contramão";"Colisão frontal";"Com Vítimas Fatais";"Plena Noite";"Decrescente";"Nublado";"Simples";"Em Obras;Aclive;Reta";"Não";3;1;0;0;2;0;0;2;-19,96601;-40,4064444;"SPRF-ES";"DEL02-ES";"UOP01-DEL02-ES"
760130;2026-03-22;"domingo";"21:10:00";"SP";116;439;"REGISTRO";"Ultrapassagem Indevida";"Colisão frontal";"Com Vítimas Feridas";"Plena Noite";"Decrescente";"Chuva";"Simples";"Retorno Regulamentado";"Não";3;0;1;0;2;0;1;3;-24,45826203;-47,81459682;"SPRF-SP";"DEL05-SP";"UOP01-DEL05-SP"
760131;2026-03-22;"domingo";"20:20:00";"SP";116;292;"ITAPECERICA DA SERRA";"Ausência de reação do condutor";"Colisão traseira";"Sem Vítimas";"Plena Noite";"Decrescente";"Céu Claro";"Dupla";"Reta";"Não";2;0;0;0;1;1;0;2;-23,7272875;-46,89345396;"SPRF-SP";"DEL04-SP";"UOP01-DEL04-SP"
760132;2026-03-22;"domingo";"20:00:00";"SP";116;283;"EMBU DAS ARTES";"Trafegar com motocicleta (ou similar) entre as faixas";"Colisão lateral mesmo sentido";"Com Vítimas Feridas";"Plena Noite";"Decrescente";"Nublado";"Dupla";"Reta";"Sim";3;0;0;1;2;0;1;3;-23,669903;-46,855954;"SPRF-SP";"DEL04-SP";"UOP01-DEL04-SP"
760133;2026-03-22;"domingo";"21:44:00";"AL";316;249;"PILAR";"Manobra de mudança de faixa";"Colisão frontal";"Sem Vítimas";"Plena Noite";"Decrescente";"Céu Claro";"Simples";"Reta";"Não";2;0;0;0;1;1;0;2;-9,55713649;-35,97528784;"SPRF-AL";"DEL01-AL";"UOP01-DEL01-AL"
760134;2026-03-22;"domingo";"19:45:00";"SC";153;111,1;"CONCORDIA";"Acesso irregular";"Colisão transversal";"Com Vítimas Feridas";"Plena Noite";"Decrescente";"Chuva";"Simples";"Interseção de Vias";"Não";4;0;3;1;0;0;4;2;-27,32750296;-51,97924411;"SPRF-SC";"DEL07-SC";"UOP04-DEL07-SC"
760135;2026-03-22;"domingo";"19:00:00";"GO";60;359;"RIO VERDE";"Demais falhas mecânicas ou elétricas";"Saída de leito carroçável";"Com Vítimas Feridas";"Plena Noite";"Crescente";"Céu Claro";"Dupla";"Reta";"Não";2;0;2;0;0;0;2;1;-17,636963;-50,779877;"SPRF-GO";"DEL04-GO";"UOP02-DEL04-GO"
760136;2026-03-22;"domingo";"11:30:00";"PR";277;136;"BALSA NOVA";"Avarias e/ou desgaste excessivo no pneu";"Saída de leito carroçável";"Sem Vítimas";"Pleno dia";"Decrescente";"Chuva";"Dupla";"Declive;Curva";"Não";1;0;0;0;1;0;0;1;-25,469507;-49,630542;"SPRF-PR";"DEL03-PR";"UOP03-DEL03-PR"
760137;2026-03-22;"domingo";"22:20:00";"MG";262;350,1;"BETIM";"Demais falhas mecânicas ou elétricas";"Tombamento";"Com Vítimas Feridas";"Plena Noite";"Decrescente";"Céu Claro";"Múltipla";"Curva";"Não";1;0;0;1;0;0;1;1;-19,9785066;-44,2213708;"SPRF-MG";"DEL01-MG";"UOP03-DEL01-MG"
760138;2026-03-22;"domingo";"20:35:00";"SC";280;219,9;"TRES BARRAS";"Iluminação deficiente";"Colisão com objeto";"Sem Vítimas";"Plena Noite";"Crescente";"Nublado";"Simples";"Rotatória";"Não";3;0;0;0;3;0;0;1;-26,17223;-50,2708;"SPRF-SC";"DEL06-SC";"UOP04-DEL06-SC"
760139;2026-03-22;"domingo";"21:40:00";"PR";116;17;"CURITIBA";"Condutor deixou de manter distância do veículo da frente";"Colisão lateral mesmo sentido";"Com Vítimas Feridas";"Plena Noite";"Decrescente";"Garoa/Chuvisco";"Dupla";"Declive";"Sim";2;0;1;0;1;0;1;2;-25,39055896;-49,1960907;"SPRF-PR";"DEL01-PR";"UOP02-DEL01-PR"
760142;2026-03-22;"domingo";"21:45:00";"SC";101;54,9;"JOINVILLE";"Chuva";"Capotamento";"Com Vítimas Feridas";"Plena Noite";"Crescente";"Chuva";"Dupla";"Curva";"Não";3;0;3;0;0;0;3;1;-26,42634383;-48,82795081;"SPRF-SC";"DEL03-SC";"UOP01-DEL03-SC"
760143;2026-03-22;"domingo";"21:00:00";"BA";101;281;"LAJE";"Reação tardia ou ineficiente do condutor";"Saída de leito carroçável";"Com Vítimas Feridas";"Plena Noite";"Crescente";"Céu Claro";"Simples";"Curva";"Não";2;0;1;0;0;1;1;1;-13,1377357;-39,2941666;"SPRF-BA";"DEL11-BA";"UOP01-DEL11-BA"
760145;2026-03-22;"domingo";"15:40:00";"SC";470;89;"ASCURRA";"Ingestão de álcool pelo condutor";"Colisão frontal";"Com Vítimas Feridas";"Pleno dia";"Decrescente";"Céu Claro";"Simples";"Reta";"Não";3;0;0;1;2;0;1;2;-26,96765;-49,368248;"SPRF-SC";"DEL04-SC";"UOP01-DEL04-SC"
760146;2026-03-22;"domingo";"23:00:00";"PE";232;182;"BELO JARDIM";"Acesso irregular";"Colisão transversal";"Com Vítimas Fatais";"Plena Noite";"Decrescente";"Céu Claro";"Dupla";"Reta";"Não";2;1;0;1;0;0;1;1;-8,347218;-36,442761;"SPRF-PE";"DEL03-PE";"UOP02-DEL03-PE"
760149;2026-03-22;"domingo";"23:15:00";"MG";50;64;"UBERLANDIA";"Reação tardia ou ineficiente do condutor";"Capotamento";"Com Vítimas Feridas";"Plena Noite";"Decrescente";"Céu Claro";"Dupla";"Reta";"Não";1;0;1;0;0;0;1;1;-18,8474575;-48,2539407;"SPRF-MG";"DEL15-MG";"UOP02-DEL15-MG"
760150;2026-03-22;"domingo";"23:55:00";"SP";116;156,5;"SAO JOSE DOS CAMPOS";"Ingestão de álcool pelo condutor";"Colisão com objeto";"Sem Vítimas";"Plena Noite";"Decrescente";"Céu Claro";"Dupla";"Reta";"Sim";1;0;0;0;1;0;0;1;-23,252973;-45,93946;"SPRF-SP";"DEL02-SP";"UOP01-DEL02-SP"