"id";"data_inversa";"dia_semana";"horario";"uf";"br";"km";"municipio";"causa_acidente";"tipo_acidente";"classificacao_acidente";"fase_dia";"sentido_via";"condicao_metereologica";"tipo_pista";"tracado_via";"uso_solo";"pessoas";"mortos";"feridos_leves";"feridos_graves";"ilesos";"ignorados";"feridos";"veiculos";"latitude";"longitude";"regional";"delegacia";"uop"
760153;2026-03-22;"domingo";"23:45:00";"PE";104;67;"CARUARU";"Reação tardia ou ineficiente do condutor";"Saída de leito carroçável";"Sem Vítimas";"Plena Noite";"Crescente";"Céu Claro";"Dupla";"Viaduto";"Sim";1;0;0;0;0;1;0;1;-8,30116107;-35,98888127;"SPRF-PE";"DEL02-PE";"UOP01-DEL02-PE"
760154;2026-03-23;"segunda-feira";"00:10:00";"MA";135;5;"SAO LUIS";"Manobra de mudança de faixa";"Colisão transversal";"Com Vítimas Feridas";"Plena Noite";"Decrescente";"Chuva";"Dupla";"Reta";"Sim";2;0;0;1;1;0;1;2;-2,622781;-44,25862;"SPRF-MA";"DEL01-MA";"UOP01-DEL01-MA"
760155;2026-03-23;"segunda-feira";"00:00:00";"SP";116;124,8;"CACAPAVA";"Ingestão de álcool pelo condutor";"Colisão com objeto";"Sem Vítimas";"Plena Noite";"Crescente";"Céu Claro";"Dupla";"Aclive;Curva;Retorno Regulamentado";"Não";2;0;0;0;2;0;0;1;-23,09543865;-45,68170521;"SPRF-SP";"DEL02-SP";"UOP02-DEL02-SP"
760157;2026-03-22;"domingo";"21:56:00";"SE";101;152;"ESTANCIA";"Acessar a via sem observar a presença dos outros veículos";"Colisão transversal";"Com Vítimas Feridas";"Plena Noite";"Crescente";"Céu Claro";"Simples";"Reta";"Sim";2;0;0;1;0;1;1;2;-11,26869;-37,44323;"SPRF-SE";"DEL02-SE";"UOP01-DEL02-SE"
760158;2026-03-23;"segunda-feira";"02:43:00";"RJ";116;186;"NOVA IGUACU";"Acesso irregular";"Colisão frontal";"Com Vítimas Feridas";"Plena Noite";"Crescente";"Sol";"Dupla";"Em Obras;Curva";"Sim";2;0;0;1;1;0;1;2;-22,74055936;-43,45617263;"SPRF-RJ";"DEL06-RJ";"UOP01-DEL06-RJ"
760159;2026-03-23;"segunda-feira";"03:30:00";"AL";101;136,4;"SAO MIGUEL DOS CAMPOS";"Ingestão de álcool pelo condutor";"Saída de leito carroçável";"Com Vítimas Fatais";"Plena Noite";"Decrescente";"Céu Claro";"Dupla";"Declive;Curva";"Não";2;1;0;1;0;0;1;1;-9,78294;-36,10593;"SPRF-AL";"DEL02-AL";"UOP01-DEL02-AL"
760162;2026-03-23;"segunda-feira";"05:50:00";"ES";101;291,2;"CARIACICA";"Acessar a via sem observar a presença dos outros veículos";"Colisão lateral mesmo sentido";"Com Vítimas Feridas";"Pleno dia";"Decrescente";"Céu Claro";"Dupla";"Reta";"Sim";3;0;2;0;0;1;2;2;-20,299645;-40,395102;"SPRF-ES";"DEL01-ES";"UOP01-DEL01-ES"
760163;2026-03-23;"segunda-feira";"04:40:00";"GO";153;511,5;"APARECIDA DE GOIANIA";"Ausência de reação do condutor";"Queda de ocupante de veículo";"Com Vítimas Feridas";"Plena Noite";"Decrescente";"Céu Claro";"Dupla";"Reta";"Sim";1;0;1;0;0;0;1;1;-16,801893;-49,238597;"SPRF-GO";"DEL01-GO";"UOP03-DEL01-GO"
760164;2026-03-23;"segunda-feira";"04:10:00";"MG";40;43;"PARACATU";"Acessar a via sem observar a presença dos outros veículos";"Colisão transversal";"Com Vítimas Fatais";"Plena Noite";"Crescente";"Céu Claro";"Simples";"Reta";"Sim";3;1;1;0;1;0;1;2;-17,227867;-46,858747;"SPRF-MG";"DEL14-MG";"UOP01-DEL14-MG"
760166;2026-03-22;"domingo";"14:00:00";"MA";10;273;"CAMPESTRE DO MARANHAO";"Ausência de reação do condutor";"Saída de leito carroçável";"Com Vítimas Feridas";"Pleno dia";"Decrescente";"Céu Claro";"Simples";"Reta";"Não";1;0;0;1;0;0;1;1;-6,20038;-47,35864;"SPRF-MA";"DEL04-MA";"UOP01-DEL04-MA"
760167;2026-03-23;"segunda-feira";"02:00:00";"PR";476;241;"LAPA";"Ausência de reação do condutor";"Saída de leito carroçável";"Com Vítimas Feridas";"Plena Noite";"Decrescente";"Nublado";"Simples";"Curva";"Não";1;0;1;0;0;0;1;1;-25,85866021;-50,07857052;"SPRF-PR";"DEL02-PR";"UOP03-DEL02-PR"
760168;2026-03-23;"segunda-feira";"03:30:00";"SC";470;8;"NAVEGANTES";"Chuva";"Saída de leito carroçável";"Sem Vítimas";"Plena Noite";"Crescente";"Nublado";"Dupla";"Reta";"Sim";1;0;0;0;0;1;0;1;-26,83670107;-48,71867627;"SPRF-SC";"DEL04-SC";"UOP04-DEL04-SC"
760169;2026-03-23;"segunda-feira";"07:00:00";"PE";428;183;"PETROLINA";"Acessar a via sem observar a presença dos outros veículos";"Colisão lateral mesmo sentido";"Com Vítimas Feridas";"Pleno dia";"Crescente";"Sol";"Dupla";"Reta";"Sim";2;0;1;0;1;0;1;2;-9,34689704;-40,4738903;"SPRF-PE";"DEL06-PE";"UOP01-DEL06-PE"
760171;2026-03-23;"segunda-feira";"06:24:00";"GO";153;609,2;"MORRINHOS";"Pista esburacada";"Queda de ocupante de veículo";"Com Vítimas Feridas";"Amanhecer";"Crescente";"Céu Claro";"Dupla";"Reta";"Não";1;0;0;1;0;0;1;1;-17,62059958;-49,18021202;"SPRF-GO";"DEL03-GO";"UOP01-DEL03-GO"
760172;2026-03-23;"segunda-feira";"07:10:00";"RS";158;322;"SANTA MARIA";"Transitar no Acostamento";"Colisão traseira";"Com Vítimas Feridas";"Pleno dia";"Crescente";"Nublado";"Dupla";"Reta";"Não";2;0;1;0;1;0;1;2;-29,696067;-53,777751;"SPRF-RS";"DEL09-RS";"UOP01-DEL09-RS"
760173;2026-03-23;"segunda-feira";"07:00:00";"MA";135;13,4;"SAO LUIS";"Acessar a via sem observar a presença dos outros veículos";"Colisão transversal";"Com Vítimas Feridas";"Pleno dia";"Decrescente";"Céu Claro";"Dupla";"Reta;Aclive;Retorno Regulamentado";"Sim";3;0;1;1;1;0;2;2;-2,6843641;-44,296912;"SPRF-MA";"DEL01-MA";"UOP01-DEL01-MA"
760174;2026-03-23;"segunda-feira";"01:25:00";"SP";381;81;"SAO PAULO";"Ausência de sinalização";"Colisão transversal";"Sem Vítimas";"Plena Noite";"Decrescente";"Céu Claro";"Múltipla";"Curva";"Sim";2;0;0;0;2;0;0;2;-23,46662;-46,57157;"SPRF-SP";"DEL03-SP";"UOP01-DEL03-SP"
760175;2026-03-23;"segunda-feira";"05:10:00";"MG";381;572,5;"ITAGUARA";"Velocidade Incompatível";"Colisão com objeto";"Com Vítimas Feridas";"Amanhecer";"Decrescente";"Céu Claro";"Dupla";"Reta";"Não";2;0;1;1;0;0;2;1;-20,431245;-44,55185;"SPRF-MG";"DEL04-MG";"UOP03-DEL04-MG"
760177;2026-03-23;"segunda-feira";"07:20:00";"SC";101;206,9;"SAO JOSE";"Ausência de reação do condutor";"Colisão traseira";"Com Vítimas Feridas";"Pleno dia";"Crescente";"Céu Claro";"Múltipla";"Reta";"Sim";3;0;2;0;1;0;2;2;-27,59964725;-48,62202136;"SPRF-SC";"DEL01-SC";"UOP01-DEL01-SC"
760178;2026-03-23;"segunda-feira";"07:00:00";"ES";101;233;"FUNDAO";"Ausência de reação do condutor";"Saída de leito carroçável";"Com Vítimas Feridas";"Pleno dia";"Decrescente";"Céu Claro";"Simples";"Aclive;Reta";"Não";1;0;0;1;0;0;1;1;-19,965497;-40,406373;"SPRF-ES";"DEL02-ES";"UOP01-DEL02-ES"
760179;2026-03-23;"segunda-feira";"06:15:00";"MG";262;824;"UBERABA";"Demais falhas mecânicas ou elétricas";"Capotamento";"Com Vítimas Feridas";"Amanhecer";"Crescente";"Céu Claro";"Dupla";"Reta";"Não";1;0;1;0;0;0;1;1;-19,764528;-48,110376;"SPRF-MG";"DEL13-MG";"UOP01-DEL13-MG"
760180;2026-03-22;"domingo";"23:00:00";"RJ";116;144;"DUQUE DE CAXIAS";"Reação tardia ou ineficiente do condutor";"Saída de leito carroçável";"Com Vítimas Feridas";"Plena Noite";"Decrescente";"Céu Claro";"Dupla";"Reta";"Sim";1;0;1;0;0;0;1;1;-22,6304256;-43,2847737;"SPRF-RJ";"DEL01-RJ";"UOP02-DEL01-RJ"
760181;2026-03-23;"segunda-feira";"06:43:00";"MS";60;513,5;"NIOAQUE";"Ausência de reação do condutor";"Saída de leito carroçável";"Com Vítimas Fatais";"Amanhecer";"Crescente";"Céu Claro";"Dupla";"Reta;Aclive";"Não";1;1;0;0;0;0;0;1;-21,1819333;-55,61717;"SPRF-MS";"DEL05-MS";"UOP01-DEL05-MS"
760182;2026-03-23;"segunda-feira";"07:30:00";"SC";101;149;"ITAPEMA";"Manobra de mudança de faixa";"Tombamento";"Com Vítimas Feridas";"Pleno dia";"Crescente";"Céu Claro";"Múltipla";"Interseção de Vias";"Sim";3;0;1;0;2;0;1;2;-27,11375337;-48,61039348;"SPRF-SC";"DEL04-SC";"UOP03-DEL04-SC"
760183;2026-03-21;"sábado";"23:00:00";"MG";381;177;"GOVERNADOR VALADARES";"Transitar na contramão";"Colisão frontal";"Sem Vítimas";"Plena Noite";"Decrescente";"Nublado";"Simples";"Reta";"Não";2;0;0;0;1;1;0;2;-18,99785511;-42,12226868;"SPRF-MG";"DEL06-MG";"UOP01-DEL06-MG"
760184;2026-03-23;"segunda-feira";"07:00:00";"SE";101;91;"NOSSA SENHORA DO SOCORRO";"Ausência de reação do condutor";"Engavetamento";"Sem Vítimas";"Pleno dia";"Decrescente";"Céu Claro";"Dupla";"Reta";"Sim";3;0;0;0;3;0;0;3;-10,90174482;-37,13612644;"SPRF-SE";"DEL01-SE";"UOP01-DEL01-SE"
760185;2026-03-23;"segunda-feira";"06:30:00";"ES";262;16;"VIANA";"Retorno proibido";"Colisão transversal";"Com Vítimas Feridas";"Pleno dia";"Crescente";"Sol";"Simples";"Curva";"Sim";2;0;2;0;0;0;2;2;-20,38402173;-40,46607971;"SPRF-ES";"DEL01-ES";"UOP01-DEL01-ES"
760186;2026-03-23;"segunda-feira";"07:23:00";"MG";40;646,7;"CRISTIANO OTONI";"Conversão proibida";"Colisão transversal";"Com Vítimas Feridas";"Pleno dia";"Decrescente";"Céu Claro";"Simples";"Reta";"Não";3;0;2;0;0;1;2;3;-20,79491546;-43,81008267;"SPRF-MG";"DEL05-MG";"UOP02-DEL05-MG"
760188;2026-03-23;"segunda-feira";"08:05:00";"SP";153;60,8;"SAO JOSE DO RIO PRETO";"Trafegar com motocicleta (ou similar) entre as faixas";"Colisão lateral mesmo sentido";"Com Vítimas Feridas";"Pleno dia";"Crescente";"Céu Claro";"Dupla";"Ponte;Reta";"Sim";2;0;1;0;1;0;1;2;-20,80236;-49,35572;"SPRF-SP";"DEL09-SP";"UOP01-DEL09-SP"
760190;2026-03-23;"segunda-feira";"08:20:00";"MG";40;525,5;"CONTAGEM";"Trafegar com motocicleta (ou similar) entre as faixas";"Atropelamento de Pedestre";"Com Vítimas Feridas";"Pleno dia";"Crescente";"Céu Claro";"Dupla";"Reta";"Sim";2;0;1;1;0;0;2;2;-19,8820958;-44,0503289;"SPRF-MG";"DEL01-MG";"UOP02-DEL01-MG"
760191;2026-03-23;"segunda-feira";"07:20:00";"MG";381;482;"CONTAGEM";"Condutor deixou de manter distância do veículo da frente";"Colisão traseira";"Com Vítimas Feridas";"Plena Noite";"Crescente";"Céu Claro";"Múltipla";"Reta";"Não";3;0;2;0;1;0;2;2;-19,958938;-44,063271;"SPRF-MG";"DEL01-MG";"UOP03-DEL01-MG"
760192;2026-03-23;"segunda-feira";"06:25:00";"PR";277;125,8;"CAMPO LARGO";"Ausência de reação do condutor";"Saída de leito carroçável";"Com Vítimas Fatais";"Amanhecer";"Crescente";"Nublado";"Simples";"Curva";"Sim";1;1;0;0;0;0;0;1;-25,43490034;-49,53362558;"SPRF-PR";"DEL03-PR";"UOP03-DEL03-PR"
760196;2026-03-23;"segunda-feira";"07:15:00";"PR";376;197;"MARIALVA";"Reação tardia ou ineficiente do condutor";"Engavetamento";"Com Vítimas Feridas";"Pleno dia";"Decrescente";"Céu Claro";"Dupla";"Curva";"Não";5;0;1;0;4;0;1;5;-23,499932;-51,765269;"SPRF-PR";"DEL09-PR";"UOP01-DEL09-PR"
760197;2026-03-23;"segunda-feira";"07:50:00";"SC";101;208,4;"SAO JOSE";"Reação tardia ou ineficiente do condutor";"Colisão traseira";"Com Vítimas Feridas";"Pleno dia";"Decrescente";"Céu Claro";"Múltipla";"Reta";"Sim";2;0;2;0;0;0;2;2;-27,6070446;-48,6357756;"SPRF-SC";"DEL01-SC";"UOP01-DEL01-SC"
760198;2026-03-23;"segunda-feira";"08:10:00";"MG";381;447;"BELO HORIZONTE";"Reação tardia ou ineficiente do condutor";"Colisão traseira";"Com Vítimas Feridas";"Pleno dia";"Crescente";"Céu Claro";"Simples";"Reta";"Sim";3;0;1;0;2;0;1;3;-19,841251;-43,871711;"SPRF-MG";"DEL01-MG";"UOP01-DEL01-MG"
760199;2026-03-22;"domingo";"23:20:00";"RJ";465;21;"NOVA IGUACU";"Ausência de reação do condutor";"Colisão lateral mesmo sentido";"Com Vítimas Feridas";"Plena Noite";"Decrescente";"Céu Claro";"Simples";"Reta";"Sim";3;0;2;0;1;0;2;2;-22,84882816;-43,60363889;"SPRF-RJ";"DEL06-RJ";"UOP02-DEL06-RJ"
760200;2026-03-23;"segunda-feira";"08:30:00";"PE";407;124,9;"PETROLINA";"Reação tardia ou ineficiente do condutor";"Colisão traseira";"Sem Vítimas";"Pleno dia";"Crescente";"Céu Claro";"Dupla";"Interseção de Vias";"Sim";3;0;0;0;3;0;0;2;-9,3771079;-40,5366358;"SPRF-PE";"DEL06-PE";"UOP01-DEL06-PE"
760203;2026-03-23;"segunda-feira";"09:37:00";"SP";116;223;"GUARULHOS";"Ausência de reação do condutor";"Colisão traseira";"Com Vítimas Feridas";"Pleno dia";"Decrescente";"Sol";"Múltipla";"Reta";"Sim";5;0;2;0;3;0;2;3;-23,48084863;-46,53303115;"SPRF-SP";"DEL01-SP";"UOP01-DEL01-SP"
760204;2026-03-23;"segunda-feira";"08:34:00";"SP";116;208;"GUARULHOS";"Acessar a via sem observar a presença dos outros veículos";"Colisão lateral mesmo sentido";"Com Vítimas Feridas";"Pleno dia";"Decrescente";"Céu Claro";"Múltipla";"Reta";"Não";2;0;1;0;1;0;1;2;-23,42251944;-46,39388887;"SPRF-SP";"DEL01-SP";"UOP01-DEL01-SP"
760205;2026-03-23;"segunda-feira";"02:35:00";"PR";277;138;"BALSA NOVA";"Animais na Pista";"Tombamento";"Com Vítimas Feridas";"Plena Noite";"Decrescente";"Céu Claro";"Dupla";"Curva;Declive";"Não";1;0;0;1;0;0;1;1;-25,47313231;-49,63640079;"SPRF-PR";"DEL03-PR";"UOP03-DEL03-PR"
760206;2026-03-23;"segunda-feira";"08:45:00";"GO";153;669;"GOIATUBA";"Pista esburacada";"Tombamento";"Com Vítimas Feridas";"Pleno dia";"Crescente";"Céu Claro";"Dupla";"Reta";"Não";1;0;1;0;0;0;1;1;-18,11928304;-49,28103983;"SPRF-GO";"DEL03-GO";"UOP02-DEL03-GO"
760207;2026-03-23;"segunda-feira";"09:30:00";"SC";101;20,4;"BIGUACU";"Velocidade Incompatível";"Colisão com objeto";"Com Vítimas Feridas";"Pleno dia";"Decrescente";"Céu Claro";"Simples";"Rotatória";"Sim";1;0;1;0;0;0;1;1;-27,494235;-48,712035;"SPRF-SC";"DEL01-SC";"UOP01-DEL01-SC"
760208;2026-03-23;"segunda-feira";"07:20:00";"MG";116;525,6;"CARATINGA";"Pista Escorregadia";"Tombamento";"Com Vítimas Feridas";"Pleno dia";"Crescente";"Garoa/Chuvisco";"Simples";"Curva;Aclive";"Sim";2;0;1;0;0;1;1;2;-19,77681457;-42,13357184;"SPRF-MG";"DEL06-MG";"UOP02-DEL06-MG"
760209;2026-03-23;"segunda-feira";"08:00:00";"SC";101;204;"SAO JOSE";"Demais falhas mecânicas ou elétricas";"Tombamento";"Com Vítimas Feridas";"Pleno dia";"Decrescente";"Céu Claro";"Múltipla";"Reta";"Sim";2;0;2;0;0;0;2;1;-27,57255;-48,61368;"SPRF-SC";"DEL01-SC";"UOP01-DEL01-SC"
760210;2026-03-23;"segunda-feira";"10:00:00";"GO";60;94,8;"ANAPOLIS";"Afundamento ou ondulação no pavimento";"Tombamento";"Com Vítimas Feridas";"Pleno dia";"Decrescente";"Céu Claro";"Dupla";"Reta";"Não";1;0;0;1;0;0;1;1;-16,366181;-48,936994;"SPRF-GO";"DEL02-GO";"UOP01-DEL02-GO"
760213;2026-03-23;"segunda-feira";"10:29:00";"SC";101;333,7;"TUBARAO";"Acessar a via sem observar a presença dos outros veículos";"Colisão transversal";"Com Vítimas Feridas";"Pleno dia";"Decrescente";"Nublado";"Múltipla";"Reta";"Não";2;0;1;0;1;0;1;2;-28,46970989;-49,01504159;"SPRF-SC";"DEL02-SC";"UOP01-DEL02-SC"
760214;2026-03-13;"sexta-feira";"18:15:00";"PR";277;692;"SAO MIGUEL DO IGUACU";"Acessar a via sem observar a presença dos outros veículos";"Colisão traseira";"Sem Vítimas";"Pleno dia";"Crescente";"Céu Claro";"Dupla";"Reta;Aclive;Rotatória;Interseção de Vias";"Não";3;0;0;0;3;0;0;3;-25,361043;-54,248663;"SPRF-PR";"DEL05-PR";"UOP01-DEL05-PR"
760216;2026-03-23;"segunda-feira";"08:05:00";"MG";116;520,2;"CARATINGA";"Acessar a via sem observar a presença dos outros veículos";"Colisão transversal";"Com Vítimas Feridas";"Pleno dia";"Crescente";"Céu Claro";"Simples";"Reta";"Não";2;0;1;0;1;0;1;2;-19,72983047;-42,13355184;"SPRF-MG";"DEL06-MG";"UOP02-DEL06-MG"
760217;2026-03-22;"domingo";"06:50:00";"MA";10;145,9;"PORTO FRANCO";"Transitar na contramão";"Colisão frontal";"Com Vítimas Feridas";"Pleno dia";"Decrescente";"Céu Claro";"Simples";"Reta";"Não";3;0;2;1;0;0;3;2;-6,443308;-47,39696;"SPRF-MA";"DEL04-MA";"UOP02-DEL04-MA"
760218;2026-03-23;"segunda-feira";"10:05:00";"SC";101;273,6;"IMBITUBA";"Reação tardia ou ineficiente do condutor";"Colisão lateral mesmo sentido";"Com Vítimas Feridas";"Pleno dia";"Crescente";"Céu Claro";"Múltipla";"Reta";"Não";2;0;1;0;1;0;1;2;-28,13658472;-48,69239038;"SPRF-SC";"DEL02-SC";"UOP03-DEL02-SC"
760219;2026-03-23;"segunda-feira";"09:56:00";"PE";101;70;"RECIFE";"Trafegar com motocicleta (ou similar) entre as faixas";"Colisão traseira";"Com Vítimas Feridas";"Pleno dia";"Crescente";"Céu Claro";"Dupla";"Reta";"Sim";2;0;0;1;1;0;1;2;-8,07555666;-34,93631959;"SPRF-PE";"DEL01-PE";"UOP01-DEL01-PE"
760220;2026-03-23;"segunda-feira";"07:30:00";"MT";364;204;"RONDONOPOLIS";"Acessar a via sem observar a presença dos outros veículos";"Colisão transversal";"Com Vítimas Feridas";"Pleno dia";"Crescente";"Céu Claro";"Dupla";"Aclive;Reta;Interseção de Vias";"Sim";2;0;1;1;0;0;2;2;-16,45579032;-54,66252923;"SPRF-MT";"DEL02-MT";"UOP01-DEL02-MT"
760221;2026-03-23;"segunda-feira";"10:00:00";"PR";369;398;"CANDOI";"Acessar a via sem observar a presença dos outros veículos";"Colisão lateral mesmo sentido";"Com Vítimas Feridas";"Pleno dia";"Crescente";"Céu Claro";"Simples";"Aclive";"Não";2;0;1;0;1;0;1;2;-25,54462967;-52,01725638;"SPRF-PR";"DEL04-PR";"UOP03-DEL04-PR"
760223;2026-03-23;"segunda-feira";"09:20:00";"GO";153;563;"PROFESSOR JAMIL";"Condutor deixou de manter distância do veículo da frente";"Colisão traseira";"Com Vítimas Feridas";"Pleno dia";"Crescente";"Céu Claro";"Dupla";"Reta";"Não";3;0;1;1;1;0;2;2;-17,23399944;-49,23509471;"SPRF-GO";"DEL03-GO";"UOP01-DEL03-GO"
760224;2026-03-23;"segunda-feira";"10:40:00";"BA";367;83;"EUNAPOLIS";"Acessar a via sem observar a presença dos outros veículos";"Colisão transversal";"Com Vítimas Feridas";"Pleno dia";"Crescente";"Nublado";"Simples";"Reta";"Sim";3;0;0;1;2;0;1;2;-16,372962;-39,572687;"SPRF-BA";"DEL09-BA";"UOP03-DEL09-BA"
760226;2026-03-23;"segunda-feira";"10:00:00";"MG";50;55,9;"UBERLANDIA";"Reação tardia ou ineficiente do condutor";"Colisão traseira";"Com Vítimas Feridas";"Pleno dia";"Crescente";"Sol";"Dupla";"Aclive;Curva";"Não";3;0;1;0;1;1;1;3;-18,78171837;-48,23697016;"SPRF-MG";"DEL15-MG";"UOP02-DEL15-MG"
760228;2026-03-23;"segunda-feira";"10:00:00";"MT";174;280;"PONTES E LACERDA";"Condutor deixou de manter distância do veículo da frente";"Engavetamento";"Sem Vítimas";"Pleno dia";"Decrescente";"Céu Claro";"Simples";"Reta;Aclive";"Sim";3;0;0;0;3;0;0;3;-15,30090901;-59,26214218;"SPRF-MT";"DEL04-MT";"UOP01-DEL04-MT"
760229;2026-03-23;"segunda-feira";"10:00:00";"RJ";101;314;"SAO GONCALO";"Ausência de reação do condutor";"Colisão traseira";"Com Vítimas Feridas";"Pleno dia";"Crescente";"Sol";"Dupla";"Reta";"Sim";2;0;1;0;1;0;1;2;-22,81859286;-43,07962418;"SPRF-RJ";"DEL02-RJ";"UOP02-DEL02-RJ"
760230;2026-03-23;"segunda-feira";"10:50:00";"PE";101;177;"JOAQUIM NABUCO";"Ausência de reação do condutor";"Saída de leito carroçável";"Com Vítimas Feridas";"Pleno dia";"Crescente";"Céu Claro";"Dupla";"Curva";"Não";4;0;4;0;0;0;4;1;-8,619872;-35,548538;"SPRF-PE";"DEL01-PE";"UOP03-DEL01-PE"
760232;2026-03-14;"sábado";"21:37:00";"RN";304;295;"MACAIBA";"Sinalização encoberta";"Colisão com objeto";"Com Vítimas Feridas";"Plena Noite";"Decrescente";"Céu Claro";"Simples";"Reta;Em Obras;Interseção de Vias;Desvio Temporário;Declive";"Não";3;0;1;2;0;0;3;1;-5,86525241;-35,35195319;"SPRF-RN";"DEL01-RN";"UOP02-DEL01-RN"
760234;2026-03-23;"segunda-feira";"10:20:00";"MG";153;189;"FRUTAL";"Pista esburacada";"Saída de leito carroçável";"Com Vítimas Feridas";"Pleno dia";"Crescente";"Céu Claro";"Simples";"Curva;Declive";"Não";1;0;1;0;0;0;1;1;-19,92043262;-48,96081775;"SPRF-MG";"DEL13-MG";"UOP02-DEL13-MG"
760235;2026-03-23;"segunda-feira";"10:30:00";"PR";277;40;"MORRETES";"Reação tardia ou ineficiente do condutor";"Capotamento";"Com Vítimas Feridas";"Pleno dia";"Decrescente";"Céu Claro";"Dupla";"Declive;Curva";"Não";3;0;2;0;1;0;2;1;-25,58005089;-48,87352526;"SPRF-PR";"DEL01-PR";"UOP05-DEL01-PR"
760236;2026-03-23;"segunda-feira";"11:35:00";"MS";163;41;"ELDORADO";"Ingestão de álcool pelo condutor";"Colisão lateral sentido oposto";"Com Vítimas Feridas";"Pleno dia";"Crescente";"Nublado";"Simples";"Aclive;Reta";"Sim";2;0;0;1;1;0;1;2;-23,77741642;-54,27677242;"SPRF-MS";"DEL09-MS";"UOP02-DEL09-MS"
760237;2026-03-23;"segunda-feira";"07:45:00";"SP";116;112,4;"TAUBATE";"Condutor deixou de manter distância do veículo da frente";"Engavetamento";"Com Vítimas Feridas";"Pleno dia";"Crescente";"Céu Claro";"Dupla";"Reta";"Não";6;0;1;0;5;0;1;3;-23,04293;-45,57589;"SPRF-SP";"DEL02-SP";"UOP02-DEL02-SP"
760238;2026-03-23;"segunda-feira";"12:00:00";"MG";40;700,8;"BARBACENA";"Acesso irregular";"Colisão traseira";"Com Vítimas Feridas";"Pleno dia";"Decrescente";"Céu Claro";"Simples";"Curva";"Não";5;0;0;1;4;0;1;2;-21,1782406;-43,7568437;"SPRF-MG";"DEL05-MG";"UOP02-DEL05-MG"
760239;2026-03-23;"segunda-feira";"11:30:00";"SP";116;443;"REGISTRO";"Reação tardia ou ineficiente do condutor";"Tombamento";"Com Vítimas Feridas";"Pleno dia";"Crescente";"Sol";"Dupla";"Reta;Aclive";"Sim";1;0;1;0;0;0;1;1;-24,48643397;-47,83433788;"SPRF-SP";"DEL05-SP";"UOP01-DEL05-SP"
760241;2026-03-23;"segunda-feira";"10:30:00";"RS";116;250;"SAO LEOPOLDO";"Ausência de reação do condutor";"Colisão traseira";"Com Vítimas Feridas";"Pleno dia";"Crescente";"Céu Claro";"Múltipla";"Reta";"Sim";2;0;1;0;1;0;1;2;-29,79312802;-51,16439072;"SPRF-RS";"DEL01-RS";"UOP02-DEL01-RS"
760243;2026-03-23;"segunda-feira";"12:10:00";"RS";116;269,8;"PORTO ALEGRE";"Manobra de mudança de faixa";"Engavetamento";"Sem Vítimas";"Pleno dia";"Crescente";"Nublado";"Múltipla";"Reta";"Sim";3;0;0;0;3;0;0;3;-29,96850021;-51,17647139;"SPRF-RS";"DEL01-RS";"UOP01-DEL01-RS"
760244;2026-03-23;"segunda-feira";"08:15:00";"RJ";101;577,3;"PARATY";"Condutor deixou de manter distância do veículo da frente";"Colisão traseira";"Com Vítimas Feridas";"Pleno dia";"Decrescente";"Céu Claro";"Simples";"Reta";"Sim";3;0;2;0;1;0;2;2;-23,233812;-44,714298;"SPRF-RJ";"DEL03-RJ";"UOP04-DEL03-RJ"
760245;2026-03-23;"segunda-feira";"11:40:00";"MT";70;521;"VARZEA GRANDE";"Conversão proibida";"Colisão transversal";"Com Vítimas Feridas";"Pleno dia";"Decrescente";"Sol";"Simples";"Reta";"Sim";2;0;0;1;1;0;1;2;-15,67151311;-56,17923081;"SPRF-MT";"DEL01-MT";"UOP02-DEL01-MT"
760246;2026-03-23;"segunda-feira";"13:00:00";"SC";101;206,3;"SAO JOSE";"Trafegar com motocicleta (ou similar) entre as faixas";"Colisão traseira";"Com Vítimas Feridas";"Pleno dia";"Crescente";"Céu Claro";"Múltipla";"Reta";"Sim";2;0;1;0;1;0;1;2;-27,5941832;-48,618948;"SPRF-SC";"DEL01-SC";"UOP01-DEL01-SC"
760248;2026-03-23;"segunda-feira";"09:00:00";"MG";381;495;"BETIM";"Demais falhas na via";"Colisão com objeto";"Com Vítimas Feridas";"Pleno dia";"Crescente";"Nublado";"Dupla";"Reta;Aclive";"Não";1;0;1;0;0;0;1;1;-19,96931583;-44,18138659;"SPRF-MG";"DEL01-MG";"UOP03-DEL01-MG"
760249;2026-03-23;"segunda-feira";"13:09:00";"SP";116;279;"EMBU DAS ARTES";"Objeto estático sobre o leito carroçável";"Queda de ocupante de veículo";"Com Vítimas Feridas";"Pleno dia";"Crescente";"Céu Claro";"Dupla";"Reta";"Sim";1;0;1;0;0;0;1;1;-23,66820302;-46,85557768;"SPRF-SP";"DEL04-SP";"UOP01-DEL04-SP"
760250;2026-03-23;"segunda-feira";"13:20:00";"RJ";40;111;"DUQUE DE CAXIAS";"Reação tardia ou ineficiente do condutor";"Colisão traseira";"Com Vítimas Feridas";"Pleno dia";"Crescente";"Céu Claro";"Dupla";"Reta";"Sim";3;0;1;0;2;0;1;2;-22,6935475;-43,2882081;"SPRF-RJ";"DEL01-RJ";"UOP02-DEL01-RJ"