"id";"data_inversa";"dia_semana";"horario";"uf";"br";"km";"municipio";"causa_acidente";"tipo_acidente";"classificacao_acidente";"fase_dia";"sentido_via";"condicao_metereologica";"tipo_pista";"tracado_via";"uso_solo";"pessoas";"mortos";"feridos_leves";"feridos_graves";"ilesos";"ignorados";"feridos";"veiculos";"latitude";"longitude";"regional";"delegacia";"uop"
760251;2026-03-23;"segunda-feira";"12:30:00";"RS";290;46;"GLORINHA";"Condutor Dormindo";"Saída de leito carroçável";"Com Vítimas Feridas";"Pleno dia";"Crescente";"Céu Claro";"Dupla";"Reta";"Não";1;0;1;0;0;0;1;1;-29,898938;-50,739879;"SPRF-RS";"DEL03-RS";"UOP01-DEL03-RS"
760252;2026-03-23;"segunda-feira";"13:20:00";"RS";116;153,4;"CAXIAS DO SUL";"Conversão proibida";"Colisão lateral mesmo sentido";"Com Vítimas Feridas";"Pleno dia";"Crescente";"Sol";"Simples";"Curva";"Sim";2;0;1;0;1;0;1;2;-29,1876264;-51,1818932;"SPRF-RS";"DEL05-RS";"UOP01-DEL05-RS"
760254;2026-03-23;"segunda-feira";"08:50:00";"RS";116;38,8;"VACARIA";"Reação tardia ou ineficiente do condutor";"Colisão traseira";"Com Vítimas Feridas";"Pleno dia";"Crescente";"Céu Claro";"Simples";"Interseção de Vias";"Sim";2;0;1;0;1;0;1;2;-28,5107158;-50,93109218;"SPRF-RS";"DEL05-RS";"UOP03-DEL05-RS"
760256;2026-03-23;"segunda-feira";"13:35:00";"SP";153;174;"GUAICARA";"Desrespeitar a preferência no cruzamento";"Colisão transversal";"Com Vítimas Feridas";"Pleno dia";"Crescente";"Sol";"Simples";"Interseção de Vias";"Não";2;0;1;0;1;0;1;2;-21,63341945;-49,78787033;"SPRF-SP";"DEL07-SP";"UOP01-DEL07-SP"
760257;2026-03-03;"terça-feira";"14:10:00";"MS";60;562;"NIOAQUE";"Condutor usando celular";"Saída de leito carroçável";"Com Vítimas Feridas";"Pleno dia";"Crescente";"Céu Claro";"Simples";"Reta";"Não";1;0;1;0;0;0;1;1;-21,280257;-55,977965;"SPRF-MS";"DEL05-MS";"UOP01-DEL05-MS"
760258;2026-03-23;"segunda-feira";"13:00:00";"MG";40;50,6;"PARACATU";"Reação tardia ou ineficiente do condutor";"Colisão traseira";"Com Vítimas Feridas";"Pleno dia";"Crescente";"Céu Claro";"Simples";"Reta";"Não";2;0;1;0;1;0;1;2;-17,2412152;-46,79622173;"SPRF-MG";"DEL14-MG";"UOP01-DEL14-MG"
760259;2026-03-23;"segunda-feira";"13:15:00";"PR";277;716;"SANTA TEREZINHA DE ITAIPU";"Acessar a via sem observar a presença dos outros veículos";"Colisão transversal";"Com Vítimas Feridas";"Pleno dia";"Decrescente";"Céu Claro";"Dupla";"Declive;Reta";"Não";4;0;3;0;1;0;3;2;-25,474172;-54,4707129;"SPRF-PR";"DEL05-PR";"UOP01-DEL05-PR"
760260;2026-03-23;"segunda-feira";"13:30:00";"MG";116;524,4;"CARATINGA";"Ingestão de álcool pelo condutor";"Colisão traseira";"Com Vítimas Feridas";"Pleno dia";"Decrescente";"Céu Claro";"Simples";"Reta";"Sim";2;0;1;0;1;0;1;2;-19,76674814;-42,13123441;"SPRF-MG";"DEL06-MG";"UOP02-DEL06-MG"
760262;2026-03-20;"sexta-feira";"17:20:00";"RJ";493;6;"ITABORAI";"Retorno proibido";"Colisão transversal";"Com Vítimas Feridas";"Pleno dia";"Crescente";"Nublado";"Simples";"Em Obras;Reta";"Não";2;0;1;0;1;0;1;2;-22,73804064;-42,95327134;"SPRF-RJ";"DEL02-RJ";"UOP02-DEL02-RJ"
760263;2026-03-23;"segunda-feira";"13:30:00";"RS";293;1;"PELOTAS";"Acessar a via sem observar a presença dos outros veículos";"Colisão transversal";"Com Vítimas Feridas";"Pleno dia";"Crescente";"Chuva";"Simples";"Curva";"Sim";3;0;1;0;2;0;1;3;-31,7588418;-52,35618353;"SPRF-RS";"DEL07-RS";"UOP01-DEL07-RS"
760264;2026-03-23;"segunda-feira";"11:18:00";"PB";230;20,3;"JOAO PESSOA";"Condutor deixou de manter distância do veículo da frente";"Colisão traseira";"Com Vítimas Feridas";"Pleno dia";"Crescente";"Nublado";"Dupla";"Reta;Viaduto";"Sim";3;0;2;0;0;1;2;2;-7,138205;-34,852993;"SPRF-PB";"DEL01-PB";"UOP01-DEL01-PB"
760265;2026-03-23;"segunda-feira";"11:30:00";"SC";470;61;"BLUMENAU";"Demais falhas mecânicas ou elétricas";"Incêndio";"Sem Vítimas";"Pleno dia";"Crescente";"Céu Claro";"Simples";"Em Obras;Reta";"Sim";1;0;0;0;0;1;0;1;-26,86249184;-49,09180582;"SPRF-SC";"DEL04-SC";"UOP01-DEL04-SC"
760266;2026-02-19;"quinta-feira";"20:00:00";"MG";381;828,8;"SAO SEBASTIAO DA BELA VISTA";"Acessar a via sem observar a presença dos outros veículos";"Atropelamento de Pedestre";"Com Vítimas Fatais";"Plena Noite";"Crescente";"Chuva";"Dupla";"Reta";"Não";2;1;0;0;1;0;0;2;-22,11886297;-45,75474342;"SPRF-MG";"DEL16-MG";"UOP01-DEL16-MG"
760269;2026-03-23;"segunda-feira";"13:15:00";"BA";116;818;"VITORIA DA CONQUISTA";"Conversão proibida";"Colisão transversal";"Com Vítimas Feridas";"Pleno dia";"Decrescente";"Céu Claro";"Dupla";"Declive;Reta";"Sim";2;0;1;0;1;0;1;2;-14,82678;-40,82473;"SPRF-BA";"DEL08-BA";"UOP01-DEL08-BA"
760270;2026-03-15;"domingo";"15:20:00";"MG";50;25;"ARAGUARI";"Pista Escorregadia";"Colisão com objeto";"Com Vítimas Feridas";"Pleno dia";"Crescente";"Chuva";"Dupla";"Declive;Reta";"Não";2;0;2;0;0;0;2;1;-18,61537158;-48,08265209;"SPRF-MG";"DEL15-MG";"UOP02-DEL15-MG"
760271;2026-03-23;"segunda-feira";"14:29:00";"TO";153;136;"ARAGUAINA";"Ausência de reação do condutor";"Queda de ocupante de veículo";"Com Vítimas Feridas";"Pleno dia";"Crescente";"Céu Claro";"Dupla";"Reta";"Sim";2;0;0;1;1;0;1;2;-7,15341595;-48,20380121;"SPRF-TO";"DEL02-TO";"UOP01-DEL02-TO"
760274;2026-03-23;"segunda-feira";"15:40:00";"RS";290;89;"PORTO ALEGRE";"Condutor deixou de manter distância do veículo da frente";"Colisão traseira";"Com Vítimas Feridas";"Pleno dia";"Decrescente";"Céu Claro";"Múltipla";"Em Obras";"Não";2;0;1;0;1;0;1;2;-29,96849792;-51,15390592;"SPRF-RS";"DEL01-RS";"UOP01-DEL01-RS"
760276;2026-03-23;"segunda-feira";"07:54:00";"RO";364;424;"JARU";"Reação tardia ou ineficiente do condutor";"Colisão transversal";"Com Vítimas Feridas";"Pleno dia";"Crescente";"Céu Claro";"Simples";"Reta;Interseção de Vias;Ponte";"Sim";1;0;1;0;0;0;1;1;-10,444537;-62,46581;"SPRF-RO";"DEL03-RO";"UOP02-DEL03-RO"
760277;2026-03-23;"segunda-feira";"15:00:00";"RS";290;292,8;"CACHOEIRA DO SUL";"Reação tardia ou ineficiente do condutor";"Saída de leito carroçável";"Com Vítimas Feridas";"Pleno dia";"Decrescente";"Chuva";"Simples";"Curva;Aclive";"Não";4;0;4;0;0;0;4;1;-30,289494;-53,14406;"SPRF-RS";"DEL02-RS";"UOP03-DEL02-RS"
760278;2026-02-27;"sexta-feira";"01:30:00";"PR";163;285;"MARECHAL CANDIDO RONDON";"Ausência de reação do condutor";"Queda de ocupante de veículo";"Com Vítimas Feridas";"Plena Noite";"Crescente";"Ignorado";"Dupla";"Reta";"Sim";1;0;0;1;0;0;1;1;-24,54142591;-54,04620512;"SPRF-PR";"DEL06-PR";"UOP02-DEL06-PR"
760279;2026-03-23;"segunda-feira";"15:20:00";"PR";277;604;"CASCAVEL";"Ausência de reação do condutor";"Colisão traseira";"Com Vítimas Feridas";"Pleno dia";"Crescente";"Céu Claro";"Simples";"Aclive;Curva;Interseção de Vias";"Não";3;0;1;0;2;0;1;2;-25,02412785;-53,55223624;"SPRF-PR";"DEL05-PR";"UOP02-DEL05-PR"
760280;2026-03-23;"segunda-feira";"15:40:00";"DF";70;6,8;"BRASILIA";"Acessar a via sem observar a presença dos outros veículos";"Colisão traseira";"Com Vítimas Feridas";"Pleno dia";"Decrescente";"Céu Claro";"Dupla";"Reta";"Não";5;0;1;0;4;0;1;2;-15,79496044;-48,19919054;"SPRF-DF";"DEL03-DF";"UOP02-DEL03-DF"
760281;2026-03-23;"segunda-feira";"14:18:00";"MA";135;65;"BACABEIRA";"Pista Escorregadia";"Saída de leito carroçável";"Com Vítimas Feridas";"Pleno dia";"Crescente";"Nublado";"Dupla";"Reta";"Não";4;0;1;0;3;0;1;1;-3,096958;-44,322182;"SPRF-MA";"DEL01-MA";"UOP02-DEL01-MA"
760283;2026-03-23;"segunda-feira";"15:00:00";"SC";101;207;"SAO JOSE";"Ingestão de álcool pelo condutor";"Colisão traseira";"Sem Vítimas";"Pleno dia";"Decrescente";"Sol";"Múltipla";"Reta;Interseção de Vias";"Sim";2;0;0;0;2;0;0;2;-27,5995902;-48,62188188;"SPRF-SC";"DEL01-SC";"UOP01-DEL01-SC"
760286;2026-03-19;"quinta-feira";"22:40:00";"MG";50;177,7;"UBERABA";"Condutor Dormindo";"Saída de leito carroçável";"Com Vítimas Feridas";"Plena Noite";"Decrescente";"Céu Claro";"Dupla";"Curva";"Sim";1;0;1;0;0;0;1;1;-19,77917791;-47,94748843;"SPRF-MG";"DEL13-MG";"UOP01-DEL13-MG"
760288;2026-03-23;"segunda-feira";"13:10:00";"MS";60;423,6;"SIDROLANDIA";"Ausência de reação do condutor";"Tombamento";"Com Vítimas Feridas";"Pleno dia";"Decrescente";"Céu Claro";"Simples";"Reta";"Sim";1;0;1;0;0;0;1;1;-20,919046;-54,950518;"SPRF-MS";"DEL01-MS";"UOP04-DEL01-MS"
760289;2026-03-06;"sexta-feira";"18:23:00";"ES";101;145,3;"LINHARES";"Manobra de mudança de faixa";"Queda de ocupante de veículo";"Com Vítimas Feridas";"Plena Noite";"Decrescente";"Céu Claro";"Dupla";"Reta";"Sim";2;0;2;0;0;0;2;1;-19,3652092;-40,0649192;"SPRF-ES";"DEL04-ES";"UOP01-DEL04-ES"
760290;2026-03-23;"segunda-feira";"16:30:00";"PE";101;51;"ABREU E LIMA";"Trafegar com motocicleta (ou similar) entre as faixas";"Colisão lateral mesmo sentido";"Com Vítimas Feridas";"Pleno dia";"Crescente";"Céu Claro";"Dupla";"Reta";"Sim";2;0;1;0;1;0;1;2;-7,913779;-34,899502;"SPRF-PE";"DEL01-PE";"UOP02-DEL01-PE"
760291;2026-03-23;"segunda-feira";"15:15:00";"PR";153;351;"REBOUCAS";"Acessar a via sem observar a presença dos outros veículos";"Colisão transversal";"Com Vítimas Feridas";"Pleno dia";"Crescente";"Nublado";"Simples";"Curva";"Não";5;0;2;0;3;0;2;2;-25,608;-50,699;"SPRF-PR";"DEL08-PR";"UOP02-DEL08-PR"
760293;2026-03-23;"segunda-feira";"08:01:00";"SP";381;56;"MAIRIPORA";"Trafegar com motocicleta (ou similar) entre as faixas";"Colisão lateral mesmo sentido";"Com Vítimas Feridas";"Pleno dia";"Crescente";"Céu Claro";"Múltipla";"Reta";"Sim";2;0;0;1;1;0;1;2;-23,26244197;-46,58672551;"SPRF-SP";"DEL03-SP";"UOP01-DEL03-SP"
760294;2026-03-23;"segunda-feira";"16:30:00";"PR";369;161;"CAMBE";"Trafegar com motocicleta (ou similar) entre as faixas";"Colisão lateral mesmo sentido";"Com Vítimas Feridas";"Pleno dia";"Crescente";"Garoa/Chuvisco";"Dupla";"Reta";"Sim";2;0;1;0;1;0;1;2;-23,28809981;-51,2613043;"SPRF-PR";"DEL07-PR";"UOP01-DEL07-PR"
760295;2026-03-23;"segunda-feira";"16:15:00";"SC";101;204;"SAO JOSE";"Reação tardia ou ineficiente do condutor";"Tombamento";"Com Vítimas Feridas";"Pleno dia";"Decrescente";"Céu Claro";"Dupla";"Reta";"Sim";1;0;1;0;0;0;1;1;-27,57425;-48,61325;"SPRF-SC";"DEL01-SC";"UOP01-DEL01-SC"
760296;2026-03-23;"segunda-feira";"16:50:00";"DF";20;5,2;"BRASILIA";"Reação tardia ou ineficiente do condutor";"Saída de leito carroçável";"Com Vítimas Feridas";"Pleno dia";"Decrescente";"Nublado";"Múltipla";"Aclive;Reta";"Sim";1;0;1;0;0;0;1;1;-15,669238;-47,814532;"SPRF-DF";"DEL02-DF";"UOP01-DEL02-DF"
760298;2026-03-23;"segunda-feira";"14:26:00";"PE";423;36;"SAO CAITANO";"Reação tardia ou ineficiente do condutor";"Queda de ocupante de veículo";"Com Vítimas Feridas";"Pleno dia";"Decrescente";"Céu Claro";"Simples";"Reta";"Sim";1;0;1;0;0;0;1;1;-8,470964;-36,220059;"SPRF-PE";"DEL03-PE";"UOP02-DEL03-PE"
760299;2026-03-23;"segunda-feira";"17:10:00";"PE";101;45;"IGARASSU";"Pedestre cruzava a pista fora da faixa";"Atropelamento de Pedestre";"Com Vítimas Feridas";"Anoitecer";"Crescente";"Céu Claro";"Múltipla";"Reta";"Sim";2;0;2;0;0;0;2;2;-7,87341;-34,905967;"SPRF-PE";"DEL01-PE";"UOP02-DEL01-PE"
760300;2026-03-23;"segunda-feira";"15:35:00";"BA";101;856,7;"TEIXEIRA DE FREITAS";"Reação tardia ou ineficiente do condutor";"Colisão traseira";"Com Vítimas Feridas";"Pleno dia";"Crescente";"Céu Claro";"Simples";"Reta";"Não";3;0;1;0;2;0;1;2;-17,376465;-39,657702;"SPRF-BA";"DEL09-BA";"UOP02-DEL09-BA"
760301;2026-03-21;"sábado";"23:30:00";"AM";230;611;"HUMAITA";"Ingestão de álcool pelo condutor";"Colisão traseira";"Sem Vítimas";"Plena Noite";"Decrescente";"Céu Claro";"Dupla";"Interseção de Vias;Reta";"Sim";4;0;0;0;4;0;0;2;-7,500952;-63,028191;"SPRF-AM";"DEL02-AM";"UOP01-DEL02-AM"
760302;2026-03-03;"terça-feira";"22:20:00";"SC";282;605;"MARAVILHA";"Ingestão de álcool pelo condutor";"Colisão frontal";"Com Vítimas Feridas";"Plena Noite";"Crescente";"Ignorado";"Simples";"Curva;Declive";"Sim";2;0;0;1;1;0;1;2;-26,78602451;-53,19551881;"SPRF-SC";"DEL07-SC";"UOP02-DEL07-SC"
760305;2026-02-01;"domingo";"20:12:00";"PA";163;233;"NOVO PROGRESSO";"Reação tardia ou ineficiente do condutor";"Colisão traseira";"Sem Vítimas";"Plena Noite";"Crescente";"Ignorado";"Simples";"Reta";"Não";2;0;0;0;0;2;0;2;-7,65879684;-55,22018194;"SPRF-PA";"DEL05-PA";"UOP03-DEL05-PA"
760306;2026-03-23;"segunda-feira";"17:45:00";"GO";40;2;"VALPARAISO DE GOIAS";"Reação tardia ou ineficiente do condutor";"Engavetamento";"Sem Vítimas";"Pleno dia";"Decrescente";"Céu Claro";"Dupla";"Reta";"Sim";4;0;0;0;3;1;0;4;-16,07603;-47,98544;"SPRF-DF";"DEL01-DF";"UOP01-DEL01-DF"
760307;2026-03-23;"segunda-feira";"17:10:00";"RO";364;142,2;"PORTO VELHO";"Condutor deixou de manter distância do veículo da frente";"Colisão traseira";"Com Vítimas Feridas";"Pleno dia";"Decrescente";"Céu Claro";"Múltipla";"Reta";"Sim";1;0;1;0;0;0;1;1;-8,7647118;-63,88478726;"SPRF-RO";"DEL02-RO";"UOP02-DEL02-RO"
760308;2026-03-23;"segunda-feira";"17:30:00";"RN";101;103;"PARNAMIRIM";"Ausência de reação do condutor";"Colisão traseira";"Com Vítimas Feridas";"Anoitecer";"Decrescente";"Céu Claro";"Dupla";"Reta";"Sim";2;0;1;0;0;1;1;2;-5,890497;-35,250725;"SPRF-RN";"DEL01-RN";"UOP01-DEL01-RN"
760310;2026-03-23;"segunda-feira";"17:15:00";"SC";280;129,6;"RIO NEGRINHO";"Condutor deixou de manter distância do veículo da frente";"Colisão traseira";"Com Vítimas Feridas";"Pleno dia";"Decrescente";"Céu Claro";"Simples";"Aclive;Reta";"Sim";3;0;1;0;2;0;1;2;-26,250305;-49,52638;"SPRF-SC";"DEL06-SC";"UOP03-DEL06-SC"
760311;2026-03-23;"segunda-feira";"18:25:00";"PE";116;25;"SALGUEIRO";"Desrespeitar a preferência no cruzamento";"Colisão transversal";"Com Vítimas Feridas";"Plena Noite";"Decrescente";"Céu Claro";"Simples";"Interseção de Vias";"Não";2;0;0;1;1;0;1;2;-8,071369;-39,133597;"SPRF-PE";"DEL05-PE";"UOP01-DEL05-PE"
760312;2026-03-07;"sábado";"13:40:00";"PR";376;328,5;"ORTIGUEIRA";"Ausência de reação do condutor";"Saída de leito carroçável";"Com Vítimas Feridas";"Pleno dia";"Crescente";"Céu Claro";"Dupla";"Curva";"Sim";1;0;1;0;0;0;1;1;-24,100327;-51,043255;"SPRF-PR";"DEL07-PR";"UOP02-DEL07-PR"
760313;2026-03-16;"segunda-feira";"20:10:00";"RJ";101;295;"RIO DE JANEIRO";"Transitar na contramão";"Colisão frontal";"Com Vítimas Feridas";"Plena Noite";"Decrescente";"Céu Claro";"Dupla";"Reta";"Sim";2;0;1;0;1;0;1;2;-22,911;-43,2093;"SPRF-RJ";"DEL02-RJ";"UOP02-DEL02-RJ"
760314;2026-03-23;"segunda-feira";"15:30:00";"GO";80;2;"PADRE BERNARDO";"Condutor Dormindo";"Saída de leito carroçável";"Com Vítimas Feridas";"Pleno dia";"Decrescente";"Céu Claro";"Simples";"Declive;Reta";"Não";1;0;1;0;0;0;1;1;-15,50353827;-48,20560455;"SPRF-DF";"DEL03-DF";"UOP02-DEL03-DF"
760316;2026-03-23;"segunda-feira";"16:45:00";"SC";101;287,1;"IMBITUBA";"Demais falhas mecânicas ou elétricas";"Tombamento";"Com Vítimas Feridas";"Pleno dia";"Decrescente";"Sol";"Dupla";"Reta";"Não";1;0;1;0;0;0;1;1;-28,257384;-48,702139;"SPRF-SC";"DEL02-SC";"UOP03-DEL02-SC"
760319;2026-03-23;"segunda-feira";"19:12:00";"SP";116;278;"EMBU DAS ARTES";"Manobra de mudança de faixa";"Colisão lateral mesmo sentido";"Com Vítimas Feridas";"Plena Noite";"Crescente";"Céu Claro";"Dupla";"Curva";"Sim";2;0;1;0;1;0;1;2;-23,63592983;-46,83179883;"SPRF-SP";"DEL04-SP";"UOP01-DEL04-SP"
760320;2026-03-23;"segunda-feira";"19:00:00";"RJ";116;171;"RIO DE JANEIRO";"Manobra de mudança de faixa";"Queda de ocupante de veículo";"Com Vítimas Feridas";"Plena Noite";"Crescente";"Céu Claro";"Múltipla";"Reta";"Sim";1;0;1;0;0;0;1;1;-22,80483204;-43,34526089;"SPRF-RJ";"DEL06-RJ";"UOP01-DEL06-RJ"
760321;2026-03-23;"segunda-feira";"15:40:00";"GO";153;31;"PORANGATU";"Ingestão de álcool pelo condutor";"Queda de ocupante de veículo";"Com Vítimas Feridas";"Pleno dia";"Decrescente";"Nublado";"Simples";"Declive;Reta";"Não";1;0;1;0;0;0;1;1;-13;-49;"SPRF-GO";"DEL07-GO";"UOP01-DEL07-GO"
760323;2026-03-23;"segunda-feira";"08:00:00";"RS";293;340;"SANTANA DO LIVRAMENTO";"Acumulo de água sobre o pavimento";"Saída de leito carroçável";"Sem Vítimas";"Pleno dia";"Crescente";"Chuva";"Simples";"Reta";"Sim";1;0;0;0;1;0;0;1;-30,8558069;-55,53842068;"SPRF-RS";"DEL11-RS";"UOP01-DEL11-RS"
760324;2026-03-23;"segunda-feira";"14:30:00";"MA";222;664;"ACAILANDIA";"Ultrapassagem Indevida";"Colisão transversal";"Sem Vítimas";"Pleno dia";"Crescente";"Céu Claro";"Simples";"Declive";"Sim";5;0;0;0;2;3;0;4;-4,909535;-47,411582;"SPRF-MA";"DEL04-MA";"UOP03-DEL04-MA"
760325;2026-03-23;"segunda-feira";"19:15:00";"SP";116;500;"CAJATI";"Entrada inopinada do pedestre";"Atropelamento de Pedestre";"Com Vítimas Feridas";"Plena Noite";"Decrescente";"Céu Claro";"Simples";"Reta";"Não";3;0;1;0;2;0;1;2;-24,78572153;-48,17547798;"SPRF-SP";"DEL05-SP";"UOP02-DEL05-SP"
760326;2026-03-23;"segunda-feira";"19:20:00";"MG";40;298;"TRES MARIAS";"Animais na Pista";"Atropelamento de Animal";"Com Vítimas Feridas";"Plena Noite";"Decrescente";"Céu Claro";"Simples";"Aclive;Reta";"Não";5;0;3;0;0;2;3;1;-18,338316;-45,102886;"SPRF-MG";"DEL14-MG";"UOP02-DEL14-MG"
760327;2026-03-23;"segunda-feira";"19:20:00";"SC";280;165,8;"MAFRA";"Conversão proibida";"Colisão transversal";"Com Vítimas Feridas";"Plena Noite";"Decrescente";"Céu Claro";"Simples";"Reta";"Não";3;0;1;0;2;0;1;2;-26,178137;-49,815095;"SPRF-SC";"DEL06-SC";"UOP01-DEL06-SC"
760328;2026-03-10;"terça-feira";"02:00:00";"MS";163;303;"DOURADINA";"Velocidade Incompatível";"Capotamento";"Com Vítimas Fatais";"Plena Noite";"Crescente";"Céu Claro";"Simples";"Reta";"Não";2;1;0;0;0;1;0;2;-21,97143996;-54,5321524;"SPRF-MS";"DEL02-MS";"UOP02-DEL02-MS"
760329;2026-03-23;"segunda-feira";"18:15:00";"RJ";101;323;"NITEROI";"Trafegar com motocicleta (ou similar) entre as faixas";"Colisão lateral mesmo sentido";"Com Vítimas Feridas";"Plena Noite";"Decrescente";"Céu Claro";"Múltipla";"Reta";"Não";2;0;1;0;1;0;1;2;-22,874;-43,1245;"SPRF-RJ";"DEL02-RJ";"UOP01-DEL02-RJ"
760330;2026-03-23;"segunda-feira";"17:45:00";"MT";70;522;"VARZEA GRANDE";"Acesso irregular";"Colisão transversal";"Com Vítimas Feridas";"Anoitecer";"Crescente";"Nublado";"Simples";"Reta";"Sim";2;0;1;0;1;0;1;2;-15,65933055;-56,18782707;"SPRF-MT";"DEL01-MT";"UOP02-DEL01-MT"
760331;2026-03-23;"segunda-feira";"19:40:00";"MG";381;510;"SAO JOAQUIM DE BICAS";"Reação tardia ou ineficiente do condutor";"Tombamento";"Com Vítimas Feridas";"Plena Noite";"Decrescente";"Céu Claro";"Simples";"Reta";"Não";1;0;0;1;0;0;1;1;-20,056809;-44,286188;"SPRF-MG";"DEL01-MG";"UOP03-DEL01-MG"
760333;2026-03-23;"segunda-feira";"19:18:00";"TO";153;718;"FIGUEIROPOLIS";"Ausência de reação do condutor";"Saída de leito carroçável";"Com Vítimas Feridas";"Plena Noite";"Crescente";"Céu Claro";"Simples";"Reta";"Não";1;0;1;0;0;0;1;1;-12,10844;-49,18289;"SPRF-TO";"DEL01-TO";"UOP02-DEL01-TO"
760334;2026-03-23;"segunda-feira";"19:15:00";"SP";116;134;"SAO JOSE DOS CAMPOS";"Objeto estático sobre o leito carroçável";"Queda de ocupante de veículo";"Com Vítimas Feridas";"Plena Noite";"Decrescente";"Céu Claro";"Dupla";"Reta";"Não";1;0;0;1;0;0;1;1;-23,15384162;-45,78783989;"SPRF-SP";"DEL02-SP";"UOP02-DEL02-SP"
760335;2026-03-23;"segunda-feira";"19:45:00";"SC";282;3,5;"FLORIANOPOLIS";"Reação tardia ou ineficiente do condutor";"Colisão traseira";"Com Vítimas Feridas";"Plena Noite";"Decrescente";"Céu Claro";"Múltipla";"Reta";"Sim";3;0;0;1;2;0;1;3;-27,59506432;-48,60152928;"SPRF-SC";"DEL01-SC";"UOP01-DEL01-SC"
760336;2026-03-23;"segunda-feira";"19:30:00";"MG";262;784,7;"UBERABA";"Mal súbito do condutor";"Saída de leito carroçável";"Com Vítimas Feridas";"Plena Noite";"Decrescente";"Céu Claro";"Dupla";"Declive;Reta";"Sim";1;0;1;0;0;0;1;1;-19,768907;-47,893756;"SPRF-MG";"DEL13-MG";"UOP01-DEL13-MG"
760337;2026-03-23;"segunda-feira";"17:30:00";"MG";116;762;"LEOPOLDINA";"Ultrapassagem Indevida";"Colisão lateral mesmo sentido";"Com Vítimas Feridas";"Pleno dia";"Crescente";"Céu Claro";"Simples";"Aclive";"Sim";3;0;0;2;1;0;2;2;-21,52826116;-42,62195975;"SPRF-MG";"DEL07-MG";"UOP01-DEL07-MG"
760338;2026-03-23;"segunda-feira";"17:40:00";"RJ";493;106;"SEROPEDICA";"Reação tardia ou ineficiente do condutor";"Colisão traseira";"Com Vítimas Fatais";"Pleno dia";"Crescente";"Chuva";"Dupla";"Reta";"Não";4;2;2;0;0;0;2;2;-22,78504467;-43,76369476;"SPRF-RJ";"DEL01-RJ";"UOP03-DEL01-RJ"
760339;2026-03-23;"segunda-feira";"16:30:00";"MG";116;237,5;"TEOFILO OTONI";"Ultrapassagem Indevida";"Colisão lateral sentido oposto";"Com Vítimas Feridas";"Anoitecer";"Crescente";"Nublado";"Simples";"Reta";"Não";4;0;2;1;1;0;3;2;-17,55126;-41,4751;"SPRF-MG";"DEL11-MG";"UOP01-DEL11-MG"
760341;2026-03-23;"segunda-feira";"20:30:00";"RJ";116;183;"NOVA IGUACU";"Ausência de reação do condutor";"Queda de ocupante de veículo";"Com Vítimas Feridas";"Plena Noite";"Crescente";"Céu Claro";"Dupla";"Reta";"Não";3;0;0;1;1;1;1;2;-22,75376;-43,43532;"SPRF-RJ";"DEL06-RJ";"UOP01-DEL06-RJ"
760342;2026-03-23;"segunda-feira";"17:35:00";"MG";116;669,2;"MIRADOURO";"Transitar na contramão";"Colisão frontal";"Com Vítimas Fatais";"Pleno dia";"Decrescente";"Nublado";"Simples";"Curva";"Não";2;1;0;0;1;0;0;2;-20,864;-42,328;"SPRF-MG";"DEL07-MG";"UOP02-DEL07-MG"
760343;2026-03-23;"segunda-feira";"17:30:00";"PB";230;364;"MALTA";"Ingestão de álcool pelo condutor";"Colisão transversal";"Com Vítimas Feridas";"Anoitecer";"Decrescente";"Céu Claro";"Simples";"Reta";"Sim";2;0;0;1;1;0;1;2;-6,904727;-37,516755;"SPRF-PB";"DEL03-PB";"UOP02-DEL03-PB"
760344;2026-03-23;"segunda-feira";"19:15:00";"MS";463;103;"PONTA PORA";"Reação tardia ou ineficiente do condutor";"Colisão transversal";"Com Vítimas Feridas";"Plena Noite";"Crescente";"Nublado";"Simples";"Reta";"Sim";2;0;1;0;1;0;1;2;-22,60030311;-55,66077232;"SPRF-MS";"DEL04-MS";"UOP03-DEL04-MS"
760345;2026-03-23;"segunda-feira";"18:20:00";"RJ";465;15;"SEROPEDICA";"Acesso irregular";"Colisão transversal";"Com Vítimas Feridas";"Plena Noite";"Crescente";"Céu Claro";"Simples";"Reta";"Sim";3;0;0;1;1;1;1;3;-22,811011;-43,631453;"SPRF-RJ";"DEL06-RJ";"UOP02-DEL06-RJ"
760346;2026-03-23;"segunda-feira";"20:30:00";"SC";282;220,7;"LAGES";"Chuva";"Colisão com objeto";"Com Vítimas Feridas";"Plena Noite";"Decrescente";"Chuva";"Simples";"Rotatória";"Sim";1;0;1;0;0;0;1;1;-27,79515138;-50,33845961;"SPRF-SC";"DEL05-SC";"UOP01-DEL05-SC"
760349;2026-03-22;"domingo";"00:30:00";"RJ";465;17;"SEROPEDICA";"Reação tardia ou ineficiente do condutor";"Colisão traseira";"Com Vítimas Feridas";"Plena Noite";"Crescente";"Céu Claro";"Simples";"Reta";"Sim";2;0;0;1;1;0;1;2;-22,75635075;-43,6909348;"SPRF-RJ";"DEL06-RJ";"UOP02-DEL06-RJ"
760351;2026-03-23;"segunda-feira";"21:20:00";"MA";10;169;"CAMPESTRE DO MARANHAO";"Pista Escorregadia";"Saída de leito carroçável";"Com Vítimas Feridas";"Plena Noite";"Crescente";"Ignorado";"Simples";"Aclive";"Não";1;0;1;0;0;0;1;1;-6,232115;-47,351552;"SPRF-MA";"DEL04-MA";"UOP02-DEL04-MA"