"id";"data_inversa";"dia_semana";"horario";"uf";"br";"km";"municipio";"causa_acidente";"tipo_acidente";"classificacao_acidente";"fase_dia";"sentido_via";"condicao_metereologica";"tipo_pista";"tracado_via";"uso_solo";"pessoas";"mortos";"feridos_leves";"feridos_graves";"ilesos";"ignorados";"feridos";"veiculos";"latitude";"longitude";"regional";"delegacia";"uop"
760704;2026-03-25;"quarta-feira";"21:50:00";"SC";282;1;"FLORIANOPOLIS";"Velocidade Incompatível";"Colisão traseira";"Com Vítimas Feridas";"Plena Noite";"Decrescente";"Céu Claro";"Dupla";"Reta";"Sim";2;0;1;0;1;0;1;2;-27,60345605;-48,58182943;"SPRF-SC";"DEL01-SC";"UOP01-DEL01-SC"
760706;2026-03-25;"quarta-feira";"22:00:00";"SP";116;277,5;"EMBU DAS ARTES";"Reação tardia ou ineficiente do condutor";"Queda de ocupante de veículo";"Com Vítimas Feridas";"Plena Noite";"Crescente";"Céu Claro";"Múltipla";"Reta";"Sim";1;0;1;0;0;0;1;1;-23,633468;-46,823463;"SPRF-SP";"DEL04-SP";"UOP01-DEL04-SP"
760708;2026-03-25;"quarta-feira";"22:40:00";"BA";367;83;"EUNAPOLIS";"Acessar a via sem observar a presença dos outros veículos";"Colisão transversal";"Com Vítimas Feridas";"Plena Noite";"Crescente";"Nublado";"Simples";"Rotatória";"Sim";2;0;2;0;0;0;2;2;-16,372233;-39,563083;"SPRF-BA";"DEL09-BA";"UOP03-DEL09-BA"
760709;2026-03-25;"quarta-feira";"22:05:00";"PI";316;2,3;"TERESINA";"Reação tardia ou ineficiente do condutor";"Colisão traseira";"Com Vítimas Feridas";"Plena Noite";"Crescente";"Nublado";"Dupla";"Viaduto";"Sim";3;0;1;0;2;0;1;2;-5,12317;-42,79545;"SPRF-PI";"DEL01-PI";"UOP02-DEL01-PI"
760710;2026-03-25;"quarta-feira";"23:05:00";"MG";381;354;"JOAO MONLEVADE";"Acessar a via sem observar a presença dos outros veículos";"Atropelamento de Pedestre";"Com Vítimas Feridas";"Plena Noite";"Crescente";"Céu Claro";"Simples";"Reta";"Não";2;0;0;2;0;0;2;2;-19,8501677;-43,15092139;"SPRF-MG";"DEL03-MG";"UOP01-DEL03-MG"
760711;2026-03-25;"quarta-feira";"22:15:00";"MG";116;527,4;"CARATINGA";"Reação tardia ou ineficiente do condutor";"Colisão traseira";"Com Vítimas Feridas";"Plena Noite";"Crescente";"Nublado";"Múltipla";"Curva";"Sim";2;0;1;0;1;0;1;2;-19,791788;-42,1374;"SPRF-MG";"DEL06-MG";"UOP02-DEL06-MG"
760712;2026-03-25;"quarta-feira";"17:31:00";"PI";230;197;"OEIRAS";"Retorno proibido";"Colisão lateral mesmo sentido";"Com Vítimas Feridas";"Pleno dia";"Crescente";"Céu Claro";"Dupla";"Reta";"Sim";3;0;2;0;1;0;2;3;-7,010657;-42,129917;"SPRF-PI";"DEL04-PI";"UOP01-DEL04-PI"
760716;2026-03-16;"segunda-feira";"06:50:00";"DF";40;6,5;"BRASILIA";"Condutor deixou de manter distância do veículo da frente";"Colisão traseira";"Com Vítimas Feridas";"Amanhecer";"Decrescente";"Céu Claro";"Dupla";"Reta";"Sim";2;0;1;0;1;0;1;2;-16,03417474;-47,97881573;"SPRF-DF";"DEL01-DF";"UOP01-DEL01-DF"
760717;2026-03-25;"quarta-feira";"23:10:00";"RJ";465;5;"SEROPEDICA";"Transitar no Acostamento";"Eventos atípicos";"Com Vítimas Feridas";"Plena Noite";"Crescente";"Ignorado";"Simples";"Reta";"Sim";3;0;1;2;0;0;3;2;-22,7440644;-43,70272434;"SPRF-RJ";"DEL06-RJ";"UOP02-DEL06-RJ"
760718;2026-03-25;"quarta-feira";"23:00:00";"ES";101;457;"MIMOSO DO SUL";"Ausência de reação do condutor";"Queda de ocupante de veículo";"Com Vítimas Feridas";"Plena Noite";"Crescente";"Nublado";"Simples";"Curva";"Não";1;0;1;0;0;0;1;1;-21,1888934;-41,29417419;"SPRF-ES";"DEL03-ES";"UOP02-DEL03-ES"
760719;2026-03-25;"quarta-feira";"19:00:00";"PR";153;379;"MALLET";"Ultrapassagem Indevida";"Colisão frontal";"Com Vítimas Fatais";"Plena Noite";"Crescente";"Céu Claro";"Simples";"Declive;Reta";"Não";3;2;1;0;0;0;1;2;-25,81926;-50,84039;"SPRF-PR";"DEL08-PR";"UOP02-DEL08-PR"
760720;2026-03-25;"quarta-feira";"23:40:00";"DF";20;16;"BRASILIA";"Ingestão de álcool pelo condutor";"Colisão traseira";"Sem Vítimas";"Plena Noite";"Decrescente";"Céu Claro";"Dupla";"Reta";"Sim";3;0;0;0;3;0;0;2;-15,624095;-47,721817;"SPRF-DF";"DEL02-DF";"UOP01-DEL02-DF"
760723;2026-03-25;"quarta-feira";"23:30:00";"BA";235;350;"JUAZEIRO";"Iluminação deficiente";"Colisão traseira";"Sem Vítimas";"Plena Noite";"Decrescente";"Céu Claro";"Simples";"Reta";"Sim";3;0;0;0;1;2;0;3;-9,42578265;-40,50548522;"SPRF-PE";"DEL06-PE";"UOP01-DEL06-PE"
760724;2026-03-26;"quinta-feira";"00:30:00";"RS";287;402;"SANTIAGO";"Ingestão de álcool pelo condutor";"Colisão com objeto";"Com Vítimas Feridas";"Plena Noite";"Crescente";"Nevoeiro/Neblina";"Simples";"Interseção de Vias;Aclive";"Não";1;0;1;0;0;0;1;1;-29,14985116;-54,88594148;"SPRF-RS";"DEL12-RS";"UOP02-DEL12-RS"
760728;2026-03-26;"quinta-feira";"03:56:00";"SP";116;194;"SANTA ISABEL";"Condutor Dormindo";"Colisão com objeto";"Com Vítimas Feridas";"Plena Noite";"Crescente";"Céu Claro";"Dupla";"Reta";"Não";2;0;2;0;0;0;2;1;-23,387963;-46,273898;"SPRF-SP";"DEL01-SP";"UOP01-DEL01-SP"
760729;2026-03-26;"quinta-feira";"03:45:00";"SC";470;146;"RIO DO SUL";"Conversão proibida";"Colisão lateral mesmo sentido";"Com Vítimas Feridas";"Plena Noite";"Crescente";"Céu Claro";"Simples";"Reta;Rotatória";"Sim";3;0;2;0;1;0;2;2;-27,2396234;-49,68465734;"SPRF-SC";"DEL04-SC";"UOP02-DEL04-SC"
760732;2026-03-26;"quinta-feira";"03:00:00";"PE";232;146;"SAO CAITANO";"Animais na Pista";"Atropelamento de Animal";"Com Vítimas Feridas";"Plena Noite";"Decrescente";"Chuva";"Dupla";"Reta";"Não";2;0;0;1;1;0;1;2;-8,332872;-36,139014;"SPRF-PE";"DEL03-PE";"UOP02-DEL03-PE"
760733;2026-03-26;"quinta-feira";"05:00:00";"DF";20;20,7;"BRASILIA";"Animais na Pista";"Colisão traseira";"Com Vítimas Feridas";"Amanhecer";"Decrescente";"Nublado";"Dupla";"Declive;Reta";"Sim";4;0;1;0;3;0;1;2;-15,60376642;-47,68572485;"SPRF-DF";"DEL02-DF";"UOP01-DEL02-DF"
760735;2026-03-26;"quinta-feira";"06:30:00";"RJ";101;54;"CAMPOS DOS GOYTACAZES";"Ausência de reação do condutor";"Colisão transversal";"Com Vítimas Feridas";"Pleno dia";"Crescente";"Céu Claro";"Simples";"Reta";"Não";4;0;3;0;1;0;3;2;-21,675679;-41,31086;"SPRF-RJ";"DEL08-RJ";"UOP01-DEL08-RJ"
760738;2026-03-26;"quinta-feira";"05:50:00";"PR";277;10,8;"FOZ DO IGUACU";"Ingestão de álcool pelo condutor";"Saída de leito carroçável";"Sem Vítimas";"Amanhecer";"Crescente";"Céu Claro";"Simples";"Curva;Em Obras;Interseção de Vias";"Sim";1;0;0;0;1;0;0;1;-25,5747692;-54,55302838;"SPRF-PR";"DEL05-PR";"UOP04-DEL05-PR"
760741;2026-03-26;"quinta-feira";"07:00:00";"PB";230;26,5;"JOAO PESSOA";"Reação tardia ou ineficiente do condutor";"Colisão lateral mesmo sentido";"Com Vítimas Feridas";"Pleno dia";"Decrescente";"Sol";"Dupla";"Reta";"Sim";3;0;2;1;0;0;3;2;-7,1685263;-34,88392979;"SPRF-PB";"DEL01-PB";"UOP01-DEL01-PB"
760743;2026-03-26;"quinta-feira";"07:20:00";"SC";101;135;"BALNEARIO CAMBORIU";"Acessar a via sem observar a presença dos outros veículos";"Colisão transversal";"Com Vítimas Feridas";"Pleno dia";"Decrescente";"Céu Claro";"Dupla";"Reta;Interseção de Vias";"Não";2;0;1;0;1;0;1;2;-27,00353822;-48,63047568;"SPRF-SC";"DEL04-SC";"UOP03-DEL04-SC"
760746;2026-03-26;"quinta-feira";"07:10:00";"SP";153;62,1;"SAO JOSE DO RIO PRETO";"Condutor deixou de manter distância do veículo da frente";"Engavetamento";"Com Vítimas Feridas";"Pleno dia";"Crescente";"Céu Claro";"Dupla";"Aclive;Reta";"Sim";3;0;2;0;1;0;2;3;-20,8130997;-49,3568288;"SPRF-SP";"DEL09-SP";"UOP01-DEL09-SP"
760747;2026-03-26;"quinta-feira";"07:45:00";"SC";101;132,2;"CAMBORIU";"Mal súbito do condutor";"Engavetamento";"Com Vítimas Feridas";"Pleno dia";"Crescente";"Céu Claro";"Simples";"Aclive";"Sim";4;0;1;0;2;1;1;4;-26,99746;-48,65333;"SPRF-SC";"DEL04-SC";"UOP03-DEL04-SC"
760748;2026-03-26;"quinta-feira";"07:00:00";"PR";163;193;"SANTA TEREZA DO OESTE";"Ausência de reação do condutor";"Saída de leito carroçável";"Com Vítimas Feridas";"Pleno dia";"Crescente";"Céu Claro";"Dupla";"Curva";"Não";1;0;1;0;0;0;1;1;-25,03726708;-53,55400397;"SPRF-PR";"DEL05-PR";"UOP05-DEL05-PR"
760750;2026-03-26;"quinta-feira";"00:50:00";"AC";364;123;"RIO BRANCO";"Acumulo de água sobre o pavimento";"Colisão com objeto";"Com Vítimas Feridas";"Plena Noite";"Crescente";"Nublado";"Dupla";"Reta;Rotatória";"Não";1;0;0;1;0;0;1;1;-10,01142646;-67,79311029;"SPRF-AC";"DEL01-AC";"UOP01-DEL01-AC"
760751;2026-03-26;"quinta-feira";"08:10:00";"SP";116;144;"SAO JOSE DOS CAMPOS";"Ausência de reação do condutor";"Colisão traseira";"Com Vítimas Feridas";"Pleno dia";"Crescente";"Nublado";"Dupla";"Reta";"Sim";2;0;1;0;1;0;1;2;-23,19099412;-45,86309239;"SPRF-SP";"DEL02-SP";"UOP01-DEL02-SP"
760756;2026-03-26;"quinta-feira";"07:30:00";"PR";277;611,9;"SANTA TEREZA DO OESTE";"Acessar a via sem observar a presença dos outros veículos";"Colisão transversal";"Com Vítimas Feridas";"Pleno dia";"Decrescente";"Céu Claro";"Simples";"Interseção de Vias;Reta";"Sim";2;0;0;1;1;0;1;2;-25,04970402;-53,61714212;"SPRF-PR";"DEL05-PR";"UOP02-DEL05-PR"
760757;2026-03-26;"quinta-feira";"07:30:00";"RN";304;86;"ACU";"Reação tardia ou ineficiente do condutor";"Colisão traseira";"Com Vítimas Feridas";"Pleno dia";"Crescente";"Céu Claro";"Simples";"Reta";"Não";2;0;1;0;1;0;1;2;-5,50966192;-37,13061333;"SPRF-RN";"DEL04-RN";"UOP01-DEL04-RN"
760758;2026-03-26;"quinta-feira";"08:20:00";"PE";232;9;"RECIFE";"Condutor deixou de manter distância do veículo da frente";"Colisão traseira";"Com Vítimas Feridas";"Pleno dia";"Decrescente";"Céu Claro";"Dupla";"Reta;Viaduto";"Sim";2;0;0;1;1;0;1;2;-8,07779;-34,97821;"SPRF-PE";"DEL01-PE";"UOP01-DEL01-PE"
760759;2026-03-26;"quinta-feira";"07:20:00";"RJ";101;386;"RIO DE JANEIRO";"Ausência de reação do condutor";"Queda de ocupante de veículo";"Com Vítimas Feridas";"Pleno dia";"Decrescente";"Céu Claro";"Múltipla";"Reta";"Não";2;0;2;0;0;0;2;1;-22,88163159;-43,63366127;"SPRF-RJ";"DEL03-RJ";"UOP01-DEL03-RJ"
760760;2026-03-26;"quinta-feira";"06:40:00";"MT";70;707;"CACERES";"Ausência de reação do condutor";"Saída de leito carroçável";"Com Vítimas Feridas";"Pleno dia";"Decrescente";"Chuva";"Simples";"Curva;Aclive";"Não";1;0;0;1;0;0;1;1;-16,224537;-57,571878;"SPRF-MT";"DEL03-MT";"UOP01-DEL03-MT"
760761;2026-03-26;"quinta-feira";"08:00:00";"PR";369;156,1;"LONDRINA";"Trafegar com motocicleta (ou similar) entre as faixas";"Atropelamento de Pedestre";"Com Vítimas Feridas";"Pleno dia";"Crescente";"Céu Claro";"Dupla";"Declive;Reta";"Sim";2;0;1;1;0;0;2;2;-23,2921319;-51,218004;"SPRF-PR";"DEL07-PR";"UOP01-DEL07-PR"
760763;2026-03-26;"quinta-feira";"07:50:00";"SE";235;9,5;"NOSSA SENHORA DO SOCORRO";"Acessar a via sem observar a presença dos outros veículos";"Colisão transversal";"Com Vítimas Feridas";"Pleno dia";"Decrescente";"Céu Claro";"Simples";"Reta";"Não";6;0;3;2;0;1;5;4;-10,88104817;-37,14379907;"SPRF-SE";"DEL01-SE";"UOP01-DEL01-SE"
760764;2026-03-26;"quinta-feira";"07:05:00";"MS";262;327;"CAMPO GRANDE";"Ausência de reação do condutor";"Engavetamento";"Sem Vítimas";"Pleno dia";"Crescente";"Céu Claro";"Simples";"Reta";"Não";3;0;0;0;3;0;0;3;-20,4636;-54,5565;"SPRF-MS";"DEL01-MS";"UOP01-DEL01-MS"
760766;2026-03-26;"quinta-feira";"05:40:00";"RJ";40;112;"DUQUE DE CAXIAS";"Demais falhas mecânicas ou elétricas";"Tombamento";"Com Vítimas Feridas";"Amanhecer";"Crescente";"Céu Claro";"Múltipla";"Reta;Aclive";"Sim";1;0;1;0;0;0;1;1;-22,7053777;-43,2903958;"SPRF-RJ";"DEL01-RJ";"UOP02-DEL01-RJ"
760767;2026-03-26;"quinta-feira";"09:00:00";"SP";116;219;"GUARULHOS";"Manobra de mudança de faixa";"Colisão lateral mesmo sentido";"Com Vítimas Feridas";"Pleno dia";"Crescente";"Céu Claro";"Múltipla";"Reta";"Sim";2;0;1;0;0;1;1;2;-23,45978751;-46,48659333;"SPRF-SP";"DEL01-SP";"UOP01-DEL01-SP"
760768;2026-03-15;"domingo";"00:55:00";"PR";277;84;"CURITIBA";"Ausência de reação do condutor";"Colisão com objeto";"Com Vítimas Feridas";"Plena Noite";"Decrescente";"Céu Claro";"Dupla";"Reta";"Sim";1;0;1;0;0;0;1;1;-25,44536208;-49,23222249;"SPRF-PR";"DEL01-PR";"UOP03-DEL01-PR"
760770;2026-03-26;"quinta-feira";"07:50:00";"GO";60;291;"ACREUNA";"Acumulo de água sobre o pavimento";"Colisão com objeto";"Com Vítimas Feridas";"Pleno dia";"Crescente";"Chuva";"Dupla";"Reta";"Não";1;0;1;0;0;0;1;1;-17,323587;-50,298177;"SPRF-GO";"DEL04-GO";"UOP02-DEL04-GO"
760771;2026-03-26;"quinta-feira";"07:00:00";"RJ";465;21;"SEROPEDICA";"Reação tardia ou ineficiente do condutor";"Colisão lateral mesmo sentido";"Sem Vítimas";"Pleno dia";"Decrescente";"Céu Claro";"Simples";"Reta";"Sim";2;0;0;0;2;0;0;2;-22,71654213;-43,71567771;"SPRF-RJ";"DEL06-RJ";"UOP02-DEL06-RJ"
760773;2026-03-08;"domingo";"03:20:00";"SC";101;337,7;"TUBARAO";"Acessar a via sem observar a presença dos outros veículos";"Atropelamento de Pedestre";"Com Vítimas Fatais";"Plena Noite";"Crescente";"Céu Claro";"Múltipla";"Reta;Declive";"Sim";2;1;0;0;0;1;0;2;-28,4936943;-49,0421479;"SPRF-SC";"DEL02-SC";"UOP01-DEL02-SC"
760774;2026-03-26;"quinta-feira";"06:35:00";"MT";70;561,8;"NOSSA SENHORA DO LIVRAMENTO";"Acumulo de água sobre o pavimento";"Saída de leito carroçável";"Com Vítimas Feridas";"Pleno dia";"Decrescente";"Chuva";"Simples";"Curva";"Não";3;0;0;3;0;0;3;1;-15,7030357;-56,4068985;"SPRF-MT";"DEL03-MT";"UOP02-DEL03-MT"
760775;2026-03-26;"quinta-feira";"08:20:00";"MG";365;800;"GURINHATA";"Reação tardia ou ineficiente do condutor";"Saída de leito carroçável";"Com Vítimas Feridas";"Pleno dia";"Crescente";"Céu Claro";"Simples";"Reta";"Não";2;0;2;0;0;0;2;1;-18,9067;-49,9061;"SPRF-MG";"DEL15-MG";"UOP03-DEL15-MG"
760776;2026-03-06;"sexta-feira";"22:20:00";"MG";116;759,6;"LEOPOLDINA";"Desrespeitar a preferência no cruzamento";"Colisão transversal";"Com Vítimas Feridas";"Plena Noite";"Decrescente";"Nublado";"Simples";"Declive;Reta";"Não";3;0;1;2;0;0;3;2;-21,51153207;-42,6115036;"SPRF-MG";"DEL07-MG";"UOP01-DEL07-MG"
760778;2026-03-26;"quinta-feira";"09:05:00";"RS";116;100;"SAO MARCOS";"Reação tardia ou ineficiente do condutor";"Colisão com objeto";"Com Vítimas Feridas";"Pleno dia";"Decrescente";"Sol";"Simples";"Curva";"Não";2;0;2;0;0;0;2;1;-28,92480355;-51,09474532;"SPRF-RS";"DEL05-RS";"UOP01-DEL05-RS"
760779;2026-03-26;"quinta-feira";"03:00:00";"RS";290;107;"ELDORADO DO SUL";"Condutor Dormindo";"Saída de leito carroçável";"Sem Vítimas";"Plena Noite";"Decrescente";"Ignorado";"Dupla";"Declive;Curva";"Sim";1;0;0;0;0;1;0;1;-30,004002;-51,309734;"SPRF-RS";"DEL02-RS";"UOP01-DEL02-RS"
760780;2026-03-26;"quinta-feira";"10:00:00";"RJ";116;195;"QUEIMADOS";"Manobra de mudança de faixa";"Colisão lateral mesmo sentido";"Com Vítimas Feridas";"Pleno dia";"Decrescente";"Sol";"Dupla";"Reta";"Não";2;0;2;0;0;0;2;2;-22,7357174;-43,5453166;"SPRF-RJ";"DEL06-RJ";"UOP01-DEL06-RJ"
760781;2026-03-26;"quinta-feira";"09:15:00";"RO";174;13;"VILHENA";"Acessar a via sem observar a presença dos outros veículos";"Colisão transversal";"Com Vítimas Feridas";"Pleno dia";"Crescente";"Céu Claro";"Dupla";"Interseção de Vias;Reta";"Sim";2;0;1;0;1;0;1;2;-12,73628826;-60,13074553;"SPRF-RO";"DEL04-RO";"UOP01-DEL04-RO"
760784;2026-03-26;"quinta-feira";"07:00:00";"SC";101;66;"ARAQUARI";"Falta de elemento de contenção que evite a saída do leito carroçável";"Saída de leito carroçável";"Com Vítimas Feridas";"Amanhecer";"Crescente";"Céu Claro";"Simples";"Curva";"Não";2;0;1;1;0;0;2;1;-26,47781246;-48,73976581;"SPRF-SC";"DEL03-SC";"UOP02-DEL03-SC"
760787;2026-03-26;"quinta-feira";"10:05:00";"RJ";493;22;"MAGE";"Transitar na contramão";"Colisão transversal";"Com Vítimas Feridas";"Pleno dia";"Crescente";"Céu Claro";"Simples";"Reta";"Não";2;0;0;1;0;1;1;2;-22,65693785;-43,06074142;"SPRF-RJ";"DEL04-RJ";"UOP02-DEL04-RJ"
760789;2026-03-19;"quinta-feira";"07:10:00";"RJ";40;117;"DUQUE DE CAXIAS";"Avarias e/ou desgaste excessivo no pneu";"Tombamento";"Com Vítimas Feridas";"Pleno dia";"Decrescente";"Céu Claro";"Dupla";"Reta";"Sim";1;0;1;0;0;0;1;1;-22,75859111;-43,286935;"SPRF-RJ";"DEL01-RJ";"UOP02-DEL01-RJ"
760790;2026-03-26;"quinta-feira";"07:25:00";"AL";316;256,2;"PILAR";"Ausência de reação do condutor";"Colisão transversal";"Com Vítimas Feridas";"Pleno dia";"Crescente";"Céu Claro";"Simples";"Reta";"Não";2;0;1;0;1;0;1;2;-9,589667;-35,939271;"SPRF-AL";"DEL02-AL";"UOP01-DEL02-AL"
760793;2026-03-26;"quinta-feira";"11:30:00";"RN";304;304,6;"PARNAMIRIM";"Manobra de mudança de faixa";"Colisão lateral mesmo sentido";"Com Vítimas Feridas";"Pleno dia";"Decrescente";"Céu Claro";"Dupla";"Retorno Regulamentado";"Não";3;0;0;1;1;1;1;3;-5,88586095;-35,2777311;"SPRF-RN";"DEL01-RN";"UOP02-DEL01-RN"
760797;2026-03-26;"quinta-feira";"09:20:00";"RJ";465;21;"NOVA IGUACU";"Ausência de reação do condutor";"Atropelamento de Pedestre";"Com Vítimas Feridas";"Pleno dia";"Decrescente";"Céu Claro";"Simples";"Reta";"Sim";4;0;3;0;1;0;3;2;-22,84026756;-43,60944404;"SPRF-RJ";"DEL06-RJ";"UOP02-DEL06-RJ"
760798;2026-03-26;"quinta-feira";"12:00:00";"SP";381;33;"ATIBAIA";"Ausência de reação do condutor";"Queda de ocupante de veículo";"Com Vítimas Feridas";"Pleno dia";"Crescente";"Céu Claro";"Dupla";"Reta";"Sim";2;0;0;1;1;0;1;2;-23,07201038;-46,5668583;"SPRF-SP";"DEL03-SP";"UOP02-DEL03-SP"
760800;2026-03-22;"domingo";"21:00:00";"AM";174;900;"MANAUS";"Condutor Dormindo";"Saída de leito carroçável";"Com Vítimas Feridas";"Plena Noite";"Decrescente";"Céu Claro";"Simples";"Reta";"Não";1;0;1;0;0;0;1;1;-2,84131;-60,03282;"SPRF-AM";"DEL01-AM";"UOP01-DEL01-AM"
760801;2026-03-26;"quinta-feira";"11:03:00";"RO";174;14;"VILHENA";"Ingestão de álcool pelo condutor";"Colisão transversal";"Com Vítimas Feridas";"Pleno dia";"Decrescente";"Garoa/Chuvisco";"Dupla";"Interseção de Vias";"Sim";3;0;1;0;2;0;1;2;-12,7362946;-60,13081161;"SPRF-RO";"DEL04-RO";"UOP01-DEL04-RO"
760802;2026-03-26;"quinta-feira";"11:55:00";"PE";101;56,8;"RECIFE";"Trafegar com motocicleta (ou similar) entre as faixas";"Colisão lateral mesmo sentido";"Com Vítimas Feridas";"Pleno dia";"Crescente";"Céu Claro";"Dupla";"Retorno Regulamentado";"Não";2;0;2;0;0;0;2;2;-7,962808;-34,915275;"SPRF-PE";"DEL01-PE";"UOP02-DEL01-PE"
760803;2026-03-26;"quinta-feira";"11:55:00";"SC";163;71,5;"SAO MIGUEL DO OESTE";"Acessar a via sem observar a presença dos outros veículos";"Colisão traseira";"Com Vítimas Feridas";"Pleno dia";"Decrescente";"Sol";"Dupla";"Interseção de Vias;Reta";"Sim";2;0;1;0;1;0;1;2;-26,72420922;-53,51377666;"SPRF-SC";"DEL07-SC";"UOP03-DEL07-SC"
760805;2026-03-26;"quinta-feira";"12:20:00";"PR";277;20,1;"MORRETES";"Reação tardia ou ineficiente do condutor";"Tombamento";"Com Vítimas Feridas";"Pleno dia";"Decrescente";"Sol";"Dupla";"Reta";"Não";2;0;2;0;0;0;2;1;-25,534142;-48,708302;"SPRF-PR";"DEL01-PR";"UOP05-DEL01-PR"
760810;2026-03-26;"quinta-feira";"07:00:00";"RJ";101;217;"SILVA JARDIM";"Condutor Dormindo";"Saída de leito carroçável";"Com Vítimas Feridas";"Pleno dia";"Crescente";"Céu Claro";"Dupla";"Reta";"Não";1;0;1;0;0;0;1;1;-22,549333;-42,350653;"SPRF-RJ";"DEL02-RJ";"UOP03-DEL02-RJ"
760812;2026-03-26;"quinta-feira";"12:30:00";"RS";285;312,1;"PASSO FUNDO";"Reação tardia ou ineficiente do condutor";"Saída de leito carroçável";"Com Vítimas Feridas";"Pleno dia";"Decrescente";"Céu Claro";"Simples";"Curva;Declive";"Não";1;0;0;1;0;0;1;1;-28,241525;-52,552456;"SPRF-RS";"DEL08-RS";"UOP03-DEL08-RS"
760813;2026-03-26;"quinta-feira";"13:25:00";"SC";101;149;"ITAPEMA";"Condutor deixou de manter distância do veículo da frente";"Colisão traseira";"Com Vítimas Feridas";"Pleno dia";"Crescente";"Sol";"Simples";"Interseção de Vias";"Sim";2;0;1;0;1;0;1;2;-27,10641025;-48,61509204;"SPRF-SC";"DEL04-SC";"UOP03-DEL04-SC"
760814;2026-03-26;"quinta-feira";"12:36:00";"SC";470;126,4;"LONTRAS";"Acesso irregular";"Colisão frontal";"Com Vítimas Feridas";"Pleno dia";"Decrescente";"Céu Claro";"Simples";"Reta";"Não";4;0;2;2;0;0;4;2;-27,15108765;-49,55236316;"SPRF-SC";"DEL04-SC";"UOP02-DEL04-SC"
760815;2026-03-06;"sexta-feira";"18:15:00";"RJ";101;295;"ITABORAI";"Reação tardia ou ineficiente do condutor";"Colisão traseira";"Com Vítimas Feridas";"Anoitecer";"Crescente";"Céu Claro";"Dupla";"Reta";"Sim";2;0;1;0;1;0;1;2;-22,77049;-42,92124;"SPRF-RJ";"DEL02-RJ";"UOP02-DEL02-RJ"
760816;2026-03-26;"quinta-feira";"13:58:00";"PR";277;23;"MORRETES";"Ausência de reação do condutor";"Saída de leito carroçável";"Com Vítimas Feridas";"Pleno dia";"Decrescente";"Céu Claro";"Dupla";"Reta";"Não";1;0;1;0;0;0;1;1;-25,528585;-48,735102;"SPRF-PR";"DEL01-PR";"UOP05-DEL01-PR"
760818;2026-03-26;"quinta-feira";"12:00:00";"MA";316;428;"PERITORO";"Condutor deixou de manter distância do veículo da frente";"Colisão traseira";"Sem Vítimas";"Pleno dia";"Crescente";"Céu Claro";"Simples";"Reta";"Não";7;0;0;0;7;0;0;3;-4,383132;-44,301001;"SPRF-MA";"DEL03-MA";"UOP01-DEL03-MA"
760819;2026-03-26;"quinta-feira";"12:30:00";"PE";232;98;"BEZERROS";"Reação tardia ou ineficiente do condutor";"Colisão transversal";"Com Vítimas Feridas";"Pleno dia";"Crescente";"Céu Claro";"Simples";"Reta";"Sim";3;0;0;2;1;0;2;2;-8,237528;-35,736957;"SPRF-PE";"DEL02-PE";"UOP03-DEL02-PE"
760820;2026-03-26;"quinta-feira";"07:15:00";"MG";381;243;"SANTANA DO PARAISO";"Desrespeitar a preferência no cruzamento";"Colisão transversal";"Com Vítimas Feridas";"Pleno dia";"Crescente";"Nublado";"Simples";"Reta";"Não";2;0;1;0;1;0;1;2;-19,453699;-42,521012;"SPRF-MG";"DEL06-MG";"UOP01-DEL06-MG"
760822;2026-03-26;"quinta-feira";"14:15:00";"RS";386;345,7;"LAJEADO";"Acessar a via sem observar a presença dos outros veículos";"Colisão transversal";"Com Vítimas Feridas";"Pleno dia";"Crescente";"Nublado";"Dupla";"Reta";"Não";2;0;1;0;1;0;1;2;-29,446311;-51,975904;"SPRF-RS";"DEL04-RS";"UOP01-DEL04-RS"
760823;2026-03-26;"quinta-feira";"13:15:00";"SC";101;212;"PALHOCA";"Reação tardia ou ineficiente do condutor";"Engavetamento";"Sem Vítimas";"Pleno dia";"Crescente";"Céu Claro";"Múltipla";"Reta";"Sim";3;0;0;0;3;0;0;3;-27,62623943;-48,65491614;"SPRF-SC";"DEL01-SC";"UOP02-DEL01-SC"
760824;2026-03-26;"quinta-feira";"12:45:00";"SC";282;575,9;"PINHALZINHO";"Acessar a via sem observar a presença dos outros veículos";"Colisão transversal";"Com Vítimas Feridas";"Pleno dia";"Crescente";"Nublado";"Simples";"Interseção de Vias;Rotatória";"Sim";2;0;1;0;1;0;1;2;-26,865867;-52,967693;"SPRF-SC";"DEL07-SC";"UOP02-DEL07-SC"
760825;2026-03-26;"quinta-feira";"11:30:00";"MG";267;21,3;"ARGIRITA";"Velocidade Incompatível";"Saída de leito carroçável";"Com Vítimas Feridas";"Pleno dia";"Decrescente";"Céu Claro";"Simples";"Declive;Curva";"Não";2;0;2;0;0;0;2;1;-21,593572;-42,794697;"SPRF-MG";"DEL07-MG";"UOP01-DEL07-MG"
760826;2026-03-26;"quinta-feira";"13:40:00";"AL";101;112,2;"PILAR";"Acessar a via sem observar a presença dos outros veículos";"Colisão transversal";"Sem Vítimas";"Pleno dia";"Crescente";"Céu Claro";"Dupla";"Retorno Regulamentado;Reta";"Não";2;0;0;0;2;0;0;2;-9,622679;-36,030246;"SPRF-AL";"DEL02-AL";"UOP01-DEL02-AL"