"id";"data_inversa";"dia_semana";"horario";"uf";"br";"km";"municipio";"causa_acidente";"tipo_acidente";"classificacao_acidente";"fase_dia";"sentido_via";"condicao_metereologica";"tipo_pista";"tracado_via";"uso_solo";"pessoas";"mortos";"feridos_leves";"feridos_graves";"ilesos";"ignorados";"feridos";"veiculos";"latitude";"longitude";"regional";"delegacia";"uop"
761055;2026-03-27;"sexta-feira";"07:40:00";"PR";153;223,9;"TIBAGI";"Condutor Dormindo";"Colisão com objeto";"Com Vítimas Feridas";"Pleno dia";"Decrescente";"Céu Claro";"Simples";"Reta;Ponte";"Não";1;0;1;0;0;0;1;1;-24,65325256;-50,45318691;"SPRF-PR";"DEL03-PR";"UOP02-DEL03-PR"
761057;2026-03-27;"sexta-feira";"12:45:00";"PB";230;8,5;"CABEDELO";"Manobra de mudança de faixa";"Colisão lateral mesmo sentido";"Com Vítimas Feridas";"Pleno dia";"Decrescente";"Céu Claro";"Dupla";"Reta";"Sim";2;0;1;0;1;0;1;2;-7,0399685;-34,8451442;"SPRF-PB";"DEL01-PB";"UOP01-DEL01-PB"
761058;2026-03-27;"sexta-feira";"13:35:00";"PR";369;200;"APUCARANA";"Ausência de reação do condutor";"Colisão traseira";"Com Vítimas Feridas";"Pleno dia";"Crescente";"Céu Claro";"Simples";"Em Obras;Reta";"Sim";2;0;0;1;1;0;1;2;-23,54201747;-51,41242634;"SPRF-PR";"DEL07-PR";"UOP03-DEL07-PR"
761059;2026-03-19;"quinta-feira";"06:10:00";"GO";153;203;"URUACU";"Reação tardia ou ineficiente do condutor";"Colisão traseira";"Sem Vítimas";"Pleno dia";"Crescente";"Sol";"Simples";"Interseção de Vias";"Sim";2;0;0;0;2;0;0;2;-14,53269175;-49,16028214;"SPRF-GO";"DEL07-GO";"UOP02-DEL07-GO"
761060;2026-03-27;"sexta-feira";"12:43:00";"SC";163;75,2;"SAO MIGUEL DO OESTE";"Conversão proibida";"Colisão lateral mesmo sentido";"Com Vítimas Feridas";"Pleno dia";"Decrescente";"Céu Claro";"Simples";"Aclive;Curva";"Não";2;0;1;0;0;1;1;2;-26,69050632;-53,51437211;"SPRF-SC";"DEL07-SC";"UOP03-DEL07-SC"
761061;2026-03-27;"sexta-feira";"13:10:00";"SC";280;123,4;"SAO BENTO DO SUL";"Acessar a via sem observar a presença dos outros veículos";"Colisão transversal";"Com Vítimas Feridas";"Pleno dia";"Crescente";"Céu Claro";"Simples";"Reta";"Sim";3;0;1;0;2;0;1;2;-26,242985;-49,469948;"SPRF-SC";"DEL06-SC";"UOP03-DEL06-SC"
761062;2026-03-27;"sexta-feira";"13:45:00";"RS";386;365,5;"FAZENDA VILANOVA";"Ausência de reação do condutor";"Colisão com objeto";"Com Vítimas Feridas";"Pleno dia";"Decrescente";"Sol";"Dupla";"Curva";"Não";1;0;1;0;0;0;1;1;-29,57059649;-51,85890125;"SPRF-RS";"DEL04-RS";"UOP01-DEL04-RS"
761063;2026-03-27;"sexta-feira";"12:00:00";"RJ";101;329;"NITEROI";"Manobra de mudança de faixa";"Colisão lateral mesmo sentido";"Com Vítimas Feridas";"Pleno dia";"Decrescente";"Céu Claro";"Múltipla";"Reta";"Sim";2;0;1;0;0;1;1;2;-22,87944726;-43,11394813;"SPRF-RJ";"DEL02-RJ";"UOP01-DEL02-RJ"
761064;2026-03-27;"sexta-feira";"14:00:00";"PB";230;21,1;"JOAO PESSOA";"Acostamento em desnível";"Queda de ocupante de veículo";"Com Vítimas Feridas";"Pleno dia";"Crescente";"Céu Claro";"Dupla";"Interseção de Vias;Reta";"Sim";2;0;1;0;1;0;1;1;-7,13951671;-34,85245259;"SPRF-PB";"DEL01-PB";"UOP01-DEL01-PB"
761066;2026-03-27;"sexta-feira";"14:20:00";"RS";116;261;"CANOAS";"Condutor deixou de manter distância do veículo da frente";"Colisão traseira";"Com Vítimas Feridas";"Pleno dia";"Decrescente";"Céu Claro";"Múltipla";"Em Obras;Reta";"Sim";4;0;1;0;3;0;1;2;-29,88072325;-51,18067712;"SPRF-RS";"DEL01-RS";"UOP01-DEL01-RS"
761067;2026-03-27;"sexta-feira";"13:50:00";"BA";324;513;"FEIRA DE SANTANA";"Reação tardia ou ineficiente do condutor";"Colisão com objeto";"Com Vítimas Feridas";"Pleno dia";"Crescente";"Sol";"Simples";"Reta";"Sim";1;0;0;1;0;0;1;1;-12,23152718;-38,95630214;"SPRF-BA";"DEL02-BA";"UOP01-DEL02-BA"
761068;2026-03-27;"sexta-feira";"12:40:00";"MT";364;1;"ALTO GARCAS";"Acessar a via sem observar a presença dos outros veículos";"Colisão transversal";"Sem Vítimas";"Pleno dia";"Crescente";"Céu Claro";"Dupla";"Curva";"Sim";2;0;0;0;2;0;0;2;-17,0250509;-53,4888795;"SPRF-MT";"DEL02-MT";"UOP02-DEL02-MT"
761069;2026-03-27;"sexta-feira";"10:30:00";"MA";316;392;"BACABAL";"Transitar na contramão";"Colisão frontal";"Com Vítimas Feridas";"Pleno dia";"Decrescente";"Nublado";"Simples";"Curva;Declive";"Não";2;0;2;0;0;0;2;2;-4,1732;-44,522863;"SPRF-MA";"DEL03-MA";"UOP01-DEL03-MA"
761070;2026-03-27;"sexta-feira";"13:15:00";"AL";316;84,9;"SANTANA DO IPANEMA";"Conversão proibida";"Colisão transversal";"Com Vítimas Feridas";"Pleno dia";"Crescente";"Nublado";"Simples";"Aclive";"Sim";2;0;1;0;1;0;1;2;-9,372604;-37,237338;"SPRF-AL";"DEL03-AL";"UOP02-DEL03-AL"
761072;2026-03-27;"sexta-feira";"12:49:00";"AC";364;124;"RIO BRANCO";"Acessar a via sem observar a presença dos outros veículos";"Colisão transversal";"Com Vítimas Feridas";"Pleno dia";"Crescente";"Céu Claro";"Simples";"Interseção de Vias";"Sim";2;0;1;0;1;0;1;2;-10,011664;-67,798806;"SPRF-AC";"DEL01-AC";"UOP01-DEL01-AC"
761073;2026-03-27;"sexta-feira";"14:20:00";"SP";116;446;"REGISTRO";"Acumulo de óleo sobre o pavimento";"Tombamento";"Com Vítimas Feridas";"Pleno dia";"Decrescente";"Céu Claro";"Simples";"Curva;Retorno Regulamentado;Viaduto";"Sim";1;0;1;0;0;0;1;1;-24,50924856;-47,84893362;"SPRF-SP";"DEL05-SP";"UOP01-DEL05-SP"
761074;2026-03-27;"sexta-feira";"15:16:00";"MG";365;2,9;"MONTES CLAROS";"Acessar a via sem observar a presença dos outros veículos";"Colisão transversal";"Com Vítimas Feridas";"Pleno dia";"Crescente";"Céu Claro";"Simples";"Reta;Interseção de Vias";"Sim";4;0;0;2;0;2;2;3;-16,788318;-43,893604;"SPRF-MG";"DEL12-MG";"UOP01-DEL12-MG"
761076;2026-01-23;"sexta-feira";"16:40:00";"BA";367;37;"PORTO SEGURO";"Transitar na contramão";"Colisão frontal";"Com Vítimas Feridas";"Pleno dia";"Crescente";"Céu Claro";"Simples";"Reta";"Não";8;0;0;8;0;0;8;2;-16,39652909;-39,18565393;"SPRF-BA";"DEL09-BA";"UOP03-DEL09-BA"
761077;2026-03-27;"sexta-feira";"14:20:00";"AL";104;88,4;"RIO LARGO";"Acesso irregular";"Colisão transversal";"Com Vítimas Feridas";"Pleno dia";"Crescente";"Nublado";"Dupla";"Reta";"Sim";3;0;1;1;1;0;2;2;-9,48209;-35,818839;"SPRF-AL";"DEL01-AL";"UOP01-DEL01-AL"
761078;2026-03-27;"sexta-feira";"15:00:00";"RS";285;395,6;"SANTA BARBARA DO SUL";"Ausência de reação do condutor";"Saída de leito carroçável";"Com Vítimas Feridas";"Pleno dia";"Decrescente";"Céu Claro";"Simples";"Curva";"Não";1;0;1;0;0;0;1;1;-28,388802;-53,281187;"SPRF-RS";"DEL10-RS";"UOP02-DEL10-RS"
761081;2026-03-27;"sexta-feira";"07:20:00";"SC";280;29;"ARAQUARI";"Acessar a via sem observar a presença dos outros veículos";"Colisão transversal";"Com Vítimas Feridas";"Pleno dia";"Crescente";"Céu Claro";"Simples";"Reta";"Sim";2;0;0;1;1;0;1;2;-26,413;-48,758;"SPRF-SC";"DEL03-SC";"UOP03-DEL03-SC"
761084;2026-03-27;"sexta-feira";"15:10:00";"SC";282;548,5;"CHAPECO";"Conversão proibida";"Colisão frontal";"Com Vítimas Feridas";"Pleno dia";"Decrescente";"Céu Claro";"Simples";"Reta";"Sim";4;0;3;1;0;0;4;2;-26,9680347;-52,75421572;"SPRF-SC";"DEL07-SC";"UOP01-DEL07-SC"
761087;2026-03-27;"sexta-feira";"15:50:00";"MG";381;391,1;"BOM JESUS DO AMPARO";"Manobra de mudança de faixa";"Colisão lateral mesmo sentido";"Com Vítimas Feridas";"Pleno dia";"Decrescente";"Sol";"Dupla";"Declive;Reta";"Não";2;0;0;1;1;0;1;2;-19,75923;-43,46524;"SPRF-MG";"DEL01-MG";"UOP01-DEL01-MG"
761088;2026-03-27;"sexta-feira";"15:50:00";"PR";277;38;"MORRETES";"Ausência de reação do condutor";"Capotamento";"Sem Vítimas";"Pleno dia";"Decrescente";"Sol";"Dupla";"Declive;Curva";"Não";1;0;0;0;1;0;0;1;-25,57485629;-48,85615289;"SPRF-PR";"DEL01-PR";"UOP05-DEL01-PR"
761090;2026-03-27;"sexta-feira";"13:40:00";"RJ";116;186;"NOVA IGUACU";"Manobra de mudança de faixa";"Colisão lateral mesmo sentido";"Com Vítimas Feridas";"Pleno dia";"Decrescente";"Céu Claro";"Dupla";"Reta";"Sim";2;0;1;0;1;0;1;2;-22,73986672;-43,46298544;"SPRF-RJ";"DEL06-RJ";"UOP01-DEL06-RJ"
761092;2026-03-27;"sexta-feira";"16:00:00";"CE";116;172;"RUSSAS";"Frear bruscamente";"Colisão traseira";"Com Vítimas Feridas";"Pleno dia";"Decrescente";"Chuva";"Simples";"Reta";"Não";3;0;1;0;2;0;1;2;-4,99026114;-38,03613706;"SPRF-CE";"DEL03-CE";"UOP01-DEL03-CE"
761094;2026-03-27;"sexta-feira";"16:10:00";"PE";232;112,8;"BEZERROS";"Demais falhas mecânicas ou elétricas";"Saída de leito carroçável";"Sem Vítimas";"Pleno dia";"Decrescente";"Chuva";"Dupla";"Curva";"Sim";1;0;0;0;1;0;0;1;-8,2973752;-35,83176649;"SPRF-PE";"DEL02-PE";"UOP03-DEL02-PE"
761096;2026-03-27;"sexta-feira";"17:00:00";"SC";282;20,4;"PALHOCA";"Ultrapassagem Indevida";"Colisão lateral mesmo sentido";"Com Vítimas Feridas";"Pleno dia";"Crescente";"Céu Claro";"Simples";"Reta;Aclive;Interseção de Vias";"Sim";2;0;0;1;1;0;1;2;-27,68651556;-48,71334521;"SPRF-SC";"DEL01-SC";"UOP02-DEL01-SC"
761097;2026-03-27;"sexta-feira";"16:40:00";"RS";158;172,1;"PEJUCARA";"Reação tardia ou ineficiente do condutor";"Saída de leito carroçável";"Com Vítimas Feridas";"Pleno dia";"Crescente";"Céu Claro";"Simples";"Reta";"Não";6;0;3;1;1;1;4;2;-28,50994644;-53,55303562;"SPRF-RS";"DEL10-RS";"UOP02-DEL10-RS"
761098;2026-03-27;"sexta-feira";"10:00:00";"RS";116;512;"PELOTAS";"Manobra de mudança de faixa";"Colisão com objeto";"Sem Vítimas";"Pleno dia";"Decrescente";"Nublado";"Múltipla";"Reta";"Não";3;0;0;0;3;0;0;2;-31,66257311;-52,33881891;"SPRF-RS";"DEL07-RS";"UOP01-DEL07-RS"
761100;2026-03-27;"sexta-feira";"16:52:00";"DF";70;9;"BRASILIA";"Retorno proibido";"Colisão traseira";"Com Vítimas Feridas";"Pleno dia";"Crescente";"Céu Claro";"Dupla";"Reta";"Sim";4;0;1;0;3;0;1;2;-15,784985;-48,132216;"SPRF-DF";"DEL03-DF";"UOP02-DEL03-DF"
761103;2026-03-27;"sexta-feira";"17:00:00";"SC";470;145,1;"RIO DO SUL";"Conversão proibida";"Colisão lateral mesmo sentido";"Com Vítimas Feridas";"Pleno dia";"Crescente";"Céu Claro";"Simples";"Curva;Interseção de Vias";"Sim";2;0;1;0;1;0;1;2;-27,23310518;-49,67273919;"SPRF-SC";"DEL04-SC";"UOP02-DEL04-SC"
761105;2026-03-27;"sexta-feira";"16:44:00";"BA";324;604;"SIMOES FILHO";"Condutor deixou de manter distância do veículo da frente";"Engavetamento";"Sem Vítimas";"Anoitecer";"Crescente";"Céu Claro";"Dupla";"Reta";"Não";3;0;0;0;3;0;0;3;-12,7955446;-38,4051615;"SPRF-BA";"DEL01-BA";"UOP01-DEL01-BA"
761107;2026-03-27;"sexta-feira";"17:40:00";"SC";101;200,9;"SAO JOSE";"Manobra de mudança de faixa";"Colisão traseira";"Com Vítimas Feridas";"Pleno dia";"Decrescente";"Céu Claro";"Múltipla";"Aclive;Reta";"Não";2;0;1;0;0;1;1;2;-27,54563303;-48,61990627;"SPRF-SC";"DEL01-SC";"UOP01-DEL01-SC"
761109;2026-03-27;"sexta-feira";"17:40:00";"SP";116;149;"SAO JOSE DOS CAMPOS";"Reação tardia ou ineficiente do condutor";"Colisão traseira";"Com Vítimas Feridas";"Anoitecer";"Decrescente";"Céu Claro";"Múltipla";"Reta";"Sim";2;0;1;0;1;0;1;2;-23,18901746;-45,85879739;"SPRF-SP";"DEL02-SP";"UOP01-DEL02-SP"
761111;2026-03-27;"sexta-feira";"18:10:00";"GO";60;167;"GOIANIA";"Avarias e/ou desgaste excessivo no pneu";"Queda de ocupante de veículo";"Com Vítimas Feridas";"Anoitecer";"Crescente";"Céu Claro";"Dupla";"Reta";"Sim";2;0;2;0;0;0;2;1;-16,725946;-49,38077;"SPRF-GO";"DEL01-GO";"UOP02-DEL01-GO"
761112;2026-03-27;"sexta-feira";"17:30:00";"PB";104;145,1;"QUEIMADAS";"Reação tardia ou ineficiente do condutor";"Colisão traseira";"Com Vítimas Feridas";"Anoitecer";"Crescente";"Nublado";"Simples";"Reta;Aclive";"Não";6;0;3;0;3;0;3;2;-7,407665;-35,896505;"SPRF-PB";"DEL02-PB";"UOP03-DEL02-PB"
761113;2026-03-27;"sexta-feira";"16:05:00";"MG";116;406;"GOVERNADOR VALADARES";"Acessar a via sem observar a presença dos outros veículos";"Colisão transversal";"Com Vítimas Feridas";"Pleno dia";"Decrescente";"Nublado";"Simples";"Retorno Regulamentado;Reta";"Não";3;0;1;1;1;0;2;2;-18,81696288;-41,98397515;"SPRF-MG";"DEL06-MG";"UOP01-DEL06-MG"
761114;2026-03-27;"sexta-feira";"18:05:00";"SP";153;122;"UBARANA";"Avarias e/ou desgaste excessivo no pneu";"Tombamento";"Com Vítimas Feridas";"Pleno dia";"Decrescente";"Céu Claro";"Simples";"Reta";"Não";1;0;1;0;0;0;1;1;-21,18071081;-49,72039001;"SPRF-SP";"DEL09-SP";"UOP01-DEL09-SP"
761115;2026-03-27;"sexta-feira";"17:51:00";"RJ";101;279;"RIO BONITO";"Acessar a via sem observar a presença dos outros veículos";"Colisão lateral mesmo sentido";"Com Vítimas Feridas";"Anoitecer";"Crescente";"Céu Claro";"Dupla";"Reta";"Sim";5;0;4;0;1;0;4;2;-22,7108;-42,6271;"SPRF-RJ";"DEL02-RJ";"UOP03-DEL02-RJ"
761116;2026-03-27;"sexta-feira";"18:20:00";"MG";40;741,4;"SANTOS DUMONT";"Entrada inopinada do pedestre";"Atropelamento de Pedestre";"Com Vítimas Feridas";"Anoitecer";"Decrescente";"Céu Claro";"Simples";"Curva";"Não";2;0;0;1;1;0;1;2;-21,41554823;-43,56362343;"SPRF-MG";"DEL05-MG";"UOP01-DEL05-MG"
761117;2026-03-27;"sexta-feira";"17:15:00";"RS";287;442;"UNISTALDA";"Avarias e/ou desgaste excessivo no pneu";"Saída de leito carroçável";"Com Vítimas Feridas";"Pleno dia";"Decrescente";"Sol";"Simples";"Reta";"Não";3;0;1;0;2;0;1;1;-29,04068456;-55,22731662;"SPRF-RS";"DEL12-RS";"UOP02-DEL12-RS"
761118;2026-03-27;"sexta-feira";"16:30:00";"RJ";101;76;"CAMPOS DOS GOYTACAZES";"Ultrapassagem Indevida";"Colisão transversal";"Com Vítimas Feridas";"Anoitecer";"Crescente";"Céu Claro";"Simples";"Reta";"Sim";2;0;1;0;1;0;1;2;-21,829355;-41,409352;"SPRF-RJ";"DEL08-RJ";"UOP02-DEL08-RJ"
761119;2026-03-27;"sexta-feira";"17:55:00";"MG";251;481;"FRANCISCO SA";"Acessar a via sem observar a presença dos outros veículos";"Colisão transversal";"Com Vítimas Feridas";"Anoitecer";"Crescente";"Céu Claro";"Simples";"Rotatória";"Sim";2;0;1;0;1;0;1;2;-16,47427943;-43,49961519;"SPRF-MG";"DEL12-MG";"UOP01-DEL12-MG"
761120;2026-03-27;"sexta-feira";"18:30:00";"CE";116;35;"HORIZONTE";"Acesso irregular";"Colisão transversal";"Com Vítimas Feridas";"Plena Noite";"Decrescente";"Céu Claro";"Dupla";"Reta";"Não";3;0;1;1;1;0;2;2;-4,0604615;-38,5047078;"SPRF-CE";"DEL01-CE";"UOP02-DEL01-CE"
761121;2026-03-27;"sexta-feira";"16:40:00";"MS";262;345;"CAMPO GRANDE";"Conversão proibida";"Colisão transversal";"Com Vítimas Feridas";"Pleno dia";"Crescente";"Céu Claro";"Simples";"Curva;Interseção de Vias";"Não";3;0;1;0;2;0;1;2;-20,575226;-54,593839;"SPRF-MS";"DEL01-MS";"UOP03-DEL01-MS"
761122;2026-03-27;"sexta-feira";"18:05:00";"DF";251;31;"BRASILIA";"Ausência de reação do condutor";"Colisão com objeto";"Com Vítimas Feridas";"Anoitecer";"Decrescente";"Nublado";"Simples";"Reta";"Sim";1;0;0;1;0;0;1;1;-15,939723;-47,765765;"SPRF-DF";"DEL01-DF";"UOP01-DEL01-DF"
761123;2026-03-27;"sexta-feira";"17:30:00";"PR";476;118;"COLOMBO";"Ausência de reação do condutor";"Colisão traseira";"Com Vítimas Feridas";"Plena Noite";"Crescente";"Céu Claro";"Múltipla";"Reta";"Sim";3;0;1;0;2;0;1;2;-25,3587;-49,1814;"SPRF-PR";"DEL01-PR";"UOP01-DEL01-PR"
761124;2026-03-27;"sexta-feira";"17:00:00";"MT";70;733;"CACERES";"Ausência de reação do condutor";"Colisão traseira";"Com Vítimas Feridas";"Pleno dia";"Crescente";"Céu Claro";"Simples";"Reta";"Sim";2;0;0;1;1;0;1;2;-16,09224811;-57,68096924;"SPRF-MT";"DEL03-MT";"UOP01-DEL03-MT"
761126;2026-03-27;"sexta-feira";"14:40:00";"PI";407;425;"PICOS";"Conversão proibida";"Colisão transversal";"Com Vítimas Feridas";"Pleno dia";"Decrescente";"Céu Claro";"Simples";"Reta";"Não";2;0;1;0;1;0;1;2;-7,094665;-41,422867;"SPRF-PI";"DEL04-PI";"UOP01-DEL04-PI"
761128;2026-03-27;"sexta-feira";"19:00:00";"RJ";116;192;"NOVA IGUACU";"Acostamento em desnível";"Queda de ocupante de veículo";"Com Vítimas Feridas";"Plena Noite";"Decrescente";"Céu Claro";"Dupla";"Reta";"Sim";1;0;1;0;0;0;1;1;-22,74216773;-43,51976395;"SPRF-RJ";"DEL06-RJ";"UOP01-DEL06-RJ"
761131;2026-03-27;"sexta-feira";"18:24:00";"SC";470;162,3;"TROMBUDO CENTRAL";"Acessar a via sem observar a presença dos outros veículos";"Colisão transversal";"Com Vítimas Feridas";"Pleno dia";"Crescente";"Céu Claro";"Simples";"Curva;Interseção de Vias";"Não";3;0;0;1;1;1;1;3;-27,27885;-49,82482;"SPRF-SC";"DEL04-SC";"UOP02-DEL04-SC"
761132;2026-03-27;"sexta-feira";"17:00:00";"RJ";101;559;"PARATY";"Acessar a via sem observar a presença dos outros veículos";"Colisão lateral mesmo sentido";"Com Vítimas Feridas";"Pleno dia";"Decrescente";"Céu Claro";"Simples";"Reta";"Sim";2;0;1;0;1;0;1;2;-23,09969772;-44,70565414;"SPRF-RJ";"DEL03-RJ";"UOP04-DEL03-RJ"
761133;2026-03-27;"sexta-feira";"17:50:00";"MG";40;782,9;"JUIZ DE FORA";"Condutor deixou de manter distância do veículo da frente";"Colisão traseira";"Com Vítimas Feridas";"Anoitecer";"Crescente";"Céu Claro";"Dupla";"Reta";"Sim";6;0;1;0;5;0;1;3;-21,696349;-43,450182;"SPRF-MG";"DEL05-MG";"UOP01-DEL05-MG"
761134;2026-03-27;"sexta-feira";"18:00:00";"RJ";101;383;"RIO DE JANEIRO";"Ingestão de álcool pelo condutor";"Queda de ocupante de veículo";"Com Vítimas Feridas";"Plena Noite";"Decrescente";"Céu Claro";"Dupla";"Reta";"Não";1;0;0;1;0;0;1;1;-22,88661333;-43,70498657;"SPRF-RJ";"DEL03-RJ";"UOP01-DEL03-RJ"
761135;2026-03-27;"sexta-feira";"19:50:00";"SP";116;277;"EMBU DAS ARTES";"Avarias e/ou desgaste excessivo no pneu";"Tombamento";"Com Vítimas Feridas";"Plena Noite";"Crescente";"Céu Claro";"Dupla";"Reta";"Sim";2;0;1;0;1;0;1;1;-23,63040145;-46,82059097;"SPRF-SP";"DEL04-SP";"UOP01-DEL04-SP"
761136;2026-03-27;"sexta-feira";"18:00:00";"RS";116;254;"ESTEIO";"Acessar a via sem observar a presença dos outros veículos";"Colisão lateral mesmo sentido";"Com Vítimas Feridas";"Anoitecer";"Decrescente";"Céu Claro";"Múltipla";"Reta";"Sim";2;0;1;0;1;0;1;2;-29,83072708;-51,17357461;"SPRF-RS";"DEL01-RS";"UOP02-DEL01-RS"
761137;2026-03-27;"sexta-feira";"19:00:00";"GO";60;446;"JATAI";"Animais na Pista";"Eventos atípicos";"Sem Vítimas";"Anoitecer";"Decrescente";"Nublado";"Dupla";"Reta";"Não";4;0;0;0;2;2;0;2;-17,844775;-51,46838;"SPRF-GO";"DEL05-GO";"UOP01-DEL05-GO"
761138;2026-03-27;"sexta-feira";"20:00:00";"PR";277;80,9;"CURITIBA";"Trafegar com motocicleta (ou similar) entre as faixas";"Colisão lateral mesmo sentido";"Com Vítimas Feridas";"Plena Noite";"Crescente";"Céu Claro";"Dupla";"Reta";"Sim";2;0;1;0;1;0;1;2;-25,47367071;-49,20964591;"SPRF-PR";"DEL01-PR";"UOP03-DEL01-PR"
761139;2026-03-27;"sexta-feira";"20:25:00";"PE";101;39;"IGARASSU";"Condutor deixou de manter distância do veículo da frente";"Colisão traseira";"Com Vítimas Feridas";"Plena Noite";"Decrescente";"Nevoeiro/Neblina";"Dupla";"Retorno Regulamentado;Reta";"Não";1;0;0;1;0;0;1;1;-7,813772;-34,918301;"SPRF-PE";"DEL01-PE";"UOP02-DEL01-PE"
761140;2026-03-27;"sexta-feira";"18:40:00";"PR";153;5;"IMBITUVA";"Acessar a via sem observar a presença dos outros veículos";"Colisão transversal";"Com Vítimas Feridas";"Plena Noite";"Crescente";"Céu Claro";"Simples";"Interseção de Vias;Reta";"Sim";2;0;1;0;1;0;1;2;-25,22169269;-50,59445731;"SPRF-PR";"DEL03-PR";"UOP01-DEL03-PR"
761141;2026-03-27;"sexta-feira";"20:00:00";"RJ";101;323;"NITEROI";"Ausência de reação do condutor";"Colisão traseira";"Com Vítimas Feridas";"Plena Noite";"Decrescente";"Céu Claro";"Múltipla";"Reta";"Não";2;0;1;0;1;0;1;2;-22,87499937;-43,12046302;"SPRF-RJ";"DEL02-RJ";"UOP01-DEL02-RJ"
761143;2026-03-27;"sexta-feira";"19:30:00";"MS";163;257;"DOURADOS";"Manobra de mudança de faixa";"Colisão lateral mesmo sentido";"Com Vítimas Feridas";"Plena Noite";"Crescente";"Céu Claro";"Dupla";"Aclive;Reta";"Sim";2;0;1;1;0;0;2;2;-22,25909213;-54,79168403;"SPRF-MS";"DEL04-MS";"UOP01-DEL04-MS"
761144;2026-03-27;"sexta-feira";"19:15:00";"PR";277;704;"SAO MIGUEL DO IGUACU";"Acumulo de areia ou detritos sobre o pavimento";"Queda de ocupante de veículo";"Com Vítimas Feridas";"Plena Noite";"Crescente";"Céu Claro";"Dupla";"Retorno Regulamentado";"Sim";1;0;0;1;0;0;1;1;-25,42391062;-54,35891239;"SPRF-PR";"DEL05-PR";"UOP01-DEL05-PR"
761145;2026-03-27;"sexta-feira";"20:45:00";"GO";60;68;"ANAPOLIS";"Ingestão de álcool pelo condutor";"Capotamento";"Com Vítimas Feridas";"Plena Noite";"Crescente";"Céu Claro";"Dupla";"Reta";"Não";1;0;1;0;0;0;1;1;-16,28871557;-48,79889202;"SPRF-GO";"DEL02-GO";"UOP01-DEL02-GO"
761150;2026-03-27;"sexta-feira";"20:40:00";"CE";20;348;"CARIDADE";"Acesso irregular";"Tombamento";"Com Vítimas Feridas";"Plena Noite";"Crescente";"Céu Claro";"Simples";"Curva";"Sim";3;0;1;0;2;0;1;1;-4,099232;-39,057598;"SPRF-CE";"DEL02-CE";"UOP01-DEL02-CE"
761151;2026-03-27;"sexta-feira";"21:10:00";"RS";293;14,1;"CAPAO DO LEAO";"Ausência de reação do condutor";"Atropelamento de Pedestre";"Com Vítimas Feridas";"Plena Noite";"Decrescente";"Céu Claro";"Simples";"Reta";"Sim";2;0;1;0;1;0;1;2;-31,75352555;-52,45723307;"SPRF-RS";"DEL07-RS";"UOP01-DEL07-RS"
761152;2026-03-27;"sexta-feira";"20:30:00";"MG";381;882;"ESTIVA";"Demais falhas mecânicas ou elétricas";"Incêndio";"Sem Vítimas";"Plena Noite";"Decrescente";"Ignorado";"Dupla";"Curva";"Não";3;0;0;0;3;0;0;1;-22,49254634;-46,01064921;"SPRF-MG";"DEL16-MG";"UOP01-DEL16-MG"
761154;2026-03-27;"sexta-feira";"20:45:00";"SC";282;215,1;"LAGES";"Entrada inopinada do pedestre";"Atropelamento de Pedestre";"Com Vítimas Feridas";"Plena Noite";"Decrescente";"Céu Claro";"Simples";"Reta";"Sim";4;0;0;1;2;1;1;2;-27,793684;-50,281707;"SPRF-SC";"DEL05-SC";"UOP01-DEL05-SC"
761155;2026-03-27;"sexta-feira";"21:02:00";"PE";104;67;"CARUARU";"Acessar a via sem observar a presença dos outros veículos";"Colisão transversal";"Com Vítimas Feridas";"Plena Noite";"Decrescente";"Garoa/Chuvisco";"Dupla";"Declive";"Sim";2;0;0;1;1;0;1;2;-8,27998865;-35,94682312;"SPRF-PE";"DEL02-PE";"UOP01-DEL02-PE"
761156;2026-03-27;"sexta-feira";"17:30:00";"PR";369;159;"CAMBE";"Ausência de reação do condutor";"Colisão traseira";"Com Vítimas Feridas";"Anoitecer";"Crescente";"Céu Claro";"Dupla";"Reta";"Não";3;0;1;0;2;0;1;3;-23,28299237;-51,2489278;"SPRF-PR";"DEL07-PR";"UOP01-DEL07-PR"
761157;2026-03-27;"sexta-feira";"21:00:00";"GO";60;381;"RIO VERDE";"Ingestão de álcool pelo condutor";"Colisão com objeto";"Com Vítimas Feridas";"Plena Noite";"Decrescente";"Céu Claro";"Dupla";"Reta";"Sim";1;0;1;0;0;0;1;1;-17,792628;-50,909407;"SPRF-GO";"DEL04-GO";"UOP02-DEL04-GO"
761158;2026-03-27;"sexta-feira";"20:00:00";"PB";230;405;"POMBAL";"Acessar a via sem observar a presença dos outros veículos";"Colisão transversal";"Com Vítimas Feridas";"Pleno dia";"Crescente";"Céu Claro";"Simples";"Reta";"Sim";2;0;0;1;1;0;1;2;-6,766492;-37,794837;"SPRF-PB";"DEL03-PB";"UOP02-DEL03-PB"
761160;2026-03-27;"sexta-feira";"16:40:00";"SC";101;134,3;"BALNEARIO CAMBORIU";"Reação tardia ou ineficiente do condutor";"Colisão traseira";"Com Vítimas Feridas";"Pleno dia";"Decrescente";"Céu Claro";"Múltipla";"Reta";"Sim";2;0;0;1;1;0;1;2;-27,00303;-48,633078;"SPRF-SC";"DEL04-SC";"UOP03-DEL04-SC"
761161;2026-03-27;"sexta-feira";"18:20:00";"SC";101;158;"PORTO BELO";"Reação tardia ou ineficiente do condutor";"Colisão lateral mesmo sentido";"Com Vítimas Feridas";"Plena Noite";"Crescente";"Nublado";"Dupla";"Reta";"Sim";2;0;1;0;1;0;1;2;-27,19096301;-48,61259017;"SPRF-SC";"DEL04-SC";"UOP03-DEL04-SC"