"id";"data_inversa";"dia_semana";"horario";"uf";"br";"km";"municipio";"causa_acidente";"tipo_acidente";"classificacao_acidente";"fase_dia";"sentido_via";"condicao_metereologica";"tipo_pista";"tracado_via";"uso_solo";"pessoas";"mortos";"feridos_leves";"feridos_graves";"ilesos";"ignorados";"feridos";"veiculos";"latitude";"longitude";"regional";"delegacia";"uop"
761271;2026-03-28;"sábado";"10:15:00";"ES";393;1,3;"CACHOEIRO DE ITAPEMIRIM";"Mal súbito do condutor";"Colisão traseira";"Com Vítimas Feridas";"Pleno dia";"Decrescente";"Nublado";"Simples";"Reta";"Sim";2;0;1;0;1;0;1;2;-20,83479546;-41,17100537;"SPRF-ES";"DEL03-ES";"UOP02-DEL03-ES"
761272;2026-03-28;"sábado";"10:35:00";"PR";277;9,9;"PARANAGUA";"Acessar a via sem observar a presença dos outros veículos";"Colisão lateral mesmo sentido";"Com Vítimas Feridas";"Pleno dia";"Decrescente";"Sol";"Dupla";"Aclive;Curva;Interseção de Vias";"Não";5;0;1;1;3;0;2;2;-25,56756593;-48,61085264;"SPRF-PR";"DEL01-PR";"UOP05-DEL01-PR"
761273;2026-03-28;"sábado";"09:50:00";"MG";40;695,1;"ALFREDO VASCONCELOS";"Chuva";"Colisão com objeto";"Com Vítimas Feridas";"Pleno dia";"Decrescente";"Chuva";"Simples";"Curva";"Não";3;0;2;0;1;0;2;1;-21,137381;-43,764078;"SPRF-MG";"DEL05-MG";"UOP02-DEL05-MG"
761275;2026-02-26;"quinta-feira";"15:22:00";"PE";101;126,3;"ESCADA";"Ausência de reação do condutor";"Colisão traseira";"Com Vítimas Feridas";"Pleno dia";"Decrescente";"Céu Claro";"Dupla";"Reta";"Sim";2;0;1;0;1;0;1;2;-8,37012;-35,23003;"SPRF-PE";"DEL01-PE";"UOP03-DEL01-PE"
761276;2026-03-28;"sábado";"07:30:00";"PA";163;847;"PLACAS";"Pista esburacada";"Colisão com objeto";"Com Vítimas Fatais";"Pleno dia";"Decrescente";"Nublado";"Simples";"Reta";"Não";1;1;0;0;0;0;0;1;-3,661982;-54,842838;"SPRF-PA";"DEL05-PA";"UOP01-DEL05-PA"
761278;2026-03-28;"sábado";"09:30:00";"SC";101;55,8;"JOINVILLE";"Demais falhas mecânicas ou elétricas";"Tombamento";"Com Vítimas Feridas";"Pleno dia";"Decrescente";"Céu Claro";"Dupla";"Curva";"Não";2;0;2;0;0;0;2;1;-26,43073719;-48,82362541;"SPRF-SC";"DEL03-SC";"UOP01-DEL03-SC"
761279;2026-03-28;"sábado";"11:20:00";"BA";116;376,8;"SANTA BARBARA";"Ultrapassagem Indevida";"Colisão lateral sentido oposto";"Com Vítimas Feridas";"Pleno dia";"Decrescente";"Nublado";"Simples";"Reta";"Não";5;0;2;1;1;1;3;4;-11,82356;-38,975653;"SPRF-BA";"DEL02-BA";"UOP01-DEL02-BA"
761280;2026-03-28;"sábado";"10:20:00";"SC";153;99;"CONCORDIA";"Acessar a via sem observar a presença dos outros veículos";"Colisão transversal";"Com Vítimas Feridas";"Pleno dia";"Crescente";"Céu Claro";"Simples";"Curva";"Sim";2;0;0;1;1;0;1;2;-27,241719;-51,95232726;"SPRF-SC";"DEL07-SC";"UOP04-DEL07-SC"
761283;2026-03-28;"sábado";"11:20:00";"SP";116;94,7;"PINDAMONHANGABA";"Acessar a via sem observar a presença dos outros veículos";"Colisão traseira";"Sem Vítimas";"Pleno dia";"Crescente";"Sol";"Dupla";"Reta";"Não";2;0;0;0;2;0;0;2;-22,95890162;-45,41803686;"SPRF-SP";"DEL08-SP";"UOP01-DEL08-SP"
761284;2026-03-28;"sábado";"11:55:00";"SP";116;375,5;"MIRACATU";"Retorno proibido";"Colisão transversal";"Com Vítimas Feridas";"Pleno dia";"Crescente";"Céu Claro";"Dupla";"Curva";"Não";3;0;1;0;2;0;1;2;-24,18536423;-47,35916594;"SPRF-SP";"DEL04-SP";"UOP02-DEL04-SP"
761285;2026-03-28;"sábado";"12:26:00";"RJ";101;66;"CAMPOS DOS GOYTACAZES";"Acumulo de óleo sobre o pavimento";"Queda de ocupante de veículo";"Com Vítimas Feridas";"Pleno dia";"Decrescente";"Céu Claro";"Simples";"Retorno Regulamentado";"Não";1;0;1;0;0;0;1;1;-21,766817;-41,345802;"SPRF-RJ";"DEL08-RJ";"UOP02-DEL08-RJ"
761290;2026-03-28;"sábado";"12:40:00";"SP";381;26;"BRAGANCA PAULISTA";"Trafegar com motocicleta (ou similar) entre as faixas";"Colisão lateral mesmo sentido";"Com Vítimas Feridas";"Pleno dia";"Decrescente";"Céu Claro";"Dupla";"Reta";"Não";2;0;1;0;1;0;1;2;-23,02305017;-46,53203337;"SPRF-SP";"DEL03-SP";"UOP02-DEL03-SP"
761291;2026-03-28;"sábado";"12:50:00";"GO";40;3;"VALPARAISO DE GOIAS";"Condutor deixou de manter distância do veículo da frente";"Colisão traseira";"Com Vítimas Feridas";"Pleno dia";"Decrescente";"Céu Claro";"Dupla";"Reta";"Sim";6;0;2;0;4;0;2;3;-16,078357;-47,985908;"SPRF-DF";"DEL01-DF";"UOP01-DEL01-DF"
761292;2026-03-28;"sábado";"13:00:00";"RJ";101;474;"ANGRA DOS REIS";"Condutor deixou de manter distância do veículo da frente";"Colisão traseira";"Com Vítimas Feridas";"Pleno dia";"Crescente";"Céu Claro";"Simples";"Reta";"Não";2;0;1;0;1;0;1;2;-22,994741;-44,24904;"SPRF-RJ";"DEL03-RJ";"UOP03-DEL03-RJ"
761293;2026-03-28;"sábado";"12:26:00";"BA";242;827;"BARREIRAS";"Acessar a via sem observar a presença dos outros veículos";"Colisão transversal";"Sem Vítimas";"Pleno dia";"Crescente";"Céu Claro";"Simples";"Reta";"Não";2;0;0;0;2;0;0;2;-12,11866345;-45,05552721;"SPRF-BA";"DEL10-BA";"UOP01-DEL10-BA"
761294;2026-03-28;"sábado";"11:10:00";"RS";101;5,1;"MAQUINE";"Desrespeitar a preferência no cruzamento";"Colisão transversal";"Com Vítimas Feridas";"Pleno dia";"Decrescente";"Céu Claro";"Simples";"Interseção de Vias;Retorno Regulamentado;Reta";"Sim";3;0;3;0;0;0;3;2;-29,72201518;-50,19822685;"SPRF-RS";"DEL03-RS";"UOP01-DEL03-RS"
761295;2026-03-28;"sábado";"13:20:00";"SP";116;223;"GUARULHOS";"Ausência de reação do condutor";"Colisão traseira";"Com Vítimas Feridas";"Pleno dia";"Crescente";"Sol";"Múltipla";"Reta";"Sim";2;0;1;0;1;0;1;2;-23,48306701;-46,53537205;"SPRF-SP";"DEL01-SP";"UOP01-DEL01-SP"
761296;2026-03-28;"sábado";"12:15:00";"BA";324;550;"AMELIA RODRIGUES";"Ausência de reação do condutor";"Saída de leito carroçável";"Sem Vítimas";"Pleno dia";"Crescente";"Garoa/Chuvisco";"Dupla";"Reta";"Não";1;0;0;0;1;0;0;1;-12,449384;-38,711814;"SPRF-BA";"DEL11-BA";"UOP02-DEL11-BA"
761298;2026-03-28;"sábado";"12:30:00";"SP";116;518;"CAJATI";"Acumulo de água sobre o pavimento";"Queda de ocupante de veículo";"Com Vítimas Feridas";"Pleno dia";"Decrescente";"Céu Claro";"Dupla";"Curva;Declive";"Não";1;0;1;0;0;0;1;1;-24,8810393;-48,2226916;"SPRF-SP";"DEL05-SP";"UOP02-DEL05-SP"
761299;2026-03-28;"sábado";"11:00:00";"MG";116;277,5;"TEOFILO OTONI";"Ausência de sinalização";"Colisão transversal";"Com Vítimas Feridas";"Pleno dia";"Crescente";"Nublado";"Simples";"Reta";"Sim";2;0;1;0;1;0;1;2;-17,864589;-41,516091;"SPRF-MG";"DEL11-MG";"UOP01-DEL11-MG"
761302;2026-03-28;"sábado";"12:15:00";"MG";116;587;"MANHUACU";"Acessar a via sem observar a presença dos outros veículos";"Colisão transversal";"Com Vítimas Feridas";"Pleno dia";"Decrescente";"Nublado";"Simples";"Reta";"Não";2;0;0;1;1;0;1;2;-20,236964;-42,164555;"SPRF-MG";"DEL06-MG";"UOP03-DEL06-MG"
761303;2026-03-28;"sábado";"13:40:00";"MG";116;412,9;"GOVERNADOR VALADARES";"Condutor Dormindo";"Tombamento";"Com Vítimas Feridas";"Pleno dia";"Crescente";"Sol";"Simples";"Reta";"Sim";1;0;1;0;0;0;1;1;-18,88354892;-41,95713043;"SPRF-MG";"DEL06-MG";"UOP01-DEL06-MG"
761304;2026-03-28;"sábado";"06:50:00";"RJ";101;412;"ITAGUAI";"Condutor deixou de manter distância do veículo da frente";"Colisão traseira";"Com Vítimas Feridas";"Pleno dia";"Crescente";"Céu Claro";"Dupla";"Reta";"Sim";4;0;2;0;2;0;2;3;-22,89912618;-43,86362314;"SPRF-RJ";"DEL03-RJ";"UOP01-DEL03-RJ"
761305;2026-03-05;"quinta-feira";"08:30:00";"RJ";116;175;"RIO DE JANEIRO";"Manobra de mudança de faixa";"Colisão lateral mesmo sentido";"Com Vítimas Feridas";"Pleno dia";"Decrescente";"Céu Claro";"Dupla";"Reta";"Não";1;0;1;0;0;0;1;1;-22,79240382;-43,36835861;"SPRF-RJ";"DEL06-RJ";"UOP01-DEL06-RJ"
761306;2026-03-28;"sábado";"13:20:00";"SP";116;146;"SAO JOSE DOS CAMPOS";"Condutor deixou de manter distância do veículo da frente";"Colisão traseira";"Com Vítimas Feridas";"Pleno dia";"Decrescente";"Céu Claro";"Múltipla";"Reta";"Não";3;0;2;0;1;0;2;2;-23,19261826;-45,86560463;"SPRF-SP";"DEL02-SP";"UOP01-DEL02-SP"
761308;2026-03-28;"sábado";"13:31:00";"RN";405;1,1;"MOSSORO";"Conversão proibida";"Colisão transversal";"Com Vítimas Feridas";"Pleno dia";"Crescente";"Céu Claro";"Dupla";"Reta;Retorno Regulamentado";"Sim";2;0;0;1;1;0;1;2;-5,191828;-37,363147;"SPRF-RN";"DEL04-RN";"UOP02-DEL04-RN"
761309;2026-03-28;"sábado";"13:40:00";"SP";116;51,2;"LORENA";"Manobra de mudança de faixa";"Colisão lateral mesmo sentido";"Com Vítimas Feridas";"Pleno dia";"Decrescente";"Céu Claro";"Dupla";"Reta";"Sim";3;0;1;1;1;0;2;2;-22,74218752;-45,09308338;"SPRF-SP";"DEL08-SP";"UOP02-DEL08-SP"
761311;2026-03-28;"sábado";"11:30:00";"MT";163;761;"SORRISO";"Acumulo de água sobre o pavimento";"Queda de ocupante de veículo";"Sem Vítimas";"Pleno dia";"Decrescente";"Chuva";"Simples";"Reta";"Não";1;0;0;0;0;1;0;1;-12,46884491;-55,67139192;"SPRF-MT";"DEL06-MT";"UOP01-DEL06-MT"
761312;2026-03-28;"sábado";"13:15:00";"SC";280;57;"GUARAMIRIM";"Acessar a via sem observar a presença dos outros veículos";"Colisão transversal";"Com Vítimas Feridas";"Pleno dia";"Decrescente";"Céu Claro";"Dupla";"Reta;Em Obras";"Sim";2;0;1;0;1;0;1;2;-26,47632571;-49,01587844;"SPRF-SC";"DEL03-SC";"UOP03-DEL03-SC"
761313;2026-03-28;"sábado";"11:20:00";"RS";290;213,8;"PANTANO GRANDE";"Desrespeitar a preferência no cruzamento";"Colisão transversal";"Com Vítimas Feridas";"Pleno dia";"Decrescente";"Sol";"Dupla";"Rotatória";"Não";3;0;1;0;2;0;1;2;-30,186965;-52,358385;"SPRF-RS";"DEL02-RS";"UOP03-DEL02-RS"
761314;2026-03-28;"sábado";"14:30:00";"GO";60;91;"ANAPOLIS";"Ingestão de álcool pelo condutor";"Colisão traseira";"Com Vítimas Feridas";"Pleno dia";"Crescente";"Sol";"Dupla";"Aclive;Reta";"Sim";2;0;1;0;1;0;1;2;-16,349212;-48,909675;"SPRF-GO";"DEL02-GO";"UOP01-DEL02-GO"
761315;2026-03-28;"sábado";"12:25:00";"RS";290;96;"PORTO ALEGRE";"Manobra de mudança de faixa";"Colisão lateral mesmo sentido";"Com Vítimas Fatais";"Pleno dia";"Crescente";"Céu Claro";"Múltipla";"Reta";"Não";4;1;0;0;1;2;0;3;-29,99277927;-51,20505452;"SPRF-RS";"DEL01-RS";"UOP01-DEL01-RS"
761316;2026-03-28;"sábado";"14:30:00";"PR";116;63;"QUATRO BARRAS";"Frear bruscamente";"Colisão lateral mesmo sentido";"Com Vítimas Feridas";"Pleno dia";"Decrescente";"Sol";"Dupla";"Reta;Aclive;Retorno Regulamentado";"Não";3;0;0;3;0;0;3;2;-25,30725235;-48,97803783;"SPRF-PR";"DEL01-PR";"UOP02-DEL01-PR"
761318;2026-02-20;"sexta-feira";"12:50:00";"BA";324;623;"SALVADOR";"Reação tardia ou ineficiente do condutor";"Queda de ocupante de veículo";"Com Vítimas Feridas";"Pleno dia";"Crescente";"Sol";"Múltipla";"Reta";"Sim";1;0;1;0;0;0;1;1;-12,949899;-38,470451;"SPRF-BA";"DEL01-BA";"UOP01-DEL01-BA"
761319;2026-03-28;"sábado";"03:50:00";"CE";116;305;"JAGUARIBE";"Ausência de reação do condutor";"Colisão traseira";"Com Vítimas Feridas";"Plena Noite";"Crescente";"Nublado";"Simples";"Ponte";"Sim";2;0;2;0;0;0;2;2;-5,88387107;-38,61687899;"SPRF-CE";"DEL05-CE";"UOP02-DEL05-CE"
761321;2026-03-28;"sábado";"14:45:00";"SC";101;159,2;"PORTO BELO";"Demais falhas mecânicas ou elétricas";"Tombamento";"Com Vítimas Feridas";"Pleno dia";"Crescente";"Céu Claro";"Dupla";"Reta";"Sim";2;0;2;0;0;0;2;1;-27,20144901;-48,61619706;"SPRF-SC";"DEL04-SC";"UOP03-DEL04-SC"
761322;2026-03-28;"sábado";"14:25:00";"SC";101;154;"PORTO BELO";"Manobra de mudança de faixa";"Colisão lateral mesmo sentido";"Com Vítimas Feridas";"Pleno dia";"Crescente";"Céu Claro";"Dupla";"Reta";"Não";2;0;1;0;1;0;1;2;-27,15672953;-48,61098289;"SPRF-SC";"DEL04-SC";"UOP03-DEL04-SC"
761324;2026-01-08;"quinta-feira";"22:50:00";"PI";230;193,7;"OEIRAS";"Ausência de reação do condutor";"Colisão traseira";"Com Vítimas Feridas";"Plena Noite";"Decrescente";"Céu Claro";"Simples";"Reta";"Não";2;0;0;1;0;1;1;2;-6,99365044;-42,10276187;"SPRF-PI";"DEL04-PI";"UOP01-DEL04-PI"
761325;2026-03-28;"sábado";"14:37:00";"DF";20;6,6;"BRASILIA";"Manobra de mudança de faixa";"Colisão lateral mesmo sentido";"Com Vítimas Feridas";"Pleno dia";"Crescente";"Céu Claro";"Múltipla";"Reta";"Sim";2;0;0;1;1;0;1;2;-15,66411454;-47,80370235;"SPRF-DF";"DEL02-DF";"UOP01-DEL02-DF"
761326;2026-03-28;"sábado";"13:55:00";"MG";381;554,2;"ITAGUARA";"Ausência de reação do condutor";"Tombamento";"Com Vítimas Feridas";"Pleno dia";"Crescente";"Céu Claro";"Dupla";"Reta";"Não";1;0;1;0;0;0;1;1;-20,3307286;-44,4524639;"SPRF-MG";"DEL04-MG";"UOP03-DEL04-MG"
761327;2026-03-28;"sábado";"12:55:00";"DF";60;3;"BRASILIA";"Acesso irregular";"Colisão transversal";"Com Vítimas Feridas";"Pleno dia";"Crescente";"Céu Claro";"Dupla";"Reta";"Não";2;0;0;1;1;0;1;2;-15,890424;-48,08729;"SPRF-DF";"DEL03-DF";"UOP01-DEL03-DF"
761329;2026-03-28;"sábado";"14:30:00";"RN";304;295,9;"MACAIBA";"Ausência de reação do condutor";"Colisão lateral sentido oposto";"Com Vítimas Feridas";"Pleno dia";"Decrescente";"Sol";"Simples";"Reta";"Sim";2;0;2;0;0;0;2;2;-5,865173;-35,35122;"SPRF-RN";"DEL01-RN";"UOP02-DEL01-RN"
761331;2026-03-28;"sábado";"14:30:00";"RJ";101;392,7;"RIO DE JANEIRO";"Avarias e/ou desgaste excessivo no pneu";"Queda de ocupante de veículo";"Com Vítimas Feridas";"Pleno dia";"Crescente";"Céu Claro";"Dupla";"Reta";"Não";2;0;1;1;0;0;2;1;-22,888273;-43,70646;"SPRF-RJ";"DEL03-RJ";"UOP01-DEL03-RJ"
761332;2026-03-28;"sábado";"14:45:00";"MG";116;600,1;"SAO JOAO DO MANHUACU";"Transitar na contramão";"Colisão frontal";"Com Vítimas Feridas";"Pleno dia";"Crescente";"Céu Claro";"Simples";"Reta;Aclive";"Não";5;0;0;1;3;1;1;3;-20,332889;-42,14762;"SPRF-MG";"DEL06-MG";"UOP03-DEL06-MG"
761333;2026-03-28;"sábado";"14:28:00";"SC";470;62;"INDAIAL";"Acessar a via sem observar a presença dos outros veículos";"Colisão lateral mesmo sentido";"Com Vítimas Feridas";"Pleno dia";"Crescente";"Nublado";"Simples";"Interseção de Vias;Reta";"Não";3;0;2;0;1;0;2;2;-26,87433;-49,18468;"SPRF-SC";"DEL04-SC";"UOP01-DEL04-SC"
761334;2026-03-28;"sábado";"14:40:00";"PR";277;435,9;"VIRMOND";"Ausência de reação do condutor";"Saída de leito carroçável";"Com Vítimas Feridas";"Pleno dia";"Crescente";"Céu Claro";"Simples";"Curva";"Não";2;0;1;0;1;0;1;1;-25,376921;-52,21239;"SPRF-PR";"DEL04-PR";"UOP02-DEL04-PR"
761336;2026-03-28;"sábado";"14:45:00";"SC";470;72,4;"INDAIAL";"Ausência de reação do condutor";"Saída de leito carroçável";"Com Vítimas Feridas";"Pleno dia";"Decrescente";"Céu Claro";"Simples";"Aclive;Curva";"Não";1;0;1;0;0;0;1;1;-26,90482096;-49,27113891;"SPRF-SC";"DEL04-SC";"UOP01-DEL04-SC"
761337;2026-03-28;"sábado";"15:50:00";"DF";60;2,5;"BRASILIA";"Acesso irregular";"Colisão traseira";"Com Vítimas Feridas";"Pleno dia";"Crescente";"Nublado";"Dupla";"Reta;Aclive";"Sim";5;0;1;0;4;0;1;2;-15,888282;-48,080919;"SPRF-DF";"DEL03-DF";"UOP01-DEL03-DF"
761339;2026-03-28;"sábado";"15:00:00";"SP";116;55,4;"LORENA";"Reação tardia ou ineficiente do condutor";"Colisão traseira";"Sem Vítimas";"Pleno dia";"Decrescente";"Céu Claro";"Dupla";"Reta";"Não";2;0;0;0;2;0;0;2;-22,76443297;-45,12393641;"SPRF-SP";"DEL08-SP";"UOP02-DEL08-SP"
761340;2026-03-20;"sexta-feira";"22:10:00";"BA";101;840;"VEREDA";"Reação tardia ou ineficiente do condutor";"Saída de leito carroçável";"Com Vítimas Fatais";"Plena Noite";"Decrescente";"Nublado";"Simples";"Ponte;Curva;Declive";"Não";1;1;0;0;0;0;0;1;-17,24894108;-39,62214947;"SPRF-BA";"DEL09-BA";"UOP02-DEL09-BA"
761341;2026-03-28;"sábado";"16:04:00";"MG";381;500;"BETIM";"Demais falhas mecânicas ou elétricas";"Eventos atípicos";"Sem Vítimas";"Pleno dia";"Crescente";"Céu Claro";"Dupla";"Reta;Declive";"Não";2;0;0;0;2;0;0;1;-20,00531028;-44,2140913;"SPRF-MG";"DEL01-MG";"UOP03-DEL01-MG"
761343;2026-02-20;"sexta-feira";"14:00:00";"MG";262;0,5;"MARTINS SOARES";"Acesso irregular";"Colisão transversal";"Com Vítimas Feridas";"Pleno dia";"Crescente";"Céu Claro";"Simples";"Declive;Reta";"Não";2;0;0;1;1;0;1;2;-20,25286332;-41,78566933;"SPRF-MG";"DEL06-MG";"UOP03-DEL06-MG"
761344;2026-03-28;"sábado";"16:50:00";"SC";470;66,5;"INDAIAL";"Acessar a via sem observar a presença dos outros veículos";"Colisão traseira";"Com Vítimas Feridas";"Pleno dia";"Crescente";"Nublado";"Dupla";"Em Obras;Interseção de Vias;Retorno Regulamentado";"Sim";2;0;1;0;1;0;1;2;-26,87013;-49,22747;"SPRF-SC";"DEL04-SC";"UOP01-DEL04-SC"
761345;2026-03-28;"sábado";"17:00:00";"SP";116;209;"GUARULHOS";"Objeto estático sobre o leito carroçável";"Colisão com objeto";"Com Vítimas Feridas";"Pleno dia";"Crescente";"Sol";"Múltipla";"Reta;Aclive";"Sim";1;0;1;0;0;0;1;1;-23,42998646;-46,41458785;"SPRF-SP";"DEL01-SP";"UOP01-DEL01-SP"
761346;2026-03-28;"sábado";"17:10:00";"SP";116;199;"ARUJA";"Reação tardia ou ineficiente do condutor";"Tombamento";"Com Vítimas Feridas";"Pleno dia";"Decrescente";"Céu Claro";"Múltipla";"Reta";"Sim";1;0;1;0;0;0;1;1;-23,40192557;-46,31138802;"SPRF-SP";"DEL01-SP";"UOP01-DEL01-SP"
761348;2026-03-28;"sábado";"16:20:00";"SP";153;334,5;"SALTO GRANDE";"Afundamento ou ondulação no pavimento";"Tombamento";"Com Vítimas Feridas";"Pleno dia";"Decrescente";"Céu Claro";"Simples";"Reta";"Não";2;0;1;0;1;0;1;1;-22,896285;-49,889625;"SPRF-SP";"DEL07-SP";"UOP03-DEL07-SP"
761350;2026-03-28;"sábado";"15:50:00";"SC";282;665,3;"GUARACIABA";"Velocidade Incompatível";"Saída de leito carroçável";"Com Vítimas Feridas";"Pleno dia";"Decrescente";"Céu Claro";"Simples";"Declive;Reta";"Não";2;0;0;2;0;0;2;1;-26,65094694;-53,61162067;"SPRF-SC";"DEL07-SC";"UOP03-DEL07-SC"
761351;2026-03-28;"sábado";"17:15:00";"PB";230;61;"CRUZ DO ESPIRITO SANTO";"Avarias e/ou desgaste excessivo no pneu";"Tombamento";"Com Vítimas Feridas";"Anoitecer";"Decrescente";"Céu Claro";"Dupla";"Reta;Retorno Regulamentado";"Não";2;0;2;0;0;0;2;1;-7,20404633;-35,15352027;"SPRF-PB";"DEL01-PB";"UOP02-DEL01-PB"
761352;2026-03-28;"sábado";"17:15:00";"SC";470;192;"POUSO REDONDO";"Reação tardia ou ineficiente do condutor";"Capotamento";"Com Vítimas Feridas";"Pleno dia";"Crescente";"Céu Claro";"Simples";"Reta";"Não";1;0;1;0;0;0;1;1;-27,28271701;-50,07043004;"SPRF-SC";"DEL04-SC";"UOP02-DEL04-SC"
761353;2026-03-20;"sexta-feira";"18:20:00";"BA";324;517;"FEIRA DE SANTANA";"Transitar na contramão";"Colisão lateral sentido oposto";"Com Vítimas Feridas";"Plena Noite";"Decrescente";"Céu Claro";"Dupla";"Reta";"Sim";2;0;1;1;0;0;2;2;-12,25889236;-38,93195121;"SPRF-BA";"DEL02-BA";"UOP01-DEL02-BA"
761354;2026-03-28;"sábado";"17:50:00";"GO";60;190;"GUAPO";"Ausência de reação do condutor";"Queda de ocupante de veículo";"Com Vítimas Feridas";"Pleno dia";"Crescente";"Céu Claro";"Dupla";"Declive";"Não";1;0;0;1;0;0;1;1;-16,84833875;-49,5595479;"SPRF-GO";"DEL01-GO";"UOP02-DEL01-GO"
761355;2026-03-28;"sábado";"18:21:00";"DF";70;17;"BRASILIA";"Manobra de mudança de faixa";"Colisão lateral mesmo sentido";"Sem Vítimas";"Anoitecer";"Decrescente";"Céu Claro";"Dupla";"Reta";"Sim";2;0;0;0;2;0;0;2;-15,79416;-48,201487;"SPRF-DF";"DEL03-DF";"UOP02-DEL03-DF"
761356;2026-03-28;"sábado";"18:15:00";"SC";282;606,3;"MARAVILHA";"Reação tardia ou ineficiente do condutor";"Colisão traseira";"Com Vítimas Feridas";"Anoitecer";"Crescente";"Céu Claro";"Simples";"Reta";"Sim";5;0;0;1;4;0;1;2;-26,776457;-53,201251;"SPRF-SC";"DEL07-SC";"UOP02-DEL07-SC"
761357;2026-03-28;"sábado";"17:30:00";"SC";470;188;"POUSO REDONDO";"Ingestão de álcool pelo condutor";"Colisão lateral sentido oposto";"Sem Vítimas";"Pleno dia";"Crescente";"Céu Claro";"Simples";"Declive;Curva";"Não";4;0;0;0;4;0;0;2;-27,2541509;-50,03632419;"SPRF-SC";"DEL04-SC";"UOP02-DEL04-SC"
761359;2026-02-22;"domingo";"14:20:00";"MG";153;27,9;"CENTRALINA";"Demais falhas na via";"Colisão traseira";"Com Vítimas Feridas";"Pleno dia";"Crescente";"Céu Claro";"Dupla";"Reta;Declive";"Não";6;0;1;0;4;1;1;3;-18,66097181;-49,16667662;"SPRF-MG";"DEL15-MG";"UOP03-DEL15-MG"
761363;2026-03-28;"sábado";"18:40:00";"MG";40;553;"NOVA LIMA";"Velocidade Incompatível";"Colisão lateral mesmo sentido";"Com Vítimas Feridas";"Plena Noite";"Crescente";"Nublado";"Simples";"Reta";"Sim";3;0;0;1;2;0;1;2;-20,0465;-43,9822;"SPRF-MG";"DEL01-MG";"UOP02-DEL01-MG"
761365;2026-03-28;"sábado";"18:20:00";"PR";277;725,2;"FOZ DO IGUACU";"Ingestão de álcool pelo condutor";"Colisão traseira";"Com Vítimas Feridas";"Anoitecer";"Crescente";"Céu Claro";"Dupla";"Declive";"Sim";6;0;2;0;0;4;2;3;-25,50317403;-54,53999446;"SPRF-PR";"DEL05-PR";"UOP03-DEL05-PR"
761368;2026-03-28;"sábado";"17:48:00";"RO";364;144;"PORTO VELHO";"Desrespeitar a preferência no cruzamento";"Colisão transversal";"Com Vítimas Feridas";"Anoitecer";"Crescente";"Céu Claro";"Dupla";"Reta;Interseção de Vias";"Não";2;0;1;0;1;0;1;2;-8,76746027;-63,88427345;"SPRF-RO";"DEL02-RO";"UOP02-DEL02-RO"
761369;2026-03-28;"sábado";"19:10:00";"SC";280;52,5;"GUARAMIRIM";"Acessar a via sem observar a presença dos outros veículos";"Colisão transversal";"Com Vítimas Feridas";"Plena Noite";"Crescente";"Céu Claro";"Simples";"Interseção de Vias";"Sim";2;0;1;0;1;0;1;2;-26,47139043;-48,97150421;"SPRF-SC";"DEL03-SC";"UOP03-DEL03-SC"
761370;2026-03-28;"sábado";"18:40:00";"SP";116;144,5;"SAO JOSE DOS CAMPOS";"Demais falhas mecânicas ou elétricas";"Incêndio";"Sem Vítimas";"Plena Noite";"Decrescente";"Céu Claro";"Dupla";"Reta";"Sim";1;0;0;0;1;0;0;1;-23,18384859;-45,84862256;"SPRF-SP";"DEL02-SP";"UOP01-DEL02-SP"
761371;2026-03-28;"sábado";"19:15:00";"PE";101;46;"IGARASSU";"Acessar a via sem observar a presença dos outros veículos";"Colisão transversal";"Com Vítimas Feridas";"Plena Noite";"Crescente";"Nublado";"Múltipla";"Reta;Retorno Regulamentado";"Sim";3;0;2;0;1;0;2;2;-7,875548;-34,905995;"SPRF-PE";"DEL01-PE";"UOP02-DEL01-PE"
761372;2026-03-28;"sábado";"19:00:00";"RJ";116;282;"BARRA MANSA";"Avarias e/ou desgaste excessivo no pneu";"Colisão frontal";"Com Vítimas Feridas";"Plena Noite";"Crescente";"Nublado";"Dupla";"Curva";"Não";2;0;1;0;0;1;1;2;-22,50177309;-44,23301697;"SPRF-RJ";"DEL07-RJ";"UOP02-DEL07-RJ"
761373;2026-03-28;"sábado";"17:20:00";"MG";40;41,5;"PARACATU";"Transitar na contramão";"Colisão frontal";"Com Vítimas Feridas";"Pleno dia";"Crescente";"Céu Claro";"Simples";"Declive;Reta";"Sim";2;0;0;1;1;0;1;2;-17,215182;-46,870578;"SPRF-MG";"DEL14-MG";"UOP01-DEL14-MG"
761374;2026-03-28;"sábado";"18:55:00";"PE";428;180;"PETROLINA";"Ingestão de álcool pelo condutor";"Colisão frontal";"Com Vítimas Fatais";"Plena Noite";"Crescente";"Nublado";"Simples";"Reta";"Não";8;1;3;3;0;1;6;3;-9,30633;-40,45301;"SPRF-PE";"DEL06-PE";"UOP01-DEL06-PE"
761376;2026-03-28;"sábado";"18:45:00";"PR";277;628,4;"CEU AZUL";"Velocidade Incompatível";"Saída de leito carroçável";"Com Vítimas Feridas";"Plena Noite";"Crescente";"Céu Claro";"Simples";"Reta";"Não";1;0;1;0;0;0;1;1;-25,10761893;-53,76206875;"SPRF-PR";"DEL05-PR";"UOP02-DEL05-PR"
761377;2026-03-28;"sábado";"19:10:00";"PB";104;139,9;"QUEIMADAS";"Acessar a via sem observar a presença dos outros veículos";"Colisão transversal";"Com Vítimas Feridas";"Plena Noite";"Crescente";"Nublado";"Simples";"Reta";"Sim";2;0;1;0;1;0;1;2;-7,36815;-35,89976;"SPRF-PB";"DEL02-PB";"UOP03-DEL02-PB"