"id";"data_inversa";"dia_semana";"horario";"uf";"br";"km";"municipio";"causa_acidente";"tipo_acidente";"classificacao_acidente";"fase_dia";"sentido_via";"condicao_metereologica";"tipo_pista";"tracado_via";"uso_solo";"pessoas";"mortos";"feridos_leves";"feridos_graves";"ilesos";"ignorados";"feridos";"veiculos";"latitude";"longitude";"regional";"delegacia";"uop"
761378;2026-03-28;"sábado";"17:35:00";"MG";40;43;"PARACATU";"Objeto estático sobre o leito carroçável";"Eventos atípicos";"Com Vítimas Feridas";"Anoitecer";"Decrescente";"Céu Claro";"Simples";"Reta";"Sim";1;0;0;1;0;0;1;1;-17,22738831;-46,8596134;"SPRF-MG";"DEL14-MG";"UOP01-DEL14-MG"
761379;2026-03-28;"sábado";"19:00:00";"RS";470;227;"GARIBALDI";"Velocidade Incompatível";"Saída de leito carroçável";"Com Vítimas Feridas";"Pleno dia";"Decrescente";"Céu Claro";"Simples";"Declive;Curva";"Não";3;0;2;0;0;1;2;1;-29,26193025;-51,50478451;"SPRF-RS";"DEL06-RS";"UOP01-DEL06-RS"
761380;2026-03-28;"sábado";"18:40:00";"PE";101;76;"RECIFE";"Desrespeitar a preferência no cruzamento";"Colisão traseira";"Com Vítimas Feridas";"Plena Noite";"Decrescente";"Nublado";"Dupla";"Reta";"Sim";2;0;1;0;1;0;1;2;-8,11566501;-34,94433403;"SPRF-PE";"DEL01-PE";"UOP01-DEL01-PE"
761382;2026-03-28;"sábado";"19:30:00";"GO";414;439;"ANAPOLIS";"Acesso irregular";"Colisão transversal";"Com Vítimas Feridas";"Plena Noite";"Crescente";"Céu Claro";"Simples";"Aclive";"Sim";2;0;1;0;1;0;1;2;-16,277418;-48,941662;"SPRF-GO";"DEL02-GO";"UOP01-DEL02-GO"
761384;2026-03-28;"sábado";"19:45:00";"MG";116;761;"LEOPOLDINA";"Reação tardia ou ineficiente do condutor";"Colisão frontal";"Com Vítimas Feridas";"Plena Noite";"Decrescente";"Céu Claro";"Simples";"Reta";"Sim";2;0;0;2;0;0;2;2;-21,5239331;-42,61896936;"SPRF-MG";"DEL07-MG";"UOP01-DEL07-MG"
761385;2026-03-28;"sábado";"17:45:00";"MG";381;567,1;"ITAGUARA";"Pista esburacada";"Colisão com objeto";"Com Vítimas Feridas";"Anoitecer";"Decrescente";"Nublado";"Dupla";"Aclive;Reta";"Não";1;0;1;0;0;0;1;1;-20,40459;-44,517538;"SPRF-MG";"DEL04-MG";"UOP03-DEL04-MG"
761386;2026-03-28;"sábado";"18:40:00";"ES";262;83;"DOMINGOS MARTINS";"Transitar na contramão";"Colisão frontal";"Com Vítimas Feridas";"Plena Noite";"Crescente";"Garoa/Chuvisco";"Simples";"Reta";"Não";3;0;1;2;0;0;3;2;-20,4044733;-40,9747817;"SPRF-ES";"DEL01-ES";"UOP02-DEL01-ES"
761387;2026-03-28;"sábado";"19:50:00";"PR";277;244,5;"IRATI";"Reação tardia ou ineficiente do condutor";"Saída de leito carroçável";"Com Vítimas Feridas";"Plena Noite";"Decrescente";"Céu Claro";"Simples";"Declive;Reta";"Sim";3;0;1;0;2;0;1;1;-25,456442;-50,610213;"SPRF-PR";"DEL08-PR";"UOP02-DEL08-PR"
761389;2026-03-28;"sábado";"18:20:00";"RS";468;99,4;"TRES PASSOS";"Retorno proibido";"Colisão transversal";"Com Vítimas Feridas";"Anoitecer";"Crescente";"Céu Claro";"Simples";"Reta";"Não";4;0;1;0;3;0;1;2;-27,47559;-53,91351;"SPRF-RS";"DEL08-RS";"UOP02-DEL08-RS"
761390;2026-03-28;"sábado";"19:30:00";"PR";376;131,3;"NOVA ESPERANCA";"Ausência de reação do condutor";"Engavetamento";"Com Vítimas Feridas";"Plena Noite";"Decrescente";"Céu Claro";"Dupla";"Reta";"Não";8;0;3;2;2;1;5;5;-23,17492475;-52,23434687;"SPRF-PR";"DEL09-PR";"UOP02-DEL09-PR"
761391;2026-03-28;"sábado";"19:30:00";"SC";280;128;"RIO NEGRINHO";"Conversão proibida";"Colisão transversal";"Com Vítimas Feridas";"Plena Noite";"Crescente";"Céu Claro";"Simples";"Reta";"Sim";2;0;1;0;1;0;1;2;-26,24403;-49,516034;"SPRF-SC";"DEL06-SC";"UOP03-DEL06-SC"
761393;2026-03-28;"sábado";"19:55:00";"PR";116;135;"MANDIRITUBA";"Acessar a via sem observar a presença dos outros veículos";"Colisão traseira";"Com Vítimas Feridas";"Plena Noite";"Decrescente";"Céu Claro";"Dupla";"Reta";"Não";2;0;1;0;0;1;1;2;-25,7217347;-49,3179468;"SPRF-PR";"DEL01-PR";"UOP03-DEL01-PR"
761394;2026-03-28;"sábado";"20:30:00";"PR";369;197,5;"ARAPONGAS";"Ausência de reação do condutor";"Saída de leito carroçável";"Com Vítimas Feridas";"Plena Noite";"Crescente";"Céu Claro";"Dupla";"Reta;Declive;Retorno Regulamentado";"Não";3;0;1;0;2;0;1;1;-23,504504;-51,42487;"SPRF-PR";"DEL07-PR";"UOP03-DEL07-PR"
761395;2026-03-28;"sábado";"20:00:00";"MA";135;2;"SAO LUIS";"Acessar a via sem observar a presença dos outros veículos";"Colisão transversal";"Sem Vítimas";"Plena Noite";"Crescente";"Céu Claro";"Dupla";"Reta";"Sim";2;0;0;0;2;0;0;2;-2,601225;-44,246139;"SPRF-MA";"DEL01-MA";"UOP01-DEL01-MA"
761397;2026-03-28;"sábado";"20:30:00";"SE";235;1,8;"ARACAJU";"Condutor deixou de manter distância do veículo da frente";"Colisão traseira";"Com Vítimas Feridas";"Plena Noite";"Crescente";"Céu Claro";"Dupla";"Reta";"Sim";4;0;1;0;3;0;1;2;-10,90753913;-37,09208457;"SPRF-SE";"DEL01-SE";"UOP01-DEL01-SE"
761398;2026-03-28;"sábado";"19:20:00";"MS";163;630;"SAO GABRIEL DO OESTE";"Ausência de reação do condutor";"Queda de ocupante de veículo";"Com Vítimas Feridas";"Plena Noite";"Crescente";"Céu Claro";"Dupla";"Reta";"Não";1;0;1;0;0;0;1;1;-19,31014096;-54,62507486;"SPRF-MS";"DEL06-MS";"UOP02-DEL06-MS"
761401;2026-03-28;"sábado";"21:00:00";"AL";104;83,2;"RIO LARGO";"Chuva";"Colisão com objeto";"Com Vítimas Fatais";"Plena Noite";"Decrescente";"Chuva";"Dupla";"Reta";"Não";1;1;0;0;0;0;0;1;-9,44536;-35,833576;"SPRF-AL";"DEL01-AL";"UOP01-DEL01-AL"
761404;2026-03-28;"sábado";"21:50:00";"SC";101;200;"SAO JOSE";"Acessar a via sem observar a presença dos outros veículos";"Colisão traseira";"Sem Vítimas";"Plena Noite";"Crescente";"Céu Claro";"Dupla";"Reta";"Sim";2;0;0;0;2;0;0;2;-27,54934379;-48,61852527;"SPRF-SC";"DEL01-SC";"UOP01-DEL01-SC"
761405;2026-03-28;"sábado";"21:15:00";"BA";116;781;"PLANALTO";"Ausência de reação do condutor";"Colisão traseira";"Com Vítimas Fatais";"Plena Noite";"Decrescente";"Chuva";"Simples";"Reta";"Não";3;2;0;0;1;0;0;2;-14,67848;-40,51292;"SPRF-BA";"DEL08-BA";"UOP02-DEL08-BA"
761406;2026-03-28;"sábado";"19:35:00";"PI";316;6,9;"TERESINA";"Ausência de reação do condutor";"Colisão com objeto";"Com Vítimas Feridas";"Plena Noite";"Decrescente";"Nublado";"Múltipla";"Aclive;Reta";"Sim";1;0;0;1;0;0;1;1;-5,155272;-42,772019;"SPRF-PI";"DEL01-PI";"UOP02-DEL01-PI"
761407;2026-03-28;"sábado";"20:56:00";"SE";101;96,8;"SAO CRISTOVAO";"Reação tardia ou ineficiente do condutor";"Colisão com objeto";"Sem Vítimas";"Plena Noite";"Crescente";"Nublado";"Dupla";"Retorno Regulamentado";"Não";1;0;0;0;1;0;0;1;-10,918548;-37,16833441;"SPRF-SE";"DEL02-SE";"UOP01-DEL02-SE"
761408;2026-03-28;"sábado";"18:35:00";"MG";116;456,5;"ENGENHEIRO CALDAS";"Pedestre andava na pista";"Atropelamento de Pedestre";"Com Vítimas Feridas";"Pleno dia";"Crescente";"Chuva";"Simples";"Declive;Reta";"Não";3;0;3;0;0;0;3;3;-19,2084096;-42,05168009;"SPRF-MG";"DEL06-MG";"UOP02-DEL06-MG"
761409;2026-03-28;"sábado";"21:50:00";"PI";343;343,5;"TERESINA";"Ausência de reação do condutor";"Colisão traseira";"Com Vítimas Feridas";"Plena Noite";"Crescente";"Ignorado";"Simples";"Aclive;Interseção de Vias";"Sim";2;0;1;0;1;0;1;2;-5,092238;-42,761715;"SPRF-PI";"DEL01-PI";"UOP01-DEL01-PI"
761410;2026-03-28;"sábado";"20:00:00";"RS";153;654;"BAGE";"Demais falhas mecânicas ou elétricas";"Incêndio";"Sem Vítimas";"Pleno dia";"Decrescente";"Nublado";"Simples";"Reta";"Não";1;0;0;0;1;0;0;1;-31,46966769;-54,14028168;"SPRF-RS";"DEL11-RS";"UOP03-DEL11-RS"
761412;2026-03-28;"sábado";"22:00:00";"BA";116;427;"FEIRA DE SANTANA";"Animais na Pista";"Atropelamento de Animal";"Sem Vítimas";"Plena Noite";"Crescente";"Nublado";"Dupla";"Reta;Declive";"Não";2;0;0;0;2;0;0;1;-12,2768762;-38,9961534;"SPRF-BA";"DEL02-BA";"UOP01-DEL02-BA"
761413;2026-03-28;"sábado";"20:00:00";"MT";70;514,2;"VARZEA GRANDE";"Pista esburacada";"Tombamento";"Com Vítimas Feridas";"Plena Noite";"Crescente";"Céu Claro";"Simples";"Reta";"Sim";1;0;1;0;0;0;1;1;-15,70618584;-56,13616705;"SPRF-MT";"DEL01-MT";"UOP02-DEL01-MT"
761414;2026-03-28;"sábado";"22:30:00";"GO";153;508,6;"APARECIDA DE GOIANIA";"Ausência de reação do condutor";"Queda de ocupante de veículo";"Com Vítimas Feridas";"Plena Noite";"Decrescente";"Céu Claro";"Dupla";"Reta";"Sim";2;0;1;0;1;0;1;1;-16,7704178;-49,2374257;"SPRF-GO";"DEL01-GO";"UOP03-DEL01-GO"
761415;2026-03-28;"sábado";"20:15:00";"PE";116;32,5;"SALGUEIRO";"Reação tardia ou ineficiente do condutor";"Queda de ocupante de veículo";"Com Vítimas Feridas";"Plena Noite";"Crescente";"Garoa/Chuvisco";"Simples";"Curva";"Não";1;0;0;1;0;0;1;1;-8,122957;-39,116648;"SPRF-PE";"DEL05-PE";"UOP01-DEL05-PE"
761416;2026-03-28;"sábado";"22:30:00";"BA";101;263,3;"SANTO ANTONIO DE JESUS";"Acessar a via sem observar a presença dos outros veículos";"Colisão transversal";"Sem Vítimas";"Plena Noite";"Crescente";"Céu Claro";"Múltipla";"Interseção de Vias";"Sim";2;0;0;0;2;0;0;2;-12,96949172;-39,27362792;"SPRF-BA";"DEL11-BA";"UOP01-DEL11-BA"
761417;2026-03-28;"sábado";"21:30:00";"RJ";101;408,9;"ITAGUAI";"Reação tardia ou ineficiente do condutor";"Colisão traseira";"Sem Vítimas";"Plena Noite";"Decrescente";"Céu Claro";"Dupla";"Reta";"Não";3;0;0;0;2;1;0;2;-22,88608;-43,835359;"SPRF-RJ";"DEL03-RJ";"UOP01-DEL03-RJ"
761418;2026-03-28;"sábado";"19:46:00";"MG";381;243,8;"SANTANA DO PARAISO";"Desrespeitar a preferência no cruzamento";"Colisão transversal";"Com Vítimas Feridas";"Plena Noite";"Decrescente";"Nublado";"Simples";"Reta;Declive;Retorno Regulamentado";"Sim";3;0;2;0;1;0;2;2;-19,45384;-42,52118;"SPRF-MG";"DEL06-MG";"UOP01-DEL06-MG"
761419;2026-03-28;"sábado";"18:50:00";"RO";364;196;"PIMENTA BUENO";"Ultrapassagem Indevida";"Colisão lateral mesmo sentido";"Com Vítimas Feridas";"Plena Noite";"Crescente";"Nublado";"Simples";"Reta";"Sim";2;0;2;0;0;0;2;2;-11,68561;-61,183895;"SPRF-RO";"DEL02-RO";"UOP02-DEL02-RO"
761420;2026-03-28;"sábado";"19:55:00";"RS";116;149,1;"CAXIAS DO SUL";"Manobra de mudança de faixa";"Colisão lateral mesmo sentido";"Com Vítimas Feridas";"Plena Noite";"Crescente";"Céu Claro";"Dupla";"Curva";"Não";2;0;1;0;1;0;1;2;-29,162083;-51,156685;"SPRF-RS";"DEL05-RS";"UOP01-DEL05-RS"
761421;2026-03-28;"sábado";"21:30:00";"PR";369;197;"ARAPONGAS";"Ingestão de álcool pelo condutor";"Saída de leito carroçável";"Com Vítimas Feridas";"Plena Noite";"Decrescente";"Céu Claro";"Dupla";"Reta";"Não";4;0;0;3;0;1;3;2;-23,504578;-51,425015;"SPRF-PR";"DEL07-PR";"UOP03-DEL07-PR"
761422;2026-03-28;"sábado";"23:15:00";"GO";414;325;"COCALZINHO DE GOIAS";"Condutor Dormindo";"Saída de leito carroçável";"Com Vítimas Feridas";"Plena Noite";"Decrescente";"Ignorado";"Simples";"Reta";"Não";1;0;1;0;0;0;1;1;-15,418793;-48,623847;"SPRF-GO";"DEL02-GO";"UOP01-DEL02-GO"
761424;2026-03-28;"sábado";"23:00:00";"SC";101;320;"PESCARIA BRAVA";"Ausência de reação do condutor";"Colisão traseira";"Com Vítimas Feridas";"Plena Noite";"Crescente";"Céu Claro";"Múltipla";"Curva";"Sim";2;0;1;0;1;0;1;2;-28,42434888;-48,89693705;"SPRF-SC";"DEL02-SC";"UOP01-DEL02-SC"
761425;2026-03-28;"sábado";"22:40:00";"PR";277;25;"MORRETES";"Ingestão de álcool pelo condutor";"Colisão com objeto";"Sem Vítimas";"Plena Noite";"Crescente";"Céu Claro";"Múltipla";"Reta";"Não";1;0;0;0;1;0;0;1;-25,53562637;-48,76316071;"SPRF-PR";"DEL01-PR";"UOP05-DEL01-PR"
761426;2026-03-28;"sábado";"22:45:00";"ES";259;60,5;"COLATINA";"Ausência de reação do condutor";"Colisão lateral mesmo sentido";"Com Vítimas Feridas";"Plena Noite";"Crescente";"Nublado";"Simples";"Reta";"Não";2;0;1;0;1;0;1;2;-19,514467;-40,660786;"SPRF-ES";"DEL02-ES";"UOP01-DEL02-ES"
761427;2026-03-28;"sábado";"22:50:00";"SC";101;12,7;"GARUVA";"Demais falhas mecânicas ou elétricas";"Incêndio";"Sem Vítimas";"Plena Noite";"Decrescente";"Céu Claro";"Dupla";"Aclive";"Não";1;0;0;0;1;0;0;1;-26,08870511;-48,86262624;"SPRF-SC";"DEL03-SC";"UOP01-DEL03-SC"
761429;2026-03-28;"sábado";"23:00:00";"RN";101;95,6;"NATAL";"Manobra de mudança de faixa";"Queda de ocupante de veículo";"Com Vítimas Feridas";"Plena Noite";"Crescente";"Céu Claro";"Múltipla";"Reta";"Sim";1;0;1;0;0;0;1;1;-5,846058;-35,208517;"SPRF-RN";"DEL01-RN";"UOP01-DEL01-RN"
761430;2026-03-29;"domingo";"00:20:00";"MG";381;484;"BETIM";"Reação tardia ou ineficiente do condutor";"Tombamento";"Com Vítimas Feridas";"Plena Noite";"Crescente";"Nublado";"Dupla";"Curva";"Sim";1;0;1;0;0;0;1;1;-19,95848499;-44,09140706;"SPRF-MG";"DEL01-MG";"UOP03-DEL01-MG"
761431;2026-03-28;"sábado";"22:50:00";"SC";101;39,8;"JOINVILLE";"Demais falhas mecânicas ou elétricas";"Queda de ocupante de veículo";"Com Vítimas Feridas";"Plena Noite";"Crescente";"Céu Claro";"Dupla";"Reta";"Sim";2;0;2;0;0;0;2;1;-26,30222189;-48,88305411;"SPRF-SC";"DEL03-SC";"UOP01-DEL03-SC"
761433;2026-03-29;"domingo";"00:30:00";"CE";116;46;"PACAJUS";"Acessar a via sem observar a presença dos outros veículos";"Colisão traseira";"Sem Vítimas";"Plena Noite";"Crescente";"Céu Claro";"Dupla";"Retorno Regulamentado;Aclive;Reta";"Sim";2;0;0;0;2;0;0;2;-4,14831056;-38,47749732;"SPRF-CE";"DEL01-CE";"UOP02-DEL01-CE"
761435;2026-03-29;"domingo";"01:30:00";"DF";40;0,3;"BRASILIA";"Velocidade Incompatível";"Colisão com objeto";"Com Vítimas Feridas";"Plena Noite";"Decrescente";"Céu Claro";"Simples";"Viaduto";"Sim";1;0;1;0;0;0;1;1;-15,98112407;-47,98898846;"SPRF-DF";"DEL01-DF";"UOP01-DEL01-DF"
761436;2026-03-28;"sábado";"23:10:00";"RJ";356;148,3;"CAMPOS DOS GOYTACAZES";"Condutor Dormindo";"Colisão frontal";"Com Vítimas Feridas";"Plena Noite";"Crescente";"Céu Claro";"Simples";"Curva";"Sim";3;0;0;1;1;1;1;3;-21,773372;-41,281777;"SPRF-RJ";"DEL08-RJ";"UOP02-DEL08-RJ"
761437;2026-03-29;"domingo";"01:20:00";"GO";60;225,1;"CEZARINA";"Animais na Pista";"Atropelamento de Animal";"Com Vítimas Feridas";"Plena Noite";"Decrescente";"Ignorado";"Simples";"Reta";"Não";1;0;0;1;0;0;1;1;-17,027888;-49,777573;"SPRF-GO";"DEL01-GO";"UOP02-DEL01-GO"
761439;2026-03-29;"domingo";"00:50:00";"PI";343;340,8;"TERESINA";"Ingestão de álcool pelo condutor";"Colisão com objeto";"Com Vítimas Feridas";"Plena Noite";"Crescente";"Nublado";"Dupla";"Curva";"Sim";1;0;1;0;0;0;1;1;-5,077698;-42,743184;"SPRF-PI";"DEL01-PI";"UOP01-DEL01-PI"
761440;2026-03-29;"domingo";"02:00:00";"RJ";101;277;"TANGUA";"Demais falhas mecânicas ou elétricas";"Incêndio";"Sem Vítimas";"Plena Noite";"Decrescente";"Céu Claro";"Dupla";"Reta";"Não";2;0;0;0;2;0;0;1;-22,73993021;-42,75296656;"SPRF-RJ";"DEL02-RJ";"UOP03-DEL02-RJ"
761441;2026-03-29;"domingo";"00:22:00";"MS";463;107;"PONTA PORA";"Ingestão de álcool pelo condutor";"Capotamento";"Com Vítimas Feridas";"Plena Noite";"Decrescente";"Céu Claro";"Dupla";"Reta;Interseção de Vias";"Não";1;0;1;0;0;0;1;1;-22,59360178;-55,66916076;"SPRF-MS";"DEL04-MS";"UOP03-DEL04-MS"
761444;2026-03-29;"domingo";"02:40:00";"MG";40;560;"NOVA LIMA";"Condutor Dormindo";"Saída de leito carroçável";"Sem Vítimas";"Plena Noite";"Crescente";"Céu Claro";"Simples";"Reta";"Não";1;0;0;0;1;0;0;1;-20,189924;-43,970269;"SPRF-MG";"DEL01-MG";"UOP02-DEL01-MG"
761445;2026-03-29;"domingo";"02:00:00";"MG";267;37;"ARGIRITA";"Reação tardia ou ineficiente do condutor";"Colisão com objeto";"Com Vítimas Feridas";"Plena Noite";"Crescente";"Céu Claro";"Simples";"Curva";"Não";1;0;1;0;0;0;1;1;-21,6721852;-42,89225578;"SPRF-MG";"DEL07-MG";"UOP01-DEL07-MG"
761446;2026-03-29;"domingo";"03:00:00";"RJ";116;320;"ITATIAIA";"Ingestão de álcool pelo condutor";"Capotamento";"Com Vítimas Feridas";"Plena Noite";"Decrescente";"Céu Claro";"Dupla";"Reta";"Não";3;0;1;0;2;0;1;3;-22,477352;-44,5281714;"SPRF-RJ";"DEL07-RJ";"UOP02-DEL07-RJ"
761447;2026-03-29;"domingo";"02:05:00";"PE";423;90,3;"SAO JOAO";"Transitar na contramão";"Colisão lateral sentido oposto";"Com Vítimas Feridas";"Plena Noite";"Crescente";"Céu Claro";"Simples";"Reta";"Não";3;0;0;2;0;1;2;2;-8,848858;-36,460975;"SPRF-PE";"DEL03-PE";"UOP01-DEL03-PE"
761448;2026-03-29;"domingo";"03:40:00";"RS";116;239,5;"NOVO HAMBURGO";"Velocidade Incompatível";"Colisão transversal";"Com Vítimas Feridas";"Plena Noite";"Crescente";"Céu Claro";"Simples";"Reta";"Sim";5;0;1;0;4;0;1;2;-29,70004244;-51,14618389;"SPRF-RS";"DEL01-RS";"UOP02-DEL01-RS"
761449;2026-03-29;"domingo";"00:25:00";"PI";343;320;"ALTOS";"Condutor deixou de manter distância do veículo da frente";"Colisão traseira";"Com Vítimas Feridas";"Plena Noite";"Crescente";"Céu Claro";"Dupla";"Reta";"Não";2;0;1;0;1;0;1;2;-5,05032146;-42,57363215;"SPRF-PI";"DEL01-PI";"UOP01-DEL01-PI"
761450;2026-03-29;"domingo";"04:00:00";"SC";101;201,1;"SAO JOSE";"Ausência de reação do condutor";"Colisão com objeto";"Com Vítimas Feridas";"Plena Noite";"Decrescente";"Céu Claro";"Múltipla";"Reta";"Não";1;0;1;0;0;0;1;1;-27,54816336;-48,61959882;"SPRF-SC";"DEL01-SC";"UOP01-DEL01-SC"
761451;2026-03-29;"domingo";"03:10:00";"CE";222;149;"IRAUCUBA";"Transitar na contramão";"Colisão frontal";"Com Vítimas Fatais";"Plena Noite";"Crescente";"Nublado";"Simples";"Interseção de Vias;Reta";"Sim";3;1;1;1;0;0;2;2;-3,74718282;-39,79059219;"SPRF-CE";"DEL04-CE";"UOP03-DEL04-CE"
761452;2026-03-29;"domingo";"03:00:00";"RJ";116;284;"BARRA MANSA";"Condutor Dormindo";"Colisão com objeto";"Com Vítimas Feridas";"Plena Noite";"Crescente";"Céu Claro";"Dupla";"Curva";"Não";1;0;1;0;0;0;1;1;-22,52975438;-44,19557065;"SPRF-RJ";"DEL07-RJ";"UOP02-DEL07-RJ"
761454;2026-03-29;"domingo";"03:45:00";"SC";470;63,7;"INDAIAL";"Ausência de reação do condutor";"Saída de leito carroçável";"Com Vítimas Feridas";"Plena Noite";"Crescente";"Ignorado";"Dupla";"Em Obras;Curva";"Não";1;0;0;1;0;0;1;1;-26,8692141;-49,2027409;"SPRF-SC";"DEL04-SC";"UOP01-DEL04-SC"
761455;2026-03-29;"domingo";"04:32:00";"SP";116;216;"GUARULHOS";"Condutor Dormindo";"Colisão com objeto";"Com Vítimas Fatais";"Plena Noite";"Crescente";"Céu Claro";"Múltipla";"Reta";"Sim";1;1;0;0;0;0;0;1;-23,45220295;-46,46741893;"SPRF-SP";"DEL01-SP";"UOP01-DEL01-SP"
761457;2026-03-28;"sábado";"23:00:00";"RS";116;84,7;"CAMPESTRE DA SERRA";"Ingestão de álcool pelo condutor";"Saída de leito carroçável";"Com Vítimas Feridas";"Plena Noite";"Crescente";"Céu Claro";"Simples";"Curva";"Sim";1;0;1;0;0;0;1;1;-28,83275;-51,1208;"SPRF-RS";"DEL05-RS";"UOP03-DEL05-RS"
761458;2026-03-28;"sábado";"23:10:00";"RJ";493;9;"GUAPIMIRIM";"Animais na Pista";"Atropelamento de Animal";"Com Vítimas Feridas";"Plena Noite";"Crescente";"Céu Claro";"Simples";"Reta";"Não";1;0;0;1;0;0;1;1;-22,700322;-42,9557;"SPRF-RJ";"DEL04-RJ";"UOP02-DEL04-RJ"
761461;2026-03-29;"domingo";"04:50:00";"RO";364;381;"OURO PRETO DO OESTE";"Acumulo de água sobre o pavimento";"Saída de leito carroçável";"Sem Vítimas";"Amanhecer";"Decrescente";"Garoa/Chuvisco";"Simples";"Curva;Aclive";"Não";2;0;0;0;2;0;0;1;-10,7272733;-62,2314667;"SPRF-RO";"DEL02-RO";"UOP01-DEL02-RO"
761462;2026-03-29;"domingo";"05:00:00";"MG";50;79;"UBERLANDIA";"Condutor Dormindo";"Saída de leito carroçável";"Sem Vítimas";"Amanhecer";"Decrescente";"Céu Claro";"Dupla";"Aclive";"Sim";1;0;0;0;1;0;0;1;-18,9508778;-48,21731441;"SPRF-MG";"DEL15-MG";"UOP01-DEL15-MG"
761463;2026-03-29;"domingo";"05:06:00";"SC";101;31,1;"JOINVILLE";"Condutor deixou de manter distância do veículo da frente";"Colisão com objeto";"Com Vítimas Feridas";"Amanhecer";"Decrescente";"Céu Claro";"Dupla";"Reta;Declive";"Não";4;0;1;0;2;1;1;3;-26,23589429;-48,91515462;"SPRF-SC";"DEL03-SC";"UOP01-DEL03-SC"
761464;2026-03-29;"domingo";"06:13:00";"PI";343;1,3;"TERESINA";"Ausência de reação do condutor";"Colisão transversal";"Sem Vítimas";"Pleno dia";"Decrescente";"Céu Claro";"Dupla";"Reta;Retorno Regulamentado";"Sim";2;0;0;0;2;0;0;2;-5,080875;-42,7616;"SPRF-PI";"DEL01-PI";"UOP01-DEL01-PI"
761465;2026-03-29;"domingo";"06:30:00";"GO";153;64;"PORANGATU";"Ausência de reação do condutor";"Tombamento";"Com Vítimas Feridas";"Pleno dia";"Decrescente";"Céu Claro";"Simples";"Reta";"Não";1;0;1;0;0;0;1;1;-13,38385927;-49,12779003;"SPRF-GO";"DEL07-GO";"UOP01-DEL07-GO"
761467;2026-03-29;"domingo";"05:45:00";"SC";101;109;"PENHA";"Demais falhas mecânicas ou elétricas";"Incêndio";"Sem Vítimas";"Amanhecer";"Decrescente";"Céu Claro";"Múltipla";"Reta";"Não";1;0;0;0;0;1;0;1;-26,83495109;-48,70666115;"SPRF-SC";"DEL03-SC";"UOP02-DEL03-SC"
761468;2026-03-29;"domingo";"06:30:00";"PE";101;3;"GOIANA";"Manobra de mudança de faixa";"Colisão lateral mesmo sentido";"Com Vítimas Feridas";"Pleno dia";"Decrescente";"Céu Claro";"Dupla";"Retorno Regulamentado;Reta";"Não";3;0;3;0;0;0;3;2;-7,53153153;-34,98651761;"SPRF-PE";"DEL01-PE";"UOP02-DEL01-PE"
761469;2026-03-29;"domingo";"06:42:00";"SC";101;321,5;"PESCARIA BRAVA";"Ausência de reação do condutor";"Colisão traseira";"Com Vítimas Feridas";"Amanhecer";"Decrescente";"Céu Claro";"Múltipla";"Declive;Curva";"Sim";4;0;2;0;2;0;2;2;-28,429378;-48,918815;"SPRF-SC";"DEL02-SC";"UOP01-DEL02-SC"
761470;2026-03-29;"domingo";"05:00:00";"SC";101;90;"BARRA VELHA";"Reação tardia ou ineficiente do condutor";"Colisão com objeto";"Sem Vítimas";"Amanhecer";"Crescente";"Céu Claro";"Dupla";"Reta";"Sim";1;0;0;0;1;0;0;1;-26,66816961;-48,68951797;"SPRF-SC";"DEL03-SC";"UOP02-DEL03-SC"
761471;2026-03-29;"domingo";"07:00:00";"PR";277;78;"CURITIBA";"Ingestão de álcool pelo condutor";"Colisão com objeto";"Com Vítimas Feridas";"Pleno dia";"Decrescente";"Sol";"Dupla";"Aclive";"Sim";2;0;2;0;0;0;2;1;-25,48244422;-49,19349281;"SPRF-PR";"DEL01-PR";"UOP07-DEL01-PR"
761472;2026-03-29;"domingo";"06:00:00";"RN";304;28;"MOSSORO";"Ausência de reação do condutor";"Saída de leito carroçável";"Sem Vítimas";"Pleno dia";"Decrescente";"Céu Claro";"Simples";"Reta";"Não";1;0;0;0;0;1;0;1;-5,102315;-37,337719;"SPRF-RN";"DEL04-RN";"UOP02-DEL04-RN"
761475;2026-03-28;"sábado";"19:00:00";"BA";418;66;"NOVA VICOSA";"Pedestre - Ingestão de álcool/ substâncias psicoativas";"Atropelamento de Pedestre";"Com Vítimas Feridas";"Plena Noite";"Crescente";"Chuva";"Simples";"Reta";"Não";2;0;0;1;0;1;1;2;-17,816457;-39,653143;"SPRF-BA";"DEL09-BA";"UOP02-DEL09-BA"
761476;2026-03-29;"domingo";"06:30:00";"RS";386;166;"CARAZINHO";"Demais falhas na via";"Queda de ocupante de veículo";"Com Vítimas Feridas";"Pleno dia";"Crescente";"Céu Claro";"Simples";"Reta";"Não";2;0;2;0;0;0;2;1;-28,21236;-52,82742;"SPRF-RS";"DEL08-RS";"UOP01-DEL08-RS"
761477;2026-03-29;"domingo";"07:40:00";"PB";230;86,5;"JOAO PESSOA";"Ingestão de álcool pelo condutor";"Colisão com objeto";"Com Vítimas Feridas";"Pleno dia";"Crescente";"Nublado";"Dupla";"Aclive";"Sim";1;0;0;1;0;0;1;1;-7,15467;-34,907863;"SPRF-PB";"DEL01-PB";"UOP02-DEL01-PB"
761478;2026-03-29;"domingo";"07:00:00";"GO";414;338;"COCALZINHO DE GOIAS";"Ausência de reação do condutor";"Tombamento";"Com Vítimas Feridas";"Pleno dia";"Decrescente";"Céu Claro";"Simples";"Reta";"Não";1;0;0;1;0;0;1;1;-15,532937;-48,624592;"SPRF-GO";"DEL02-GO";"UOP01-DEL02-GO"