"id";"data_inversa";"dia_semana";"horario";"uf";"br";"km";"municipio";"causa_acidente";"tipo_acidente";"classificacao_acidente";"fase_dia";"sentido_via";"condicao_metereologica";"tipo_pista";"tracado_via";"uso_solo";"pessoas";"mortos";"feridos_leves";"feridos_graves";"ilesos";"ignorados";"feridos";"veiculos";"latitude";"longitude";"regional";"delegacia";"uop"
761480;2026-02-13;"sexta-feira";"15:30:00";"SP";381;81;"SAO PAULO";"Ausência de reação do condutor";"Colisão traseira";"Sem Vítimas";"Pleno dia";"Decrescente";"Céu Claro";"Dupla";"Reta";"Sim";2;0;0;0;2;0;0;2;-23,43321488;-46,56876035;"SPRF-SP";"DEL03-SP";"UOP01-DEL03-SP"
761482;2026-03-29;"domingo";"08:05:00";"SC";470;43,5;"GASPAR";"Ausência de reação do condutor";"Colisão com objeto";"Sem Vítimas";"Pleno dia";"Decrescente";"Céu Claro";"Dupla";"Reta";"Não";1;0;0;0;1;0;0;1;-26,87118604;-49,01941359;"SPRF-SC";"DEL04-SC";"UOP01-DEL04-SC"
761483;2026-03-29;"domingo";"08:40:00";"BA";324;590;"CANDEIAS";"Manobra de mudança de faixa";"Colisão lateral mesmo sentido";"Com Vítimas Feridas";"Pleno dia";"Crescente";"Chuva";"Dupla";"Reta";"Não";7;0;1;0;6;0;1;3;-12,662195;-38,471128;"SPRF-BA";"DEL01-BA";"UOP01-DEL01-BA"
761484;2026-03-29;"domingo";"08:35:00";"RJ";40;117;"DUQUE DE CAXIAS";"Manobra de mudança de faixa";"Colisão traseira";"Com Vítimas Feridas";"Pleno dia";"Crescente";"Céu Claro";"Dupla";"Reta";"Sim";3;0;1;0;2;0;1;2;-22,74758348;-43,28797493;"SPRF-RJ";"DEL01-RJ";"UOP02-DEL01-RJ"
761485;2026-03-29;"domingo";"06:50:00";"RO";421;17;"MONTE NEGRO";"Pista esburacada";"Colisão lateral mesmo sentido";"Com Vítimas Feridas";"Amanhecer";"Crescente";"Nublado";"Simples";"Reta;Em Obras";"Não";3;0;0;1;1;1;1;3;-10,018905;-63,16826;"SPRF-RO";"DEL03-RO";"UOP01-DEL03-RO"
761486;2026-03-28;"sábado";"04:00:00";"RO";364;712;"PORTO VELHO";"Reação tardia ou ineficiente do condutor";"Saída de leito carroçável";"Sem Vítimas";"Plena Noite";"Crescente";"Céu Claro";"Simples";"Reta;Rotatória;Interseção de Vias";"Não";1;0;0;0;0;1;0;1;-8,776197;-63,87375;"SPRF-RO";"DEL01-RO";"UOP01-DEL01-RO"
761489;2026-01-28;"quarta-feira";"11:45:00";"PR";277;5;"PARANAGUA";"Avarias e/ou desgaste excessivo no pneu";"Colisão com objeto";"Com Vítimas Feridas";"Pleno dia";"Decrescente";"Sol";"Dupla";"Reta";"Não";2;0;2;0;0;0;2;1;-25,559652;-48,578097;"SPRF-PR";"DEL01-PR";"UOP05-DEL01-PR"
761490;2026-03-29;"domingo";"08:19:00";"CE";116;428,3;"IPAUMIRIM";"Curva acentuada";"Colisão com objeto";"Sem Vítimas";"Pleno dia";"Crescente";"Nublado";"Simples";"Curva;Rotatória";"Não";1;0;0;0;0;1;0;1;-6,84104;-38,7375;"SPRF-CE";"DEL05-CE";"UOP01-DEL05-CE"
761491;2026-03-29;"domingo";"09:00:00";"RS";116;248;"SAO LEOPOLDO";"Ausência de reação do condutor";"Colisão lateral mesmo sentido";"Com Vítimas Feridas";"Pleno dia";"Decrescente";"Céu Claro";"Dupla";"Curva";"Sim";4;0;2;0;1;1;2;3;-29,7689879;-51,1528162;"SPRF-RS";"DEL01-RS";"UOP02-DEL01-RS"
761492;2026-03-29;"domingo";"06:30:00";"RJ";101;388;"RIO DE JANEIRO";"Demais Fenômenos da natureza";"Colisão traseira";"Com Vítimas Feridas";"Pleno dia";"Decrescente";"Céu Claro";"Múltipla";"Reta";"Não";6;0;2;0;4;0;2;2;-22,8894249;-43,66113631;"SPRF-RJ";"DEL03-RJ";"UOP01-DEL03-RJ"
761493;2026-03-26;"quinta-feira";"07:50:00";"SP";101;43;"UBATUBA";"Condutor deixou de manter distância do veículo da frente";"Colisão lateral mesmo sentido";"Com Vítimas Feridas";"Pleno dia";"Crescente";"Céu Claro";"Simples";"Reta";"Não";2;0;1;0;0;1;1;2;-23,41032609;-45,058686;"SPRF-SP";"DEL06-SP";"UOP01-DEL06-SP"
761494;2026-03-26;"quinta-feira";"07:50:00";"SP";101;43;"UBATUBA";"Reação tardia ou ineficiente do condutor";"Colisão transversal";"Sem Vítimas";"Amanhecer";"Crescente";"Céu Claro";"Simples";"Curva";"Sim";2;0;0;0;2;0;0;2;-23,41686842;-45,06752227;"SPRF-SP";"DEL06-SP";"UOP01-DEL06-SP"
761496;2026-03-29;"domingo";"09:15:00";"PR";153;24,6;"JACAREZINHO";"Acessar a via sem observar a presença dos outros veículos";"Colisão transversal";"Com Vítimas Feridas";"Pleno dia";"Crescente";"Céu Claro";"Simples";"Interseção de Vias";"Não";2;0;1;0;1;0;1;2;-23,18904797;-49,98586178;"SPRF-PR";"DEL07-PR";"UOP04-DEL07-PR"
761497;2026-03-29;"domingo";"09:00:00";"SC";282;537;"CHAPECO";"Acumulo de areia ou detritos sobre o pavimento";"Queda de ocupante de veículo";"Com Vítimas Feridas";"Pleno dia";"Decrescente";"Céu Claro";"Simples";"Curva";"Não";1;0;1;0;0;0;1;1;-27,000225;-52,668705;"SPRF-SC";"DEL07-SC";"UOP01-DEL07-SC"
761498;2026-03-29;"domingo";"07:00:00";"RO";364;695;"PORTO VELHO";"Ausência de reação do condutor";"Queda de ocupante de veículo";"Com Vítimas Feridas";"Pleno dia";"Crescente";"Garoa/Chuvisco";"Dupla";"Reta";"Não";2;0;1;0;0;1;1;2;-8,80040383;-63,76176196;"SPRF-RO";"DEL01-RO";"UOP01-DEL01-RO"
761499;2026-03-29;"domingo";"09:45:00";"BA";324;515;"FEIRA DE SANTANA";"Condutor deixou de manter distância do veículo da frente";"Colisão traseira";"Com Vítimas Feridas";"Pleno dia";"Decrescente";"Nublado";"Simples";"Reta;Interseção de Vias";"Sim";3;0;1;0;2;0;1;2;-12,24096639;-38,93830268;"SPRF-BA";"DEL02-BA";"UOP01-DEL02-BA"
761500;2026-03-29;"domingo";"08:00:00";"RO";364;748;"PORTO VELHO";"Ausência de reação do condutor";"Saída de leito carroçável";"Com Vítimas Feridas";"Pleno dia";"Crescente";"Nublado";"Simples";"Curva";"Não";1;0;0;1;0;0;1;1;-9,04818015;-64,00653072;"SPRF-RO";"DEL01-RO";"UOP02-DEL01-RO"
761501;2026-03-29;"domingo";"08:15:00";"MG";262;24,3;"REDUTO";"Condutor Dormindo";"Saída de leito carroçável";"Com Vítimas Feridas";"Pleno dia";"Decrescente";"Céu Claro";"Simples";"Curva";"Não";3;0;2;0;1;0;2;1;-20,242422;-41,963343;"SPRF-MG";"DEL06-MG";"UOP03-DEL06-MG"
761504;2026-03-29;"domingo";"10:25:00";"SC";282;483,9;"FAXINAL DOS GUEDES";"Manobra de mudança de faixa";"Tombamento";"Com Vítimas Feridas";"Pleno dia";"Crescente";"Céu Claro";"Simples";"Reta";"Não";2;0;1;0;1;0;1;2;-26,86251;-52,225038;"SPRF-SC";"DEL07-SC";"UOP01-DEL07-SC"
761506;2026-03-29;"domingo";"11:20:00";"GO";60;338;"SANTO ANTONIO DA BARRA";"Reação tardia ou ineficiente do condutor";"Tombamento";"Com Vítimas Feridas";"Pleno dia";"Crescente";"Céu Claro";"Dupla";"Ponte;Reta";"Não";2;0;1;0;0;1;1;2;-17,552765;-50,607562;"SPRF-GO";"DEL04-GO";"UOP02-DEL04-GO"
761507;2026-03-29;"domingo";"11:00:00";"PR";277;53;"MORRETES";"Ausência de reação do condutor";"Queda de ocupante de veículo";"Com Vítimas Feridas";"Pleno dia";"Crescente";"Céu Claro";"Dupla";"Reta";"Não";1;0;1;0;0;0;1;1;-25,59261346;-48,92623901;"SPRF-PR";"DEL01-PR";"UOP05-DEL01-PR"
761509;2026-02-06;"sexta-feira";"15:30:00";"PB";230;125;"RIACHAO DO BACAMARTE";"Velocidade Incompatível";"Saída de leito carroçável";"Sem Vítimas";"Anoitecer";"Crescente";"Céu Claro";"Simples";"Aclive;Reta";"Não";1;0;0;0;0;1;0;1;-7,247615;-35,679318;"SPRF-PB";"DEL02-PB";"UOP01-DEL02-PB"
761510;2026-03-29;"domingo";"12:30:00";"MG";262;185;"SAO DOMINGOS DO PRATA";"Ausência de reação do condutor";"Colisão frontal";"Com Vítimas Feridas";"Pleno dia";"Crescente";"Céu Claro";"Simples";"Reta";"Não";5;0;2;0;3;0;2;2;-19,89459;-43,04096;"SPRF-MG";"DEL03-MG";"UOP01-DEL03-MG"
761511;2026-03-29;"domingo";"11:53:00";"MG";40;496,8;"ESMERALDAS";"Demais falhas mecânicas ou elétricas";"Queda de ocupante de veículo";"Com Vítimas Feridas";"Pleno dia";"Crescente";"Céu Claro";"Dupla";"Declive;Curva";"Sim";2;0;1;1;0;0;2;1;-19,676667;-44,190278;"SPRF-MG";"DEL02-MG";"UOP01-DEL02-MG"
761512;2026-03-29;"domingo";"11:50:00";"SP";116;445;"REGISTRO";"Acessar a via sem observar a presença dos outros veículos";"Colisão transversal";"Com Vítimas Feridas";"Pleno dia";"Crescente";"Céu Claro";"Dupla";"Interseção de Vias";"Não";4;0;2;0;2;0;2;2;-24,49746759;-47,84223732;"SPRF-SP";"DEL05-SP";"UOP01-DEL05-SP"
761513;2026-03-29;"domingo";"12:53:00";"RJ";101;330;"RIO DE JANEIRO";"Ausência de reação do condutor";"Colisão traseira";"Com Vítimas Feridas";"Pleno dia";"Decrescente";"Céu Claro";"Dupla";"Reta;Ponte";"Não";2;0;1;0;1;0;1;2;-22,86925553;-43,17738533;"SPRF-RJ";"DEL02-RJ";"UOP01-DEL02-RJ"
761515;2026-03-29;"domingo";"12:15:00";"PR";376;248,6;"APUCARANA";"Velocidade Incompatível";"Capotamento";"Com Vítimas Feridas";"Pleno dia";"Decrescente";"Céu Claro";"Dupla";"Curva;Declive";"Sim";2;0;2;0;0;0;2;1;-23,61623367;-51,39607218;"SPRF-PR";"DEL07-PR";"UOP03-DEL07-PR"
761516;2026-02-21;"sábado";"05:45:00";"SC";101;225,8;"PALHOCA";"Velocidade Incompatível";"Colisão traseira";"Com Vítimas Feridas";"Amanhecer";"Decrescente";"Nublado";"Dupla";"Reta;Declive";"Não";2;0;1;0;1;0;1;2;-27,73669613;-48,6404152;"SPRF-SC";"DEL01-SC";"UOP02-DEL01-SC"
761520;2026-03-29;"domingo";"10:10:00";"MT";174;78;"CACERES";"Ultrapassagem Indevida";"Colisão frontal";"Com Vítimas Feridas";"Pleno dia";"Decrescente";"Sol";"Simples";"Reta";"Não";2;0;1;1;0;0;2;2;-15,983255;-57,75836;"SPRF-MT";"DEL03-MT";"UOP01-DEL03-MT"
761521;2026-03-29;"domingo";"13:10:00";"PE";424;91,2;"GARANHUNS";"Pedestre - Ingestão de álcool/ substâncias psicoativas";"Atropelamento de Pedestre";"Com Vítimas Feridas";"Pleno dia";"Decrescente";"Chuva";"Simples";"Reta";"Não";2;0;1;1;0;0;2;2;-8,906487;-36,49801;"SPRF-PE";"DEL03-PE";"UOP01-DEL03-PE"
761522;2026-03-29;"domingo";"10:30:00";"RJ";101;392,7;"RIO DE JANEIRO";"Reação tardia ou ineficiente do condutor";"Tombamento";"Com Vítimas Feridas";"Pleno dia";"Decrescente";"Sol";"Dupla";"Reta";"Sim";1;0;1;0;0;0;1;1;-22,89097668;-43,69960992;"SPRF-RJ";"DEL03-RJ";"UOP01-DEL03-RJ"
761523;2026-03-29;"domingo";"11:10:00";"GO";80;42,1;"PADRE BERNARDO";"Falta de elemento de contenção que evite a saída do leito carroçável";"Saída de leito carroçável";"Com Vítimas Fatais";"Pleno dia";"Crescente";"Céu Claro";"Dupla";"Reta";"Não";2;1;0;1;0;0;1;1;-15,202336;-48,28325;"SPRF-DF";"DEL03-DF";"UOP02-DEL03-DF"
761524;2026-03-29;"domingo";"14:55:00";"RS";101;86,9;"OSORIO";"Acessar a via sem observar a presença dos outros veículos";"Colisão lateral mesmo sentido";"Com Vítimas Feridas";"Pleno dia";"Decrescente";"Céu Claro";"Simples";"Reta";"Sim";2;0;1;0;1;0;1;2;-29,8833136;-50,26720405;"SPRF-RS";"DEL03-RS";"UOP01-DEL03-RS"
761527;2026-03-29;"domingo";"10:40:00";"PE";316;5;"ARARIPINA";"Reação tardia ou ineficiente do condutor";"Saída de leito carroçável";"Com Vítimas Fatais";"Pleno dia";"Crescente";"Garoa/Chuvisco";"Simples";"Reta";"Não";1;1;0;0;0;0;0;1;-7,473445;-40,617628;"SPRF-PE";"DEL05-PE";"UOP02-DEL05-PE"
761528;2026-02-14;"sábado";"10:41:00";"PA";163;310;"NOVO PROGRESSO";"Velocidade Incompatível";"Colisão lateral mesmo sentido";"Sem Vítimas";"Pleno dia";"Decrescente";"Céu Claro";"Simples";"Reta";"Sim";2;0;0;0;0;2;0;2;-7,05453436;-55,40909529;"SPRF-PA";"DEL05-PA";"UOP03-DEL05-PA"
761529;2026-03-29;"domingo";"15:15:00";"RJ";40;116;"DUQUE DE CAXIAS";"Reação tardia ou ineficiente do condutor";"Colisão traseira";"Com Vítimas Feridas";"Pleno dia";"Crescente";"Céu Claro";"Dupla";"Reta";"Sim";3;0;2;0;1;0;2;3;-22,740015;-43,28839;"SPRF-RJ";"DEL01-RJ";"UOP02-DEL01-RJ"
761530;2026-03-29;"domingo";"15:30:00";"AL";101;55,9;"MESSIAS";"Demais falhas mecânicas ou elétricas";"Incêndio";"Sem Vítimas";"Pleno dia";"Crescente";"Nublado";"Dupla";"Reta";"Não";4;0;0;0;1;3;0;2;-9,30377021;-35,82179038;"SPRF-AL";"DEL01-AL";"UOP02-DEL01-AL"
761531;2026-03-25;"quarta-feira";"18:00:00";"RJ";101;502;"ANGRA DOS REIS";"Mal súbito do condutor";"Colisão frontal";"Com Vítimas Feridas";"Plena Noite";"Crescente";"Céu Claro";"Simples";"Curva";"Não";3;0;3;0;0;0;3;2;-22,91425;-44,347669;"SPRF-RJ";"DEL03-RJ";"UOP03-DEL03-RJ"
761532;2026-03-29;"domingo";"15:40:00";"MG";50;171;"UBERABA";"Acumulo de areia ou detritos sobre o pavimento";"Tombamento";"Com Vítimas Feridas";"Pleno dia";"Crescente";"Céu Claro";"Dupla";"Curva;Interseção de Vias;Retorno Regulamentado";"Não";2;0;2;0;0;0;2;1;-19,750991;-47,982459;"SPRF-MG";"DEL13-MG";"UOP01-DEL13-MG"
761533;2026-03-29;"domingo";"16:20:00";"PR";373;396;"CANDOI";"Ingestão de álcool pelo condutor";"Colisão traseira";"Sem Vítimas";"Pleno dia";"Decrescente";"Céu Claro";"Simples";"Reta";"Sim";4;0;0;0;4;0;0;2;-25,55515377;-52,034799;"SPRF-PR";"DEL08-PR";"UOP01-DEL08-PR"
761535;2026-03-29;"domingo";"10:25:00";"GO";251;30;"CRISTALINA";"Acessar a via sem observar a presença dos outros veículos";"Colisão transversal";"Com Vítimas Feridas";"Pleno dia";"Crescente";"Céu Claro";"Dupla";"Reta";"Sim";2;0;0;2;0;0;2;2;-16,087117;-47,516632;"SPRF-DF";"DEL01-DF";"UOP01-DEL01-DF"
761536;2026-03-29;"domingo";"16:45:00";"PB";230;44,6;"SANTA RITA";"Ausência de reação do condutor";"Saída de leito carroçável";"Com Vítimas Feridas";"Pleno dia";"Decrescente";"Céu Claro";"Dupla";"Reta";"Não";1;0;0;1;0;0;1;1;-7,159017;-35,018412;"SPRF-PB";"DEL01-PB";"UOP02-DEL01-PB"
761537;2026-03-29;"domingo";"15:40:00";"SC";101;104;"BALNEARIO PICARRAS";"Acessar a via sem observar a presença dos outros veículos";"Colisão transversal";"Com Vítimas Feridas";"Pleno dia";"Crescente";"Sol";"Múltipla";"Interseção de Vias;Viaduto";"Não";3;0;2;0;1;0;2;2;-26,79701636;-48,67964141;"SPRF-SC";"DEL03-SC";"UOP02-DEL03-SC"
761538;2026-03-29;"domingo";"15:45:00";"ES";262;96;"DOMINGOS MARTINS";"Ingestão de álcool pelo condutor";"Colisão traseira";"Sem Vítimas";"Pleno dia";"Crescente";"Chuva";"Simples";"Reta";"Não";2;0;0;0;2;0;0;2;-20,36303939;-41,07033346;"SPRF-ES";"DEL01-ES";"UOP02-DEL01-ES"
761541;2026-03-29;"domingo";"17:10:00";"PR";277;82;"CURITIBA";"Ausência de reação do condutor";"Colisão lateral mesmo sentido";"Com Vítimas Feridas";"Pleno dia";"Decrescente";"Sol";"Dupla";"Reta";"Sim";2;0;2;0;0;0;2;2;-25,458558;-49,221885;"SPRF-PR";"DEL01-PR";"UOP07-DEL01-PR"
761542;2026-03-29;"domingo";"17:20:00";"ES";101;213,6;"IBIRACU";"Condutor deixou de manter distância do veículo da frente";"Colisão traseira";"Com Vítimas Feridas";"Anoitecer";"Crescente";"Céu Claro";"Simples";"Interseção de Vias";"Sim";2;0;1;0;1;0;1;2;-19,82493889;-40,36934138;"SPRF-ES";"DEL02-ES";"UOP01-DEL02-ES"
761544;2026-03-29;"domingo";"17:30:00";"SC";101;144,9;"ITAPEMA";"Condutor deixou de manter distância do veículo da frente";"Colisão traseira";"Com Vítimas Feridas";"Pleno dia";"Decrescente";"Céu Claro";"Dupla";"Reta";"Sim";2;0;1;0;1;0;1;2;-27,07992818;-48,60022036;"SPRF-SC";"DEL04-SC";"UOP03-DEL04-SC"
761545;2026-03-29;"domingo";"17:45:00";"SE";235;2;"ARACAJU";"Chuva";"Tombamento";"Com Vítimas Feridas";"Anoitecer";"Crescente";"Chuva";"Dupla";"Curva;Declive";"Sim";2;0;1;1;0;0;2;1;-10,907425;-37,091852;"SPRF-SE";"DEL01-SE";"UOP01-DEL01-SE"
761547;2026-03-29;"domingo";"16:38:00";"AP";210;19;"MACAPA";"Reação tardia ou ineficiente do condutor";"Colisão lateral mesmo sentido";"Com Vítimas Feridas";"Pleno dia";"Decrescente";"Garoa/Chuvisco";"Simples";"Reta";"Não";6;0;2;0;4;0;2;2;0,1903616;-51,1172183;"SPRF-AP";"DEL01-AP";"UOP01-DEL01-AP"
761550;2026-03-29;"domingo";"16:20:00";"DF";20;5,5;"BRASILIA";"Demais falhas mecânicas ou elétricas";"Colisão lateral mesmo sentido";"Sem Vítimas";"Pleno dia";"Crescente";"Nublado";"Dupla";"Declive;Reta";"Sim";2;0;0;0;2;0;0;2;-15,66932529;-47,81412721;"SPRF-DF";"DEL02-DF";"UOP01-DEL02-DF"
761551;2026-03-29;"domingo";"17:40:00";"PE";101;43;"IGARASSU";"Pedestre cruzava a pista fora da faixa";"Atropelamento de Pedestre";"Com Vítimas Feridas";"Anoitecer";"Crescente";"Céu Claro";"Múltipla";"Reta";"Não";2;0;1;0;0;1;1;2;-7,8458202;-34,9099313;"SPRF-PE";"DEL01-PE";"UOP02-DEL01-PE"
761552;2026-03-29;"domingo";"06:00:00";"SC";282;571,3;"NOVA ERECHIM";"Ausência de reação do condutor";"Saída de leito carroçável";"Sem Vítimas";"Amanhecer";"Decrescente";"Céu Claro";"Simples";"Reta";"Não";1;0;0;0;0;1;0;1;-26,892285;-52,929907;"SPRF-SC";"DEL07-SC";"UOP02-DEL07-SC"
761555;2026-03-29;"domingo";"18:00:00";"SP";381;32;"ATIBAIA";"Ausência de reação do condutor";"Queda de ocupante de veículo";"Com Vítimas Feridas";"Anoitecer";"Decrescente";"Céu Claro";"Dupla";"Reta";"Sim";2;0;1;0;1;0;1;1;-23,06661283;-46,56964716;"SPRF-SP";"DEL03-SP";"UOP02-DEL03-SP"
761556;2026-03-29;"domingo";"18:30:00";"GO";414;435;"ANAPOLIS";"Conversão proibida";"Colisão transversal";"Com Vítimas Feridas";"Anoitecer";"Decrescente";"Céu Claro";"Simples";"Reta";"Sim";2;0;0;1;1;0;1;2;-16,2365431;-48,9329903;"SPRF-GO";"DEL02-GO";"UOP01-DEL02-GO"
761557;2026-03-29;"domingo";"16:00:00";"MG";50;205;"DELTA";"Reação tardia ou ineficiente do condutor";"Saída de leito carroçável";"Sem Vítimas";"Pleno dia";"Crescente";"Sol";"Dupla";"Aclive;Curva";"Não";1;0;0;0;1;0;0;1;-19,96766158;-47,7938962;"SPRF-MG";"DEL13-MG";"UOP01-DEL13-MG"
761558;2026-03-29;"domingo";"14:10:00";"RJ";393;155;"TRES RIOS";"Velocidade Incompatível";"Colisão com objeto";"Com Vítimas Feridas";"Pleno dia";"Decrescente";"Céu Claro";"Simples";"Rotatória";"Não";2;0;0;2;0;0;2;1;-22,10637109;-43,07768075;"SPRF-RJ";"DEL05-RJ";"UOP01-DEL05-RJ"
761559;2026-03-05;"quinta-feira";"12:40:00";"BA";324;527;"FEIRA DE SANTANA";"Reação tardia ou ineficiente do condutor";"Colisão lateral mesmo sentido";"Com Vítimas Feridas";"Pleno dia";"Decrescente";"Céu Claro";"Dupla";"Reta";"Não";3;0;1;0;2;0;1;2;-12,31198734;-38,88231978;"SPRF-BA";"DEL11-BA";"UOP02-DEL11-BA"
761560;2026-03-29;"domingo";"18:27:00";"TO";10;446;"PALMAS";"Acessar a via sem observar a presença dos outros veículos";"Colisão transversal";"Com Vítimas Feridas";"Amanhecer";"Crescente";"Céu Claro";"Simples";"Reta";"Não";2;0;0;1;1;0;1;2;-10,3791532;-48,3052715;"SPRF-TO";"DEL01-TO";"UOP03-DEL01-TO"
761561;2026-03-29;"domingo";"18:30:00";"BA";324;517;"FEIRA DE SANTANA";"Acesso irregular";"Colisão transversal";"Com Vítimas Feridas";"Plena Noite";"Crescente";"Chuva";"Simples";"Reta;Viaduto";"Sim";3;0;1;0;2;0;1;2;-12,25665446;-38,93218875;"SPRF-BA";"DEL02-BA";"UOP01-DEL02-BA"
761562;2026-03-29;"domingo";"18:40:00";"RS";116;563,5;"PEDRO OSORIO";"Entrada inopinada do pedestre";"Atropelamento de Pedestre";"Com Vítimas Fatais";"Anoitecer";"Crescente";"Nublado";"Simples";"Reta;Rotatória";"Não";4;1;0;0;2;1;0;3;-31,92654607;-52,72572605;"SPRF-RS";"DEL07-RS";"UOP03-DEL07-RS"
761564;2026-03-29;"domingo";"18:20:00";"MG";116;634,7;"DIVINO";"Acessar a via sem observar a presença dos outros veículos";"Colisão transversal";"Com Vítimas Feridas";"Plena Noite";"Crescente";"Nublado";"Simples";"Rotatória";"Não";3;0;2;0;1;0;2;2;-20,624;-42,221;"SPRF-MG";"DEL07-MG";"UOP02-DEL07-MG"
761566;2026-03-29;"domingo";"18:15:00";"PR";116;142;"MANDIRITUBA";"Reação tardia ou ineficiente do condutor";"Colisão traseira";"Sem Vítimas";"Plena Noite";"Decrescente";"Céu Claro";"Simples";"Interseção de Vias";"Sim";2;0;0;0;2;0;0;2;-25,777563;-49,32542;"SPRF-PR";"DEL01-PR";"UOP03-DEL01-PR"
761567;2026-03-29;"domingo";"18:58:00";"CE";116;164,4;"RUSSAS";"Acessar a via sem observar a presença dos outros veículos";"Atropelamento de Pedestre";"Com Vítimas Fatais";"Plena Noite";"Crescente";"Céu Claro";"Simples";"Reta";"Não";2;1;1;0;0;0;1;2;-4,95438825;-37,99797535;"SPRF-CE";"DEL03-CE";"UOP01-DEL03-CE"
761568;2026-03-29;"domingo";"18:35:00";"PR";376;286,2;"MAUA DA SERRA";"Ausência de reação do condutor";"Saída de leito carroçável";"Com Vítimas Feridas";"Anoitecer";"Decrescente";"Céu Claro";"Dupla";"Reta";"Não";1;0;1;0;0;0;1;1;-23,88418962;-51,24040604;"SPRF-PR";"DEL07-PR";"UOP02-DEL07-PR"
761569;2026-03-29;"domingo";"18:15:00";"MG";116;573;"MANHUACU";"Transitar na contramão";"Colisão frontal";"Com Vítimas Feridas";"Plena Noite";"Crescente";"Céu Claro";"Simples";"Curva";"Não";4;0;1;1;2;0;2;2;-20,14330725;-42,18156481;"SPRF-MG";"DEL06-MG";"UOP03-DEL06-MG"
761571;2026-03-29;"domingo";"18:45:00";"MG";40;595;"OURO PRETO";"Transitar na contramão";"Colisão frontal";"Com Vítimas Fatais";"Plena Noite";"Decrescente";"Nublado";"Simples";"Reta";"Não";3;1;0;2;0;0;2;2;-20,39969972;-43,9007891;"SPRF-MG";"DEL05-MG";"UOP02-DEL05-MG"
761572;2026-03-29;"domingo";"19:05:00";"RS";116;260;"CANOAS";"Condutor deixou de manter distância do veículo da frente";"Engavetamento";"Sem Vítimas";"Plena Noite";"Crescente";"Céu Claro";"Múltipla";"Reta";"Não";7;0;0;0;7;0;0;3;-29,87617757;-51,1804647;"SPRF-RS";"DEL01-RS";"UOP01-DEL01-RS"
761573;2026-03-29;"domingo";"18:50:00";"SC";101;205,1;"SAO JOSE";"Reação tardia ou ineficiente do condutor";"Colisão traseira";"Sem Vítimas";"Plena Noite";"Crescente";"Céu Claro";"Múltipla";"Reta";"Sim";2;0;0;0;2;0;0;2;-27,58462;-48,61588;"SPRF-SC";"DEL01-SC";"UOP01-DEL01-SC"
761574;2026-03-29;"domingo";"16:00:00";"MS";163;621;"SAO GABRIEL DO OESTE";"Ausência de reação do condutor";"Colisão com objeto";"Sem Vítimas";"Pleno dia";"Decrescente";"Sol";"Dupla";"Reta";"Não";1;0;0;0;0;1;0;1;-19,34027778;-54,60277778;"SPRF-MS";"DEL06-MS";"UOP02-DEL06-MS"
761575;2026-03-29;"domingo";"17:50:00";"RJ";101;438;"MANGARATIBA";"Ausência de reação do condutor";"Colisão lateral mesmo sentido";"Com Vítimas Feridas";"Anoitecer";"Decrescente";"Céu Claro";"Simples";"Reta";"Não";2;0;1;0;1;0;1;2;-22,950721;-44,07705;"SPRF-RJ";"DEL03-RJ";"UOP02-DEL03-RJ"
761577;2026-03-29;"domingo";"19:30:00";"RS";116;260;"CANOAS";"Trafegar com motocicleta (ou similar) entre as faixas";"Colisão lateral mesmo sentido";"Com Vítimas Feridas";"Plena Noite";"Crescente";"Céu Claro";"Dupla";"Reta";"Sim";3;0;1;0;2;0;1;2;-29,88152579;-51,18051901;"SPRF-RS";"DEL01-RS";"UOP01-DEL01-RS"
761578;2026-03-29;"domingo";"19:20:00";"SC";101;144;"ITAPEMA";"Trafegar com motocicleta (ou similar) entre as faixas";"Colisão lateral mesmo sentido";"Com Vítimas Feridas";"Plena Noite";"Decrescente";"Nublado";"Dupla";"Reta";"Não";2;0;0;1;1;0;1;2;-27,07763803;-48,59934924;"SPRF-SC";"DEL04-SC";"UOP03-DEL04-SC"
761579;2026-03-29;"domingo";"18:30:00";"SP";116;283;"EMBU DAS ARTES";"Reação tardia ou ineficiente do condutor";"Tombamento";"Sem Vítimas";"Plena Noite";"Crescente";"Céu Claro";"Dupla";"Reta";"Sim";2;0;0;0;2;0;0;2;-23,66824106;-46,85544748;"SPRF-SP";"DEL04-SP";"UOP01-DEL04-SP"
761580;2026-03-29;"domingo";"17:05:00";"PR";467;102;"CASCAVEL";"Avarias e/ou desgaste excessivo no pneu";"Tombamento";"Com Vítimas Feridas";"Pleno dia";"Decrescente";"Céu Claro";"Dupla";"Declive;Reta";"Não";2;0;2;0;0;0;2;1;-24,90107721;-53,5228306;"SPRF-PR";"DEL04-PR";"UOP01-DEL04-PR"
761581;2026-03-29;"domingo";"16:50:00";"MG";381;525,6;"BRUMADINHO";"Pista Escorregadia";"Saída de leito carroçável";"Com Vítimas Feridas";"Pleno dia";"Decrescente";"Chuva";"Dupla";"Curva;Aclive";"Não";6;0;1;0;5;0;1;1;-20,14850212;-44,32397603;"SPRF-MG";"DEL04-MG";"UOP03-DEL04-MG"
761582;2026-03-29;"domingo";"18:40:00";"GO";80;36;"PADRE BERNARDO";"Manobra de mudança de faixa";"Colisão lateral mesmo sentido";"Com Vítimas Feridas";"Anoitecer";"Crescente";"Chuva";"Dupla";"Reta";"Sim";3;0;1;1;1;0;2;2;-15,22936775;-48,27753067;"SPRF-DF";"DEL03-DF";"UOP02-DEL03-DF"