"id";"data_inversa";"dia_semana";"horario";"uf";"br";"km";"municipio";"causa_acidente";"tipo_acidente";"classificacao_acidente";"fase_dia";"sentido_via";"condicao_metereologica";"tipo_pista";"tracado_via";"uso_solo";"pessoas";"mortos";"feridos_leves";"feridos_graves";"ilesos";"ignorados";"feridos";"veiculos";"latitude";"longitude";"regional";"delegacia";"uop"
762040;2026-03-28;"sábado";"18:40:00";"RS";116;53;"VACARIA";"Ausência de reação do condutor";"Queda de ocupante de veículo";"Sem Vítimas";"Plena Noite";"Crescente";"Céu Claro";"Simples";"Declive;Curva";"Não";1;0;0;0;0;1;0;1;-28,57807747;-51,02295399;"SPRF-RS";"DEL05-RS";"UOP03-DEL05-RS"
762042;2026-03-31;"terça-feira";"17:00:00";"SC";101;120;"ITAJAI";"Reação tardia ou ineficiente do condutor";"Saída de leito carroçável";"Sem Vítimas";"Pleno dia";"Decrescente";"Céu Claro";"Múltipla";"Reta";"Sim";1;0;0;0;0;1;0;1;-26,94883741;-48,68414819;"SPRF-SC";"DEL04-SC";"UOP04-DEL04-SC"
762044;2026-03-31;"terça-feira";"15:20:00";"MG";381;235,5;"SANTANA DO PARAISO";"Reação tardia ou ineficiente do condutor";"Colisão lateral sentido oposto";"Com Vítimas Feridas";"Pleno dia";"Crescente";"Céu Claro";"Simples";"Curva";"Não";2;0;1;0;1;0;1;2;-19,394324;-42,483624;"SPRF-MG";"DEL06-MG";"UOP01-DEL06-MG"
762045;2026-03-31;"terça-feira";"20:00:00";"MG";381;487;"BETIM";"Ingestão de álcool pelo condutor";"Colisão com objeto";"Sem Vítimas";"Plena Noite";"Crescente";"Chuva";"Múltipla";"Reta";"Sim";1;0;0;0;1;0;0;1;-19,95523;-44,11663;"SPRF-MG";"DEL01-MG";"UOP03-DEL01-MG"
762046;2026-03-31;"terça-feira";"18:35:00";"PI";316;318;"PICOS";"Acessar a via sem observar a presença dos outros veículos";"Colisão transversal";"Com Vítimas Feridas";"Plena Noite";"Crescente";"Nublado";"Múltipla";"Interseção de Vias;Reta";"Sim";2;0;1;0;1;0;1;2;-7,086065;-41,406011;"SPRF-PI";"DEL04-PI";"UOP01-DEL04-PI"
762048;2026-03-31;"terça-feira";"19:40:00";"MG";262;36,2;"MANHUACU";"Ultrapassagem Indevida";"Colisão transversal";"Com Vítimas Feridas";"Plena Noite";"Crescente";"Nublado";"Simples";"Curva";"Sim";2;0;0;1;1;0;1;2;-20,265598;-42,035803;"SPRF-MG";"DEL06-MG";"UOP03-DEL06-MG"
762049;2026-03-31;"terça-feira";"20:14:00";"PE";101;71,3;"RECIFE";"Pedestre cruzava a pista fora da faixa";"Atropelamento de Pedestre";"Com Vítimas Fatais";"Plena Noite";"Decrescente";"Nublado";"Múltipla";"Reta";"Sim";2;1;1;0;0;0;1;2;-8,07987;-34,94303;"SPRF-PE";"DEL01-PE";"UOP01-DEL01-PE"
762051;2026-03-31;"terça-feira";"15:40:00";"MA";226;12,3;"TIMON";"Ausência de reação do condutor";"Colisão traseira";"Sem Vítimas";"Pleno dia";"Crescente";"Céu Claro";"Simples";"Reta;Em Obras";"Não";3;0;0;0;2;1;0;3;-5,111438;-42,91647;"SPRF-MA";"DEL03-MA";"UOP02-DEL03-MA"
762052;2026-03-31;"terça-feira";"18:00:00";"MT";70;515;"VARZEA GRANDE";"Demais falhas na via";"Queda de ocupante de veículo";"Com Vítimas Feridas";"Anoitecer";"Crescente";"Céu Claro";"Simples";"Reta";"Sim";1;0;1;0;0;0;1;1;-15,70454219;-56,1211924;"SPRF-MT";"DEL01-MT";"UOP02-DEL01-MT"
762053;2026-03-31;"terça-feira";"20:50:00";"PR";153;9,3;"JACAREZINHO";"Pedestre andava na pista";"Atropelamento de Pedestre";"Com Vítimas Fatais";"Plena Noite";"Crescente";"Céu Claro";"Simples";"Reta";"Sim";2;1;1;0;0;0;1;2;-23,07163;-49,933506;"SPRF-PR";"DEL07-PR";"UOP04-DEL07-PR"
762055;2026-03-31;"terça-feira";"21:15:00";"PR";116;102;"SAO JOSE DOS PINHAIS";"Reação tardia ou ineficiente do condutor";"Saída de leito carroçável";"Sem Vítimas";"Plena Noite";"Decrescente";"Nublado";"Dupla";"Viaduto;Interseção de Vias;Reta";"Sim";2;0;0;0;2;0;0;1;-25,56906801;-49,18115314;"SPRF-PR";"DEL01-PR";"UOP07-DEL01-PR"
762057;2026-03-31;"terça-feira";"21:30:00";"PR";277;78;"SAO JOSE DOS PINHAIS";"Ausência de reação do condutor";"Colisão traseira";"Com Vítimas Feridas";"Plena Noite";"Crescente";"Céu Claro";"Dupla";"Reta";"Sim";2;0;1;0;1;0;1;2;-25,485;-49,1874;"SPRF-PR";"DEL01-PR";"UOP07-DEL01-PR"
762058;2026-03-31;"terça-feira";"21:30:00";"GO";20;211,2;"POSSE";"Reação tardia ou ineficiente do condutor";"Atropelamento de Pedestre";"Com Vítimas Fatais";"Plena Noite";"Decrescente";"Céu Claro";"Simples";"Curva";"Não";6;1;0;0;5;0;0;2;-14,265914;-46,370806;"SPRF-DF";"DEL02-DF";"UOP03-DEL02-DF"
762059;2026-03-31;"terça-feira";"18:30:00";"PB";434;16,3;"POCO DANTAS";"Ausência de reação do condutor";"Atropelamento de Pedestre";"Com Vítimas Fatais";"Plena Noite";"Crescente";"Nublado";"Simples";"Reta;Aclive";"Não";2;1;0;0;1;0;0;2;-6,430952;-38,493118;"SPRF-PB";"DEL03-PB";"UOP03-DEL03-PB"
762060;2026-03-31;"terça-feira";"21:00:00";"PR";373;476,3;"CORONEL VIVIDA";"Ingestão de álcool pelo condutor";"Saída de leito carroçável";"Com Vítimas Feridas";"Plena Noite";"Decrescente";"Céu Claro";"Simples";"Curva";"Não";1;0;1;0;0;0;1;1;-25,978355;-52,538316;"SPRF-PR";"DEL02-PR";"UOP01-DEL02-PR"
762061;2026-03-31;"terça-feira";"23:02:00";"PB";230;10,8;"CABEDELO";"Demais falhas na via";"Tombamento";"Com Vítimas Feridas";"Plena Noite";"Decrescente";"Chuva";"Dupla";"Reta";"Sim";2;0;0;1;1;0;1;1;-7,06359013;-34,85047886;"SPRF-PB";"DEL01-PB";"UOP01-DEL01-PB"
762063;2026-03-31;"terça-feira";"18:15:00";"PB";230;502,5;"CAJAZEIRAS";"Condutor deixou de manter distância do veículo da frente";"Colisão traseira";"Com Vítimas Feridas";"Plena Noite";"Decrescente";"Nublado";"Dupla";"Reta;Retorno Regulamentado";"Sim";3;0;1;0;2;0;1;2;-6,894055;-38,542378;"SPRF-PB";"DEL03-PB";"UOP03-DEL03-PB"
762066;2026-03-31;"terça-feira";"23:00:00";"PR";153;20,5;"JACAREZINHO";"Acessar a via sem observar a presença dos outros veículos";"Colisão transversal";"Com Vítimas Feridas";"Plena Noite";"Crescente";"Céu Claro";"Simples";"Interseção de Vias";"Sim";2;0;0;1;0;1;1;2;-23,1651644;-49,96045439;"SPRF-PR";"DEL07-PR";"UOP04-DEL07-PR"
762068;2026-03-31;"terça-feira";"23:44:00";"MG";40;510;"RIBEIRAO DAS NEVES";"Condutor Dormindo";"Saída de leito carroçável";"Com Vítimas Feridas";"Plena Noite";"Crescente";"Céu Claro";"Dupla";"Aclive;Reta";"Não";3;0;2;0;1;0;2;1;-19,771612;-44,12604;"SPRF-MG";"DEL01-MG";"UOP02-DEL01-MG"
762069;2026-03-31;"terça-feira";"23:00:00";"MG";40;549;"NOVA LIMA";"Reação tardia ou ineficiente do condutor";"Colisão lateral mesmo sentido";"Sem Vítimas";"Plena Noite";"Crescente";"Nublado";"Dupla";"Curva;Aclive";"Não";4;0;0;0;4;0;0;2;-20,04365562;-43,96452129;"SPRF-MG";"DEL01-MG";"UOP02-DEL01-MG"
762070;2026-03-31;"terça-feira";"23:10:00";"AP";156;470;"TARTARUGALZINHO";"Ingestão de álcool pelo condutor";"Colisão com objeto";"Sem Vítimas";"Plena Noite";"Decrescente";"Nublado";"Simples";"Reta";"Sim";1;0;0;0;1;0;0;1;1,5029;-50,91144;"SPRF-AP";"DEL01-AP";"UOP02-DEL01-AP"
762123;2026-03-21;"sábado";"17:30:00";"MG";365;627;"UBERLANDIA";"Reação tardia ou ineficiente do condutor";"Colisão traseira";"Sem Vítimas";"Pleno dia";"Crescente";"Nublado";"Dupla";"Aclive;Reta";"Sim";2;0;0;0;2;0;0;2;-18,90682349;-48,31784662;"SPRF-MG";"DEL15-MG";"UOP01-DEL15-MG"
762127;2026-03-30;"segunda-feira";"14:00:00";"PI";343;2,3;"TERESINA";"Reação tardia ou ineficiente do condutor";"Atropelamento de Pedestre";"Com Vítimas Feridas";"Pleno dia";"Decrescente";"Céu Claro";"Dupla";"Reta";"Sim";2;0;1;0;1;0;1;2;-5,081286;-42,770839;"SPRF-PI";"DEL05-PI";"UOP01-DEL05-PI"
762129;2026-03-14;"sábado";"18:50:00";"PI";343;578;"FLORIANO";"Reação tardia ou ineficiente do condutor";"Queda de ocupante de veículo";"Com Vítimas Fatais";"Plena Noite";"Decrescente";"Céu Claro";"Simples";"Reta";"Não";1;1;0;0;0;0;0;1;-6,79321247;-42,98375764;"SPRF-PI";"DEL03-PI";"UOP01-DEL03-PI"
762134;2026-03-29;"domingo";"20:00:00";"MG";381;283;"ANTONIO DIAS";"Velocidade Incompatível";"Colisão com objeto";"Com Vítimas Feridas";"Plena Noite";"Decrescente";"Céu Claro";"Dupla";"Reta;Túnel";"Não";2;0;1;0;1;0;1;1;-19,61848649;-42,79079318;"SPRF-MG";"DEL03-MG";"UOP02-DEL03-MG"
762143;2026-02-23;"segunda-feira";"12:15:00";"MG";116;274;"TEOFILO OTONI";"Reação tardia ou ineficiente do condutor";"Tombamento";"Com Vítimas Feridas";"Pleno dia";"Decrescente";"Ignorado";"Dupla";"Reta";"Sim";1;0;1;0;0;0;1;1;-17,83452631;-41,51120631;"SPRF-MG";"DEL11-MG";"UOP01-DEL11-MG"
762167;2026-03-06;"sexta-feira";"14:30:00";"SC";282;408;"CATANDUVAS";"Transitar na contramão";"Colisão frontal";"Com Vítimas Feridas";"Pleno dia";"Decrescente";"Chuva";"Simples";"Curva";"Não";2;0;1;0;1;0;1;2;-27,081413;-51,6640232;"SPRF-SC";"DEL07-SC";"UOP05-DEL07-SC"
762175;2026-03-24;"terça-feira";"07:15:00";"PR";376;4;"MANDAGUARI";"Desrespeitar a preferência no cruzamento";"Colisão transversal";"Com Vítimas Feridas";"Pleno dia";"Decrescente";"Ignorado";"Simples";"Interseção de Vias";"Sim";2;0;1;0;0;1;1;2;-23,51738805;-51,68271531;"SPRF-PR";"DEL09-PR";"UOP01-DEL09-PR"
762205;2026-01-29;"quinta-feira";"10:30:00";"MA";135;361;"PRESIDENTE DUTRA";"Reação tardia ou ineficiente do condutor";"Colisão traseira";"Com Vítimas Feridas";"Pleno dia";"Decrescente";"Céu Claro";"Simples";"Em Obras";"Não";3;0;0;1;2;0;1;3;-5,40031;-44,466357;"SPRF-MA";"DEL06-MA";"UOP01-DEL06-MA"
762208;2026-02-12;"quinta-feira";"20:17:00";"MA";230;406,5;"BALSAS";"Retorno proibido";"Colisão transversal";"Com Vítimas Fatais";"Plena Noite";"Crescente";"Céu Claro";"Simples";"Reta";"Sim";3;1;1;0;1;0;1;3;-7,519778;-46,06285;"SPRF-MA";"DEL05-MA";"UOP01-DEL05-MA"
762226;2026-03-13;"sexta-feira";"05:50:00";"RJ";116;181;"NOVA IGUACU";"Ausência de reação do condutor";"Colisão traseira";"Com Vítimas Feridas";"Amanhecer";"Crescente";"Nublado";"Dupla";"Reta";"Não";1;0;1;0;0;0;1;1;-22,75592068;-43,43650818;"SPRF-RJ";"DEL06-RJ";"UOP01-DEL06-RJ"
762261;2026-03-16;"segunda-feira";"09:10:00";"PB";104;130,7;"QUEIMADAS";"Transitar na contramão";"Colisão frontal";"Com Vítimas Feridas";"Pleno dia";"Crescente";"Sol";"Simples";"Reta";"Sim";2;0;1;0;1;0;1;2;-7,28854078;-35,89009658;"SPRF-PB";"DEL02-PB";"UOP03-DEL02-PB"
762265;2026-03-09;"segunda-feira";"03:40:00";"MG";381;948,1;"EXTREMA";"Velocidade Incompatível";"Colisão com objeto";"Com Vítimas Fatais";"Plena Noite";"Crescente";"Nublado";"Dupla";"Reta";"Não";2;1;0;0;1;0;0;2;-22,87034643;-46,35866672;"SPRF-MG";"DEL16-MG";"UOP03-DEL16-MG"
762309;2026-02-01;"domingo";"08:00:00";"RJ";101;451,9;"MANGARATIBA";"Ausência de reação do condutor";"Saída de leito carroçável";"Com Vítimas Feridas";"Pleno dia";"Crescente";"Sol";"Simples";"Curva";"Não";2;0;1;1;0;0;2;1;-23,03194606;-44,1312089;"SPRF-RJ";"DEL03-RJ";"UOP02-DEL03-RJ"
762321;2026-03-19;"quinta-feira";"17:01:00";"BA";324;623;"SALVADOR";"Condutor deixou de manter distância do veículo da frente";"Colisão lateral mesmo sentido";"Com Vítimas Feridas";"Pleno dia";"Crescente";"Céu Claro";"Múltipla";"Reta";"Sim";2;0;1;0;0;1;1;2;-12,94177817;-38,47100705;"SPRF-BA";"DEL01-BA";"UOP01-DEL01-BA"
762357;2026-03-21;"sábado";"04:15:00";"MS";163;811;"PEDRO GOMES";"Ausência de reação do condutor";"Colisão com objeto";"Com Vítimas Feridas";"Amanhecer";"Decrescente";"Nevoeiro/Neblina";"Simples";"Declive";"Não";1;0;1;0;0;0;1;1;-17,81665097;-54,73143884;"SPRF-MS";"DEL06-MS";"UOP01-DEL06-MS"
762362;2026-03-25;"quarta-feira";"18:00:00";"PR";277;612;"SANTA TEREZA DO OESTE";"Acessar a via sem observar a presença dos outros veículos";"Colisão transversal";"Com Vítimas Feridas";"Pleno dia";"Decrescente";"Nublado";"Simples";"Interseção de Vias;Reta";"Sim";2;0;1;0;1;0;1;2;-25,05225;-53,63229;"SPRF-PR";"DEL05-PR";"UOP02-DEL05-PR"
762364;2026-03-18;"quarta-feira";"07:30:00";"SC";280;57,6;"GUARAMIRIM";"Demais falhas mecânicas ou elétricas";"Queda de ocupante de veículo";"Com Vítimas Feridas";"Pleno dia";"Decrescente";"Céu Claro";"Dupla";"Reta";"Sim";1;0;1;0;0;0;1;1;-26,475708;-49,017332;"SPRF-SC";"DEL03-SC";"UOP03-DEL03-SC"
762368;2026-03-02;"segunda-feira";"18:15:00";"RJ";493;19;"MAGE";"Transitar no Acostamento";"Colisão lateral sentido oposto";"Com Vítimas Feridas";"Plena Noite";"Crescente";"Céu Claro";"Simples";"Reta";"Sim";2;0;1;0;1;0;1;2;-22,655026;-43,0379718;"SPRF-RJ";"DEL04-RJ";"UOP02-DEL04-RJ"
762373;2026-03-26;"quinta-feira";"18:45:00";"SC";101;111,5;"PALHOCA";"Ausência de reação do condutor";"Queda de ocupante de veículo";"Com Vítimas Feridas";"Plena Noite";"Crescente";"Céu Claro";"Dupla";"Interseção de Vias";"Sim";1;0;1;0;0;0;1;1;-27,62497;-48,65416;"SPRF-SC";"DEL04-SC";"UOP04-DEL04-SC"
762387;2026-01-12;"segunda-feira";"10:55:00";"RJ";116;183;"NOVA IGUACU";"Ausência de reação do condutor";"Colisão traseira";"Com Vítimas Feridas";"Pleno dia";"Crescente";"Céu Claro";"Múltipla";"Reta";"Não";2;0;1;0;1;0;1;2;-22,74686634;-43,44662313;"SPRF-RJ";"DEL06-RJ";"UOP01-DEL06-RJ"
762395;2026-03-24;"terça-feira";"17:20:00";"MT";163;748;"SORRISO";"Objeto estático sobre o leito carroçável";"Queda de ocupante de veículo";"Com Vítimas Feridas";"Anoitecer";"Crescente";"Céu Claro";"Dupla";"Reta";"Sim";1;0;1;0;0;0;1;1;-12,58654256;-55,73749113;"SPRF-MT";"DEL06-MT";"UOP01-DEL06-MT"
762420;2026-03-14;"sábado";"11:00:00";"BA";324;589;"CANDEIAS";"Demais falhas mecânicas ou elétricas";"Incêndio";"Sem Vítimas";"Pleno dia";"Crescente";"Ignorado";"Dupla";"Reta";"Não";2;0;0;0;2;0;0;1;-12,70139976;-38,46414026;"SPRF-BA";"DEL01-BA";"UOP01-DEL01-BA"
762446;2026-03-22;"domingo";"10:50:00";"ES";101;445;"MIMOSO DO SUL";"Acesso irregular";"Colisão lateral sentido oposto";"Com Vítimas Feridas";"Pleno dia";"Crescente";"Sol";"Simples";"Reta";"Não";5;0;2;0;3;0;2;2;-21,09111691;-41,24781132;"SPRF-ES";"DEL03-ES";"UOP02-DEL03-ES"
762449;2026-02-17;"terça-feira";"11:00:00";"PR";277;689;"SAO MIGUEL DO IGUACU";"Reação tardia ou ineficiente do condutor";"Queda de ocupante de veículo";"Com Vítimas Feridas";"Pleno dia";"Decrescente";"Ignorado";"Dupla";"Reta";"Não";1;0;1;0;0;0;1;1;-25,34451;-54,22868;"SPRF-PR";"DEL05-PR";"UOP01-DEL05-PR"
762479;2026-03-27;"sexta-feira";"14:40:00";"MS";163;152;"JUTI";"Reação tardia ou ineficiente do condutor";"Colisão traseira";"Com Vítimas Feridas";"Pleno dia";"Decrescente";"Céu Claro";"Simples";"Reta;Declive";"Não";8;0;8;0;0;0;8;2;-22,939;-54,467;"SPRF-MS";"DEL09-MS";"UOP01-DEL09-MS"
762502;2026-03-27;"sexta-feira";"18:45:00";"BA";324;4;"FEIRA DE SANTANA";"Reação tardia ou ineficiente do condutor";"Queda de ocupante de veículo";"Com Vítimas Feridas";"Plena Noite";"Crescente";"Céu Claro";"Dupla";"Reta";"Sim";1;0;1;0;0;0;1;1;-12,28347203;-38,97374449;"SPRF-BA";"DEL02-BA";"UOP01-DEL02-BA"
762516;2026-03-28;"sábado";"00:15:00";"BA";116;416;"FEIRA DE SANTANA";"Iluminação deficiente";"Colisão traseira";"Com Vítimas Feridas";"Plena Noite";"Crescente";"Céu Claro";"Dupla";"Reta";"Sim";2;0;1;0;0;1;1;2;-12,17385005;-38,96520858;"SPRF-BA";"DEL02-BA";"UOP01-DEL02-BA"
762517;2026-02-26;"quinta-feira";"17:30:00";"GO";153;444;"ANAPOLIS";"Reação tardia ou ineficiente do condutor";"Tombamento";"Com Vítimas Feridas";"Pleno dia";"Crescente";"Céu Claro";"Dupla";"Rotatória";"Sim";3;0;1;1;0;1;2;3;-16,353;-48,9296;"SPRF-GO";"DEL02-GO";"UOP01-DEL02-GO"
762563;2026-03-30;"segunda-feira";"06:40:00";"ES";101;17;"SERRA";"Manobra de mudança de faixa";"Colisão lateral mesmo sentido";"Com Vítimas Feridas";"Pleno dia";"Crescente";"Céu Claro";"Múltipla";"Reta;Em Obras";"Não";2;0;1;0;1;0;1;2;-20,201789;-40,335336;"SPRF-ES";"DEL02-ES";"UOP01-DEL02-ES"
762574;2026-03-26;"quinta-feira";"07:45:00";"SC";101;201;"SAO JOSE";"Trafegar com motocicleta (ou similar) entre as faixas";"Colisão traseira";"Com Vítimas Feridas";"Pleno dia";"Crescente";"Céu Claro";"Múltipla";"Reta";"Sim";3;0;2;0;1;0;2;2;-27,547345;-48,619784;"SPRF-SC";"DEL01-SC";"UOP01-DEL01-SC"
762580;2026-03-22;"domingo";"17:40:00";"SC";470;62;"BLUMENAU";"Ingestão de álcool pelo condutor";"Colisão transversal";"Com Vítimas Feridas";"Anoitecer";"Crescente";"Céu Claro";"Simples";"Reta";"Não";4;0;0;2;2;0;2;2;-26,8783044;-49,17608611;"SPRF-SC";"DEL04-SC";"UOP01-DEL04-SC"
762586;2026-03-26;"quinta-feira";"12:25:00";"RJ";116;191;"NOVA IGUACU";"Ausência de reação do condutor";"Tombamento";"Com Vítimas Feridas";"Pleno dia";"Decrescente";"Ignorado";"Dupla";"Reta";"Não";1;0;0;1;0;0;1;1;-22,74262288;-43,51890564;"SPRF-RJ";"DEL06-RJ";"UOP01-DEL06-RJ"
762593;2026-03-30;"segunda-feira";"10:40:00";"PE";101;78,7;"JABOATAO DOS GUARARAPES";"Ausência de reação do condutor";"Queda de ocupante de veículo";"Com Vítimas Feridas";"Pleno dia";"Decrescente";"Céu Claro";"Dupla";"Reta";"Não";1;0;0;1;0;0;1;1;-8,14267737;-34,94673308;"SPRF-PE";"DEL01-PE";"UOP01-DEL01-PE"
762609;2026-02-26;"quinta-feira";"09:10:00";"RJ";101;528;"ANGRA DOS REIS";"Avarias e/ou desgaste excessivo no pneu";"Saída de leito carroçável";"Com Vítimas Feridas";"Pleno dia";"Decrescente";"Nublado";"Simples";"Reta;Declive";"Não";1;0;1;0;0;0;1;1;-23,02111527;-44,49961782;"SPRF-RJ";"DEL03-RJ";"UOP03-DEL03-RJ"
762615;2026-02-06;"sexta-feira";"21:20:00";"RJ";116;169;"RIO DE JANEIRO";"Ausência de reação do condutor";"Colisão traseira";"Com Vítimas Feridas";"Plena Noite";"Crescente";"Chuva";"Múltipla";"Reta";"Sim";2;0;1;0;1;0;1;2;-22,81619307;-43,32404137;"SPRF-RJ";"DEL06-RJ";"UOP01-DEL06-RJ"
762644;2026-03-21;"sábado";"09:30:00";"GO";40;11;"LUZIANIA";"Manobra de mudança de faixa";"Colisão traseira";"Com Vítimas Feridas";"Pleno dia";"Crescente";"Céu Claro";"Dupla";"Reta";"Não";3;0;1;0;2;0;1;3;-16,14205;-47,948455;"SPRF-DF";"DEL01-DF";"UOP01-DEL01-DF"
762653;2026-03-31;"terça-feira";"09:00:00";"RJ";40;99;"DUQUE DE CAXIAS";"Demais falhas mecânicas ou elétricas";"Incêndio";"Sem Vítimas";"Pleno dia";"Decrescente";"Céu Claro";"Dupla";"Reta;Aclive";"Não";1;0;0;0;0;1;0;1;-22,59095252;-43,2735157;"SPRF-RJ";"DEL01-RJ";"UOP01-DEL01-RJ"
762654;2026-03-31;"terça-feira";"07:30:00";"RJ";40;84;"PETROPOLIS";"Pista Escorregadia";"Queda de ocupante de veículo";"Com Vítimas Feridas";"Pleno dia";"Decrescente";"Céu Claro";"Dupla";"Curva";"Não";1;0;1;0;0;0;1;1;-22,54575566;-43,22688818;"SPRF-RJ";"DEL01-RJ";"UOP01-DEL01-RJ"
762659;2026-03-14;"sábado";"09:40:00";"PR";163;260;"TOLEDO";"Frear bruscamente";"Colisão lateral mesmo sentido";"Sem Vítimas";"Pleno dia";"Decrescente";"Céu Claro";"Dupla";"Reta";"Não";3;0;0;0;3;0;0;2;-24,63338841;-53,87382952;"SPRF-PR";"DEL06-PR";"UOP02-DEL06-PR"
762700;2026-03-30;"segunda-feira";"00:10:00";"ES";101;146;"LINHARES";"Ingestão de álcool pelo condutor";"Colisão com objeto";"Sem Vítimas";"Plena Noite";"Crescente";"Céu Claro";"Múltipla";"Reta;Interseção de Vias";"Sim";2;0;0;0;1;1;0;2;-19,3786265;-40,06691591;"SPRF-ES";"DEL04-ES";"UOP01-DEL04-ES"
762765;2026-03-27;"sexta-feira";"18:29:00";"SC";280;52;"GUARAMIRIM";"Acessar a via sem observar a presença dos outros veículos";"Colisão transversal";"Com Vítimas Feridas";"Plena Noite";"Decrescente";"Céu Claro";"Dupla";"Rotatória;Interseção de Vias;Reta";"Sim";2;0;1;0;1;0;1;2;-26,47146094;-48,97114841;"SPRF-SC";"DEL03-SC";"UOP03-DEL03-SC"
762772;2026-03-19;"quinta-feira";"13:27:00";"PR";376;3,5;"APUCARANA";"Acesso irregular";"Colisão traseira";"Com Vítimas Feridas";"Pleno dia";"Crescente";"Céu Claro";"Simples";"Aclive;Curva";"Sim";2;0;0;1;1;0;1;2;-23,55232546;-51,44810933;"SPRF-PR";"DEL07-PR";"UOP03-DEL07-PR"
762783;2026-01-18;"domingo";"11:20:00";"MG";40;594,6;"OURO PRETO";"Velocidade Incompatível";"Colisão traseira";"Com Vítimas Feridas";"Pleno dia";"Crescente";"Chuva";"Simples";"Curva;Declive";"Não";4;0;3;0;0;1;3;3;-20,4031632;-43,897359;"SPRF-MG";"DEL05-MG";"UOP02-DEL05-MG"
762816;2026-03-27;"sexta-feira";"15:20:00";"PE";407;127;"PETROLINA";"Acesso irregular";"Colisão transversal";"Com Vítimas Feridas";"Pleno dia";"Decrescente";"Ignorado";"Dupla";"Interseção de Vias";"Sim";2;0;1;0;1;0;1;2;-9,39139623;-40,5189893;"SPRF-PE";"DEL06-PE";"UOP01-DEL06-PE"
762866;2026-03-17;"terça-feira";"00:00:00";"SE";349;1,1;"NEOPOLIS";"Transitar na contramão";"Colisão frontal";"Com Vítimas Fatais";"Plena Noite";"Crescente";"Céu Claro";"Simples";"Aclive;Reta";"Não";2;1;1;0;0;0;1;2;-10,31638889;-36,59083333;"SPRF-SE";"DEL02-SE";"UOP02-DEL02-SE"
762906;2026-03-19;"quinta-feira";"18:20:00";"MG";381;614,5;"OLIVEIRA";"Chuva";"Tombamento";"Com Vítimas Feridas";"Anoitecer";"Crescente";"Chuva";"Dupla";"Curva";"Não";1;0;1;0;0;0;1;1;-20,71437289;-44,76259232;"SPRF-MG";"DEL04-MG";"UOP01-DEL04-MG"
762979;2026-02-13;"sexta-feira";"06:30:00";"PR";476;100;"BOCAIUVA DO SUL";"Acessar a via sem observar a presença dos outros veículos";"Colisão transversal";"Com Vítimas Feridas";"Amanhecer";"Decrescente";"Ignorado";"Simples";"Declive;Curva;Interseção de Vias";"Não";2;0;0;1;0;1;1;2;-25,24709104;-49,13849227;"SPRF-PR";"DEL01-PR";"UOP01-DEL01-PR"
763174;2026-03-20;"sexta-feira";"18:30:00";"AL";316;98;"SANTANA DO IPANEMA";"Transitar na contramão";"Colisão frontal";"Com Vítimas Fatais";"Plena Noite";"Crescente";"Céu Claro";"Simples";"Reta;Declive";"Não";4;1;2;1;0;0;3;2;-9,387355;-37,133733;"SPRF-AL";"DEL03-AL";"UOP02-DEL03-AL"
763186;2026-02-01;"domingo";"04:15:00";"RJ";356;160;"SAO JOAO DA BARRA";"Transitar na contramão";"Colisão frontal";"Com Vítimas Feridas";"Amanhecer";"Crescente";"Céu Claro";"Simples";"Curva";"Não";5;0;3;1;0;1;4;3;-21,72329907;-41,17799012;"SPRF-RJ";"DEL08-RJ";"UOP02-DEL08-RJ"
763247;2026-03-10;"terça-feira";"21:30:00";"SC";282;30;"SANTO AMARO DA IMPERATRIZ";"Velocidade Incompatível";"Saída de leito carroçável";"Com Vítimas Feridas";"Plena Noite";"Decrescente";"Chuva";"Simples";"Curva";"Não";1;0;1;0;0;0;1;1;-27,687655;-48,790932;"SPRF-SC";"DEL01-SC";"UOP03-DEL01-SC"
763266;2026-03-28;"sábado";"14:55:00";"MG";381;322;"NOVA ERA";"Desrespeitar a preferência no cruzamento";"Colisão transversal";"Com Vítimas Feridas";"Pleno dia";"Decrescente";"Céu Claro";"Dupla";"Reta";"Sim";2;0;1;0;1;0;1;2;-19,75676502;-43,02718809;"SPRF-MG";"DEL03-MG";"UOP02-DEL03-MG"
763268;2026-03-31;"terça-feira";"07:30:00";"PE";104;61,1;"CARUARU";"Ausência de reação do condutor";"Colisão traseira";"Com Vítimas Feridas";"Pleno dia";"Decrescente";"Céu Claro";"Dupla";"Interseção de Vias;Reta";"Não";2;0;1;0;0;1;1;2;-8,2493;-35,97495;"SPRF-PE";"DEL02-PE";"UOP01-DEL02-PE"
763352;2026-03-18;"quarta-feira";"17:35:00";"SC";470;51;"BLUMENAU";"Acessar a via sem observar a presença dos outros veículos";"Colisão lateral mesmo sentido";"Com Vítimas Feridas";"Anoitecer";"Crescente";"Céu Claro";"Simples";"Interseção de Vias";"Sim";3;0;0;1;2;0;1;3;-26,86245328;-49,09194845;"SPRF-SC";"DEL04-SC";"UOP01-DEL04-SC"
763361;2026-03-04;"quarta-feira";"17:00:00";"PB";230;155,8;"CAMPINA GRANDE";"Pista esburacada";"Colisão lateral mesmo sentido";"Com Vítimas Feridas";"Anoitecer";"Decrescente";"Céu Claro";"Dupla";"Em Obras;Desvio Temporário";"Não";3;0;1;0;0;2;1;2;-7,27394076;-35,90800796;"SPRF-PB";"DEL02-PB";"UOP01-DEL02-PB"