"id";"data_inversa";"dia_semana";"horario";"uf";"br";"km";"municipio";"causa_acidente";"tipo_acidente";"classificacao_acidente";"fase_dia";"sentido_via";"condicao_metereologica";"tipo_pista";"tracado_via";"uso_solo";"pessoas";"mortos";"feridos_leves";"feridos_graves";"ilesos";"ignorados";"feridos";"veiculos";"latitude";"longitude";"regional";"delegacia";"uop"
763460;2026-03-31;"terça-feira";"08:30:00";"SC";282;18;"PALHOCA";"Conversão proibida";"Colisão transversal";"Com Vítimas Feridas";"Pleno dia";"Crescente";"Céu Claro";"Simples";"Reta";"Sim";2;0;0;1;1;0;1;2;-27,67269678;-48,69420648;"SPRF-SC";"DEL01-SC";"UOP02-DEL01-SC"
763472;2026-03-14;"sábado";"11:00:00";"BA";324;350;"CAPIM GROSSO";"Pista esburacada";"Queda de ocupante de veículo";"Com Vítimas Feridas";"Pleno dia";"Crescente";"Ignorado";"Simples";"Reta";"Sim";1;0;0;1;0;0;1;1;-11,37177876;-40,03219318;"SPRF-BA";"DEL04-BA";"UOP02-DEL04-BA"
763484;2026-03-21;"sábado";"06:30:00";"MT";364;161;"PEDRA PRETA";"Condutor deixou de manter distância do veículo da frente";"Colisão traseira";"Com Vítimas Feridas";"Pleno dia";"Decrescente";"Ignorado";"Simples";"Reta";"Não";1;0;1;0;0;0;1;1;-16,66426381;-54,31330204;"SPRF-MT";"DEL02-MT";"UOP01-DEL02-MT"
763526;2026-03-14;"sábado";"18:10:00";"PR";277;715;"SANTA TEREZINHA DE ITAIPU";"Condutor deixou de manter distância do veículo da frente";"Colisão traseira";"Sem Vítimas";"Pleno dia";"Decrescente";"Céu Claro";"Dupla";"Reta";"Não";3;0;0;0;2;1;0;2;-25,46510407;-54,44904443;"SPRF-PR";"DEL05-PR";"UOP01-DEL05-PR"
763553;2026-03-14;"sábado";"14:20:00";"RN";101;93,4;"NATAL";"Acessar a via sem observar a presença dos outros veículos";"Colisão lateral mesmo sentido";"Sem Vítimas";"Pleno dia";"Decrescente";"Céu Claro";"Dupla";"Reta;Túnel";"Sim";2;0;0;0;1;1;0;2;-5,8266807;-35,2105537;"SPRF-RN";"DEL01-RN";"UOP01-DEL01-RN"
763557;2026-03-27;"sexta-feira";"02:00:00";"MG";40;747;"SANTOS DUMONT";"Ausência de reação do condutor";"Queda de ocupante de veículo";"Com Vítimas Feridas";"Plena Noite";"Decrescente";"Nublado";"Simples";"Curva;Aclive";"Não";27;0;2;0;25;0;2;2;-21,4573346;-43,55830119;"SPRF-MG";"DEL05-MG";"UOP01-DEL05-MG"
763558;2026-03-22;"domingo";"07:40:00";"GO";153;668,9;"GOIATUBA";"Pista esburacada";"Saída de leito carroçável";"Com Vítimas Feridas";"Pleno dia";"Crescente";"Chuva";"Dupla";"Declive";"Não";2;0;1;1;0;0;2;1;-18,1234;-49,2827;"SPRF-GO";"DEL03-GO";"UOP02-DEL03-GO"
763616;2026-03-30;"segunda-feira";"13:59:00";"SP";116;217,3;"GUARULHOS";"Suicídio (presumido)";"Eventos atípicos";"Com Vítimas Fatais";"Pleno dia";"Crescente";"Céu Claro";"Múltipla";"Reta";"Sim";3;1;0;0;2;0;0;2;-23,45508636;-46,47441801;"SPRF-SP";"DEL01-SP";"UOP01-DEL01-SP"
763658;2026-02-24;"terça-feira";"07:35:00";"BA";324;616;"SALVADOR";"Manobra de mudança de faixa";"Colisão lateral mesmo sentido";"Com Vítimas Feridas";"Pleno dia";"Crescente";"Céu Claro";"Dupla";"Reta";"Sim";2;0;1;0;1;0;1;2;-12,88878;-38,44218;"SPRF-BA";"DEL01-BA";"UOP01-DEL01-BA"
763679;2026-03-23;"segunda-feira";"08:20:00";"DF";40;0;"BRASILIA";"Trafegar com motocicleta (ou similar) entre as faixas";"Colisão lateral mesmo sentido";"Com Vítimas Feridas";"Pleno dia";"Decrescente";"Céu Claro";"Dupla";"Reta";"Sim";2;0;1;0;1;0;1;2;-15,9826894;-47,98836426;"SPRF-DF";"DEL01-DF";"UOP01-DEL01-DF"
763710;2026-02-28;"sábado";"06:04:00";"SC";282;16,5;"PALHOCA";"Acessar a via sem observar a presença dos outros veículos";"Colisão transversal";"Com Vítimas Feridas";"Amanhecer";"Decrescente";"Céu Claro";"Simples";"Reta";"Não";2;0;2;0;0;0;2;2;-27,658611;-48,681847;"SPRF-SC";"DEL01-SC";"UOP02-DEL01-SC"
763711;2026-03-31;"terça-feira";"09:30:00";"RS";116;2;"PORTO ALEGRE";"Entrada inopinada do pedestre";"Atropelamento de Pedestre";"Com Vítimas Feridas";"Pleno dia";"Decrescente";"Céu Claro";"Dupla";"Reta";"Sim";2;0;0;1;1;0;1;2;-29,98673285;-51,18140199;"SPRF-RS";"DEL01-RS";"UOP01-DEL01-RS"
763721;2026-03-31;"terça-feira";"21:00:00";"RJ";116;181;"NOVA IGUACU";"Condutor deixou de manter distância do veículo da frente";"Colisão traseira";"Com Vítimas Feridas";"Plena Noite";"Decrescente";"Céu Claro";"Dupla";"Reta";"Sim";2;0;2;0;0;0;2;1;-22,76319932;-43,42027394;"SPRF-RJ";"DEL06-RJ";"UOP01-DEL06-RJ"
763733;2026-03-25;"quarta-feira";"00:10:00";"SC";101;215,2;"PALHOCA";"Reação tardia ou ineficiente do condutor";"Colisão com objeto";"Com Vítimas Feridas";"Plena Noite";"Crescente";"Nublado";"Dupla";"Reta";"Sim";2;0;1;0;1;0;1;2;-27,65195325;-48,67604645;"SPRF-SC";"DEL01-SC";"UOP02-DEL01-SC"
763743;2026-03-30;"segunda-feira";"11:30:00";"RO";174;16;"VILHENA";"Conversão proibida";"Colisão traseira";"Com Vítimas Feridas";"Pleno dia";"Crescente";"Sol";"Dupla";"Reta;Interseção de Vias";"Sim";4;0;2;0;2;0;2;2;-12,72157808;-60,12769818;"SPRF-RO";"DEL04-RO";"UOP01-DEL04-RO"
763895;2026-03-04;"quarta-feira";"08:00:00";"PE";101;65;"RECIFE";"Reação tardia ou ineficiente do condutor";"Queda de ocupante de veículo";"Com Vítimas Feridas";"Pleno dia";"Crescente";"Céu Claro";"Simples";"Reta";"Não";1;0;1;0;0;0;1;1;-8,030234;-34,942778;"SPRF-PE";"DEL01-PE";"UOP01-DEL01-PE"
763905;2026-03-16;"segunda-feira";"18:20:00";"AL";316;256;"PILAR";"Ultrapassagem Indevida";"Colisão lateral sentido oposto";"Com Vítimas Feridas";"Plena Noite";"Decrescente";"Céu Claro";"Simples";"Reta";"Não";3;0;2;0;1;0;2;2;-9,591193;-35,932448;"SPRF-AL";"DEL02-AL";"UOP01-DEL02-AL"
763919;2026-03-12;"quinta-feira";"21:13:00";"BA";324;626;"SALVADOR";"Demais falhas na via";"Tombamento";"Com Vítimas Feridas";"Plena Noite";"Decrescente";"Céu Claro";"Dupla";"Reta";"Sim";1;0;1;0;0;0;1;1;-12,96137725;-38,47531049;"SPRF-BA";"DEL01-BA";"UOP01-DEL01-BA"
763935;2026-03-31;"terça-feira";"15:00:00";"RJ";101;517;"ANGRA DOS REIS";"Velocidade Incompatível";"Tombamento";"Com Vítimas Feridas";"Pleno dia";"Decrescente";"Chuva";"Simples";"Curva;Declive";"Não";2;0;2;0;0;0;2;1;-22,981047;-44,436112;"SPRF-RJ";"DEL03-RJ";"UOP03-DEL03-RJ"
763939;2026-03-29;"domingo";"21:00:00";"MG";50;174;"UBERABA";"Reação tardia ou ineficiente do condutor";"Colisão traseira";"Com Vítimas Feridas";"Plena Noite";"Crescente";"Céu Claro";"Dupla";"Reta";"Não";5;0;4;0;0;1;4;2;-19,774152;-47,972379;"SPRF-MG";"DEL13-MG";"UOP01-DEL13-MG"
763978;2026-03-28;"sábado";"19:00:00";"MG";262;824,2;"UBERABA";"Demais falhas na via";"Tombamento";"Com Vítimas Feridas";"Plena Noite";"Crescente";"Céu Claro";"Dupla";"Reta";"Não";1;0;1;0;0;0;1;1;-19,764415;-48,108767;"SPRF-MG";"DEL13-MG";"UOP01-DEL13-MG"
763991;2026-03-09;"segunda-feira";"08:40:00";"SC";101;141;"BALNEARIO CAMBORIU";"Ausência de reação do condutor";"Colisão transversal";"Com Vítimas Feridas";"Pleno dia";"Crescente";"Garoa/Chuvisco";"Múltipla";"Reta";"Sim";2;0;1;0;1;0;1;2;-27,05082701;-48,60042421;"SPRF-SC";"DEL04-SC";"UOP03-DEL04-SC"
764098;2026-03-26;"quinta-feira";"15:50:00";"SC";101;382;"ICARA";"Ausência de reação do condutor";"Tombamento";"Com Vítimas Feridas";"Pleno dia";"Crescente";"Céu Claro";"Simples";"Reta";"Não";1;0;0;1;0;0;1;1;-28,77094128;-49,30759549;"SPRF-SC";"DEL02-SC";"UOP02-DEL02-SC"
764112;2026-03-21;"sábado";"12:24:00";"PR";277;66,2;"SAO JOSE DOS PINHAIS";"Demais falhas mecânicas ou elétricas";"Colisão com objeto";"Com Vítimas Feridas";"Pleno dia";"Decrescente";"Céu Claro";"Dupla";"Reta";"Sim";1;0;1;0;0;0;1;1;-25,52894355;-49,08921758;"SPRF-PR";"DEL01-PR";"UOP01-DEL01-PR"
764113;2026-01-20;"terça-feira";"13:20:00";"MG";262;439,9;"NOVA SERRANA";"Reação tardia ou ineficiente do condutor";"Colisão com objeto";"Com Vítimas Feridas";"Pleno dia";"Decrescente";"Chuva";"Dupla";"Reta";"Sim";2;0;1;0;1;0;1;1;-19,86632;-44,99217;"SPRF-MG";"DEL08-MG";"UOP03-DEL08-MG"
764124;2026-03-22;"domingo";"19:20:00";"PR";376;647;"TIJUCAS DO SUL";"Ausência de reação do condutor";"Colisão lateral mesmo sentido";"Com Vítimas Feridas";"Anoitecer";"Decrescente";"Céu Claro";"Dupla";"Reta";"Não";2;0;1;0;0;1;1;2;-25,83894728;-49,10693407;"SPRF-PR";"DEL01-PR";"UOP04-DEL01-PR"
764150;2026-03-01;"domingo";"18:00:00";"PE";407;129;"PETROLINA";"Manobra de mudança de faixa";"Queda de ocupante de veículo";"Com Vítimas Feridas";"Anoitecer";"Decrescente";"Ignorado";"Dupla";"Reta";"Não";1;0;1;0;0;0;1;1;-9,40526878;-40,50427532;"SPRF-PE";"DEL06-PE";"UOP01-DEL06-PE"
764156;2026-03-13;"sexta-feira";"05:00:00";"GO";40;17;"LUZIANIA";"Condutor deixou de manter distância do veículo da frente";"Saída de leito carroçável";"Com Vítimas Feridas";"Amanhecer";"Decrescente";"Ignorado";"Dupla";"Reta";"Sim";2;0;1;0;1;0;1;2;-16,1882348;-47,9303749;"SPRF-DF";"DEL01-DF";"UOP01-DEL01-DF"
764164;2026-02-20;"sexta-feira";"17:40:00";"PE";101;81;"JABOATAO DOS GUARARAPES";"Pedestre cruzava a pista fora da faixa";"Atropelamento de Pedestre";"Com Vítimas Feridas";"Anoitecer";"Crescente";"Nublado";"Dupla";"Reta";"Sim";2;0;1;0;1;0;1;2;-8,165727;-34,938616;"SPRF-PE";"DEL01-PE";"UOP01-DEL01-PE"
764171;2026-03-13;"sexta-feira";"16:05:00";"SC";101;415,7;"ARARANGUA";"Manobra de mudança de faixa";"Colisão lateral mesmo sentido";"Com Vítimas Feridas";"Pleno dia";"Decrescente";"Céu Claro";"Simples";"Reta";"Sim";4;0;0;1;3;0;1;3;-28,97028276;-49,52636719;"SPRF-SC";"DEL02-SC";"UOP02-DEL02-SC"
764688;2026-03-22;"domingo";"10:55:00";"SC";282;195,3;"LAGES";"Reação tardia ou ineficiente do condutor";"Colisão com objeto";"Sem Vítimas";"Pleno dia";"Decrescente";"Céu Claro";"Simples";"Declive;Reta";"Não";4;0;0;0;2;2;0;2;-27,74781922;-50,08735657;"SPRF-SC";"DEL05-SC";"UOP01-DEL05-SC"
764782;2026-03-10;"terça-feira";"23:00:00";"PR";116;110;"CURITIBA";"Reação tardia ou ineficiente do condutor";"Colisão com objeto";"Com Vítimas Feridas";"Plena Noite";"Crescente";"Ignorado";"Dupla";"Reta";"Não";1;0;1;0;0;0;1;1;-25,5611059;-49,261748;"SPRF-PR";"DEL01-PR";"UOP03-DEL01-PR"
764785;2026-01-23;"sexta-feira";"16:30:00";"MG";40;825,8;"SIMAO PEREIRA";"Condutor deixou de manter distância do veículo da frente";"Colisão traseira";"Com Vítimas Feridas";"Pleno dia";"Decrescente";"Chuva";"Dupla";"Reta";"Não";3;0;1;0;1;1;1;3;-22,00120183;-43,28231042;"SPRF-MG";"DEL05-MG";"UOP01-DEL05-MG"
764788;2026-03-09;"segunda-feira";"16:20:00";"RJ";101;294;"SAO GONCALO";"Condutor deixou de manter distância do veículo da frente";"Colisão traseira";"Com Vítimas Feridas";"Pleno dia";"Decrescente";"Nublado";"Dupla";"Reta";"Sim";3;0;1;0;2;0;1;2;-22,79307;-43,024872;"SPRF-RJ";"DEL02-RJ";"UOP02-DEL02-RJ"
764823;2026-03-06;"sexta-feira";"08:00:00";"RN";101;98;"NATAL";"Reação tardia ou ineficiente do condutor";"Colisão traseira";"Com Vítimas Feridas";"Pleno dia";"Decrescente";"Céu Claro";"Dupla";"Declive";"Sim";3;0;2;0;1;0;2;2;-5,86409959;-35,21584619;"SPRF-RN";"DEL01-RN";"UOP01-DEL01-RN"
764824;2026-01-20;"terça-feira";"06:30:00";"GO";70;450;"ARAGARCAS";"Condutor deixou de manter distância do veículo da frente";"Colisão traseira";"Com Vítimas Feridas";"Amanhecer";"Decrescente";"Céu Claro";"Simples";"Reta;Aclive";"Não";2;0;1;0;1;0;1;2;-15,90916858;-52,07691193;"SPRF-GO";"DEL04-GO";"UOP02-DEL04-GO"
764826;2026-03-20;"sexta-feira";"20:20:00";"RO";364;8;"VILHENA";"Reação tardia ou ineficiente do condutor";"Colisão traseira";"Com Vítimas Feridas";"Plena Noite";"Crescente";"Chuva";"Dupla";"Reta;Declive";"Sim";3;0;1;0;2;0;1;2;-12,766155;-60,096444;"SPRF-RO";"DEL04-RO";"UOP01-DEL04-RO"
764947;2026-03-18;"quarta-feira";"14:00:00";"PR";277;572;"CASCAVEL";"Ausência de reação do condutor";"Queda de ocupante de veículo";"Com Vítimas Feridas";"Pleno dia";"Crescente";"Céu Claro";"Simples";"Reta";"Não";2;0;1;0;1;0;1;1;-25,020164;-53,279598;"SPRF-PR";"DEL04-PR";"UOP01-DEL04-PR"
764966;2026-03-25;"quarta-feira";"18:20:00";"PR";467;110,7;"CASCAVEL";"Condutor deixou de manter distância do veículo da frente";"Colisão traseira";"Com Vítimas Feridas";"Anoitecer";"Crescente";"Céu Claro";"Dupla";"Curva";"Não";3;0;2;0;1;0;2;2;-24,9302673;-53,4506452;"SPRF-PR";"DEL04-PR";"UOP01-DEL04-PR"
764969;2026-03-29;"domingo";"17:40:00";"MG";381;477;"CONTAGEM";"Ausência de reação do condutor";"Colisão traseira";"Com Vítimas Feridas";"Anoitecer";"Crescente";"Céu Claro";"Dupla";"Reta";"Sim";2;0;1;0;1;0;1;2;-19,96028203;-44,03533602;"SPRF-MG";"DEL01-MG";"UOP03-DEL01-MG"
764980;2026-03-29;"domingo";"08:30:00";"MG";381;495;"BETIM";"Ausência de reação do condutor";"Colisão com objeto";"Com Vítimas Feridas";"Pleno dia";"Decrescente";"Céu Claro";"Múltipla";"Aclive;Curva";"Sim";2;0;1;0;1;0;1;1;-19,97586413;-44,19811456;"SPRF-MG";"DEL01-MG";"UOP03-DEL01-MG"
764994;2026-03-27;"sexta-feira";"23:15:00";"SP";381;60;"MAIRIPORA";"Reação tardia ou ineficiente do condutor";"Colisão com objeto";"Com Vítimas Feridas";"Plena Noite";"Decrescente";"Céu Claro";"Múltipla";"Curva;Aclive";"Não";3;0;0;1;2;0;1;3;-23,289014;-46,581217;"SPRF-SP";"DEL03-SP";"UOP01-DEL03-SP"
765063;2026-03-31;"terça-feira";"10:30:00";"RJ";116;174;"SAO JOAO DE MERITI";"Acessar a via sem observar a presença dos outros veículos";"Colisão lateral mesmo sentido";"Com Vítimas Feridas";"Pleno dia";"Crescente";"Céu Claro";"Dupla";"Reta";"Não";2;0;1;0;1;0;1;2;-22,79488;-43,36289;"SPRF-RJ";"DEL06-RJ";"UOP01-DEL06-RJ"
765206;2026-03-26;"quinta-feira";"23:00:00";"BA";324;620;"SALVADOR";"Reação tardia ou ineficiente do condutor";"Colisão traseira";"Com Vítimas Feridas";"Plena Noite";"Decrescente";"Chuva";"Dupla";"Reta";"Sim";3;0;1;1;1;0;2;2;-12,91593277;-38,46146375;"SPRF-BA";"DEL01-BA";"UOP01-DEL01-BA"
765224;2026-03-30;"segunda-feira";"19:00:00";"PE";101;86;"JABOATAO DOS GUARARAPES";"Manobra de mudança de faixa";"Colisão transversal";"Com Vítimas Feridas";"Plena Noite";"Decrescente";"Chuva";"Dupla";"Reta";"Sim";2;0;0;1;1;0;1;2;-8,18472;-34,96814;"SPRF-PE";"DEL01-PE";"UOP01-DEL01-PE"
765232;2026-03-05;"quinta-feira";"12:33:00";"PR";369;157;"LONDRINA";"Manobra de mudança de faixa";"Colisão lateral mesmo sentido";"Com Vítimas Feridas";"Pleno dia";"Crescente";"Céu Claro";"Dupla";"Reta";"Sim";3;0;2;0;0;1;2;2;-23,28808257;-51,22516958;"SPRF-PR";"DEL07-PR";"UOP01-DEL07-PR"
765243;2026-03-28;"sábado";"23:00:00";"MA";230;407,9;"BALSAS";"Animais na Pista";"Atropelamento de Animal";"Com Vítimas Feridas";"Plena Noite";"Crescente";"Céu Claro";"Simples";"Reta";"Não";2;0;1;1;0;0;2;1;-7,516248;-46,075238;"SPRF-MA";"DEL05-MA";"UOP01-DEL05-MA"
765269;2026-01-03;"sábado";"08:30:00";"MG";153;150;"COMENDADOR GOMES";"Chuva";"Tombamento";"Com Vítimas Feridas";"Pleno dia";"Decrescente";"Chuva";"Simples";"Curva";"Não";3;0;2;0;1;0;2;1;-19,64121;-48,86236;"SPRF-MG";"DEL13-MG";"UOP02-DEL13-MG"
765364;2026-03-18;"quarta-feira";"19:00:00";"SC";101;330;"TUBARAO";"Velocidade Incompatível";"Atropelamento de Pedestre";"Com Vítimas Feridas";"Plena Noite";"Decrescente";"Ignorado";"Simples";"Reta";"Sim";2;0;0;1;0;1;1;2;-28,456597;-48,982508;"SPRF-SC";"DEL02-SC";"UOP01-DEL02-SC"
765431;2026-03-11;"quarta-feira";"12:30:00";"PR";376;170;"MARINGA";"Trafegar com motocicleta (ou similar) entre as faixas";"Tombamento";"Com Vítimas Feridas";"Pleno dia";"Decrescente";"Céu Claro";"Dupla";"Reta";"Sim";1;0;1;0;0;0;1;1;-23,410433;-51,986807;"SPRF-PR";"DEL09-PR";"UOP01-DEL09-PR"
765459;2026-03-27;"sexta-feira";"06:00:00";"PR";277;603;"CASCAVEL";"Reação tardia ou ineficiente do condutor";"Colisão traseira";"Com Vítimas Feridas";"Amanhecer";"Decrescente";"Ignorado";"Dupla";"Reta";"Não";2;0;1;0;0;1;1;2;-25,02055364;-53,54614589;"SPRF-PR";"DEL05-PR";"UOP02-DEL05-PR"
765480;2026-01-02;"sexta-feira";"10:00:00";"ES";259;62;"COLATINA";"Acessar a via sem observar a presença dos outros veículos";"Colisão transversal";"Com Vítimas Feridas";"Pleno dia";"Crescente";"Céu Claro";"Simples";"Reta";"Não";2;0;0;1;1;0;1;2;-19,54113731;-40,56879113;"SPRF-ES";"DEL02-ES";"UOP01-DEL02-ES"
765510;2026-03-17;"terça-feira";"15:20:00";"SP";381;50;"ATIBAIA";"Frear bruscamente";"Colisão transversal";"Com Vítimas Feridas";"Pleno dia";"Decrescente";"Céu Claro";"Dupla";"Reta;Interseção de Vias";"Não";3;0;1;0;2;0;1;2;-23,21475589;-46,59389734;"SPRF-SP";"DEL03-SP";"UOP01-DEL03-SP"
765590;2026-03-28;"sábado";"21:20:00";"PE";232;4,5;"RECIFE";"Estacionar ou parar em local proibido";"Colisão traseira";"Sem Vítimas";"Plena Noite";"Crescente";"Nublado";"Dupla";"Viaduto";"Não";2;0;0;0;1;1;0;2;-8,066395;-34,941627;"SPRF-PE";"DEL01-PE";"UOP01-DEL01-PE"
765625;2026-02-22;"domingo";"22:45:00";"SP";381;31;"ATIBAIA";"Acessar a via sem observar a presença dos outros veículos";"Colisão transversal";"Com Vítimas Feridas";"Plena Noite";"Decrescente";"Céu Claro";"Múltipla";"Reta";"Sim";3;0;0;1;1;1;1;2;-23,05697632;-46,57098625;"SPRF-SP";"DEL03-SP";"UOP02-DEL03-SP"
765629;2026-03-28;"sábado";"20:40:00";"SP";116;130;"CACAPAVA";"Reação tardia ou ineficiente do condutor";"Colisão traseira";"Com Vítimas Feridas";"Plena Noite";"Decrescente";"Nublado";"Dupla";"Reta";"Sim";2;0;1;1;0;0;2;2;-23,1248018;-45,7328936;"SPRF-SP";"DEL02-SP";"UOP02-DEL02-SP"
765672;2026-03-29;"domingo";"18:20:00";"RN";405;187,6;"MAJOR SALES";"Transitar na contramão";"Colisão frontal";"Com Vítimas Fatais";"Plena Noite";"Decrescente";"Céu Claro";"Simples";"Reta";"Não";2;1;0;1;0;0;1;2;-6,412077;-38,323963;"SPRF-RN";"DEL04-RN";"UOP02-DEL04-RN"
765675;2026-03-06;"sexta-feira";"13:00:00";"RJ";40;63;"MAGE";"Conversão proibida";"Colisão transversal";"Com Vítimas Feridas";"Pleno dia";"Decrescente";"Céu Claro";"Simples";"Reta";"Não";2;0;0;1;1;0;1;2;-22,57066431;-43,19566727;"SPRF-RJ";"DEL05-RJ";"UOP02-DEL05-RJ"
765899;2026-03-30;"segunda-feira";"09:20:00";"MT";163;782;"SORRISO";"Acessar a via sem observar a presença dos outros veículos";"Colisão lateral mesmo sentido";"Com Vítimas Feridas";"Pleno dia";"Crescente";"Ignorado";"Simples";"Reta;Em Obras";"Não";2;0;1;0;1;0;1;2;-12,30511887;-55,57537079;"SPRF-MT";"DEL06-MT";"UOP02-DEL06-MT"
765949;2026-03-29;"domingo";"01:20:00";"SC";470;147,6;"AGRONOMICA";"Desrespeitar a preferência no cruzamento";"Colisão transversal";"Sem Vítimas";"Plena Noite";"Decrescente";"Céu Claro";"Simples";"Rotatória";"Não";2;0;0;0;2;0;0;2;-27,24580783;-49,69422609;"SPRF-SC";"DEL04-SC";"UOP02-DEL04-SC"
765966;2026-03-05;"quinta-feira";"06:30:00";"SP";116;173,5;"JACAREI";"Reação tardia ou ineficiente do condutor";"Tombamento";"Com Vítimas Feridas";"Amanhecer";"Crescente";"Céu Claro";"Dupla";"Reta";"Não";1;0;1;0;0;0;1;1;-23,31679353;-46,08140802;"SPRF-SP";"DEL02-SP";"UOP01-DEL02-SP"
766193;2026-03-29;"domingo";"18:40:00";"BA";101;188;"CONCEICAO DA FEIRA";"Ultrapassagem Indevida";"Colisão lateral mesmo sentido";"Com Vítimas Feridas";"Plena Noite";"Decrescente";"Céu Claro";"Simples";"Reta";"Não";1;0;1;0;0;0;1;1;-12,47109427;-38,99959937;"SPRF-BA";"DEL11-BA";"UOP02-DEL11-BA"
766364;2026-03-07;"sábado";"19:00:00";"GO";70;355;"JUSSARA";"Ausência de reação do condutor";"Colisão traseira";"Com Vítimas Feridas";"Plena Noite";"Decrescente";"Ignorado";"Simples";"Reta";"Não";1;0;1;0;0;0;1;1;-15,929916;-51,230809;"SPRF-GO";"DEL04-GO";"UOP02-DEL04-GO"
766760;2026-01-16;"sexta-feira";"20:30:00";"RJ";101;43;"CAMPOS DOS GOYTACAZES";"Iluminação deficiente";"Colisão traseira";"Com Vítimas Feridas";"Plena Noite";"Crescente";"Céu Claro";"Simples";"Reta";"Não";3;0;1;0;2;0;1;2;-21,59767463;-41,31690742;"SPRF-RJ";"DEL08-RJ";"UOP01-DEL08-RJ"
766807;2026-03-25;"quarta-feira";"19:00:00";"BA";324;517;"FEIRA DE SANTANA";"Ultrapassagem Indevida";"Colisão lateral mesmo sentido";"Com Vítimas Feridas";"Plena Noite";"Crescente";"Ignorado";"Simples";"Reta";"Sim";2;0;0;1;1;0;1;2;-12,255514;-38,932298;"SPRF-BA";"DEL02-BA";"UOP01-DEL02-BA"
766823;2026-03-02;"segunda-feira";"16:15:00";"GO";60;104;"GOIANAPOLIS";"Reação tardia ou ineficiente do condutor";"Saída de leito carroçável";"Com Vítimas Feridas";"Pleno dia";"Crescente";"Céu Claro";"Dupla";"Reta";"Não";1;0;0;1;0;0;1;1;-16,412769;-49,004621;"SPRF-GO";"DEL02-GO";"UOP01-DEL02-GO"
766967;2026-03-27;"sexta-feira";"15:40:00";"ES";262;196;"IUNA";"Acessar a via sem observar a presença dos outros veículos";"Colisão traseira";"Com Vítimas Fatais";"Pleno dia";"Crescente";"Sol";"Simples";"Reta;Declive";"Não";5;1;1;0;3;0;1;2;-20,282702;-41,774115;"SPRF-ES";"DEL01-ES";"UOP02-DEL01-ES"
766982;2026-03-29;"domingo";"23:50:00";"MG";116;362;"FREI INOCENCIO";"Condutor Dormindo";"Colisão frontal";"Com Vítimas Feridas";"Plena Noite";"Decrescente";"Céu Claro";"Simples";"Curva";"Não";3;0;0;1;2;0;1;2;-18,478191;-41,866449;"SPRF-MG";"DEL11-MG";"UOP01-DEL11-MG"
767026;2026-01-28;"quarta-feira";"06:59:00";"BA";324;524;"FEIRA DE SANTANA";"Ausência de reação do condutor";"Queda de ocupante de veículo";"Com Vítimas Feridas";"Pleno dia";"Decrescente";"Garoa/Chuvisco";"Dupla";"Reta";"Não";1;0;1;0;0;0;1;1;-12,306062;-38,89063;"SPRF-BA";"DEL11-BA";"UOP02-DEL11-BA"
767110;2026-03-31;"terça-feira";"17:30:00";"PR";376;170,8;"MARINGA";"Acessar a via sem observar a presença dos outros veículos";"Colisão transversal";"Com Vítimas Feridas";"Pleno dia";"Decrescente";"Ignorado";"Dupla";"Retorno Regulamentado;Interseção de Vias";"Não";1;0;1;0;0;0;1;1;-23,40970263;-51,98737133;"SPRF-PR";"DEL09-PR";"UOP01-DEL09-PR"
767111;2026-03-24;"terça-feira";"06:33:00";"PE";101;45;"IGARASSU";"Transitar na contramão";"Colisão transversal";"Com Vítimas Feridas";"Pleno dia";"Decrescente";"Céu Claro";"Simples";"Reta";"Sim";2;0;0;1;1;0;1;2;-7,87157272;-34,90635244;"SPRF-PE";"DEL01-PE";"UOP02-DEL01-PE"
767185;2026-01-14;"quarta-feira";"16:20:00";"ES";101;18,5;"SERRA";"Ausência de reação do condutor";"Queda de ocupante de veículo";"Com Vítimas Feridas";"Pleno dia";"Decrescente";"Sol";"Simples";"Curva";"Sim";2;0;0;2;0;0;2;1;-20,217018;-40,335037;"SPRF-ES";"DEL04-ES";"UOP02-DEL04-ES"
767201;2026-03-17;"terça-feira";"19:00:00";"PR";476;280;"SAO MATEUS DO SUL";"Acessar a via sem observar a presença dos outros veículos";"Colisão frontal";"Com Vítimas Feridas";"Anoitecer";"Crescente";"Garoa/Chuvisco";"Simples";"Interseção de Vias;Reta";"Sim";2;0;1;0;1;0;1;2;-25,89736189;-50,43237314;"SPRF-PR";"DEL02-PR";"UOP03-DEL02-PR"
767237;2026-03-27;"sexta-feira";"12:30:00";"RJ";116;181;"NOVA IGUACU";"Reação tardia ou ineficiente do condutor";"Engavetamento";"Sem Vítimas";"Pleno dia";"Crescente";"Céu Claro";"Dupla";"Reta";"Não";3;0;0;0;3;0;0;3;-22,75775167;-43,43046483;"SPRF-RJ";"DEL06-RJ";"UOP01-DEL06-RJ"
767282;2026-02-11;"quarta-feira";"18:30:00";"RJ";116;176;"SAO JOAO DE MERITI";"Manobra de mudança de faixa";"Colisão lateral mesmo sentido";"Com Vítimas Feridas";"Anoitecer";"Decrescente";"Céu Claro";"Dupla";"Reta";"Não";2;0;1;0;1;0;1;2;-22,78534142;-43,38011742;"SPRF-RJ";"DEL06-RJ";"UOP01-DEL06-RJ"